path,timestamp,sample_index,value
/dev18500/demods/2/sample.dio,279909304038400,0,1073741824.0
/dev18500/demods/2/sample.dio,279909304096768,1,0.0
/dev18500/demods/2/sample.dio,279909304155136,2,0.0
/dev18500/demods/2/sample.dio,279909304213504,3,1048576.0
/dev18500/demods/2/sample.dio,279909304271872,4,3221233856.0
/dev18500/demods/2/sample.dio,279909304330240,5,1073741824.0
/dev18500/demods/2/sample.dio,279909304388608,6,0.0
/dev18500/demods/2/sample.dio,279909304446976,7,0.0
/dev18500/demods/2/sample.dio,279909304505344,8,3222290496.0
/dev18500/demods/2/sample.dio,279909304563712,9,3221225664.0
/dev18500/demods/2/sample.dio,279909304622080,10,1073750016.0
/dev18500/demods/2/sample.dio,279909304680448,11,0.0
/dev18500/demods/2/sample.dio,279909304738816,12,0.0
/dev18500/demods/2/sample.dio,279909304797184,13,3222274048.0
/dev18500/demods/2/sample.dio,279909304855552,14,3221225664.0
/dev18500/demods/2/sample.dio,279909304913920,15,1073741824.0
/dev18500/demods/2/sample.dio,279909304972288,16,0.0
/dev18500/demods/2/sample.dio,279909305030656,17,0.0
/dev18500/demods/2/sample.dio,279909305089024,18,3222274240.0
/dev18500/demods/2/sample.dio,279909305147392,19,3221225664.0
/dev18500/demods/2/sample.dio,279909305205760,20,0.0
/dev18500/demods/2/sample.dio,279909305264128,21,0.0
/dev18500/demods/2/sample.dio,279909305322496,22,1048576.0
/dev18500/demods/2/sample.dio,279909305380864,23,3222274240.0
/dev18500/demods/2/sample.dio,279909305439232,24,1073741824.0
/dev18500/demods/2/sample.dio,279909305497600,25,1073741824.0
/dev18500/demods/2/sample.dio,279909305555968,26,0.0
/dev18500/demods/2/sample.dio,279909305614336,27,0.0
/dev18500/demods/2/sample.dio,279909305672704,28,3221225664.0
/dev18500/demods/2/sample.dio,279909305731072,29,1073742016.0
/dev18500/demods/2/sample.dio,279909305789440,30,0.0
/dev18500/demods/2/sample.dio,279909305847808,31,0.0
/dev18500/demods/2/sample.dio,279909305906176,32,3221225472.0
/dev18500/demods/2/sample.dio,279909305964544,33,3221225664.0
/dev18500/demods/2/sample.dio,279909306022912,34,1073741824.0
/dev18500/demods/2/sample.dio,279909306081280,35,0.0
/dev18500/demods/2/sample.dio,279909306139648,36,0.0
/dev18500/demods/2/sample.dio,279909306198016,37,1074790400.0
/dev18500/demods/2/sample.dio,279909306256384,38,3221233856.0
/dev18500/demods/2/sample.dio,279909306314752,39,1073741824.0
/dev18500/demods/2/sample.dio,279909306373120,40,0.0
/dev18500/demods/2/sample.dio,279909306431488,41,0.0
/dev18500/demods/2/sample.dio,279909306489856,42,3222274240.0
/dev18500/demods/2/sample.dio,279909306548224,43,3221225664.0
/dev18500/demods/2/sample.dio,279909306606592,44,1073741824.0
/dev18500/demods/2/sample.dio,279909306664960,45,0.0
/dev18500/demods/2/sample.dio,279909306723328,46,0.0
/dev18500/demods/2/sample.dio,279909306781696,47,3222274240.0
/dev18500/demods/2/sample.dio,279909306840064,48,1073742016.0
/dev18500/demods/2/sample.dio,279909306898432,49,1073741824.0
/dev18500/demods/2/sample.dio,279909306956800,50,0.0
/dev18500/demods/2/sample.dio,279909307015168,51,0.0
/dev18500/demods/2/sample.dio,279909307073536,52,3222274240.0
/dev18500/demods/2/sample.dio,279909307131904,53,1073750208.0
/dev18500/demods/2/sample.dio,279909307190272,54,8192.0
/dev18500/demods/2/sample.dio,279909307248640,55,0.0
/dev18500/demods/2/sample.dio,279909307307008,56,1048576.0
/dev18500/demods/2/sample.dio,279909307365376,57,3221225664.0
/dev18500/demods/2/sample.dio,279909307423744,58,1073741824.0
/dev18500/demods/2/sample.dio,279909307482112,59,8192.0
/dev18500/demods/2/sample.dio,279909307540480,60,0.0
/dev18500/demods/2/sample.dio,279909307598848,61,1048576.0
/dev18500/demods/2/sample.dio,279909307657216,62,3221225664.0
/dev18500/demods/2/sample.dio,279909307715584,63,1073741888.0
/dev18500/demods/2/sample.dio,279909307773952,64,0.0
/dev18500/demods/2/sample.dio,279909307832320,65,0.0
/dev18500/demods/2/sample.dio,279909307890688,66,3222274048.0
/dev18500/demods/2/sample.dio,279909307949056,67,3222274240.0
/dev18500/demods/2/sample.dio,279909308007424,68,1073741824.0
/dev18500/demods/2/sample.dio,279909308065792,69,0.0
/dev18500/demods/2/sample.dio,279909308124160,70,0.0
/dev18500/demods/2/sample.dio,279909308182528,71,1074790400.0
/dev18500/demods/2/sample.dio,279909308240896,72,3221225664.0
/dev18500/demods/2/sample.dio,279909308299264,73,1073741824.0
/dev18500/demods/2/sample.dio,279909308357632,74,0.0
/dev18500/demods/2/sample.dio,279909308416000,75,0.0
/dev18500/demods/2/sample.dio,279909308474368,76,3222274240.0
/dev18500/demods/2/sample.dio,279909308532736,77,3221225664.0
/dev18500/demods/2/sample.dio,279909308591104,78,0.0
/dev18500/demods/2/sample.dio,279909308649472,79,0.0
/dev18500/demods/2/sample.dio,279909308707840,80,1048576.0
/dev18500/demods/2/sample.dio,279909308766208,81,3222274112.0
/dev18500/demods/2/sample.dio,279909308824576,82,1073742016.0
/dev18500/demods/2/sample.dio,279909308882944,83,1073741824.0
/dev18500/demods/2/sample.dio,279909308941312,84,0.0
/dev18500/demods/2/sample.dio,279909308999680,85,1048576.0
/dev18500/demods/2/sample.dio,279909309058048,86,3221225664.0
/dev18500/demods/2/sample.dio,279909309116416,87,1073742016.0
/dev18500/demods/2/sample.dio,279909309174784,88,0.0
/dev18500/demods/2/sample.dio,279909309233152,89,0.0
/dev18500/demods/2/sample.dio,279909309291520,90,1074790400.0
/dev18500/demods/2/sample.dio,279909309349888,91,3222274240.0
/dev18500/demods/2/sample.dio,279909309408256,92,1073741824.0
/dev18500/demods/2/sample.dio,279909309466624,93,0.0
/dev18500/demods/2/sample.dio,279909309524992,94,0.0
/dev18500/demods/2/sample.dio,279909309583360,95,1048576.0
/dev18500/demods/2/sample.dio,279909309641728,96,3221225664.0
/dev18500/demods/2/sample.dio,279909309700096,97,1073750016.0
/dev18500/demods/2/sample.dio,279909309758464,98,0.0
/dev18500/demods/2/sample.dio,279909309816832,99,0.0
/dev18500/demods/2/sample.dio,279909309875200,100,3222274048.0
/dev18500/demods/2/sample.dio,279909309933568,101,3221225664.0
/dev18500/demods/2/sample.dio,279909309991936,102,1073741824.0
/dev18500/demods/2/sample.dio,279909310050304,103,0.0
/dev18500/demods/2/sample.dio,279909310108672,104,0.0
/dev18500/demods/2/sample.dio,279909310167040,105,3222274112.0
/dev18500/demods/2/sample.dio,279909310225408,106,1073742016.0
/dev18500/demods/2/sample.dio,279909310283776,107,1073741824.0
/dev18500/demods/2/sample.dio,279909310342144,108,0.0
/dev18500/demods/2/sample.dio,279909310400512,109,0.0
/dev18500/demods/2/sample.dio,279909310458880,110,3221225664.0
/dev18500/demods/2/sample.dio,279909310517248,111,3221225664.0
/dev18500/demods/2/sample.dio,279909310575616,112,0.0
/dev18500/demods/2/sample.dio,279909310633984,113,0.0
/dev18500/demods/2/sample.dio,279909310692352,114,1048576.0
/dev18500/demods/2/sample.dio,279909310750720,115,3222274240.0
/dev18500/demods/2/sample.dio,279909310809088,116,1073741888.0
/dev18500/demods/2/sample.dio,279909310867456,117,0.0
/dev18500/demods/2/sample.dio,279909310925824,118,0.0
/dev18500/demods/2/sample.dio,279909310984192,119,0.0
/dev18500/demods/2/sample.dio,279909311042560,120,3221225664.0
/dev18500/demods/2/sample.dio,279909311100928,121,1073741888.0
/dev18500/demods/2/sample.dio,279909311159296,122,0.0
/dev18500/demods/2/sample.dio,279909311217664,123,0.0
/dev18500/demods/2/sample.dio,279909311276032,124,3222274048.0
/dev18500/demods/2/sample.dio,279909311334400,125,3221225664.0
/dev18500/demods/2/sample.dio,279909311392768,126,1073741824.0
/dev18500/demods/2/sample.dio,279909311451136,127,0.0
/dev18500/demods/2/sample.dio,279909311509504,128,0.0
/dev18500/demods/2/sample.dio,279909311567872,129,3222290432.0
/dev18500/demods/2/sample.dio,279909311626240,130,3221225664.0
/dev18500/demods/2/sample.dio,279909311684608,131,1073741824.0
/dev18500/demods/2/sample.dio,279909311742976,132,0.0
/dev18500/demods/2/sample.dio,279909311801344,133,0.0
/dev18500/demods/2/sample.dio,279909311859712,134,3222274240.0
/dev18500/demods/2/sample.dio,279909311918080,135,3221225664.0
/dev18500/demods/2/sample.dio,279909311976448,136,1073741824.0
/dev18500/demods/2/sample.dio,279909312034816,137,0.0
/dev18500/demods/2/sample.dio,279909312093184,138,0.0
/dev18500/demods/2/sample.dio,279909312151552,139,3222274240.0
/dev18500/demods/2/sample.dio,279909312209920,140,1073742016.0
/dev18500/demods/2/sample.dio,279909312268288,141,1073750016.0
/dev18500/demods/2/sample.dio,279909312326656,142,0.0
/dev18500/demods/2/sample.dio,279909312385024,143,16384.0
/dev18500/demods/2/sample.dio,279909312443392,144,3222274240.0
/dev18500/demods/2/sample.dio,279909312501760,145,1073742016.0
/dev18500/demods/2/sample.dio,279909312560128,146,0.0
/dev18500/demods/2/sample.dio,279909312618496,147,0.0
/dev18500/demods/2/sample.dio,279909312676864,148,1074790400.0
/dev18500/demods/2/sample.dio,279909312735232,149,3222274240.0
/dev18500/demods/2/sample.dio,279909312793600,150,1073741824.0
/dev18500/demods/2/sample.dio,279909312851968,151,0.0
/dev18500/demods/2/sample.dio,279909312910336,152,0.0
/dev18500/demods/2/sample.dio,279909312968704,153,1048576.0
/dev18500/demods/2/sample.dio,279909313027072,154,3221225664.0
/dev18500/demods/2/sample.dio,279909313085440,155,1073741824.0
/dev18500/demods/2/sample.dio,279909313143808,156,0.0
/dev18500/demods/2/sample.dio,279909313202176,157,0.0
/dev18500/demods/2/sample.dio,279909313260544,158,3222290432.0
/dev18500/demods/2/sample.dio,279909313318912,159,3221225664.0
/dev18500/demods/2/sample.dio,279909313377280,160,1073741824.0
/dev18500/demods/2/sample.dio,279909313435648,161,0.0
/dev18500/demods/2/sample.dio,279909313494016,162,0.0
/dev18500/demods/2/sample.dio,279909313552384,163,3222274048.0
/dev18500/demods/2/sample.dio,279909313610752,164,3221225664.0
/dev18500/demods/2/sample.dio,279909313669120,165,1073741824.0
/dev18500/demods/2/sample.dio,279909313727488,166,0.0
/dev18500/demods/2/sample.dio,279909313785856,167,0.0
/dev18500/demods/2/sample.dio,279909313844224,168,3222274240.0
/dev18500/demods/2/sample.dio,279909313902592,169,3221225664.0
/dev18500/demods/2/sample.dio,279909313960960,170,0.0
/dev18500/demods/2/sample.dio,279909314019328,171,0.0
/dev18500/demods/2/sample.dio,279909314077696,172,1064960.0
/dev18500/demods/2/sample.dio,279909314136064,173,3221225664.0
/dev18500/demods/2/sample.dio,279909314194432,174,1073741888.0
/dev18500/demods/2/sample.dio,279909314252800,175,0.0
/dev18500/demods/2/sample.dio,279909314311168,176,0.0
/dev18500/demods/2/sample.dio,279909314369536,177,0.0
/dev18500/demods/2/sample.dio,279909314427904,178,3221225664.0
/dev18500/demods/2/sample.dio,279909314486272,179,1073742016.0
/dev18500/demods/2/sample.dio,279909314544640,180,0.0
/dev18500/demods/2/sample.dio,279909314603008,181,0.0
/dev18500/demods/2/sample.dio,279909314661376,182,1048576.0
/dev18500/demods/2/sample.dio,279909314719744,183,3221225664.0
/dev18500/demods/2/sample.dio,279909314778112,184,1073741824.0
/dev18500/demods/2/sample.dio,279909314836480,185,0.0
/dev18500/demods/2/sample.dio,279909314894848,186,0.0
/dev18500/demods/2/sample.dio,279909314953216,187,1048576.0
/dev18500/demods/2/sample.dio,279909315011584,188,3221225664.0
/dev18500/demods/2/sample.dio,279909315069952,189,1073741824.0
/dev18500/demods/2/sample.dio,279909315128320,190,0.0
/dev18500/demods/2/sample.dio,279909315186688,191,0.0
/dev18500/demods/2/sample.dio,279909315245056,192,3222274112.0
/dev18500/demods/2/sample.dio,279909315303424,193,3221225664.0
/dev18500/demods/2/sample.dio,279909315361792,194,1073741824.0
/dev18500/demods/2/sample.dio,279909315420160,195,0.0
/dev18500/demods/2/sample.dio,279909315478528,196,0.0
/dev18500/demods/2/sample.dio,279909315536896,197,3222274112.0
/dev18500/demods/2/sample.dio,279909315595264,198,3221225664.0
/dev18500/demods/2/sample.dio,279909315653632,199,1073741824.0
/dev18500/demods/2/sample.dio,279909315712000,200,0.0
/dev18500/demods/2/sample.dio,279909315770368,201,0.0
/dev18500/demods/2/sample.dio,279909315828736,202,3222274240.0
/dev18500/demods/2/sample.dio,279909315887104,203,3221225664.0
/dev18500/demods/2/sample.dio,279909315945472,204,0.0
/dev18500/demods/2/sample.dio,279909316003840,205,0.0
/dev18500/demods/2/sample.dio,279909316062208,206,1048576.0
/dev18500/demods/2/sample.dio,279909316120576,207,3222274240.0
/dev18500/demods/2/sample.dio,279909316178944,208,1073741824.0
/dev18500/demods/2/sample.dio,279909316237312,209,0.0
/dev18500/demods/2/sample.dio,279909316295680,210,0.0
/dev18500/demods/2/sample.dio,279909316354048,211,0.0
/dev18500/demods/2/sample.dio,279909316412416,212,3221225664.0
/dev18500/demods/2/sample.dio,279909316470784,213,1073741824.0
/dev18500/demods/2/sample.dio,279909316529152,214,0.0
/dev18500/demods/2/sample.dio,279909316587520,215,0.0
/dev18500/demods/2/sample.dio,279909316645888,216,3222274048.0
/dev18500/demods/2/sample.dio,279909316704256,217,3221225664.0
/dev18500/demods/2/sample.dio,279909316762624,218,1073741824.0
/dev18500/demods/2/sample.dio,279909316820992,219,0.0
/dev18500/demods/2/sample.dio,279909316879360,220,0.0
/dev18500/demods/2/sample.dio,279909316937728,221,1048576.0
/dev18500/demods/2/sample.dio,279909316996096,222,3221225664.0
/dev18500/demods/2/sample.dio,279909317054464,223,1073741824.0
/dev18500/demods/2/sample.dio,279909317112832,224,0.0
/dev18500/demods/2/sample.dio,279909317171200,225,0.0
/dev18500/demods/2/sample.dio,279909317229568,226,3222274240.0
/dev18500/demods/2/sample.dio,279909317287936,227,3221225664.0
/dev18500/demods/2/sample.dio,279909317346304,228,0.0
/dev18500/demods/2/sample.dio,279909317404672,229,0.0
/dev18500/demods/2/sample.dio,279909317463040,230,16384.0
/dev18500/demods/2/sample.dio,279909317521408,231,3222274240.0
/dev18500/demods/2/sample.dio,279909317579776,232,1073742016.0
/dev18500/demods/2/sample.dio,279909317638144,233,1073741824.0
/dev18500/demods/2/sample.dio,279909317696512,234,0.0
/dev18500/demods/2/sample.dio,279909317754880,235,16384.0
/dev18500/demods/2/sample.dio,279909317813248,236,3221225664.0
/dev18500/demods/2/sample.dio,279909317871616,237,1073742016.0
/dev18500/demods/2/sample.dio,279909317929984,238,0.0
/dev18500/demods/2/sample.dio,279909317988352,239,0.0
/dev18500/demods/2/sample.dio,279909318046720,240,1048576.0
/dev18500/demods/2/sample.dio,279909318105088,241,3222274240.0
/dev18500/demods/2/sample.dio,279909318163456,242,1073741824.0
/dev18500/demods/2/sample.dio,279909318221824,243,0.0
/dev18500/demods/2/sample.dio,279909318280192,244,0.0
/dev18500/demods/2/sample.dio,279909318338560,245,1048576.0
/dev18500/demods/2/sample.dio,279909318396928,246,3221225664.0
/dev18500/demods/2/sample.dio,279909318455296,247,1073741824.0
/dev18500/demods/2/sample.dio,279909318513664,248,0.0
/dev18500/demods/2/sample.dio,279909318572032,249,0.0
/dev18500/demods/2/sample.dio,279909318630400,250,3221225536.0
/dev18500/demods/2/sample.dio,279909318688768,251,3221225664.0
/dev18500/demods/2/sample.dio,279909318747136,252,1073741824.0
/dev18500/demods/2/sample.dio,279909318805504,253,0.0
/dev18500/demods/2/sample.dio,279909318863872,254,0.0
/dev18500/demods/2/sample.dio,279909318922240,255,3221241920.0
/dev18500/demods/2/sample.dio,279909318980608,256,3221225664.0
/dev18500/demods/2/sample.dio,279909319038976,257,1073741824.0
/dev18500/demods/2/sample.dio,279909319097344,258,0.0
/dev18500/demods/2/sample.dio,279909319155712,259,0.0
/dev18500/demods/2/sample.dio,279909319214080,260,3222274240.0
/dev18500/demods/2/sample.dio,279909319272448,261,3221225664.0
/dev18500/demods/2/sample.dio,279909319330816,262,0.0
/dev18500/demods/2/sample.dio,279909319389184,263,0.0
/dev18500/demods/2/sample.dio,279909319447552,264,1048576.0
/dev18500/demods/2/sample.dio,279909319505920,265,3222274240.0
/dev18500/demods/2/sample.dio,279909319564288,266,1073741888.0
/dev18500/demods/2/sample.dio,279909319622656,267,0.0
/dev18500/demods/2/sample.dio,279909319681024,268,0.0
/dev18500/demods/2/sample.dio,279909319739392,269,0.0
/dev18500/demods/2/sample.dio,279909319797760,270,3221225664.0
/dev18500/demods/2/sample.dio,279909319856128,271,1073742016.0
/dev18500/demods/2/sample.dio,279909319914496,272,0.0
/dev18500/demods/2/sample.dio,279909319972864,273,0.0
/dev18500/demods/2/sample.dio,279909320031232,274,3222274048.0
/dev18500/demods/2/sample.dio,279909320089600,275,3222274240.0
/dev18500/demods/2/sample.dio,279909320147968,276,1073750016.0
/dev18500/demods/2/sample.dio,279909320206336,277,0.0
/dev18500/demods/2/sample.dio,279909320264704,278,0.0
/dev18500/demods/2/sample.dio,279909320323072,279,1074790400.0
/dev18500/demods/2/sample.dio,279909320381440,280,3221225664.0
/dev18500/demods/2/sample.dio,279909320439808,281,1073750016.0
/dev18500/demods/2/sample.dio,279909320498176,282,0.0
/dev18500/demods/2/sample.dio,279909320556544,283,0.0
/dev18500/demods/2/sample.dio,279909320614912,284,3221225664.0
/dev18500/demods/2/sample.dio,279909320673280,285,3221225664.0
/dev18500/demods/2/sample.dio,279909320731648,286,1073741824.0
/dev18500/demods/2/sample.dio,279909320790016,287,0.0
/dev18500/demods/2/sample.dio,279909320848384,288,0.0
/dev18500/demods/2/sample.dio,279909320906752,289,3222274048.0
/dev18500/demods/2/sample.dio,279909320965120,290,1073742016.0
/dev18500/demods/2/sample.dio,279909321023488,291,1073741824.0
/dev18500/demods/2/sample.dio,279909321081856,292,0.0
/dev18500/demods/2/sample.dio,279909321140224,293,0.0
/dev18500/demods/2/sample.dio,279909321198592,294,3222274240.0
/dev18500/demods/2/sample.dio,279909321256960,295,1073742016.0
/dev18500/demods/2/sample.dio,279909321315328,296,8192.0
/dev18500/demods/2/sample.dio,279909321373696,297,0.0
/dev18500/demods/2/sample.dio,279909321432064,298,0.0
/dev18500/demods/2/sample.dio,279909321490432,299,3222274240.0
/dev18500/demods/2/sample.dio,279909321548800,300,1073742016.0
/dev18500/demods/2/sample.dio,279909321607168,301,0.0
/dev18500/demods/2/sample.dio,279909321665536,302,0.0
/dev18500/demods/2/sample.dio,279909321723904,303,1048576.0
/dev18500/demods/2/sample.dio,279909321782272,304,3221225664.0
/dev18500/demods/2/sample.dio,279909321840640,305,1073750016.0
/dev18500/demods/2/sample.dio,279909321899008,306,0.0
/dev18500/demods/2/sample.dio,279909321957376,307,0.0
/dev18500/demods/2/sample.dio,279909322015744,308,3222274048.0
/dev18500/demods/2/sample.dio,279909322074112,309,3222274240.0
/dev18500/demods/2/sample.dio,279909322132480,310,1073741824.0
/dev18500/demods/2/sample.dio,279909322190848,311,0.0
/dev18500/demods/2/sample.dio,279909322249216,312,0.0
/dev18500/demods/2/sample.dio,279909322307584,313,3222274048.0
/dev18500/demods/2/sample.dio,279909322365952,314,3221225664.0
/dev18500/demods/2/sample.dio,279909322424320,315,1073741824.0
/dev18500/demods/2/sample.dio,279909322482688,316,0.0
/dev18500/demods/2/sample.dio,279909322541056,317,0.0
/dev18500/demods/2/sample.dio,279909322599424,318,3221225664.0
/dev18500/demods/2/sample.dio,279909322657792,319,3221225664.0
/dev18500/demods/2/sample.dio,279909322716160,320,1073750016.0
/dev18500/demods/2/sample.dio,279909322774528,321,0.0
/dev18500/demods/2/sample.dio,279909322832896,322,0.0
/dev18500/demods/2/sample.dio,279909322891264,323,3222274240.0
/dev18500/demods/2/sample.dio,279909322949632,324,1073750080.0
/dev18500/demods/2/sample.dio,279909323008000,325,1073741824.0
/dev18500/demods/2/sample.dio,279909323066368,326,0.0
/dev18500/demods/2/sample.dio,279909323124736,327,0.0
/dev18500/demods/2/sample.dio,279909323183104,328,3222274240.0
/dev18500/demods/2/sample.dio,279909323241472,329,3221225664.0
/dev18500/demods/2/sample.dio,279909323299840,330,0.0
/dev18500/demods/2/sample.dio,279909323358208,331,0.0
/dev18500/demods/2/sample.dio,279909323416576,332,1048576.0
/dev18500/demods/2/sample.dio,279909323474944,333,3222274240.0
/dev18500/demods/2/sample.dio,279909323533312,334,1073741824.0
/dev18500/demods/2/sample.dio,279909323591680,335,8192.0
/dev18500/demods/2/sample.dio,279909323650048,336,0.0
/dev18500/demods/2/sample.dio,279909323708416,337,0.0
/dev18500/demods/2/sample.dio,279909323766784,338,3221225664.0
/dev18500/demods/2/sample.dio,279909323825152,339,1073741824.0
/dev18500/demods/2/sample.dio,279909323883520,340,0.0
/dev18500/demods/2/sample.dio,279909323941888,341,0.0
/dev18500/demods/2/sample.dio,279909324000256,342,3222274112.0
/dev18500/demods/2/sample.dio,279909324058624,343,3221225664.0
/dev18500/demods/2/sample.dio,279909324116992,344,1073741824.0
/dev18500/demods/2/sample.dio,279909324175360,345,0.0
/dev18500/demods/2/sample.dio,279909324233728,346,0.0
/dev18500/demods/2/sample.dio,279909324292096,347,3222274048.0
/dev18500/demods/2/sample.dio,279909324350464,348,3221225664.0
/dev18500/demods/2/sample.dio,279909324408832,349,1073741824.0
/dev18500/demods/2/sample.dio,279909324467200,350,0.0
/dev18500/demods/2/sample.dio,279909324525568,351,0.0
/dev18500/demods/2/sample.dio,279909324583936,352,3221225664.0
/dev18500/demods/2/sample.dio,279909324642304,353,3221225664.0
/dev18500/demods/2/sample.dio,279909324700672,354,0.0
/dev18500/demods/2/sample.dio,279909324759040,355,0.0
/dev18500/demods/2/sample.dio,279909324817408,356,0.0
/dev18500/demods/2/sample.dio,279909324875776,357,3221242048.0
/dev18500/demods/2/sample.dio,279909324934144,358,1073742016.0
/dev18500/demods/2/sample.dio,279909324992512,359,1073741824.0
/dev18500/demods/2/sample.dio,279909325050880,360,0.0
/dev18500/demods/2/sample.dio,279909325109248,361,0.0
/dev18500/demods/2/sample.dio,279909325167616,362,3221225664.0
/dev18500/demods/2/sample.dio,279909325225984,363,1073742016.0
/dev18500/demods/2/sample.dio,279909325284352,364,0.0
/dev18500/demods/2/sample.dio,279909325342720,365,0.0
/dev18500/demods/2/sample.dio,279909325401088,366,1074790400.0
/dev18500/demods/2/sample.dio,279909325459456,367,3221225664.0
/dev18500/demods/2/sample.dio,279909325517824,368,1073750016.0
/dev18500/demods/2/sample.dio,279909325576192,369,0.0
/dev18500/demods/2/sample.dio,279909325634560,370,0.0
/dev18500/demods/2/sample.dio,279909325692928,371,1074790400.0
/dev18500/demods/2/sample.dio,279909325751296,372,3221225664.0
/dev18500/demods/2/sample.dio,279909325809664,373,1073741824.0
/dev18500/demods/2/sample.dio,279909325868032,374,0.0
/dev18500/demods/2/sample.dio,279909325926400,375,0.0
/dev18500/demods/2/sample.dio,279909325984768,376,3222274112.0
/dev18500/demods/2/sample.dio,279909326043136,377,3221225664.0
/dev18500/demods/2/sample.dio,279909326101504,378,1073741824.0
/dev18500/demods/2/sample.dio,279909326159872,379,0.0
/dev18500/demods/2/sample.dio,279909326218240,380,0.0
/dev18500/demods/2/sample.dio,279909326276608,381,3222274048.0
/dev18500/demods/2/sample.dio,279909326334976,382,1073742016.0
/dev18500/demods/2/sample.dio,279909326393344,383,1073750016.0
/dev18500/demods/2/sample.dio,279909326451712,384,0.0
/dev18500/demods/2/sample.dio,279909326510080,385,0.0
/dev18500/demods/2/sample.dio,279909326568448,386,3222274240.0
/dev18500/demods/2/sample.dio,279909326626816,387,3221225664.0
/dev18500/demods/2/sample.dio,279909326685184,388,8192.0
/dev18500/demods/2/sample.dio,279909326743552,389,0.0
/dev18500/demods/2/sample.dio,279909326801920,390,1048576.0
/dev18500/demods/2/sample.dio,279909326860288,391,3222274240.0
/dev18500/demods/2/sample.dio,279909326918656,392,1073742016.0
/dev18500/demods/2/sample.dio,279909326977024,393,0.0
/dev18500/demods/2/sample.dio,279909327035392,394,0.0
/dev18500/demods/2/sample.dio,279909327093760,395,0.0
/dev18500/demods/2/sample.dio,279909327152128,396,3221225664.0
/dev18500/demods/2/sample.dio,279909327210496,397,1073741888.0
/dev18500/demods/2/sample.dio,279909327268864,398,0.0
/dev18500/demods/2/sample.dio,279909327327232,399,0.0
/dev18500/demods/2/sample.dio,279909327385600,400,3222274048.0
/dev18500/demods/2/sample.dio,279909327443968,401,3222274240.0
/dev18500/demods/2/sample.dio,279909327502336,402,1073750016.0
/dev18500/demods/2/sample.dio,279909327560704,403,0.0
/dev18500/demods/2/sample.dio,279909327619072,404,0.0
/dev18500/demods/2/sample.dio,279909327677440,405,3222274048.0
/dev18500/demods/2/sample.dio,279909327735808,406,3221225664.0
/dev18500/demods/2/sample.dio,279909327794176,407,1073741824.0
/dev18500/demods/2/sample.dio,279909327852544,408,0.0
/dev18500/demods/2/sample.dio,279909327910912,409,0.0
/dev18500/demods/2/sample.dio,279909327969280,410,3221225664.0
/dev18500/demods/2/sample.dio,279909328027648,411,3221225664.0
/dev18500/demods/2/sample.dio,279909328086016,412,0.0
/dev18500/demods/2/sample.dio,279909328144384,413,0.0
/dev18500/demods/2/sample.dio,279909328202752,414,16384.0
/dev18500/demods/2/sample.dio,279909328261120,415,3221241920.0
/dev18500/demods/2/sample.dio,279909328319488,416,1073750208.0
/dev18500/demods/2/sample.dio,279909328377856,417,1073741824.0
/dev18500/demods/2/sample.dio,279909328436224,418,0.0
/dev18500/demods/2/sample.dio,279909328494592,419,0.0
/dev18500/demods/2/sample.dio,279909328552960,420,3221225664.0
/dev18500/demods/2/sample.dio,279909328611328,421,1073742016.0
/dev18500/demods/2/sample.dio,279909328669696,422,0.0
/dev18500/demods/2/sample.dio,279909328728064,423,0.0
/dev18500/demods/2/sample.dio,279909328786432,424,1048576.0
/dev18500/demods/2/sample.dio,279909328844800,425,3222290624.0
/dev18500/demods/2/sample.dio,279909328903168,426,1073741824.0
/dev18500/demods/2/sample.dio,279909328961536,427,0.0
/dev18500/demods/2/sample.dio,279909329019904,428,0.0
/dev18500/demods/2/sample.dio,279909329078272,429,1048576.0
/dev18500/demods/2/sample.dio,279909329136640,430,3221225664.0
/dev18500/demods/2/sample.dio,279909329195008,431,1073742016.0
/dev18500/demods/2/sample.dio,279909329253376,432,0.0
/dev18500/demods/2/sample.dio,279909329311744,433,0.0
/dev18500/demods/2/sample.dio,279909329370112,434,3222274048.0
/dev18500/demods/2/sample.dio,279909329428480,435,3221225664.0
/dev18500/demods/2/sample.dio,279909329486848,436,1073750016.0
/dev18500/demods/2/sample.dio,279909329545216,437,0.0
/dev18500/demods/2/sample.dio,279909329603584,438,0.0
/dev18500/demods/2/sample.dio,279909329661952,439,3222274048.0
/dev18500/demods/2/sample.dio,279909329720320,440,3221225664.0
/dev18500/demods/2/sample.dio,279909329778688,441,1073741824.0
/dev18500/demods/2/sample.dio,279909329837056,442,0.0
/dev18500/demods/2/sample.dio,279909329895424,443,0.0
/dev18500/demods/2/sample.dio,279909329953792,444,3221225536.0
/dev18500/demods/2/sample.dio,279909330012160,445,3221225664.0
/dev18500/demods/2/sample.dio,279909330070528,446,0.0
/dev18500/demods/2/sample.dio,279909330128896,447,0.0
/dev18500/demods/2/sample.dio,279909330187264,448,0.0
/dev18500/demods/2/sample.dio,279909330245632,449,3221225536.0
/dev18500/demods/2/sample.dio,279909330304000,450,1073742016.0
/dev18500/demods/2/sample.dio,279909330362368,451,1073741824.0
/dev18500/demods/2/sample.dio,279909330420736,452,0.0
/dev18500/demods/2/sample.dio,279909330479104,453,0.0
/dev18500/demods/2/sample.dio,279909330537472,454,3222274240.0
/dev18500/demods/2/sample.dio,279909330595840,455,1073742016.0
/dev18500/demods/2/sample.dio,279909330654208,456,0.0
/dev18500/demods/2/sample.dio,279909330712576,457,0.0
/dev18500/demods/2/sample.dio,279909330770944,458,1064960.0
/dev18500/demods/2/sample.dio,279909330829312,459,3222274240.0
/dev18500/demods/2/sample.dio,279909330887680,460,1073741824.0
/dev18500/demods/2/sample.dio,279909330946048,461,0.0
/dev18500/demods/2/sample.dio,279909331004416,462,0.0
/dev18500/demods/2/sample.dio,279909331062784,463,1048576.0
/dev18500/demods/2/sample.dio,279909331121152,464,3221225664.0
/dev18500/demods/2/sample.dio,279909331179520,465,1073741824.0
/dev18500/demods/2/sample.dio,279909331237888,466,0.0
/dev18500/demods/2/sample.dio,279909331296256,467,0.0
/dev18500/demods/2/sample.dio,279909331354624,468,3222274112.0
/dev18500/demods/2/sample.dio,279909331412992,469,3221225664.0
/dev18500/demods/2/sample.dio,279909331471360,470,1073741824.0
/dev18500/demods/2/sample.dio,279909331529728,471,0.0
/dev18500/demods/2/sample.dio,279909331588096,472,0.0
/dev18500/demods/2/sample.dio,279909331646464,473,3221225472.0
/dev18500/demods/2/sample.dio,279909331704832,474,3221225664.0
/dev18500/demods/2/sample.dio,279909331763200,475,1073741824.0
/dev18500/demods/2/sample.dio,279909331821568,476,0.0
/dev18500/demods/2/sample.dio,279909331879936,477,0.0
/dev18500/demods/2/sample.dio,279909331938304,478,3221225664.0
/dev18500/demods/2/sample.dio,279909331996672,479,3221225664.0
/dev18500/demods/2/sample.dio,279909332055040,480,0.0
/dev18500/demods/2/sample.dio,279909332113408,481,0.0
/dev18500/demods/2/sample.dio,279909332171776,482,0.0
/dev18500/demods/2/sample.dio,279909332230144,483,3222274240.0
/dev18500/demods/2/sample.dio,279909332288512,484,1073742016.0
/dev18500/demods/2/sample.dio,279909332346880,485,0.0
/dev18500/demods/2/sample.dio,279909332405248,486,0.0
/dev18500/demods/2/sample.dio,279909332463616,487,0.0
/dev18500/demods/2/sample.dio,279909332521984,488,3221225664.0
/dev18500/demods/2/sample.dio,279909332580352,489,1073742016.0
/dev18500/demods/2/sample.dio,279909332638720,490,0.0
/dev18500/demods/2/sample.dio,279909332697088,491,0.0
/dev18500/demods/2/sample.dio,279909332755456,492,3222274048.0
/dev18500/demods/2/sample.dio,279909332813824,493,3222274240.0
/dev18500/demods/2/sample.dio,279909332872192,494,1073741824.0
/dev18500/demods/2/sample.dio,279909332930560,495,0.0
/dev18500/demods/2/sample.dio,279909332988928,496,0.0
/dev18500/demods/2/sample.dio,279909333047296,497,1074790400.0
/dev18500/demods/2/sample.dio,279909333105664,498,3221225664.0
/dev18500/demods/2/sample.dio,279909333164032,499,1073741824.0
/dev18500/demods/2/sample.dio,279909333222400,500,0.0
/dev18500/demods/2/sample.dio,279909333280768,501,0.0
/dev18500/demods/2/sample.dio,279909333339136,502,3222274048.0
/dev18500/demods/2/sample.dio,279909333397504,503,3221225664.0
/dev18500/demods/2/sample.dio,279909333455872,504,1073741824.0
/dev18500/demods/2/sample.dio,279909333514240,505,0.0
/dev18500/demods/2/sample.dio,279909333572608,506,0.0
/dev18500/demods/2/sample.dio,279909333630976,507,3222274112.0
/dev18500/demods/2/sample.dio,279909333689344,508,1073742016.0
/dev18500/demods/2/sample.dio,279909333747712,509,1073741824.0
/dev18500/demods/2/sample.dio,279909333806080,510,0.0
/dev18500/demods/2/sample.dio,279909333864448,511,0.0
/dev18500/demods/2/sample.dio,279909333922816,512,3222274240.0
/dev18500/demods/2/sample.dio,279909333981184,513,3221225664.0
/dev18500/demods/2/sample.dio,279909334039552,514,0.0
/dev18500/demods/2/sample.dio,279909334097920,515,0.0
/dev18500/demods/2/sample.dio,279909334156288,516,0.0
/dev18500/demods/2/sample.dio,279909334214656,517,3222274240.0
/dev18500/demods/2/sample.dio,279909334273024,518,1073741888.0
/dev18500/demods/2/sample.dio,279909334331392,519,0.0
/dev18500/demods/2/sample.dio,279909334389760,520,0.0
/dev18500/demods/2/sample.dio,279909334448128,521,1048576.0
/dev18500/demods/2/sample.dio,279909334506496,522,3221225664.0
/dev18500/demods/2/sample.dio,279909334564864,523,1073741888.0
/dev18500/demods/2/sample.dio,279909334623232,524,0.0
/dev18500/demods/2/sample.dio,279909334681600,525,0.0
/dev18500/demods/2/sample.dio,279909334739968,526,3222290432.0
/dev18500/demods/2/sample.dio,279909334798336,527,3221225664.0
/dev18500/demods/2/sample.dio,279909334856704,528,1073741824.0
/dev18500/demods/2/sample.dio,279909334915072,529,0.0
/dev18500/demods/2/sample.dio,279909334973440,530,0.0
/dev18500/demods/2/sample.dio,279909335031808,531,1074790400.0
/dev18500/demods/2/sample.dio,279909335090176,532,3221225664.0
/dev18500/demods/2/sample.dio,279909335148544,533,1073741824.0
/dev18500/demods/2/sample.dio,279909335206912,534,0.0
/dev18500/demods/2/sample.dio,279909335265280,535,0.0
/dev18500/demods/2/sample.dio,279909335323648,536,3222290624.0
/dev18500/demods/2/sample.dio,279909335382016,537,3221225664.0
/dev18500/demods/2/sample.dio,279909335440384,538,0.0
/dev18500/demods/2/sample.dio,279909335498752,539,0.0
/dev18500/demods/2/sample.dio,279909335557120,540,0.0
/dev18500/demods/2/sample.dio,279909335615488,541,3222274112.0
/dev18500/demods/2/sample.dio,279909335673856,542,1073750208.0
/dev18500/demods/2/sample.dio,279909335732224,543,1073741824.0
/dev18500/demods/2/sample.dio,279909335790592,544,0.0
/dev18500/demods/2/sample.dio,279909335848960,545,0.0
/dev18500/demods/2/sample.dio,279909335907328,546,3222274240.0
/dev18500/demods/2/sample.dio,279909335965696,547,3221225664.0
/dev18500/demods/2/sample.dio,279909336024064,548,0.0
/dev18500/demods/2/sample.dio,279909336082432,549,0.0
/dev18500/demods/2/sample.dio,279909336140800,550,1048576.0
/dev18500/demods/2/sample.dio,279909336199168,551,3222274240.0
/dev18500/demods/2/sample.dio,279909336257536,552,1073741824.0
/dev18500/demods/2/sample.dio,279909336315904,553,0.0
/dev18500/demods/2/sample.dio,279909336374272,554,0.0
/dev18500/demods/2/sample.dio,279909336432640,555,1048576.0
/dev18500/demods/2/sample.dio,279909336491008,556,3221225664.0
/dev18500/demods/2/sample.dio,279909336549376,557,1073741824.0
/dev18500/demods/2/sample.dio,279909336607744,558,0.0
/dev18500/demods/2/sample.dio,279909336666112,559,0.0
/dev18500/demods/2/sample.dio,279909336724480,560,3222274048.0
/dev18500/demods/2/sample.dio,279909336782848,561,3221225664.0
/dev18500/demods/2/sample.dio,279909336841216,562,1073741824.0
/dev18500/demods/2/sample.dio,279909336899584,563,0.0
/dev18500/demods/2/sample.dio,279909336957952,564,0.0
/dev18500/demods/2/sample.dio,279909337016320,565,3222274048.0
/dev18500/demods/2/sample.dio,279909337074688,566,3221225664.0
/dev18500/demods/2/sample.dio,279909337133056,567,1073741824.0
/dev18500/demods/2/sample.dio,279909337191424,568,0.0
/dev18500/demods/2/sample.dio,279909337249792,569,0.0
/dev18500/demods/2/sample.dio,279909337308160,570,3222274240.0
/dev18500/demods/2/sample.dio,279909337366528,571,3221225664.0
/dev18500/demods/2/sample.dio,279909337424896,572,0.0
/dev18500/demods/2/sample.dio,279909337483264,573,0.0
/dev18500/demods/2/sample.dio,279909337541632,574,1048576.0
/dev18500/demods/2/sample.dio,279909337600000,575,3222274240.0
/dev18500/demods/2/sample.dio,279909337658368,576,1073742016.0
/dev18500/demods/2/sample.dio,279909337716736,577,0.0
/dev18500/demods/2/sample.dio,279909337775104,578,0.0
/dev18500/demods/2/sample.dio,279909337833472,579,0.0
/dev18500/demods/2/sample.dio,279909337891840,580,3221225664.0
/dev18500/demods/2/sample.dio,279909337950208,581,1073741888.0
/dev18500/demods/2/sample.dio,279909338008576,582,0.0
/dev18500/demods/2/sample.dio,279909338066944,583,0.0
/dev18500/demods/2/sample.dio,279909338125312,584,3222274048.0
/dev18500/demods/2/sample.dio,279909338183680,585,3222274240.0
/dev18500/demods/2/sample.dio,279909338242048,586,1073741824.0
/dev18500/demods/2/sample.dio,279909338300416,587,0.0
/dev18500/demods/2/sample.dio,279909338358784,588,0.0
/dev18500/demods/2/sample.dio,279909338417152,589,1048576.0
/dev18500/demods/2/sample.dio,279909338475520,590,3221233856.0
/dev18500/demods/2/sample.dio,279909338533888,591,1073741824.0
/dev18500/demods/2/sample.dio,279909338592256,592,0.0
/dev18500/demods/2/sample.dio,279909338650624,593,0.0
/dev18500/demods/2/sample.dio,279909338708992,594,3221225536.0
/dev18500/demods/2/sample.dio,279909338767360,595,3221225664.0
/dev18500/demods/2/sample.dio,279909338825728,596,1073741824.0
/dev18500/demods/2/sample.dio,279909338884096,597,0.0
/dev18500/demods/2/sample.dio,279909338942464,598,0.0
/dev18500/demods/2/sample.dio,279909339000832,599,3222274112.0
/dev18500/demods/2/sample.dio,279909339059200,600,1073742016.0
/dev18500/demods/2/sample.dio,279909339117568,601,1073741824.0
/dev18500/demods/2/sample.dio,279909339175936,602,0.0
/dev18500/demods/2/sample.dio,279909339234304,603,0.0
/dev18500/demods/2/sample.dio,279909339292672,604,3222274240.0
/dev18500/demods/2/sample.dio,279909339351040,605,3221233856.0
/dev18500/demods/2/sample.dio,279909339409408,606,0.0
/dev18500/demods/2/sample.dio,279909339467776,607,0.0
/dev18500/demods/2/sample.dio,279909339526144,608,1048576.0
/dev18500/demods/2/sample.dio,279909339584512,609,3222274240.0
/dev18500/demods/2/sample.dio,279909339642880,610,1073741888.0
/dev18500/demods/2/sample.dio,279909339701248,611,0.0
/dev18500/demods/2/sample.dio,279909339759616,612,0.0
/dev18500/demods/2/sample.dio,279909339817984,613,1048576.0
/dev18500/demods/2/sample.dio,279909339876352,614,3221225664.0
/dev18500/demods/2/sample.dio,279909339934720,615,1073741888.0
/dev18500/demods/2/sample.dio,279909339993088,616,0.0
/dev18500/demods/2/sample.dio,279909340051456,617,0.0
/dev18500/demods/2/sample.dio,279909340109824,618,3222274048.0
/dev18500/demods/2/sample.dio,279909340168192,619,3222274240.0
/dev18500/demods/2/sample.dio,279909340226560,620,1073741824.0
/dev18500/demods/2/sample.dio,279909340284928,621,0.0
/dev18500/demods/2/sample.dio,279909340343296,622,0.0
/dev18500/demods/2/sample.dio,279909340401664,623,1048576.0
/dev18500/demods/2/sample.dio,279909340460032,624,3221225664.0
/dev18500/demods/2/sample.dio,279909340518400,625,1073741824.0
/dev18500/demods/2/sample.dio,279909340576768,626,0.0
/dev18500/demods/2/sample.dio,279909340635136,627,0.0
/dev18500/demods/2/sample.dio,279909340693504,628,3222274240.0
/dev18500/demods/2/sample.dio,279909340751872,629,3221225664.0
/dev18500/demods/2/sample.dio,279909340810240,630,1073741824.0
/dev18500/demods/2/sample.dio,279909340868608,631,0.0
/dev18500/demods/2/sample.dio,279909340926976,632,0.0
/dev18500/demods/2/sample.dio,279909340985344,633,3222274240.0
/dev18500/demods/2/sample.dio,279909341043712,634,1073742016.0
/dev18500/demods/2/sample.dio,279909341102080,635,1073741824.0
/dev18500/demods/2/sample.dio,279909341160448,636,0.0
/dev18500/demods/2/sample.dio,279909341218816,637,0.0
/dev18500/demods/2/sample.dio,279909341277184,638,3222274240.0
/dev18500/demods/2/sample.dio,279909341335552,639,3221225664.0
/dev18500/demods/2/sample.dio,279909341393920,640,0.0
/dev18500/demods/2/sample.dio,279909341452288,641,0.0
/dev18500/demods/2/sample.dio,279909341510656,642,0.0
/dev18500/demods/2/sample.dio,279909341569024,643,3222274240.0
/dev18500/demods/2/sample.dio,279909341627392,644,1073741824.0
/dev18500/demods/2/sample.dio,279909341685760,645,8192.0
/dev18500/demods/2/sample.dio,279909341744128,646,0.0
/dev18500/demods/2/sample.dio,279909341802496,647,1048576.0
/dev18500/demods/2/sample.dio,279909341860864,648,3221225664.0
/dev18500/demods/2/sample.dio,279909341919232,649,1073741824.0
/dev18500/demods/2/sample.dio,279909341977600,650,0.0
/dev18500/demods/2/sample.dio,279909342035968,651,0.0
/dev18500/demods/2/sample.dio,279909342094336,652,3221225472.0
/dev18500/demods/2/sample.dio,279909342152704,653,3221225664.0
/dev18500/demods/2/sample.dio,279909342211072,654,1073741824.0
/dev18500/demods/2/sample.dio,279909342269440,655,0.0
/dev18500/demods/2/sample.dio,279909342327808,656,1048576.0
/dev18500/demods/2/sample.dio,279909342386176,657,3222290496.0
/dev18500/demods/2/sample.dio,279909342444544,658,1073742016.0
/dev18500/demods/2/sample.dio,279909342502912,659,1073741824.0
/dev18500/demods/2/sample.dio,279909342561280,660,0.0
/dev18500/demods/2/sample.dio,279909342619648,661,0.0
/dev18500/demods/2/sample.dio,279909342678016,662,3222274240.0
/dev18500/demods/2/sample.dio,279909342736384,663,3221225664.0
/dev18500/demods/2/sample.dio,279909342794752,664,0.0
/dev18500/demods/2/sample.dio,279909342853120,665,0.0
/dev18500/demods/2/sample.dio,279909342911488,666,1048576.0
/dev18500/demods/2/sample.dio,279909342969856,667,3222274240.0
/dev18500/demods/2/sample.dio,279909343028224,668,1073742016.0
/dev18500/demods/2/sample.dio,279909343086592,669,0.0
/dev18500/demods/2/sample.dio,279909343144960,670,0.0
/dev18500/demods/2/sample.dio,279909343203328,671,1048576.0
/dev18500/demods/2/sample.dio,279909343261696,672,3221225664.0
/dev18500/demods/2/sample.dio,279909343320064,673,1073742016.0
/dev18500/demods/2/sample.dio,279909343378432,674,0.0
/dev18500/demods/2/sample.dio,279909343436800,675,0.0
/dev18500/demods/2/sample.dio,279909343495168,676,3221225472.0
/dev18500/demods/2/sample.dio,279909343553536,677,3221225664.0
/dev18500/demods/2/sample.dio,279909343611904,678,1073741824.0
/dev18500/demods/2/sample.dio,279909343670272,679,0.0
/dev18500/demods/2/sample.dio,279909343728640,680,0.0
/dev18500/demods/2/sample.dio,279909343787008,681,1048576.0
/dev18500/demods/2/sample.dio,279909343845376,682,3221225664.0
/dev18500/demods/2/sample.dio,279909343903744,683,1073741824.0
/dev18500/demods/2/sample.dio,279909343962112,684,0.0
/dev18500/demods/2/sample.dio,279909344020480,685,0.0
/dev18500/demods/2/sample.dio,279909344078848,686,3222290624.0
/dev18500/demods/2/sample.dio,279909344137216,687,3221225664.0
/dev18500/demods/2/sample.dio,279909344195584,688,1073741824.0
/dev18500/demods/2/sample.dio,279909344253952,689,0.0
/dev18500/demods/2/sample.dio,279909344312320,690,0.0
/dev18500/demods/2/sample.dio,279909344370688,691,3222274240.0
/dev18500/demods/2/sample.dio,279909344429056,692,3221225664.0
/dev18500/demods/2/sample.dio,279909344487424,693,1073741824.0
/dev18500/demods/2/sample.dio,279909344545792,694,0.0
/dev18500/demods/2/sample.dio,279909344604160,695,0.0
/dev18500/demods/2/sample.dio,279909344662528,696,3221225664.0
/dev18500/demods/2/sample.dio,279909344720896,697,3221225664.0
/dev18500/demods/2/sample.dio,279909344779264,698,0.0
/dev18500/demods/2/sample.dio,279909344837632,699,0.0
/dev18500/demods/2/sample.dio,279909344896000,700,1048576.0
/dev18500/demods/2/sample.dio,279909344954368,701,3221225664.0
/dev18500/demods/2/sample.dio,279909345012736,702,1073750016.0
/dev18500/demods/2/sample.dio,279909345071104,703,0.0
/dev18500/demods/2/sample.dio,279909345129472,704,0.0
/dev18500/demods/2/sample.dio,279909345187840,705,1048576.0
/dev18500/demods/2/sample.dio,279909345246208,706,3221225664.0
/dev18500/demods/2/sample.dio,279909345304576,707,1073741824.0
/dev18500/demods/2/sample.dio,279909345362944,708,0.0
/dev18500/demods/2/sample.dio,279909345421312,709,0.0
/dev18500/demods/2/sample.dio,279909345479680,710,3221225536.0
/dev18500/demods/2/sample.dio,279909345538048,711,3221225664.0
/dev18500/demods/2/sample.dio,279909345596416,712,1073750016.0
/dev18500/demods/2/sample.dio,279909345654784,713,0.0
/dev18500/demods/2/sample.dio,279909345713152,714,0.0
/dev18500/demods/2/sample.dio,279909345771520,715,1073741824.0
/dev18500/demods/2/sample.dio,279909345829888,716,3221233856.0
/dev18500/demods/2/sample.dio,279909345888256,717,1073741824.0
/dev18500/demods/2/sample.dio,279909345946624,718,0.0
/dev18500/demods/2/sample.dio,279909346004992,719,0.0
/dev18500/demods/2/sample.dio,279909346063360,720,3222274240.0
/dev18500/demods/2/sample.dio,279909346121728,721,3221233856.0
/dev18500/demods/2/sample.dio,279909346180096,722,0.0
/dev18500/demods/2/sample.dio,279909346238464,723,0.0
/dev18500/demods/2/sample.dio,279909346296832,724,0.0
/dev18500/demods/2/sample.dio,279909346355200,725,3222274240.0
/dev18500/demods/2/sample.dio,279909346413568,726,1073741888.0
/dev18500/demods/2/sample.dio,279909346471936,727,1073741824.0
/dev18500/demods/2/sample.dio,279909346530304,728,0.0
/dev18500/demods/2/sample.dio,279909346588672,729,0.0
/dev18500/demods/2/sample.dio,279909346647040,730,3221242048.0
/dev18500/demods/2/sample.dio,279909346705408,731,1073742016.0
/dev18500/demods/2/sample.dio,279909346763776,732,0.0
/dev18500/demods/2/sample.dio,279909346822144,733,0.0
/dev18500/demods/2/sample.dio,279909346880512,734,3222274048.0
/dev18500/demods/2/sample.dio,279909346938880,735,3222274240.0
/dev18500/demods/2/sample.dio,279909346997248,736,1073741824.0
/dev18500/demods/2/sample.dio,279909347055616,737,0.0
/dev18500/demods/2/sample.dio,279909347113984,738,0.0
/dev18500/demods/2/sample.dio,279909347172352,739,1074790400.0
/dev18500/demods/2/sample.dio,279909347230720,740,3221225664.0
/dev18500/demods/2/sample.dio,279909347289088,741,1073741824.0
/dev18500/demods/2/sample.dio,279909347347456,742,0.0
/dev18500/demods/2/sample.dio,279909347405824,743,0.0
/dev18500/demods/2/sample.dio,279909347464192,744,3222274112.0
/dev18500/demods/2/sample.dio,279909347522560,745,3221225664.0
/dev18500/demods/2/sample.dio,279909347580928,746,1073741824.0
/dev18500/demods/2/sample.dio,279909347639296,747,0.0
/dev18500/demods/2/sample.dio,279909347697664,748,0.0
/dev18500/demods/2/sample.dio,279909347756032,749,3222274112.0
/dev18500/demods/2/sample.dio,279909347814400,750,1073742016.0
/dev18500/demods/2/sample.dio,279909347872768,751,1073741824.0
/dev18500/demods/2/sample.dio,279909347931136,752,0.0
/dev18500/demods/2/sample.dio,279909347989504,753,0.0
/dev18500/demods/2/sample.dio,279909348047872,754,3222274240.0
/dev18500/demods/2/sample.dio,279909348106240,755,3221225664.0
/dev18500/demods/2/sample.dio,279909348164608,756,0.0
/dev18500/demods/2/sample.dio,279909348222976,757,0.0
/dev18500/demods/2/sample.dio,279909348281344,758,1048576.0
/dev18500/demods/2/sample.dio,279909348339712,759,3222274240.0
/dev18500/demods/2/sample.dio,279909348398080,760,1073741824.0
/dev18500/demods/2/sample.dio,279909348456448,761,0.0
/dev18500/demods/2/sample.dio,279909348514816,762,0.0
/dev18500/demods/2/sample.dio,279909348573184,763,1048576.0
/dev18500/demods/2/sample.dio,279909348631552,764,3221225664.0
/dev18500/demods/2/sample.dio,279909348689920,765,1073750016.0
/dev18500/demods/2/sample.dio,279909348748288,766,0.0
/dev18500/demods/2/sample.dio,279909348806656,767,0.0
/dev18500/demods/2/sample.dio,279909348865024,768,3221225472.0
/dev18500/demods/2/sample.dio,279909348923392,769,3221225664.0
/dev18500/demods/2/sample.dio,279909348981760,770,1073741824.0
/dev18500/demods/2/sample.dio,279909349040128,771,0.0
/dev18500/demods/2/sample.dio,279909349098496,772,0.0
/dev18500/demods/2/sample.dio,279909349156864,773,3221241856.0
/dev18500/demods/2/sample.dio,279909349215232,774,3221225664.0
/dev18500/demods/2/sample.dio,279909349273600,775,1073750016.0
/dev18500/demods/2/sample.dio,279909349331968,776,0.0
/dev18500/demods/2/sample.dio,279909349390336,777,0.0
/dev18500/demods/2/sample.dio,279909349448704,778,3221225664.0
/dev18500/demods/2/sample.dio,279909349507072,779,3221225664.0
/dev18500/demods/2/sample.dio,279909349565440,780,1073741824.0
/dev18500/demods/2/sample.dio,279909349623808,781,0.0
/dev18500/demods/2/sample.dio,279909349682176,782,0.0
/dev18500/demods/2/sample.dio,279909349740544,783,3222274240.0
/dev18500/demods/2/sample.dio,279909349798912,784,1073742016.0
/dev18500/demods/2/sample.dio,279909349857280,785,1073741824.0
/dev18500/demods/2/sample.dio,279909349915648,786,0.0
/dev18500/demods/2/sample.dio,279909349974016,787,0.0
/dev18500/demods/2/sample.dio,279909350032384,788,3221225664.0
/dev18500/demods/2/sample.dio,279909350090752,789,1073742016.0
/dev18500/demods/2/sample.dio,279909350149120,790,0.0
/dev18500/demods/2/sample.dio,279909350207488,791,0.0
/dev18500/demods/2/sample.dio,279909350265856,792,3222274048.0
/dev18500/demods/2/sample.dio,279909350324224,793,3222274240.0
/dev18500/demods/2/sample.dio,279909350382592,794,1073741824.0
/dev18500/demods/2/sample.dio,279909350440960,795,0.0
/dev18500/demods/2/sample.dio,279909350499328,796,0.0
/dev18500/demods/2/sample.dio,279909350557696,797,1074790400.0
/dev18500/demods/2/sample.dio,279909350616064,798,3221225664.0
/dev18500/demods/2/sample.dio,279909350674432,799,1073741824.0
/dev18500/demods/2/sample.dio,279909350732800,800,0.0
/dev18500/demods/2/sample.dio,279909350791168,801,0.0
/dev18500/demods/2/sample.dio,279909350849536,802,3222274112.0
/dev18500/demods/2/sample.dio,279909350907904,803,3221225664.0
/dev18500/demods/2/sample.dio,279909350966272,804,1073741824.0
/dev18500/demods/2/sample.dio,279909351024640,805,0.0
/dev18500/demods/2/sample.dio,279909351083008,806,0.0
/dev18500/demods/2/sample.dio,279909351141376,807,3222274112.0
/dev18500/demods/2/sample.dio,279909351199744,808,3221225664.0
/dev18500/demods/2/sample.dio,279909351258112,809,1073741824.0
/dev18500/demods/2/sample.dio,279909351316480,810,0.0
/dev18500/demods/2/sample.dio,279909351374848,811,0.0
/dev18500/demods/2/sample.dio,279909351433216,812,3222274240.0
/dev18500/demods/2/sample.dio,279909351491584,813,3221233856.0
/dev18500/demods/2/sample.dio,279909351549952,814,0.0
/dev18500/demods/2/sample.dio,279909351608320,815,0.0
/dev18500/demods/2/sample.dio,279909351666688,816,1048576.0
/dev18500/demods/2/sample.dio,279909351725056,817,3222274240.0
/dev18500/demods/2/sample.dio,279909351783424,818,1073741824.0
/dev18500/demods/2/sample.dio,279909351841792,819,0.0
/dev18500/demods/2/sample.dio,279909351900160,820,0.0
/dev18500/demods/2/sample.dio,279909351958528,821,0.0
/dev18500/demods/2/sample.dio,279909352016896,822,3221225664.0
/dev18500/demods/2/sample.dio,279909352075264,823,1073741824.0
/dev18500/demods/2/sample.dio,279909352133632,824,0.0
/dev18500/demods/2/sample.dio,279909352192000,825,0.0
/dev18500/demods/2/sample.dio,279909352250368,826,1074790400.0
/dev18500/demods/2/sample.dio,279909352308736,827,3221225664.0
/dev18500/demods/2/sample.dio,279909352367104,828,1073741824.0
/dev18500/demods/2/sample.dio,279909352425472,829,0.0
/dev18500/demods/2/sample.dio,279909352483840,830,0.0
/dev18500/demods/2/sample.dio,279909352542208,831,3222274048.0
/dev18500/demods/2/sample.dio,279909352600576,832,3221225664.0
/dev18500/demods/2/sample.dio,279909352658944,833,1073741824.0
/dev18500/demods/2/sample.dio,279909352717312,834,0.0
/dev18500/demods/2/sample.dio,279909352775680,835,0.0
/dev18500/demods/2/sample.dio,279909352834048,836,3221242048.0
/dev18500/demods/2/sample.dio,279909352892416,837,3221225664.0
/dev18500/demods/2/sample.dio,279909352950784,838,0.0
/dev18500/demods/2/sample.dio,279909353009152,839,0.0
/dev18500/demods/2/sample.dio,279909353067520,840,0.0
/dev18500/demods/2/sample.dio,279909353125888,841,3221225536.0
/dev18500/demods/2/sample.dio,279909353184256,842,1073741888.0
/dev18500/demods/2/sample.dio,279909353242624,843,1073741824.0
/dev18500/demods/2/sample.dio,279909353300992,844,0.0
/dev18500/demods/2/sample.dio,279909353359360,845,1064960.0
/dev18500/demods/2/sample.dio,279909353417728,846,3221225664.0
/dev18500/demods/2/sample.dio,279909353476096,847,1073742016.0
/dev18500/demods/2/sample.dio,279909353534464,848,0.0
/dev18500/demods/2/sample.dio,279909353592832,849,0.0
/dev18500/demods/2/sample.dio,279909353651200,850,1064960.0
/dev18500/demods/2/sample.dio,279909353709568,851,3222274240.0
/dev18500/demods/2/sample.dio,279909353767936,852,1073741824.0
/dev18500/demods/2/sample.dio,279909353826304,853,0.0
/dev18500/demods/2/sample.dio,279909353884672,854,0.0
/dev18500/demods/2/sample.dio,279909353943040,855,1048576.0
/dev18500/demods/2/sample.dio,279909354001408,856,3221225664.0
/dev18500/demods/2/sample.dio,279909354059776,857,1073741824.0
/dev18500/demods/2/sample.dio,279909354118144,858,0.0
/dev18500/demods/2/sample.dio,279909354176512,859,0.0
/dev18500/demods/2/sample.dio,279909354234880,860,3222274112.0
/dev18500/demods/2/sample.dio,279909354293248,861,3221225664.0
/dev18500/demods/2/sample.dio,279909354351616,862,1073741824.0
/dev18500/demods/2/sample.dio,279909354409984,863,0.0
/dev18500/demods/2/sample.dio,279909354468352,864,0.0
/dev18500/demods/2/sample.dio,279909354526720,865,3222274112.0
/dev18500/demods/2/sample.dio,279909354585088,866,1073742016.0
/dev18500/demods/2/sample.dio,279909354643456,867,1073741824.0
/dev18500/demods/2/sample.dio,279909354701824,868,0.0
/dev18500/demods/2/sample.dio,279909354760192,869,0.0
/dev18500/demods/2/sample.dio,279909354818560,870,3222274240.0
/dev18500/demods/2/sample.dio,279909354876928,871,3221225664.0
/dev18500/demods/2/sample.dio,279909354935296,872,0.0
/dev18500/demods/2/sample.dio,279909354993664,873,0.0
/dev18500/demods/2/sample.dio,279909355052032,874,1064960.0
/dev18500/demods/2/sample.dio,279909355110400,875,3222274240.0
/dev18500/demods/2/sample.dio,279909355168768,876,1073741824.0
/dev18500/demods/2/sample.dio,279909355227136,877,0.0
/dev18500/demods/2/sample.dio,279909355285504,878,0.0
/dev18500/demods/2/sample.dio,279909355343872,879,0.0
/dev18500/demods/2/sample.dio,279909355402240,880,3221225664.0
/dev18500/demods/2/sample.dio,279909355460608,881,1073741824.0
/dev18500/demods/2/sample.dio,279909355518976,882,0.0
/dev18500/demods/2/sample.dio,279909355577344,883,0.0
/dev18500/demods/2/sample.dio,279909355635712,884,3222274048.0
/dev18500/demods/2/sample.dio,279909355694080,885,3221225664.0
/dev18500/demods/2/sample.dio,279909355752448,886,1073741824.0
/dev18500/demods/2/sample.dio,279909355810816,887,0.0
/dev18500/demods/2/sample.dio,279909355869184,888,0.0
/dev18500/demods/2/sample.dio,279909355927552,889,3222274048.0
/dev18500/demods/2/sample.dio,279909355985920,890,3221225664.0
/dev18500/demods/2/sample.dio,279909356044288,891,1073741824.0
/dev18500/demods/2/sample.dio,279909356102656,892,0.0
/dev18500/demods/2/sample.dio,279909356161024,893,0.0
/dev18500/demods/2/sample.dio,279909356219392,894,3221225664.0
/dev18500/demods/2/sample.dio,279909356277760,895,3221225664.0
/dev18500/demods/2/sample.dio,279909356336128,896,0.0
/dev18500/demods/2/sample.dio,279909356394496,897,0.0
/dev18500/demods/2/sample.dio,279909356452864,898,1064960.0
/dev18500/demods/2/sample.dio,279909356511232,899,3221225536.0
/dev18500/demods/2/sample.dio,279909356569600,900,1073741888.0
/dev18500/demods/2/sample.dio,279909356627968,901,0.0
/dev18500/demods/2/sample.dio,279909356686336,902,0.0
/dev18500/demods/2/sample.dio,279909356744704,903,0.0
/dev18500/demods/2/sample.dio,279909356803072,904,3222274240.0
/dev18500/demods/2/sample.dio,279909356861440,905,1073742016.0
/dev18500/demods/2/sample.dio,279909356919808,906,0.0
/dev18500/demods/2/sample.dio,279909356978176,907,0.0
/dev18500/demods/2/sample.dio,279909357036544,908,1048576.0
/dev18500/demods/2/sample.dio,279909357094912,909,3222274240.0
/dev18500/demods/2/sample.dio,279909357153280,910,1073741824.0
/dev18500/demods/2/sample.dio,279909357211648,911,8192.0
/dev18500/demods/2/sample.dio,279909357270016,912,0.0
/dev18500/demods/2/sample.dio,279909357328384,913,1048576.0
/dev18500/demods/2/sample.dio,279909357386752,914,3221225664.0
/dev18500/demods/2/sample.dio,279909357445120,915,1073741824.0
/dev18500/demods/2/sample.dio,279909357503488,916,0.0
/dev18500/demods/2/sample.dio,279909357561856,917,0.0
/dev18500/demods/2/sample.dio,279909357620224,918,3222274112.0
/dev18500/demods/2/sample.dio,279909357678592,919,3221225664.0
/dev18500/demods/2/sample.dio,279909357736960,920,1073741824.0
/dev18500/demods/2/sample.dio,279909357795328,921,0.0
/dev18500/demods/2/sample.dio,279909357853696,922,0.0
/dev18500/demods/2/sample.dio,279909357912064,923,3222274112.0
/dev18500/demods/2/sample.dio,279909357970432,924,1073742016.0
/dev18500/demods/2/sample.dio,279909358028800,925,1073741824.0
/dev18500/demods/2/sample.dio,279909358087168,926,0.0
/dev18500/demods/2/sample.dio,279909358145536,927,0.0
/dev18500/demods/2/sample.dio,279909358203904,928,3221225664.0
/dev18500/demods/2/sample.dio,279909358262272,929,1073742016.0
/dev18500/demods/2/sample.dio,279909358320640,930,0.0
/dev18500/demods/2/sample.dio,279909358379008,931,0.0
/dev18500/demods/2/sample.dio,279909358437376,932,1048576.0
/dev18500/demods/2/sample.dio,279909358495744,933,3221225664.0
/dev18500/demods/2/sample.dio,279909358554112,934,1073741888.0
/dev18500/demods/2/sample.dio,279909358612480,935,0.0
/dev18500/demods/2/sample.dio,279909358670848,936,0.0
/dev18500/demods/2/sample.dio,279909358729216,937,1048576.0
/dev18500/demods/2/sample.dio,279909358787584,938,3221225664.0
/dev18500/demods/2/sample.dio,279909358845952,939,1073741824.0
/dev18500/demods/2/sample.dio,279909358904320,940,0.0
/dev18500/demods/2/sample.dio,279909358962688,941,0.0
/dev18500/demods/2/sample.dio,279909359021056,942,3222274048.0
/dev18500/demods/2/sample.dio,279909359079424,943,3221225664.0
/dev18500/demods/2/sample.dio,279909359137792,944,1073741824.0
/dev18500/demods/2/sample.dio,279909359196160,945,0.0
/dev18500/demods/2/sample.dio,279909359254528,946,0.0
/dev18500/demods/2/sample.dio,279909359312896,947,1073741824.0
/dev18500/demods/2/sample.dio,279909359371264,948,3221225664.0
/dev18500/demods/2/sample.dio,279909359429632,949,1073741824.0
/dev18500/demods/2/sample.dio,279909359488000,950,0.0
/dev18500/demods/2/sample.dio,279909359546368,951,0.0
/dev18500/demods/2/sample.dio,279909359604736,952,3222290624.0
/dev18500/demods/2/sample.dio,279909359663104,953,3221233856.0
/dev18500/demods/2/sample.dio,279909359721472,954,0.0
/dev18500/demods/2/sample.dio,279909359779840,955,0.0
/dev18500/demods/2/sample.dio,279909359838208,956,1048576.0
/dev18500/demods/2/sample.dio,279909359896576,957,3221225664.0
/dev18500/demods/2/sample.dio,279909359954944,958,1073742016.0
/dev18500/demods/2/sample.dio,279909360013312,959,1073750016.0
/dev18500/demods/2/sample.dio,279909360071680,960,0.0
/dev18500/demods/2/sample.dio,279909360130048,961,16384.0
/dev18500/demods/2/sample.dio,279909360188416,962,3221225664.0
/dev18500/demods/2/sample.dio,279909360246784,963,3221225664.0
/dev18500/demods/2/sample.dio,279909360305152,964,0.0
/dev18500/demods/2/sample.dio,279909360363520,965,0.0
/dev18500/demods/2/sample.dio,279909360421888,966,1048576.0
/dev18500/demods/2/sample.dio,279909360480256,967,3221225664.0
/dev18500/demods/2/sample.dio,279909360538624,968,1073741824.0
/dev18500/demods/2/sample.dio,279909360596992,969,0.0
/dev18500/demods/2/sample.dio,279909360655360,970,0.0
/dev18500/demods/2/sample.dio,279909360713728,971,1074790400.0
/dev18500/demods/2/sample.dio,279909360772096,972,3222282432.0
/dev18500/demods/2/sample.dio,279909360830464,973,1073741824.0
/dev18500/demods/2/sample.dio,279909360888832,974,0.0
/dev18500/demods/2/sample.dio,279909360947200,975,0.0
/dev18500/demods/2/sample.dio,279909361005568,976,3222274240.0
/dev18500/demods/2/sample.dio,279909361063936,977,3221225664.0
/dev18500/demods/2/sample.dio,279909361122304,978,1073741824.0
/dev18500/demods/2/sample.dio,279909361180672,979,0.0
/dev18500/demods/2/sample.dio,279909361239040,980,0.0
/dev18500/demods/2/sample.dio,279909361297408,981,3222274112.0
/dev18500/demods/2/sample.dio,279909361355776,982,1073742016.0
/dev18500/demods/2/sample.dio,279909361414144,983,1073750016.0
/dev18500/demods/2/sample.dio,279909361472512,984,0.0
/dev18500/demods/2/sample.dio,279909361530880,985,0.0
/dev18500/demods/2/sample.dio,279909361589248,986,3222274240.0
/dev18500/demods/2/sample.dio,279909361647616,987,1073742016.0
/dev18500/demods/2/sample.dio,279909361705984,988,0.0
/dev18500/demods/2/sample.dio,279909361764352,989,0.0
/dev18500/demods/2/sample.dio,279909361822720,990,1048576.0
/dev18500/demods/2/sample.dio,279909361881088,991,3222274240.0
/dev18500/demods/2/sample.dio,279909361939456,992,1073741824.0
/dev18500/demods/2/sample.dio,279909361997824,993,0.0
/dev18500/demods/2/sample.dio,279909362056192,994,0.0
/dev18500/demods/2/sample.dio,279909362114560,995,1048576.0
/dev18500/demods/2/sample.dio,279909362172928,996,3221225664.0
/dev18500/demods/2/sample.dio,279909362231296,997,1073741824.0
/dev18500/demods/2/sample.dio,279909362289664,998,0.0
/dev18500/demods/2/sample.dio,279909362348032,999,0.0
/dev18500/demods/2/sample.dio,279909362406400,1000,3222274048.0
/dev18500/demods/2/sample.dio,279909362464768,1001,3221225664.0
/dev18500/demods/2/sample.dio,279909362523136,1002,1073741824.0
/dev18500/demods/2/sample.dio,279909362581504,1003,0.0
/dev18500/demods/2/sample.dio,279909362639872,1004,0.0
/dev18500/demods/2/sample.dio,279909362698240,1005,1048576.0
/dev18500/demods/2/sample.dio,279909362756608,1006,3221225664.0
/dev18500/demods/2/sample.dio,279909362814976,1007,1073741824.0
/dev18500/demods/2/sample.dio,279909362873344,1008,0.0
/dev18500/demods/2/sample.dio,279909362931712,1009,0.0
/dev18500/demods/2/sample.dio,279909362990080,1010,3221225664.0
/dev18500/demods/2/sample.dio,279909363048448,1011,3221233856.0
/dev18500/demods/2/sample.dio,279909363106816,1012,0.0
/dev18500/demods/2/sample.dio,279909363165184,1013,0.0
/dev18500/demods/2/sample.dio,279909363223552,1014,16384.0
/dev18500/demods/2/sample.dio,279909363281920,1015,3222274240.0
/dev18500/demods/2/sample.dio,279909363340288,1016,1073750208.0
/dev18500/demods/2/sample.dio,279909363398656,1017,1073741824.0
/dev18500/demods/2/sample.dio,279909363457024,1018,0.0
/dev18500/demods/2/sample.dio,279909363515392,1019,1048576.0
/dev18500/demods/2/sample.dio,279909363573760,1020,3221225664.0
/dev18500/demods/2/sample.dio,279909363632128,1021,1073742016.0
/dev18500/demods/2/sample.dio,279909363690496,1022,0.0
/dev18500/demods/2/sample.dio,279909363748864,1023,0.0
/dev18500/demods/2/sample.dio,279909363807232,1024,1074790400.0
/dev18500/demods/2/sample.dio,279909363865600,1025,3222274240.0
/dev18500/demods/2/sample.dio,279909363923968,1026,1073741824.0
/dev18500/demods/2/sample.dio,279909363982336,1027,0.0
/dev18500/demods/2/sample.dio,279909364040704,1028,0.0
/dev18500/demods/2/sample.dio,279909364099072,1029,1048576.0
/dev18500/demods/2/sample.dio,279909364157440,1030,3221225664.0
/dev18500/demods/2/sample.dio,279909364215808,1031,1073741824.0
/dev18500/demods/2/sample.dio,279909364274176,1032,0.0
/dev18500/demods/2/sample.dio,279909364332544,1033,0.0
/dev18500/demods/2/sample.dio,279909364390912,1034,3221225536.0
/dev18500/demods/2/sample.dio,279909364449280,1035,3221233856.0
/dev18500/demods/2/sample.dio,279909364507648,1036,1073741824.0
/dev18500/demods/2/sample.dio,279909364566016,1037,0.0
/dev18500/demods/2/sample.dio,279909364624384,1038,0.0
/dev18500/demods/2/sample.dio,279909364682752,1039,3221225536.0
/dev18500/demods/2/sample.dio,279909364741120,1040,3221225664.0
/dev18500/demods/2/sample.dio,279909364799488,1041,1073741824.0
/dev18500/demods/2/sample.dio,279909364857856,1042,0.0
/dev18500/demods/2/sample.dio,279909364916224,1043,0.0
/dev18500/demods/2/sample.dio,279909364974592,1044,3222274240.0
/dev18500/demods/2/sample.dio,279909365032960,1045,3221225664.0
/dev18500/demods/2/sample.dio,279909365091328,1046,8192.0
/dev18500/demods/2/sample.dio,279909365149696,1047,0.0
/dev18500/demods/2/sample.dio,279909365208064,1048,1048576.0
/dev18500/demods/2/sample.dio,279909365266432,1049,3222274240.0
/dev18500/demods/2/sample.dio,279909365324800,1050,1073741824.0
/dev18500/demods/2/sample.dio,279909365383168,1051,0.0
/dev18500/demods/2/sample.dio,279909365441536,1052,0.0
/dev18500/demods/2/sample.dio,279909365499904,1053,0.0
/dev18500/demods/2/sample.dio,279909365558272,1054,3221225664.0
/dev18500/demods/2/sample.dio,279909365616640,1055,1073750016.0
/dev18500/demods/2/sample.dio,279909365675008,1056,0.0
/dev18500/demods/2/sample.dio,279909365733376,1057,0.0
/dev18500/demods/2/sample.dio,279909365791744,1058,1074790400.0
/dev18500/demods/2/sample.dio,279909365850112,1059,3221225664.0
/dev18500/demods/2/sample.dio,279909365908480,1060,1073741824.0
/dev18500/demods/2/sample.dio,279909365966848,1061,0.0
/dev18500/demods/2/sample.dio,279909366025216,1062,0.0
/dev18500/demods/2/sample.dio,279909366083584,1063,3222274048.0
/dev18500/demods/2/sample.dio,279909366141952,1064,3221225664.0
/dev18500/demods/2/sample.dio,279909366200320,1065,1073741824.0
/dev18500/demods/2/sample.dio,279909366258688,1066,0.0
/dev18500/demods/2/sample.dio,279909366317056,1067,0.0
/dev18500/demods/2/sample.dio,279909366375424,1068,3221225664.0
/dev18500/demods/2/sample.dio,279909366433792,1069,3221225664.0
/dev18500/demods/2/sample.dio,279909366492160,1070,1073750016.0
/dev18500/demods/2/sample.dio,279909366550528,1071,0.0
/dev18500/demods/2/sample.dio,279909366608896,1072,1064960.0
/dev18500/demods/2/sample.dio,279909366667264,1073,3222274240.0
/dev18500/demods/2/sample.dio,279909366725632,1074,3221225664.0
/dev18500/demods/2/sample.dio,279909366784000,1075,1073750016.0
/dev18500/demods/2/sample.dio,279909366842368,1076,0.0
/dev18500/demods/2/sample.dio,279909366900736,1077,0.0
/dev18500/demods/2/sample.dio,279909366959104,1078,3221225664.0
/dev18500/demods/2/sample.dio,279909367017472,1079,1073750208.0
/dev18500/demods/2/sample.dio,279909367075840,1080,0.0
/dev18500/demods/2/sample.dio,279909367134208,1081,0.0
/dev18500/demods/2/sample.dio,279909367192576,1082,1074790400.0
/dev18500/demods/2/sample.dio,279909367250944,1083,3222290624.0
/dev18500/demods/2/sample.dio,279909367309312,1084,1073741824.0
/dev18500/demods/2/sample.dio,279909367367680,1085,0.0
/dev18500/demods/2/sample.dio,279909367426048,1086,0.0
/dev18500/demods/2/sample.dio,279909367484416,1087,1048576.0
/dev18500/demods/2/sample.dio,279909367542784,1088,3221225664.0
/dev18500/demods/2/sample.dio,279909367601152,1089,1073750016.0
/dev18500/demods/2/sample.dio,279909367659520,1090,0.0
/dev18500/demods/2/sample.dio,279909367717888,1091,0.0
/dev18500/demods/2/sample.dio,279909367776256,1092,3222274112.0
/dev18500/demods/2/sample.dio,279909367834624,1093,3221225664.0
/dev18500/demods/2/sample.dio,279909367892992,1094,1073741824.0
/dev18500/demods/2/sample.dio,279909367951360,1095,0.0
/dev18500/demods/2/sample.dio,279909368009728,1096,0.0
/dev18500/demods/2/sample.dio,279909368068096,1097,1074790400.0
/dev18500/demods/2/sample.dio,279909368126464,1098,3221233856.0
/dev18500/demods/2/sample.dio,279909368184832,1099,1073741824.0
/dev18500/demods/2/sample.dio,279909368243200,1100,0.0
/dev18500/demods/2/sample.dio,279909368301568,1101,0.0
/dev18500/demods/2/sample.dio,279909368359936,1102,3222274240.0
/dev18500/demods/2/sample.dio,279909368418304,1103,3221225664.0
/dev18500/demods/2/sample.dio,279909368476672,1104,0.0
/dev18500/demods/2/sample.dio,279909368535040,1105,0.0
/dev18500/demods/2/sample.dio,279909368593408,1106,1048576.0
/dev18500/demods/2/sample.dio,279909368651776,1107,3222274240.0
/dev18500/demods/2/sample.dio,279909368710144,1108,1073741888.0
/dev18500/demods/2/sample.dio,279909368768512,1109,0.0
/dev18500/demods/2/sample.dio,279909368826880,1110,0.0
/dev18500/demods/2/sample.dio,279909368885248,1111,1048576.0
/dev18500/demods/2/sample.dio,279909368943616,1112,3221225664.0
/dev18500/demods/2/sample.dio,279909369001984,1113,1073741888.0
/dev18500/demods/2/sample.dio,279909369060352,1114,0.0
/dev18500/demods/2/sample.dio,279909369118720,1115,0.0
/dev18500/demods/2/sample.dio,279909369177088,1116,3222274048.0
/dev18500/demods/2/sample.dio,279909369235456,1117,3222274240.0
/dev18500/demods/2/sample.dio,279909369293824,1118,1073750016.0
/dev18500/demods/2/sample.dio,279909369352192,1119,0.0
/dev18500/demods/2/sample.dio,279909369410560,1120,0.0
/dev18500/demods/2/sample.dio,279909369468928,1121,3222274048.0
/dev18500/demods/2/sample.dio,279909369527296,1122,3221225664.0
/dev18500/demods/2/sample.dio,279909369585664,1123,1073741824.0
/dev18500/demods/2/sample.dio,279909369644032,1124,0.0
/dev18500/demods/2/sample.dio,279909369702400,1125,0.0
/dev18500/demods/2/sample.dio,279909369760768,1126,3222274112.0
/dev18500/demods/2/sample.dio,279909369819136,1127,3221233856.0
/dev18500/demods/2/sample.dio,279909369877504,1128,1073741824.0
/dev18500/demods/2/sample.dio,279909369935872,1129,0.0
/dev18500/demods/2/sample.dio,279909369994240,1130,0.0
/dev18500/demods/2/sample.dio,279909370052608,1131,3222290496.0
/dev18500/demods/2/sample.dio,279909370110976,1132,1073742016.0
/dev18500/demods/2/sample.dio,279909370169344,1133,1073741824.0
/dev18500/demods/2/sample.dio,279909370227712,1134,0.0
/dev18500/demods/2/sample.dio,279909370286080,1135,0.0
/dev18500/demods/2/sample.dio,279909370344448,1136,3221225664.0
/dev18500/demods/2/sample.dio,279909370402816,1137,1073742016.0
/dev18500/demods/2/sample.dio,279909370461184,1138,0.0
/dev18500/demods/2/sample.dio,279909370519552,1139,0.0
/dev18500/demods/2/sample.dio,279909370577920,1140,16384.0
/dev18500/demods/2/sample.dio,279909370636288,1141,3222274240.0
/dev18500/demods/2/sample.dio,279909370694656,1142,1073741888.0
/dev18500/demods/2/sample.dio,279909370753024,1143,0.0
/dev18500/demods/2/sample.dio,279909370811392,1144,0.0
/dev18500/demods/2/sample.dio,279909370869760,1145,1064960.0
/dev18500/demods/2/sample.dio,279909370928128,1146,3221225664.0
/dev18500/demods/2/sample.dio,279909370986496,1147,1073750080.0
/dev18500/demods/2/sample.dio,279909371044864,1148,0.0
/dev18500/demods/2/sample.dio,279909371103232,1149,0.0
/dev18500/demods/2/sample.dio,279909371161600,1150,3222274048.0
/dev18500/demods/2/sample.dio,279909371219968,1151,3221225664.0
/dev18500/demods/2/sample.dio,279909371278336,1152,1073750016.0
/dev18500/demods/2/sample.dio,279909371336704,1153,0.0
/dev18500/demods/2/sample.dio,279909371395072,1154,0.0
/dev18500/demods/2/sample.dio,279909371453440,1155,3222290496.0
/dev18500/demods/2/sample.dio,279909371511808,1156,3221225664.0
/dev18500/demods/2/sample.dio,279909371570176,1157,1073741824.0
/dev18500/demods/2/sample.dio,279909371628544,1158,0.0
/dev18500/demods/2/sample.dio,279909371686912,1159,0.0
/dev18500/demods/2/sample.dio,279909371745280,1160,3222274112.0
/dev18500/demods/2/sample.dio,279909371803648,1161,3221233856.0
/dev18500/demods/2/sample.dio,279909371862016,1162,1073741824.0
/dev18500/demods/2/sample.dio,279909371920384,1163,0.0
/dev18500/demods/2/sample.dio,279909371978752,1164,0.0
/dev18500/demods/2/sample.dio,279909372037120,1165,3222274240.0
/dev18500/demods/2/sample.dio,279909372095488,1166,1073741888.0
/dev18500/demods/2/sample.dio,279909372153856,1167,1073741824.0
/dev18500/demods/2/sample.dio,279909372212224,1168,0.0
/dev18500/demods/2/sample.dio,279909372270592,1169,0.0
/dev18500/demods/2/sample.dio,279909372328960,1170,3222274240.0
/dev18500/demods/2/sample.dio,279909372387328,1171,3221225664.0
/dev18500/demods/2/sample.dio,279909372445696,1172,0.0
/dev18500/demods/2/sample.dio,279909372504064,1173,0.0
/dev18500/demods/2/sample.dio,279909372562432,1174,1074790400.0
/dev18500/demods/2/sample.dio,279909372620800,1175,3222290624.0
/dev18500/demods/2/sample.dio,279909372679168,1176,1073741824.0
/dev18500/demods/2/sample.dio,279909372737536,1177,0.0
/dev18500/demods/2/sample.dio,279909372795904,1178,0.0
/dev18500/demods/2/sample.dio,279909372854272,1179,0.0
/dev18500/demods/2/sample.dio,279909372912640,1180,3221225664.0
/dev18500/demods/2/sample.dio,279909372971008,1181,1073741824.0
/dev18500/demods/2/sample.dio,279909373029376,1182,0.0
/dev18500/demods/2/sample.dio,279909373087744,1183,0.0
/dev18500/demods/2/sample.dio,279909373146112,1184,3221225536.0
/dev18500/demods/2/sample.dio,279909373204480,1185,3221225664.0
/dev18500/demods/2/sample.dio,279909373262848,1186,1073741824.0
/dev18500/demods/2/sample.dio,279909373321216,1187,0.0
/dev18500/demods/2/sample.dio,279909373379584,1188,0.0
/dev18500/demods/2/sample.dio,279909373437952,1189,3222274048.0
/dev18500/demods/2/sample.dio,279909373496320,1190,1073742016.0
/dev18500/demods/2/sample.dio,279909373554688,1191,1073750016.0
/dev18500/demods/2/sample.dio,279909373613056,1192,0.0
/dev18500/demods/2/sample.dio,279909373671424,1193,0.0
/dev18500/demods/2/sample.dio,279909373729792,1194,3221225664.0
/dev18500/demods/2/sample.dio,279909373788160,1195,3221225664.0
/dev18500/demods/2/sample.dio,279909373846528,1196,1073741824.0
/dev18500/demods/2/sample.dio,279909373904896,1197,0.0
/dev18500/demods/2/sample.dio,279909373963264,1198,1048576.0
/dev18500/demods/2/sample.dio,279909374021632,1199,3221225664.0
/dev18500/demods/2/sample.dio,279909374080000,1200,1073741824.0
/dev18500/demods/2/sample.dio,279909374138368,1201,8192.0
/dev18500/demods/2/sample.dio,279909374196736,1202,0.0
/dev18500/demods/2/sample.dio,279909374255104,1203,0.0
/dev18500/demods/2/sample.dio,279909374313472,1204,3221225664.0
/dev18500/demods/2/sample.dio,279909374371840,1205,1073742016.0
/dev18500/demods/2/sample.dio,279909374430208,1206,0.0
/dev18500/demods/2/sample.dio,279909374488576,1207,0.0
/dev18500/demods/2/sample.dio,279909374546944,1208,3222290432.0
/dev18500/demods/2/sample.dio,279909374605312,1209,3221225664.0
/dev18500/demods/2/sample.dio,279909374663680,1210,1073750016.0
/dev18500/demods/2/sample.dio,279909374722048,1211,0.0
/dev18500/demods/2/sample.dio,279909374780416,1212,0.0
/dev18500/demods/2/sample.dio,279909374838784,1213,3222274048.0
/dev18500/demods/2/sample.dio,279909374897152,1214,3221225664.0
/dev18500/demods/2/sample.dio,279909374955520,1215,1073750016.0
/dev18500/demods/2/sample.dio,279909375013888,1216,0.0
/dev18500/demods/2/sample.dio,279909375072256,1217,0.0
/dev18500/demods/2/sample.dio,279909375130624,1218,3222274240.0
/dev18500/demods/2/sample.dio,279909375188992,1219,3221225664.0
/dev18500/demods/2/sample.dio,279909375247360,1220,0.0
/dev18500/demods/2/sample.dio,279909375305728,1221,0.0
/dev18500/demods/2/sample.dio,279909375364096,1222,0.0
/dev18500/demods/2/sample.dio,279909375422464,1223,3222274240.0
/dev18500/demods/2/sample.dio,279909375480832,1224,1073742016.0
/dev18500/demods/2/sample.dio,279909375539200,1225,1073750016.0
/dev18500/demods/2/sample.dio,279909375597568,1226,0.0
/dev18500/demods/2/sample.dio,279909375655936,1227,0.0
/dev18500/demods/2/sample.dio,279909375714304,1228,3222274240.0
/dev18500/demods/2/sample.dio,279909375772672,1229,3221233856.0
/dev18500/demods/2/sample.dio,279909375831040,1230,0.0
/dev18500/demods/2/sample.dio,279909375889408,1231,0.0
/dev18500/demods/2/sample.dio,279909375947776,1232,1048576.0
/dev18500/demods/2/sample.dio,279909376006144,1233,3222274240.0
/dev18500/demods/2/sample.dio,279909376064512,1234,1073741824.0
/dev18500/demods/2/sample.dio,279909376122880,1235,0.0
/dev18500/demods/2/sample.dio,279909376181248,1236,0.0
/dev18500/demods/2/sample.dio,279909376239616,1237,0.0
/dev18500/demods/2/sample.dio,279909376297984,1238,3221225664.0
/dev18500/demods/2/sample.dio,279909376356352,1239,1073741824.0
/dev18500/demods/2/sample.dio,279909376414720,1240,0.0
/dev18500/demods/2/sample.dio,279909376473088,1241,0.0
/dev18500/demods/2/sample.dio,279909376531456,1242,3222274112.0
/dev18500/demods/2/sample.dio,279909376589824,1243,3221225664.0
/dev18500/demods/2/sample.dio,279909376648192,1244,1073741824.0
/dev18500/demods/2/sample.dio,279909376706560,1245,0.0
/dev18500/demods/2/sample.dio,279909376764928,1246,0.0
/dev18500/demods/2/sample.dio,279909376823296,1247,3222274048.0
/dev18500/demods/2/sample.dio,279909376881664,1248,3221225664.0
/dev18500/demods/2/sample.dio,279909376940032,1249,1073741824.0
/dev18500/demods/2/sample.dio,279909376998400,1250,0.0
/dev18500/demods/2/sample.dio,279909377056768,1251,0.0
/dev18500/demods/2/sample.dio,279909377115136,1252,3221225664.0
/dev18500/demods/2/sample.dio,279909377173504,1253,3221225664.0
/dev18500/demods/2/sample.dio,279909377231872,1254,0.0
/dev18500/demods/2/sample.dio,279909377290240,1255,0.0
/dev18500/demods/2/sample.dio,279909377348608,1256,1048576.0
/dev18500/demods/2/sample.dio,279909377406976,1257,3222274240.0
/dev18500/demods/2/sample.dio,279909377465344,1258,1073741888.0
/dev18500/demods/2/sample.dio,279909377523712,1259,0.0
/dev18500/demods/2/sample.dio,279909377582080,1260,0.0
/dev18500/demods/2/sample.dio,279909377640448,1261,1048576.0
/dev18500/demods/2/sample.dio,279909377698816,1262,3221225664.0
/dev18500/demods/2/sample.dio,279909377757184,1263,1073741888.0
/dev18500/demods/2/sample.dio,279909377815552,1264,0.0
/dev18500/demods/2/sample.dio,279909377873920,1265,0.0
/dev18500/demods/2/sample.dio,279909377932288,1266,1048576.0
/dev18500/demods/2/sample.dio,279909377990656,1267,3222290624.0
/dev18500/demods/2/sample.dio,279909378049024,1268,1073750016.0
/dev18500/demods/2/sample.dio,279909378107392,1269,0.0
/dev18500/demods/2/sample.dio,279909378165760,1270,0.0
/dev18500/demods/2/sample.dio,279909378224128,1271,1074806784.0
/dev18500/demods/2/sample.dio,279909378282496,1272,3221225664.0
/dev18500/demods/2/sample.dio,279909378340864,1273,1073741824.0
/dev18500/demods/2/sample.dio,279909378399232,1274,0.0
/dev18500/demods/2/sample.dio,279909378457600,1275,0.0
/dev18500/demods/2/sample.dio,279909378515968,1276,3222274240.0
/dev18500/demods/2/sample.dio,279909378574336,1277,3221225664.0
/dev18500/demods/2/sample.dio,279909378632704,1278,1073741824.0
/dev18500/demods/2/sample.dio,279909378691072,1279,0.0
/dev18500/demods/2/sample.dio,279909378749440,1280,0.0
/dev18500/demods/2/sample.dio,279909378807808,1281,3222274112.0
/dev18500/demods/2/sample.dio,279909378866176,1282,1073750208.0
/dev18500/demods/2/sample.dio,279909378924544,1283,1073741824.0
/dev18500/demods/2/sample.dio,279909378982912,1284,0.0
/dev18500/demods/2/sample.dio,279909379041280,1285,0.0
/dev18500/demods/2/sample.dio,279909379099648,1286,3222274240.0
/dev18500/demods/2/sample.dio,279909379158016,1287,3221225664.0
/dev18500/demods/2/sample.dio,279909379216384,1288,0.0
/dev18500/demods/2/sample.dio,279909379274752,1289,0.0
/dev18500/demods/2/sample.dio,279909379333120,1290,1064960.0
/dev18500/demods/2/sample.dio,279909379391488,1291,3221225664.0
/dev18500/demods/2/sample.dio,279909379449856,1292,1073741824.0
/dev18500/demods/2/sample.dio,279909379508224,1293,0.0
/dev18500/demods/2/sample.dio,279909379566592,1294,0.0
/dev18500/demods/2/sample.dio,279909379624960,1295,0.0
/dev18500/demods/2/sample.dio,279909379683328,1296,3221225664.0
/dev18500/demods/2/sample.dio,279909379741696,1297,1073741824.0
/dev18500/demods/2/sample.dio,279909379800064,1298,0.0
/dev18500/demods/2/sample.dio,279909379858432,1299,0.0
/dev18500/demods/2/sample.dio,279909379916800,1300,3222274048.0
/dev18500/demods/2/sample.dio,279909379975168,1301,3221225664.0
/dev18500/demods/2/sample.dio,279909380033536,1302,1073741824.0
/dev18500/demods/2/sample.dio,279909380091904,1303,0.0
/dev18500/demods/2/sample.dio,279909380150272,1304,0.0
/dev18500/demods/2/sample.dio,279909380208640,1305,3222274048.0
/dev18500/demods/2/sample.dio,279909380267008,1306,3221225664.0
/dev18500/demods/2/sample.dio,279909380325376,1307,1073741824.0
/dev18500/demods/2/sample.dio,279909380383744,1308,0.0
/dev18500/demods/2/sample.dio,279909380442112,1309,0.0
/dev18500/demods/2/sample.dio,279909380500480,1310,3222274240.0
/dev18500/demods/2/sample.dio,279909380558848,1311,3221233856.0
/dev18500/demods/2/sample.dio,279909380617216,1312,0.0
/dev18500/demods/2/sample.dio,279909380675584,1313,0.0
/dev18500/demods/2/sample.dio,279909380733952,1314,0.0
/dev18500/demods/2/sample.dio,279909380792320,1315,3221225664.0
/dev18500/demods/2/sample.dio,279909380850688,1316,1073741888.0
/dev18500/demods/2/sample.dio,279909380909056,1317,0.0
/dev18500/demods/2/sample.dio,279909380967424,1318,0.0
/dev18500/demods/2/sample.dio,279909381025792,1319,1048576.0
/dev18500/demods/2/sample.dio,279909381084160,1320,3221225664.0
/dev18500/demods/2/sample.dio,279909381142528,1321,1073742016.0
/dev18500/demods/2/sample.dio,279909381200896,1322,0.0
/dev18500/demods/2/sample.dio,279909381259264,1323,0.0
/dev18500/demods/2/sample.dio,279909381317632,1324,3222274048.0
/dev18500/demods/2/sample.dio,279909381376000,1325,3221225664.0
/dev18500/demods/2/sample.dio,279909381434368,1326,1073741824.0
/dev18500/demods/2/sample.dio,279909381492736,1327,0.0
/dev18500/demods/2/sample.dio,279909381551104,1328,0.0
/dev18500/demods/2/sample.dio,279909381609472,1329,1048576.0
/dev18500/demods/2/sample.dio,279909381667840,1330,3221225664.0
/dev18500/demods/2/sample.dio,279909381726208,1331,1073741824.0
/dev18500/demods/2/sample.dio,279909381784576,1332,0.0
/dev18500/demods/2/sample.dio,279909381842944,1333,0.0
/dev18500/demods/2/sample.dio,279909381901312,1334,3221225664.0
/dev18500/demods/2/sample.dio,279909381959680,1335,3221225664.0
/dev18500/demods/2/sample.dio,279909382018048,1336,1073741824.0
/dev18500/demods/2/sample.dio,279909382076416,1337,0.0
/dev18500/demods/2/sample.dio,279909382134784,1338,0.0
/dev18500/demods/2/sample.dio,279909382193152,1339,3222274112.0
/dev18500/demods/2/sample.dio,279909382251520,1340,3221225664.0
/dev18500/demods/2/sample.dio,279909382309888,1341,1073741824.0
/dev18500/demods/2/sample.dio,279909382368256,1342,0.0
/dev18500/demods/2/sample.dio,279909382426624,1343,0.0
/dev18500/demods/2/sample.dio,279909382484992,1344,3221225664.0
/dev18500/demods/2/sample.dio,279909382543360,1345,3221225664.0
/dev18500/demods/2/sample.dio,279909382601728,1346,0.0
/dev18500/demods/2/sample.dio,279909382660096,1347,0.0
/dev18500/demods/2/sample.dio,279909382718464,1348,1048576.0
/dev18500/demods/2/sample.dio,279909382776832,1349,3222274240.0
/dev18500/demods/2/sample.dio,279909382835200,1350,1073741824.0
/dev18500/demods/2/sample.dio,279909382893568,1351,1073741824.0
/dev18500/demods/2/sample.dio,279909382951936,1352,0.0
/dev18500/demods/2/sample.dio,279909383010304,1353,1048576.0
/dev18500/demods/2/sample.dio,279909383068672,1354,3221225664.0
/dev18500/demods/2/sample.dio,279909383127040,1355,1073741824.0
/dev18500/demods/2/sample.dio,279909383185408,1356,0.0
/dev18500/demods/2/sample.dio,279909383243776,1357,0.0
/dev18500/demods/2/sample.dio,279909383302144,1358,3222274048.0
/dev18500/demods/2/sample.dio,279909383360512,1359,3221225664.0
/dev18500/demods/2/sample.dio,279909383418880,1360,1073741824.0
/dev18500/demods/2/sample.dio,279909383477248,1361,0.0
/dev18500/demods/2/sample.dio,279909383535616,1362,0.0
/dev18500/demods/2/sample.dio,279909383593984,1363,3221225472.0
/dev18500/demods/2/sample.dio,279909383652352,1364,3221225664.0
/dev18500/demods/2/sample.dio,279909383710720,1365,1073741824.0
/dev18500/demods/2/sample.dio,279909383769088,1366,0.0
/dev18500/demods/2/sample.dio,279909383827456,1367,0.0
/dev18500/demods/2/sample.dio,279909383885824,1368,3222274240.0
/dev18500/demods/2/sample.dio,279909383944192,1369,3221225664.0
/dev18500/demods/2/sample.dio,279909384002560,1370,0.0
/dev18500/demods/2/sample.dio,279909384060928,1371,0.0
/dev18500/demods/2/sample.dio,279909384119296,1372,0.0
/dev18500/demods/2/sample.dio,279909384177664,1373,3221225664.0
/dev18500/demods/2/sample.dio,279909384236032,1374,1073742016.0
/dev18500/demods/2/sample.dio,279909384294400,1375,0.0
/dev18500/demods/2/sample.dio,279909384352768,1376,0.0
/dev18500/demods/2/sample.dio,279909384411136,1377,1048576.0
/dev18500/demods/2/sample.dio,279909384469504,1378,3221242048.0
/dev18500/demods/2/sample.dio,279909384527872,1379,1073741888.0
/dev18500/demods/2/sample.dio,279909384586240,1380,0.0
/dev18500/demods/2/sample.dio,279909384644608,1381,0.0
/dev18500/demods/2/sample.dio,279909384702976,1382,1048576.0
/dev18500/demods/2/sample.dio,279909384761344,1383,3221225664.0
/dev18500/demods/2/sample.dio,279909384819712,1384,1073741824.0
/dev18500/demods/2/sample.dio,279909384878080,1385,0.0
/dev18500/demods/2/sample.dio,279909384936448,1386,0.0
/dev18500/demods/2/sample.dio,279909384994816,1387,1048576.0
/dev18500/demods/2/sample.dio,279909385053184,1388,3221225664.0
/dev18500/demods/2/sample.dio,279909385111552,1389,1073741888.0
/dev18500/demods/2/sample.dio,279909385169920,1390,0.0
/dev18500/demods/2/sample.dio,279909385228288,1391,0.0
/dev18500/demods/2/sample.dio,279909385286656,1392,3222274112.0
/dev18500/demods/2/sample.dio,279909385345024,1393,3221233856.0
/dev18500/demods/2/sample.dio,279909385403392,1394,1073741824.0
/dev18500/demods/2/sample.dio,279909385461760,1395,0.0
/dev18500/demods/2/sample.dio,279909385520128,1396,0.0
/dev18500/demods/2/sample.dio,279909385578496,1397,3221225536.0
/dev18500/demods/2/sample.dio,279909385636864,1398,1073742016.0
/dev18500/demods/2/sample.dio,279909385695232,1399,1073750016.0
/dev18500/demods/2/sample.dio,279909385753600,1400,0.0
/dev18500/demods/2/sample.dio,279909385811968,1401,0.0
/dev18500/demods/2/sample.dio,279909385870336,1402,3222274240.0
/dev18500/demods/2/sample.dio,279909385928704,1403,3221225664.0
/dev18500/demods/2/sample.dio,279909385987072,1404,0.0
/dev18500/demods/2/sample.dio,279909386045440,1405,0.0
/dev18500/demods/2/sample.dio,279909386103808,1406,0.0
/dev18500/demods/2/sample.dio,279909386162176,1407,3222274240.0
/dev18500/demods/2/sample.dio,279909386220544,1408,1073741888.0
/dev18500/demods/2/sample.dio,279909386278912,1409,0.0
/dev18500/demods/2/sample.dio,279909386337280,1410,0.0
/dev18500/demods/2/sample.dio,279909386395648,1411,1048576.0
/dev18500/demods/2/sample.dio,279909386454016,1412,3221225664.0
/dev18500/demods/2/sample.dio,279909386512384,1413,1073741824.0
/dev18500/demods/2/sample.dio,279909386570752,1414,0.0
/dev18500/demods/2/sample.dio,279909386629120,1415,0.0
/dev18500/demods/2/sample.dio,279909386687488,1416,3222274048.0
/dev18500/demods/2/sample.dio,279909386745856,1417,3221225664.0
/dev18500/demods/2/sample.dio,279909386804224,1418,1073741824.0
/dev18500/demods/2/sample.dio,279909386862592,1419,8192.0
/dev18500/demods/2/sample.dio,279909386920960,1420,0.0
/dev18500/demods/2/sample.dio,279909386979328,1421,3222274048.0
/dev18500/demods/2/sample.dio,279909387037696,1422,3221225664.0
/dev18500/demods/2/sample.dio,279909387096064,1423,1073741824.0
/dev18500/demods/2/sample.dio,279909387154432,1424,0.0
/dev18500/demods/2/sample.dio,279909387212800,1425,0.0
/dev18500/demods/2/sample.dio,279909387271168,1426,3222274240.0
/dev18500/demods/2/sample.dio,279909387329536,1427,3221225664.0
/dev18500/demods/2/sample.dio,279909387387904,1428,1073741824.0
/dev18500/demods/2/sample.dio,279909387446272,1429,0.0
/dev18500/demods/2/sample.dio,279909387504640,1430,1048576.0
/dev18500/demods/2/sample.dio,279909387563008,1431,3221225664.0
/dev18500/demods/2/sample.dio,279909387621376,1432,1073741888.0
/dev18500/demods/2/sample.dio,279909387679744,1433,1073741824.0
/dev18500/demods/2/sample.dio,279909387738112,1434,0.0
/dev18500/demods/2/sample.dio,279909387796480,1435,0.0
/dev18500/demods/2/sample.dio,279909387854848,1436,3221225664.0
/dev18500/demods/2/sample.dio,279909387913216,1437,3221225664.0
/dev18500/demods/2/sample.dio,279909387971584,1438,0.0
/dev18500/demods/2/sample.dio,279909388029952,1439,0.0
/dev18500/demods/2/sample.dio,279909388088320,1440,1074790400.0
/dev18500/demods/2/sample.dio,279909388146688,1441,3222274240.0
/dev18500/demods/2/sample.dio,279909388205056,1442,1073741824.0
/dev18500/demods/2/sample.dio,279909388263424,1443,0.0
/dev18500/demods/2/sample.dio,279909388321792,1444,0.0
/dev18500/demods/2/sample.dio,279909388380160,1445,1074790400.0
/dev18500/demods/2/sample.dio,279909388438528,1446,3221225664.0
/dev18500/demods/2/sample.dio,279909388496896,1447,1073741824.0
/dev18500/demods/2/sample.dio,279909388555264,1448,0.0
/dev18500/demods/2/sample.dio,279909388613632,1449,0.0
/dev18500/demods/2/sample.dio,279909388672000,1450,3222274240.0
/dev18500/demods/2/sample.dio,279909388730368,1451,3221225664.0
/dev18500/demods/2/sample.dio,279909388788736,1452,1073741824.0
/dev18500/demods/2/sample.dio,279909388847104,1453,0.0
/dev18500/demods/2/sample.dio,279909388905472,1454,0.0
/dev18500/demods/2/sample.dio,279909388963840,1455,3222274112.0
/dev18500/demods/2/sample.dio,279909389022208,1456,1073742016.0
/dev18500/demods/2/sample.dio,279909389080576,1457,1073741824.0
/dev18500/demods/2/sample.dio,279909389138944,1458,0.0
/dev18500/demods/2/sample.dio,279909389197312,1459,0.0
/dev18500/demods/2/sample.dio,279909389255680,1460,3222274240.0
/dev18500/demods/2/sample.dio,279909389314048,1461,3221225664.0
/dev18500/demods/2/sample.dio,279909389372416,1462,0.0
/dev18500/demods/2/sample.dio,279909389430784,1463,0.0
/dev18500/demods/2/sample.dio,279909389489152,1464,1048576.0
/dev18500/demods/2/sample.dio,279909389547520,1465,3222274240.0
/dev18500/demods/2/sample.dio,279909389605888,1466,1073741824.0
/dev18500/demods/2/sample.dio,279909389664256,1467,0.0
/dev18500/demods/2/sample.dio,279909389722624,1468,0.0
/dev18500/demods/2/sample.dio,279909389780992,1469,1048576.0
/dev18500/demods/2/sample.dio,279909389839360,1470,3221225664.0
/dev18500/demods/2/sample.dio,279909389897728,1471,1073741824.0
/dev18500/demods/2/sample.dio,279909389956096,1472,0.0
/dev18500/demods/2/sample.dio,279909390014464,1473,0.0
/dev18500/demods/2/sample.dio,279909390072832,1474,3222274048.0
/dev18500/demods/2/sample.dio,279909390131200,1475,3222274240.0
/dev18500/demods/2/sample.dio,279909390189568,1476,1073741824.0
/dev18500/demods/2/sample.dio,279909390247936,1477,0.0
/dev18500/demods/2/sample.dio,279909390306304,1478,0.0
/dev18500/demods/2/sample.dio,279909390364672,1479,3222274048.0
/dev18500/demods/2/sample.dio,279909390423040,1480,3221233856.0
/dev18500/demods/2/sample.dio,279909390481408,1481,1073741824.0
/dev18500/demods/2/sample.dio,279909390539776,1482,0.0
/dev18500/demods/2/sample.dio,279909390598144,1483,0.0
/dev18500/demods/2/sample.dio,279909390656512,1484,3221225664.0
/dev18500/demods/2/sample.dio,279909390714880,1485,3221225664.0
/dev18500/demods/2/sample.dio,279909390773248,1486,0.0
/dev18500/demods/2/sample.dio,279909390831616,1487,0.0
/dev18500/demods/2/sample.dio,279909390889984,1488,1048576.0
/dev18500/demods/2/sample.dio,279909390948352,1489,3221225664.0
/dev18500/demods/2/sample.dio,279909391006720,1490,1073741888.0
/dev18500/demods/2/sample.dio,279909391065088,1491,1073741824.0
/dev18500/demods/2/sample.dio,279909391123456,1492,0.0
/dev18500/demods/2/sample.dio,279909391181824,1493,0.0
/dev18500/demods/2/sample.dio,279909391240192,1494,3221225664.0
/dev18500/demods/2/sample.dio,279909391298560,1495,1073742016.0
/dev18500/demods/2/sample.dio,279909391356928,1496,0.0
/dev18500/demods/2/sample.dio,279909391415296,1497,0.0
/dev18500/demods/2/sample.dio,279909391473664,1498,1073741824.0
/dev18500/demods/2/sample.dio,279909391532032,1499,3221225664.0
/dev18500/demods/2/sample.dio,279909391590400,1500,1073741824.0
/dev18500/demods/2/sample.dio,279909391648768,1501,0.0
/dev18500/demods/2/sample.dio,279909391707136,1502,0.0
/dev18500/demods/2/sample.dio,279909391765504,1503,1074790400.0
/dev18500/demods/2/sample.dio,279909391823872,1504,3221233856.0
/dev18500/demods/2/sample.dio,279909391882240,1505,1073741824.0
/dev18500/demods/2/sample.dio,279909391940608,1506,0.0
/dev18500/demods/2/sample.dio,279909391998976,1507,0.0
/dev18500/demods/2/sample.dio,279909392057344,1508,3222274240.0
/dev18500/demods/2/sample.dio,279909392115712,1509,3221225664.0
/dev18500/demods/2/sample.dio,279909392174080,1510,1073741824.0
/dev18500/demods/2/sample.dio,279909392232448,1511,0.0
/dev18500/demods/2/sample.dio,279909392290816,1512,0.0
/dev18500/demods/2/sample.dio,279909392349184,1513,3222274112.0
/dev18500/demods/2/sample.dio,279909392407552,1514,1073742016.0
/dev18500/demods/2/sample.dio,279909392465920,1515,1073741824.0
/dev18500/demods/2/sample.dio,279909392524288,1516,0.0
/dev18500/demods/2/sample.dio,279909392582656,1517,0.0
/dev18500/demods/2/sample.dio,279909392641024,1518,3221225664.0
/dev18500/demods/2/sample.dio,279909392699392,1519,1073742016.0
/dev18500/demods/2/sample.dio,279909392757760,1520,0.0
/dev18500/demods/2/sample.dio,279909392816128,1521,0.0
/dev18500/demods/2/sample.dio,279909392874496,1522,1048576.0
/dev18500/demods/2/sample.dio,279909392932864,1523,3222274240.0
/dev18500/demods/2/sample.dio,279909392991232,1524,1073741824.0
/dev18500/demods/2/sample.dio,279909393049600,1525,0.0
/dev18500/demods/2/sample.dio,279909393107968,1526,0.0
/dev18500/demods/2/sample.dio,279909393166336,1527,0.0
/dev18500/demods/2/sample.dio,279909393224704,1528,3221225664.0
/dev18500/demods/2/sample.dio,279909393283072,1529,1073741888.0
/dev18500/demods/2/sample.dio,279909393341440,1530,0.0
/dev18500/demods/2/sample.dio,279909393399808,1531,0.0
/dev18500/demods/2/sample.dio,279909393458176,1532,3222274112.0
/dev18500/demods/2/sample.dio,279909393516544,1533,3221225664.0
/dev18500/demods/2/sample.dio,279909393574912,1534,1073741824.0
/dev18500/demods/2/sample.dio,279909393633280,1535,0.0
/dev18500/demods/2/sample.dio,279909393691648,1536,0.0
/dev18500/demods/2/sample.dio,279909393750016,1537,3222274048.0
/dev18500/demods/2/sample.dio,279909393808384,1538,3221225664.0
/dev18500/demods/2/sample.dio,279909393866752,1539,1073741824.0
/dev18500/demods/2/sample.dio,279909393925120,1540,0.0
/dev18500/demods/2/sample.dio,279909393983488,1541,0.0
/dev18500/demods/2/sample.dio,279909394041856,1542,3222274240.0
/dev18500/demods/2/sample.dio,279909394100224,1543,3221225664.0
/dev18500/demods/2/sample.dio,279909394158592,1544,0.0
/dev18500/demods/2/sample.dio,279909394216960,1545,0.0
/dev18500/demods/2/sample.dio,279909394275328,1546,1048576.0
/dev18500/demods/2/sample.dio,279909394333696,1547,3222274240.0
/dev18500/demods/2/sample.dio,279909394392064,1548,1073741888.0
/dev18500/demods/2/sample.dio,279909394450432,1549,1073741824.0
/dev18500/demods/2/sample.dio,279909394508800,1550,0.0
/dev18500/demods/2/sample.dio,279909394567168,1551,1048576.0
/dev18500/demods/2/sample.dio,279909394625536,1552,3221225664.0
/dev18500/demods/2/sample.dio,279909394683904,1553,1073741888.0
/dev18500/demods/2/sample.dio,279909394742272,1554,0.0
/dev18500/demods/2/sample.dio,279909394800640,1555,0.0
/dev18500/demods/2/sample.dio,279909394859008,1556,1073741824.0
/dev18500/demods/2/sample.dio,279909394917376,1557,3221225664.0
/dev18500/demods/2/sample.dio,279909394975744,1558,1073741824.0
/dev18500/demods/2/sample.dio,279909395034112,1559,0.0
/dev18500/demods/2/sample.dio,279909395092480,1560,0.0
/dev18500/demods/2/sample.dio,279909395150848,1561,1074790400.0
/dev18500/demods/2/sample.dio,279909395209216,1562,3221225664.0
/dev18500/demods/2/sample.dio,279909395267584,1563,1073750016.0
/dev18500/demods/2/sample.dio,279909395325952,1564,0.0
/dev18500/demods/2/sample.dio,279909395384320,1565,0.0
/dev18500/demods/2/sample.dio,279909395442688,1566,3222274112.0
/dev18500/demods/2/sample.dio,279909395501056,1567,3221225664.0
/dev18500/demods/2/sample.dio,279909395559424,1568,1073741824.0
/dev18500/demods/2/sample.dio,279909395617792,1569,0.0
/dev18500/demods/2/sample.dio,279909395676160,1570,0.0
/dev18500/demods/2/sample.dio,279909395734528,1571,3222274112.0
/dev18500/demods/2/sample.dio,279909395792896,1572,3221225664.0
/dev18500/demods/2/sample.dio,279909395851264,1573,1073741824.0
/dev18500/demods/2/sample.dio,279909395909632,1574,0.0
/dev18500/demods/2/sample.dio,279909395968000,1575,0.0
/dev18500/demods/2/sample.dio,279909396026368,1576,3222274240.0
/dev18500/demods/2/sample.dio,279909396084736,1577,1073742016.0
/dev18500/demods/2/sample.dio,279909396143104,1578,0.0
/dev18500/demods/2/sample.dio,279909396201472,1579,0.0
/dev18500/demods/2/sample.dio,279909396259840,1580,1048576.0
/dev18500/demods/2/sample.dio,279909396318208,1581,3222274240.0
/dev18500/demods/2/sample.dio,279909396376576,1582,1073741824.0
/dev18500/demods/2/sample.dio,279909396434944,1583,0.0
/dev18500/demods/2/sample.dio,279909396493312,1584,0.0
/dev18500/demods/2/sample.dio,279909396551680,1585,1048576.0
/dev18500/demods/2/sample.dio,279909396610048,1586,3221225664.0
/dev18500/demods/2/sample.dio,279909396668416,1587,1073741824.0
/dev18500/demods/2/sample.dio,279909396726784,1588,0.0
/dev18500/demods/2/sample.dio,279909396785152,1589,0.0
/dev18500/demods/2/sample.dio,279909396843520,1590,3222274112.0
/dev18500/demods/2/sample.dio,279909396901888,1591,3221225664.0
/dev18500/demods/2/sample.dio,279909396960256,1592,1073741824.0
/dev18500/demods/2/sample.dio,279909397018624,1593,0.0
/dev18500/demods/2/sample.dio,279909397076992,1594,0.0
/dev18500/demods/2/sample.dio,279909397135360,1595,3221225472.0
/dev18500/demods/2/sample.dio,279909397193728,1596,3221233856.0
/dev18500/demods/2/sample.dio,279909397252096,1597,1073741824.0
/dev18500/demods/2/sample.dio,279909397310464,1598,0.0
/dev18500/demods/2/sample.dio,279909397368832,1599,0.0
/dev18500/demods/2/sample.dio,279909397427200,1600,3222274240.0
/dev18500/demods/2/sample.dio,279909397485568,1601,3221225664.0
/dev18500/demods/2/sample.dio,279909397543936,1602,0.0
/dev18500/demods/2/sample.dio,279909397602304,1603,0.0
/dev18500/demods/2/sample.dio,279909397660672,1604,0.0
/dev18500/demods/2/sample.dio,279909397719040,1605,3222274240.0
/dev18500/demods/2/sample.dio,279909397777408,1606,1073742016.0
/dev18500/demods/2/sample.dio,279909397835776,1607,0.0
/dev18500/demods/2/sample.dio,279909397894144,1608,0.0
/dev18500/demods/2/sample.dio,279909397952512,1609,0.0
/dev18500/demods/2/sample.dio,279909398010880,1610,3221225664.0
/dev18500/demods/2/sample.dio,279909398069248,1611,1073741888.0
/dev18500/demods/2/sample.dio,279909398127616,1612,0.0
/dev18500/demods/2/sample.dio,279909398185984,1613,0.0
/dev18500/demods/2/sample.dio,279909398244352,1614,3221225472.0
/dev18500/demods/2/sample.dio,279909398302720,1615,3221225664.0
/dev18500/demods/2/sample.dio,279909398361088,1616,1073750016.0
/dev18500/demods/2/sample.dio,279909398419456,1617,0.0
/dev18500/demods/2/sample.dio,279909398477824,1618,0.0
/dev18500/demods/2/sample.dio,279909398536192,1619,0.0
/dev18500/demods/2/sample.dio,279909398594560,1620,3221225664.0
/dev18500/demods/2/sample.dio,279909398652928,1621,1073741824.0
/dev18500/demods/2/sample.dio,279909398711296,1622,0.0
/dev18500/demods/2/sample.dio,279909398769664,1623,0.0
/dev18500/demods/2/sample.dio,279909398828032,1624,3222290624.0
/dev18500/demods/2/sample.dio,279909398886400,1625,3221225664.0
/dev18500/demods/2/sample.dio,279909398944768,1626,1073741824.0
/dev18500/demods/2/sample.dio,279909399003136,1627,0.0
/dev18500/demods/2/sample.dio,279909399061504,1628,0.0
/dev18500/demods/2/sample.dio,279909399119872,1629,3222274240.0
/dev18500/demods/2/sample.dio,279909399178240,1630,3221225664.0
/dev18500/demods/2/sample.dio,279909399236608,1631,1073741824.0
/dev18500/demods/2/sample.dio,279909399294976,1632,0.0
/dev18500/demods/2/sample.dio,279909399353344,1633,0.0
/dev18500/demods/2/sample.dio,279909399411712,1634,3222274240.0
/dev18500/demods/2/sample.dio,279909399470080,1635,3221225664.0
/dev18500/demods/2/sample.dio,279909399528448,1636,0.0
/dev18500/demods/2/sample.dio,279909399586816,1637,0.0
/dev18500/demods/2/sample.dio,279909399645184,1638,1048576.0
/dev18500/demods/2/sample.dio,279909399703552,1639,3221225664.0
/dev18500/demods/2/sample.dio,279909399761920,1640,1073741824.0
/dev18500/demods/2/sample.dio,279909399820288,1641,0.0
/dev18500/demods/2/sample.dio,279909399878656,1642,0.0
/dev18500/demods/2/sample.dio,279909399937024,1643,0.0
/dev18500/demods/2/sample.dio,279909399995392,1644,3221225664.0
/dev18500/demods/2/sample.dio,279909400053760,1645,1073741824.0
/dev18500/demods/2/sample.dio,279909400112128,1646,0.0
/dev18500/demods/2/sample.dio,279909400170496,1647,0.0
/dev18500/demods/2/sample.dio,279909400228864,1648,3222274048.0
/dev18500/demods/2/sample.dio,279909400287232,1649,3221225664.0
/dev18500/demods/2/sample.dio,279909400345600,1650,1073741824.0
/dev18500/demods/2/sample.dio,279909400403968,1651,0.0
/dev18500/demods/2/sample.dio,279909400462336,1652,0.0
/dev18500/demods/2/sample.dio,279909400520704,1653,3222274048.0
/dev18500/demods/2/sample.dio,279909400579072,1654,1073742016.0
/dev18500/demods/2/sample.dio,279909400637440,1655,1073741824.0
/dev18500/demods/2/sample.dio,279909400695808,1656,0.0
/dev18500/demods/2/sample.dio,279909400754176,1657,0.0
/dev18500/demods/2/sample.dio,279909400812544,1658,3222274240.0
/dev18500/demods/2/sample.dio,279909400870912,1659,3221233856.0
/dev18500/demods/2/sample.dio,279909400929280,1660,0.0
/dev18500/demods/2/sample.dio,279909400987648,1661,0.0
/dev18500/demods/2/sample.dio,279909401046016,1662,1048576.0
/dev18500/demods/2/sample.dio,279909401104384,1663,3222274240.0
/dev18500/demods/2/sample.dio,279909401162752,1664,1073741888.0
/dev18500/demods/2/sample.dio,279909401221120,1665,0.0
/dev18500/demods/2/sample.dio,279909401279488,1666,0.0
/dev18500/demods/2/sample.dio,279909401337856,1667,1048576.0
/dev18500/demods/2/sample.dio,279909401396224,1668,3221225664.0
/dev18500/demods/2/sample.dio,279909401454592,1669,1073741888.0
/dev18500/demods/2/sample.dio,279909401512960,1670,0.0
/dev18500/demods/2/sample.dio,279909401571328,1671,0.0
/dev18500/demods/2/sample.dio,279909401629696,1672,3222274048.0
/dev18500/demods/2/sample.dio,279909401688064,1673,3221225664.0
/dev18500/demods/2/sample.dio,279909401746432,1674,1073741824.0
/dev18500/demods/2/sample.dio,279909401804800,1675,0.0
/dev18500/demods/2/sample.dio,279909401863168,1676,0.0
/dev18500/demods/2/sample.dio,279909401921536,1677,1074790400.0
/dev18500/demods/2/sample.dio,279909401979904,1678,3221225664.0
/dev18500/demods/2/sample.dio,279909402038272,1679,1073750016.0
/dev18500/demods/2/sample.dio,279909402096640,1680,0.0
/dev18500/demods/2/sample.dio,279909402155008,1681,0.0
/dev18500/demods/2/sample.dio,279909402213376,1682,3222274240.0
/dev18500/demods/2/sample.dio,279909402271744,1683,3221225664.0
/dev18500/demods/2/sample.dio,279909402330112,1684,0.0
/dev18500/demods/2/sample.dio,279909402388480,1685,0.0
/dev18500/demods/2/sample.dio,279909402446848,1686,0.0
/dev18500/demods/2/sample.dio,279909402505216,1687,3222274112.0
/dev18500/demods/2/sample.dio,279909402563584,1688,1073741888.0
/dev18500/demods/2/sample.dio,279909402621952,1689,1073741824.0
/dev18500/demods/2/sample.dio,279909402680320,1690,0.0
/dev18500/demods/2/sample.dio,279909402738688,1691,0.0
/dev18500/demods/2/sample.dio,279909402797056,1692,3222274240.0
/dev18500/demods/2/sample.dio,279909402855424,1693,1073742016.0
/dev18500/demods/2/sample.dio,279909402913792,1694,0.0
/dev18500/demods/2/sample.dio,279909402972160,1695,0.0
/dev18500/demods/2/sample.dio,279909403030528,1696,0.0
/dev18500/demods/2/sample.dio,279909403088896,1697,3221225664.0
/dev18500/demods/2/sample.dio,279909403147264,1698,1073741824.0
/dev18500/demods/2/sample.dio,279909403205632,1699,0.0
/dev18500/demods/2/sample.dio,279909403264000,1700,0.0
/dev18500/demods/2/sample.dio,279909403322368,1701,1074790400.0
/dev18500/demods/2/sample.dio,279909403380736,1702,3221225664.0
/dev18500/demods/2/sample.dio,279909403439104,1703,1073741824.0
/dev18500/demods/2/sample.dio,279909403497472,1704,0.0
/dev18500/demods/2/sample.dio,279909403555840,1705,0.0
/dev18500/demods/2/sample.dio,279909403614208,1706,3222274048.0
/dev18500/demods/2/sample.dio,279909403672576,1707,3221225664.0
/dev18500/demods/2/sample.dio,279909403730944,1708,1073741824.0
/dev18500/demods/2/sample.dio,279909403789312,1709,0.0
/dev18500/demods/2/sample.dio,279909403847680,1710,0.0
/dev18500/demods/2/sample.dio,279909403906048,1711,3222274112.0
/dev18500/demods/2/sample.dio,279909403964416,1712,1073742016.0
/dev18500/demods/2/sample.dio,279909404022784,1713,1073750016.0
/dev18500/demods/2/sample.dio,279909404081152,1714,0.0
/dev18500/demods/2/sample.dio,279909404139520,1715,0.0
/dev18500/demods/2/sample.dio,279909404197888,1716,3222274240.0
/dev18500/demods/2/sample.dio,279909404256256,1717,3221225664.0
/dev18500/demods/2/sample.dio,279909404314624,1718,0.0
/dev18500/demods/2/sample.dio,279909404372992,1719,0.0
/dev18500/demods/2/sample.dio,279909404431360,1720,1048576.0
/dev18500/demods/2/sample.dio,279909404489728,1721,3222274240.0
/dev18500/demods/2/sample.dio,279909404548096,1722,1073741824.0
/dev18500/demods/2/sample.dio,279909404606464,1723,0.0
/dev18500/demods/2/sample.dio,279909404664832,1724,0.0
/dev18500/demods/2/sample.dio,279909404723200,1725,1048576.0
/dev18500/demods/2/sample.dio,279909404781568,1726,3221225664.0
/dev18500/demods/2/sample.dio,279909404839936,1727,1073741824.0
/dev18500/demods/2/sample.dio,279909404898304,1728,0.0
/dev18500/demods/2/sample.dio,279909404956672,1729,0.0
/dev18500/demods/2/sample.dio,279909405015040,1730,3221225472.0
/dev18500/demods/2/sample.dio,279909405073408,1731,3221225664.0
/dev18500/demods/2/sample.dio,279909405131776,1732,1073741824.0
/dev18500/demods/2/sample.dio,279909405190144,1733,0.0
/dev18500/demods/2/sample.dio,279909405248512,1734,0.0
/dev18500/demods/2/sample.dio,279909405306880,1735,1064960.0
/dev18500/demods/2/sample.dio,279909405365248,1736,3221225664.0
/dev18500/demods/2/sample.dio,279909405423616,1737,1073741824.0
/dev18500/demods/2/sample.dio,279909405481984,1738,0.0
/dev18500/demods/2/sample.dio,279909405540352,1739,0.0
/dev18500/demods/2/sample.dio,279909405598720,1740,3222274240.0
/dev18500/demods/2/sample.dio,279909405657088,1741,3221225664.0
/dev18500/demods/2/sample.dio,279909405715456,1742,1073741824.0
/dev18500/demods/2/sample.dio,279909405773824,1743,0.0
/dev18500/demods/2/sample.dio,279909405832192,1744,16384.0
/dev18500/demods/2/sample.dio,279909405890560,1745,3222274240.0
/dev18500/demods/2/sample.dio,279909405948928,1746,1073742016.0
/dev18500/demods/2/sample.dio,279909406007296,1747,1073741824.0
/dev18500/demods/2/sample.dio,279909406065664,1748,0.0
/dev18500/demods/2/sample.dio,279909406124032,1749,0.0
/dev18500/demods/2/sample.dio,279909406182400,1750,3221225664.0
/dev18500/demods/2/sample.dio,279909406240768,1751,1073742016.0
/dev18500/demods/2/sample.dio,279909406299136,1752,0.0
/dev18500/demods/2/sample.dio,279909406357504,1753,0.0
/dev18500/demods/2/sample.dio,279909406415872,1754,1074790400.0
/dev18500/demods/2/sample.dio,279909406474240,1755,3221225664.0
/dev18500/demods/2/sample.dio,279909406532608,1756,1073741824.0
/dev18500/demods/2/sample.dio,279909406590976,1757,0.0
/dev18500/demods/2/sample.dio,279909406649344,1758,0.0
/dev18500/demods/2/sample.dio,279909406707712,1759,1074790400.0
/dev18500/demods/2/sample.dio,279909406766080,1760,3221225664.0
/dev18500/demods/2/sample.dio,279909406824448,1761,1073741824.0
/dev18500/demods/2/sample.dio,279909406882816,1762,0.0
/dev18500/demods/2/sample.dio,279909406941184,1763,0.0
/dev18500/demods/2/sample.dio,279909406999552,1764,3222274112.0
/dev18500/demods/2/sample.dio,279909407057920,1765,3221225664.0
/dev18500/demods/2/sample.dio,279909407116288,1766,1073741824.0
/dev18500/demods/2/sample.dio,279909407174656,1767,0.0
/dev18500/demods/2/sample.dio,279909407233024,1768,0.0
/dev18500/demods/2/sample.dio,279909407291392,1769,3222274112.0
/dev18500/demods/2/sample.dio,279909407349760,1770,3221225664.0
/dev18500/demods/2/sample.dio,279909407408128,1771,1073741824.0
/dev18500/demods/2/sample.dio,279909407466496,1772,0.0
/dev18500/demods/2/sample.dio,279909407524864,1773,0.0
/dev18500/demods/2/sample.dio,279909407583232,1774,3222274240.0
/dev18500/demods/2/sample.dio,279909407641600,1775,3221225664.0
/dev18500/demods/2/sample.dio,279909407699968,1776,0.0
/dev18500/demods/2/sample.dio,279909407758336,1777,0.0
/dev18500/demods/2/sample.dio,279909407816704,1778,1048576.0
/dev18500/demods/2/sample.dio,279909407875072,1779,3222274240.0
/dev18500/demods/2/sample.dio,279909407933440,1780,1073741824.0
/dev18500/demods/2/sample.dio,279909407991808,1781,0.0
/dev18500/demods/2/sample.dio,279909408050176,1782,0.0
/dev18500/demods/2/sample.dio,279909408108544,1783,1048576.0
/dev18500/demods/2/sample.dio,279909408166912,1784,3221225664.0
/dev18500/demods/2/sample.dio,279909408225280,1785,1073750016.0
/dev18500/demods/2/sample.dio,279909408283648,1786,0.0
/dev18500/demods/2/sample.dio,279909408342016,1787,0.0
/dev18500/demods/2/sample.dio,279909408400384,1788,3222274048.0
/dev18500/demods/2/sample.dio,279909408458752,1789,3221225664.0
/dev18500/demods/2/sample.dio,279909408517120,1790,1073741824.0
/dev18500/demods/2/sample.dio,279909408575488,1791,0.0
/dev18500/demods/2/sample.dio,279909408633856,1792,0.0
/dev18500/demods/2/sample.dio,279909408692224,1793,1073741824.0
/dev18500/demods/2/sample.dio,279909408750592,1794,3221225664.0
/dev18500/demods/2/sample.dio,279909408808960,1795,1073741824.0
/dev18500/demods/2/sample.dio,279909408867328,1796,0.0
/dev18500/demods/2/sample.dio,279909408925696,1797,0.0
/dev18500/demods/2/sample.dio,279909408984064,1798,3221225664.0
/dev18500/demods/2/sample.dio,279909409042432,1799,3221225664.0
/dev18500/demods/2/sample.dio,279909409100800,1800,0.0
/dev18500/demods/2/sample.dio,279909409159168,1801,0.0
/dev18500/demods/2/sample.dio,279909409217536,1802,1048576.0
/dev18500/demods/2/sample.dio,279909409275904,1803,3222274240.0
/dev18500/demods/2/sample.dio,279909409334272,1804,1073742016.0
/dev18500/demods/2/sample.dio,279909409392640,1805,1073741824.0
/dev18500/demods/2/sample.dio,279909409451008,1806,0.0
/dev18500/demods/2/sample.dio,279909409509376,1807,0.0
/dev18500/demods/2/sample.dio,279909409567744,1808,3222274240.0
/dev18500/demods/2/sample.dio,279909409626112,1809,1073742016.0
/dev18500/demods/2/sample.dio,279909409684480,1810,0.0
/dev18500/demods/2/sample.dio,279909409742848,1811,0.0
/dev18500/demods/2/sample.dio,279909409801216,1812,1074790400.0
/dev18500/demods/2/sample.dio,279909409859584,1813,3222274240.0
/dev18500/demods/2/sample.dio,279909409917952,1814,1073750016.0
/dev18500/demods/2/sample.dio,279909409976320,1815,0.0
/dev18500/demods/2/sample.dio,279909410034688,1816,0.0
/dev18500/demods/2/sample.dio,279909410093056,1817,1048576.0
/dev18500/demods/2/sample.dio,279909410151424,1818,3221225664.0
/dev18500/demods/2/sample.dio,279909410209792,1819,1073741824.0
/dev18500/demods/2/sample.dio,279909410268160,1820,0.0
/dev18500/demods/2/sample.dio,279909410326528,1821,0.0
/dev18500/demods/2/sample.dio,279909410384896,1822,3222274112.0
/dev18500/demods/2/sample.dio,279909410443264,1823,3221225664.0
/dev18500/demods/2/sample.dio,279909410501632,1824,1073741824.0
/dev18500/demods/2/sample.dio,279909410560000,1825,0.0
/dev18500/demods/2/sample.dio,279909410618368,1826,0.0
/dev18500/demods/2/sample.dio,279909410676736,1827,3222274112.0
/dev18500/demods/2/sample.dio,279909410735104,1828,3221225664.0
/dev18500/demods/2/sample.dio,279909410793472,1829,1073741824.0
/dev18500/demods/2/sample.dio,279909410851840,1830,0.0
/dev18500/demods/2/sample.dio,279909410910208,1831,0.0
/dev18500/demods/2/sample.dio,279909410968576,1832,3222274240.0
/dev18500/demods/2/sample.dio,279909411026944,1833,3221225664.0
/dev18500/demods/2/sample.dio,279909411085312,1834,0.0
/dev18500/demods/2/sample.dio,279909411143680,1835,0.0
/dev18500/demods/2/sample.dio,279909411202048,1836,0.0
/dev18500/demods/2/sample.dio,279909411260416,1837,3222274240.0
/dev18500/demods/2/sample.dio,279909411318784,1838,1073741888.0
/dev18500/demods/2/sample.dio,279909411377152,1839,0.0
/dev18500/demods/2/sample.dio,279909411435520,1840,0.0
/dev18500/demods/2/sample.dio,279909411493888,1841,0.0
/dev18500/demods/2/sample.dio,279909411552256,1842,3221225664.0
/dev18500/demods/2/sample.dio,279909411610624,1843,1073741888.0
/dev18500/demods/2/sample.dio,279909411668992,1844,0.0
/dev18500/demods/2/sample.dio,279909411727360,1845,0.0
/dev18500/demods/2/sample.dio,279909411785728,1846,3222274048.0
/dev18500/demods/2/sample.dio,279909411844096,1847,3221225664.0
/dev18500/demods/2/sample.dio,279909411902464,1848,1073741824.0
/dev18500/demods/2/sample.dio,279909411960832,1849,0.0
/dev18500/demods/2/sample.dio,279909412019200,1850,0.0
/dev18500/demods/2/sample.dio,279909412077568,1851,16384.0
/dev18500/demods/2/sample.dio,279909412135936,1852,3221225664.0
/dev18500/demods/2/sample.dio,279909412194304,1853,1073741824.0
/dev18500/demods/2/sample.dio,279909412252672,1854,0.0
/dev18500/demods/2/sample.dio,279909412311040,1855,0.0
/dev18500/demods/2/sample.dio,279909412369408,1856,3221242048.0
/dev18500/demods/2/sample.dio,279909412427776,1857,3221225664.0
/dev18500/demods/2/sample.dio,279909412486144,1858,1073741824.0
/dev18500/demods/2/sample.dio,279909412544512,1859,0.0
/dev18500/demods/2/sample.dio,279909412602880,1860,0.0
/dev18500/demods/2/sample.dio,279909412661248,1861,3222274240.0
/dev18500/demods/2/sample.dio,279909412719616,1862,3221225664.0
/dev18500/demods/2/sample.dio,279909412777984,1863,1073741824.0
/dev18500/demods/2/sample.dio,279909412836352,1864,0.0
/dev18500/demods/2/sample.dio,279909412894720,1865,0.0
/dev18500/demods/2/sample.dio,279909412953088,1866,3221225664.0
/dev18500/demods/2/sample.dio,279909413011456,1867,1073742016.0
/dev18500/demods/2/sample.dio,279909413069824,1868,8192.0
/dev18500/demods/2/sample.dio,279909413128192,1869,0.0
/dev18500/demods/2/sample.dio,279909413186560,1870,1074790400.0
/dev18500/demods/2/sample.dio,279909413244928,1871,3222274240.0
/dev18500/demods/2/sample.dio,279909413303296,1872,1073741824.0
/dev18500/demods/2/sample.dio,279909413361664,1873,0.0
/dev18500/demods/2/sample.dio,279909413420032,1874,0.0
/dev18500/demods/2/sample.dio,279909413478400,1875,1048576.0
/dev18500/demods/2/sample.dio,279909413536768,1876,3221225664.0
/dev18500/demods/2/sample.dio,279909413595136,1877,1073741824.0
/dev18500/demods/2/sample.dio,279909413653504,1878,0.0
/dev18500/demods/2/sample.dio,279909413711872,1879,0.0
/dev18500/demods/2/sample.dio,279909413770240,1880,3221225536.0
/dev18500/demods/2/sample.dio,279909413828608,1881,3221225664.0
/dev18500/demods/2/sample.dio,279909413886976,1882,1073741824.0
/dev18500/demods/2/sample.dio,279909413945344,1883,0.0
/dev18500/demods/2/sample.dio,279909414003712,1884,0.0
/dev18500/demods/2/sample.dio,279909414062080,1885,3222274048.0
/dev18500/demods/2/sample.dio,279909414120448,1886,3221225664.0
/dev18500/demods/2/sample.dio,279909414178816,1887,1073741824.0
/dev18500/demods/2/sample.dio,279909414237184,1888,0.0
/dev18500/demods/2/sample.dio,279909414295552,1889,0.0
/dev18500/demods/2/sample.dio,279909414353920,1890,3222290624.0
/dev18500/demods/2/sample.dio,279909414412288,1891,3221225664.0
/dev18500/demods/2/sample.dio,279909414470656,1892,0.0
/dev18500/demods/2/sample.dio,279909414529024,1893,0.0
/dev18500/demods/2/sample.dio,279909414587392,1894,1048576.0
/dev18500/demods/2/sample.dio,279909414645760,1895,3222274112.0
/dev18500/demods/2/sample.dio,279909414704128,1896,1073741888.0
/dev18500/demods/2/sample.dio,279909414762496,1897,1073741824.0
/dev18500/demods/2/sample.dio,279909414820864,1898,0.0
/dev18500/demods/2/sample.dio,279909414879232,1899,1048576.0
/dev18500/demods/2/sample.dio,279909414937600,1900,3221225664.0
/dev18500/demods/2/sample.dio,279909414995968,1901,1073741888.0
/dev18500/demods/2/sample.dio,279909415054336,1902,0.0
/dev18500/demods/2/sample.dio,279909415112704,1903,0.0
/dev18500/demods/2/sample.dio,279909415171072,1904,1048576.0
/dev18500/demods/2/sample.dio,279909415229440,1905,3222274240.0
/dev18500/demods/2/sample.dio,279909415287808,1906,1073741824.0
/dev18500/demods/2/sample.dio,279909415346176,1907,0.0
/dev18500/demods/2/sample.dio,279909415404544,1908,0.0
/dev18500/demods/2/sample.dio,279909415462912,1909,1048576.0
/dev18500/demods/2/sample.dio,279909415521280,1910,3221225664.0
/dev18500/demods/2/sample.dio,279909415579648,1911,1073741824.0
/dev18500/demods/2/sample.dio,279909415638016,1912,0.0
/dev18500/demods/2/sample.dio,279909415696384,1913,0.0
/dev18500/demods/2/sample.dio,279909415754752,1914,3222290624.0
/dev18500/demods/2/sample.dio,279909415813120,1915,3221233856.0
/dev18500/demods/2/sample.dio,279909415871488,1916,1073741824.0
/dev18500/demods/2/sample.dio,279909415929856,1917,0.0
/dev18500/demods/2/sample.dio,279909415988224,1918,0.0
/dev18500/demods/2/sample.dio,279909416046592,1919,3222274048.0
/dev18500/demods/2/sample.dio,279909416104960,1920,1073742016.0
/dev18500/demods/2/sample.dio,279909416163328,1921,1073741824.0
/dev18500/demods/2/sample.dio,279909416221696,1922,0.0
/dev18500/demods/2/sample.dio,279909416280064,1923,0.0
/dev18500/demods/2/sample.dio,279909416338432,1924,3222274240.0
/dev18500/demods/2/sample.dio,279909416396800,1925,1073742016.0
/dev18500/demods/2/sample.dio,279909416455168,1926,0.0
/dev18500/demods/2/sample.dio,279909416513536,1927,0.0
/dev18500/demods/2/sample.dio,279909416571904,1928,1064960.0
/dev18500/demods/2/sample.dio,279909416630272,1929,3222274240.0
/dev18500/demods/2/sample.dio,279909416688640,1930,1073742016.0
/dev18500/demods/2/sample.dio,279909416747008,1931,0.0
/dev18500/demods/2/sample.dio,279909416805376,1932,0.0
/dev18500/demods/2/sample.dio,279909416863744,1933,1048576.0
/dev18500/demods/2/sample.dio,279909416922112,1934,3221225664.0
/dev18500/demods/2/sample.dio,279909416980480,1935,1073741824.0
/dev18500/demods/2/sample.dio,279909417038848,1936,0.0
/dev18500/demods/2/sample.dio,279909417097216,1937,0.0
/dev18500/demods/2/sample.dio,279909417155584,1938,3222274112.0
/dev18500/demods/2/sample.dio,279909417213952,1939,3221225664.0
/dev18500/demods/2/sample.dio,279909417272320,1940,1073750016.0
/dev18500/demods/2/sample.dio,279909417330688,1941,0.0
/dev18500/demods/2/sample.dio,279909417389056,1942,0.0
/dev18500/demods/2/sample.dio,279909417447424,1943,3222274048.0
/dev18500/demods/2/sample.dio,279909417505792,1944,3221225664.0
/dev18500/demods/2/sample.dio,279909417564160,1945,1073741824.0
/dev18500/demods/2/sample.dio,279909417622528,1946,0.0
/dev18500/demods/2/sample.dio,279909417680896,1947,0.0
/dev18500/demods/2/sample.dio,279909417739264,1948,3221225664.0
/dev18500/demods/2/sample.dio,279909417797632,1949,3221225664.0
/dev18500/demods/2/sample.dio,279909417856000,1950,0.0
/dev18500/demods/2/sample.dio,279909417914368,1951,0.0
/dev18500/demods/2/sample.dio,279909417972736,1952,0.0
/dev18500/demods/2/sample.dio,279909418031104,1953,3222274240.0
/dev18500/demods/2/sample.dio,279909418089472,1954,1073742016.0
/dev18500/demods/2/sample.dio,279909418147840,1955,1073741824.0
/dev18500/demods/2/sample.dio,279909418206208,1956,0.0
/dev18500/demods/2/sample.dio,279909418264576,1957,0.0
/dev18500/demods/2/sample.dio,279909418322944,1958,3222290624.0
/dev18500/demods/2/sample.dio,279909418381312,1959,1073742016.0
/dev18500/demods/2/sample.dio,279909418439680,1960,8192.0
/dev18500/demods/2/sample.dio,279909418498048,1961,0.0
/dev18500/demods/2/sample.dio,279909418556416,1962,0.0
/dev18500/demods/2/sample.dio,279909418614784,1963,3222274240.0
/dev18500/demods/2/sample.dio,279909418673152,1964,1073741824.0
/dev18500/demods/2/sample.dio,279909418731520,1965,0.0
/dev18500/demods/2/sample.dio,279909418789888,1966,0.0
/dev18500/demods/2/sample.dio,279909418848256,1967,0.0
/dev18500/demods/2/sample.dio,279909418906624,1968,3221233856.0
/dev18500/demods/2/sample.dio,279909418964992,1969,1073741824.0
/dev18500/demods/2/sample.dio,279909419023360,1970,0.0
/dev18500/demods/2/sample.dio,279909419081728,1971,0.0
/dev18500/demods/2/sample.dio,279909419140096,1972,3222290496.0
/dev18500/demods/2/sample.dio,279909419198464,1973,3221225664.0
/dev18500/demods/2/sample.dio,279909419256832,1974,1073741824.0
/dev18500/demods/2/sample.dio,279909419315200,1975,0.0
/dev18500/demods/2/sample.dio,279909419373568,1976,0.0
/dev18500/demods/2/sample.dio,279909419431936,1977,3221225472.0
/dev18500/demods/2/sample.dio,279909419490304,1978,3221225664.0
/dev18500/demods/2/sample.dio,279909419548672,1979,1073741824.0
/dev18500/demods/2/sample.dio,279909419607040,1980,0.0
/dev18500/demods/2/sample.dio,279909419665408,1981,0.0
/dev18500/demods/2/sample.dio,279909419723776,1982,3222290624.0
/dev18500/demods/2/sample.dio,279909419782144,1983,3221225664.0
/dev18500/demods/2/sample.dio,279909419840512,1984,1073750016.0
/dev18500/demods/2/sample.dio,279909419898880,1985,0.0
/dev18500/demods/2/sample.dio,279909419957248,1986,1064960.0
/dev18500/demods/2/sample.dio,279909420015616,1987,3222274240.0
/dev18500/demods/2/sample.dio,279909420073984,1988,1073741888.0
/dev18500/demods/2/sample.dio,279909420132352,1989,0.0
/dev18500/demods/2/sample.dio,279909420190720,1990,0.0
/dev18500/demods/2/sample.dio,279909420249088,1991,1048576.0
/dev18500/demods/2/sample.dio,279909420307456,1992,3221225664.0
/dev18500/demods/2/sample.dio,279909420365824,1993,1073741888.0
/dev18500/demods/2/sample.dio,279909420424192,1994,0.0
/dev18500/demods/2/sample.dio,279909420482560,1995,0.0
/dev18500/demods/2/sample.dio,279909420540928,1996,3222274048.0
/dev18500/demods/2/sample.dio,279909420599296,1997,3222274240.0
/dev18500/demods/2/sample.dio,279909420657664,1998,1073741824.0
/dev18500/demods/2/sample.dio,279909420716032,1999,0.0
/dev18500/demods/2/sample.dio,279909420774400,2000,0.0
/dev18500/demods/2/sample.dio,279909420832768,2001,3221225472.0
/dev18500/demods/2/sample.dio,279909420891136,2002,3221225664.0
/dev18500/demods/2/sample.dio,279909420949504,2003,1073741824.0
/dev18500/demods/2/sample.dio,279909421007872,2004,0.0
/dev18500/demods/2/sample.dio,279909421066240,2005,0.0
/dev18500/demods/2/sample.dio,279909421124608,2006,3222274112.0
/dev18500/demods/2/sample.dio,279909421182976,2007,3221225664.0
/dev18500/demods/2/sample.dio,279909421241344,2008,1073741824.0
/dev18500/demods/2/sample.dio,279909421299712,2009,0.0
/dev18500/demods/2/sample.dio,279909421358080,2010,0.0
/dev18500/demods/2/sample.dio,279909421416448,2011,3222274112.0
/dev18500/demods/2/sample.dio,279909421474816,2012,1073750208.0
/dev18500/demods/2/sample.dio,279909421533184,2013,1073741824.0
/dev18500/demods/2/sample.dio,279909421591552,2014,0.0
/dev18500/demods/2/sample.dio,279909421649920,2015,0.0
/dev18500/demods/2/sample.dio,279909421708288,2016,3221225664.0
/dev18500/demods/2/sample.dio,279909421766656,2017,3221225664.0
/dev18500/demods/2/sample.dio,279909421825024,2018,0.0
/dev18500/demods/2/sample.dio,279909421883392,2019,0.0
/dev18500/demods/2/sample.dio,279909421941760,2020,1048576.0
/dev18500/demods/2/sample.dio,279909422000128,2021,3221225664.0
/dev18500/demods/2/sample.dio,279909422058496,2022,1073741824.0
/dev18500/demods/2/sample.dio,279909422116864,2023,0.0
/dev18500/demods/2/sample.dio,279909422175232,2024,0.0
/dev18500/demods/2/sample.dio,279909422233600,2025,1048576.0
/dev18500/demods/2/sample.dio,279909422291968,2026,3221225664.0
/dev18500/demods/2/sample.dio,279909422350336,2027,1073741824.0
/dev18500/demods/2/sample.dio,279909422408704,2028,0.0
/dev18500/demods/2/sample.dio,279909422467072,2029,0.0
/dev18500/demods/2/sample.dio,279909422525440,2030,3221225536.0
/dev18500/demods/2/sample.dio,279909422583808,2031,3221225664.0
/dev18500/demods/2/sample.dio,279909422642176,2032,1073741824.0
/dev18500/demods/2/sample.dio,279909422700544,2033,0.0
/dev18500/demods/2/sample.dio,279909422758912,2034,0.0
/dev18500/demods/2/sample.dio,279909422817280,2035,1073741824.0
/dev18500/demods/2/sample.dio,279909422875648,2036,3221233856.0
/dev18500/demods/2/sample.dio,279909422934016,2037,1073741824.0
/dev18500/demods/2/sample.dio,279909422992384,2038,0.0
/dev18500/demods/2/sample.dio,279909423050752,2039,0.0
/dev18500/demods/2/sample.dio,279909423109120,2040,3222274240.0
/dev18500/demods/2/sample.dio,279909423167488,2041,3221225664.0
/dev18500/demods/2/sample.dio,279909423225856,2042,0.0
/dev18500/demods/2/sample.dio,279909423284224,2043,0.0
/dev18500/demods/2/sample.dio,279909423342592,2044,0.0
/dev18500/demods/2/sample.dio,279909423400960,2045,3222274240.0
/dev18500/demods/2/sample.dio,279909423459328,2046,1073750208.0
/dev18500/demods/2/sample.dio,279909423517696,2047,1073741824.0
/dev18500/demods/2/sample.dio,279909423576064,2048,0.0
/dev18500/demods/2/sample.dio,279909423634432,2049,0.0
/dev18500/demods/2/sample.dio,279909423692800,2050,3221225664.0
/dev18500/demods/2/sample.dio,279909423751168,2051,1073741888.0
/dev18500/demods/2/sample.dio,279909423809536,2052,0.0
/dev18500/demods/2/sample.dio,279909423867904,2053,0.0
/dev18500/demods/2/sample.dio,279909423926272,2054,3221225472.0
/dev18500/demods/2/sample.dio,279909423984640,2055,3222274240.0
/dev18500/demods/2/sample.dio,279909424043008,2056,1073741824.0
/dev18500/demods/2/sample.dio,279909424101376,2057,0.0
/dev18500/demods/2/sample.dio,279909424159744,2058,0.0
/dev18500/demods/2/sample.dio,279909424218112,2059,0.0
/dev18500/demods/2/sample.dio,279909424276480,2060,3221225664.0
/dev18500/demods/2/sample.dio,279909424334848,2061,1073741824.0
/dev18500/demods/2/sample.dio,279909424393216,2062,0.0
/dev18500/demods/2/sample.dio,279909424451584,2063,0.0
/dev18500/demods/2/sample.dio,279909424509952,2064,3222274112.0
/dev18500/demods/2/sample.dio,279909424568320,2065,3221225664.0
/dev18500/demods/2/sample.dio,279909424626688,2066,1073741824.0
/dev18500/demods/2/sample.dio,279909424685056,2067,0.0
/dev18500/demods/2/sample.dio,279909424743424,2068,0.0
/dev18500/demods/2/sample.dio,279909424801792,2069,3222274112.0
/dev18500/demods/2/sample.dio,279909424860160,2070,3221225664.0
/dev18500/demods/2/sample.dio,279909424918528,2071,1073741824.0
/dev18500/demods/2/sample.dio,279909424976896,2072,0.0
/dev18500/demods/2/sample.dio,279909425035264,2073,0.0
/dev18500/demods/2/sample.dio,279909425093632,2074,3221225664.0
/dev18500/demods/2/sample.dio,279909425152000,2075,3221225664.0
/dev18500/demods/2/sample.dio,279909425210368,2076,0.0
/dev18500/demods/2/sample.dio,279909425268736,2077,0.0
/dev18500/demods/2/sample.dio,279909425327104,2078,1048576.0
/dev18500/demods/2/sample.dio,279909425385472,2079,3222274240.0
/dev18500/demods/2/sample.dio,279909425443840,2080,1073741824.0
/dev18500/demods/2/sample.dio,279909425502208,2081,1073741824.0
/dev18500/demods/2/sample.dio,279909425560576,2082,0.0
/dev18500/demods/2/sample.dio,279909425618944,2083,1048576.0
/dev18500/demods/2/sample.dio,279909425677312,2084,3221225664.0
/dev18500/demods/2/sample.dio,279909425735680,2085,1073741824.0
/dev18500/demods/2/sample.dio,279909425794048,2086,0.0
/dev18500/demods/2/sample.dio,279909425852416,2087,0.0
/dev18500/demods/2/sample.dio,279909425910784,2088,3221225472.0
/dev18500/demods/2/sample.dio,279909425969152,2089,3221225664.0
/dev18500/demods/2/sample.dio,279909426027520,2090,1073750016.0
/dev18500/demods/2/sample.dio,279909426085888,2091,0.0
/dev18500/demods/2/sample.dio,279909426144256,2092,0.0
/dev18500/demods/2/sample.dio,279909426202624,2093,3221225472.0
/dev18500/demods/2/sample.dio,279909426260992,2094,3221225664.0
/dev18500/demods/2/sample.dio,279909426319360,2095,1073750016.0
/dev18500/demods/2/sample.dio,279909426377728,2096,0.0
/dev18500/demods/2/sample.dio,279909426436096,2097,0.0
/dev18500/demods/2/sample.dio,279909426494464,2098,3222274240.0
/dev18500/demods/2/sample.dio,279909426552832,2099,3221233856.0
/dev18500/demods/2/sample.dio,279909426611200,2100,0.0
/dev18500/demods/2/sample.dio,279909426669568,2101,0.0
/dev18500/demods/2/sample.dio,279909426727936,2102,1048576.0
/dev18500/demods/2/sample.dio,279909426786304,2103,3222274240.0
/dev18500/demods/2/sample.dio,279909426844672,2104,1073750208.0
/dev18500/demods/2/sample.dio,279909426903040,2105,0.0
/dev18500/demods/2/sample.dio,279909426961408,2106,0.0
/dev18500/demods/2/sample.dio,279909427019776,2107,16384.0
/dev18500/demods/2/sample.dio,279909427078144,2108,3222290624.0
/dev18500/demods/2/sample.dio,279909427136512,2109,1073742016.0
/dev18500/demods/2/sample.dio,279909427194880,2110,0.0
/dev18500/demods/2/sample.dio,279909427253248,2111,0.0
/dev18500/demods/2/sample.dio,279909427311616,2112,1074790400.0
/dev18500/demods/2/sample.dio,279909427369984,2113,3222274240.0
/dev18500/demods/2/sample.dio,279909427428352,2114,1073741824.0
/dev18500/demods/2/sample.dio,279909427486720,2115,0.0
/dev18500/demods/2/sample.dio,279909427545088,2116,0.0
/dev18500/demods/2/sample.dio,279909427603456,2117,1048576.0
/dev18500/demods/2/sample.dio,279909427661824,2118,3221225664.0
/dev18500/demods/2/sample.dio,279909427720192,2119,1073741824.0
/dev18500/demods/2/sample.dio,279909427778560,2120,0.0
/dev18500/demods/2/sample.dio,279909427836928,2121,0.0
/dev18500/demods/2/sample.dio,279909427895296,2122,3222274112.0
/dev18500/demods/2/sample.dio,279909427953664,2123,3221225664.0
/dev18500/demods/2/sample.dio,279909428012032,2124,1073741824.0
/dev18500/demods/2/sample.dio,279909428070400,2125,0.0
/dev18500/demods/2/sample.dio,279909428128768,2126,0.0
/dev18500/demods/2/sample.dio,279909428187136,2127,3222290496.0
/dev18500/demods/2/sample.dio,279909428245504,2128,3221225664.0
/dev18500/demods/2/sample.dio,279909428303872,2129,1073750016.0
/dev18500/demods/2/sample.dio,279909428362240,2130,0.0
/dev18500/demods/2/sample.dio,279909428420608,2131,0.0
/dev18500/demods/2/sample.dio,279909428478976,2132,3222274240.0
/dev18500/demods/2/sample.dio,279909428537344,2133,3221225664.0
/dev18500/demods/2/sample.dio,279909428595712,2134,8192.0
/dev18500/demods/2/sample.dio,279909428654080,2135,0.0
/dev18500/demods/2/sample.dio,279909428712448,2136,1048576.0
/dev18500/demods/2/sample.dio,279909428770816,2137,3222274240.0
/dev18500/demods/2/sample.dio,279909428829184,2138,1073741824.0
/dev18500/demods/2/sample.dio,279909428887552,2139,1073741824.0
/dev18500/demods/2/sample.dio,279909428945920,2140,0.0
/dev18500/demods/2/sample.dio,279909429004288,2141,0.0
/dev18500/demods/2/sample.dio,279909429062656,2142,3221225664.0
/dev18500/demods/2/sample.dio,279909429121024,2143,1073742016.0
/dev18500/demods/2/sample.dio,279909429179392,2144,0.0
/dev18500/demods/2/sample.dio,279909429237760,2145,0.0
/dev18500/demods/2/sample.dio,279909429296128,2146,3222274048.0
/dev18500/demods/2/sample.dio,279909429354496,2147,3221225664.0
/dev18500/demods/2/sample.dio,279909429412864,2148,1073741824.0
/dev18500/demods/2/sample.dio,279909429471232,2149,0.0
/dev18500/demods/2/sample.dio,279909429529600,2150,0.0
/dev18500/demods/2/sample.dio,279909429587968,2151,3222274048.0
/dev18500/demods/2/sample.dio,279909429646336,2152,3221225664.0
/dev18500/demods/2/sample.dio,279909429704704,2153,1073750016.0
/dev18500/demods/2/sample.dio,279909429763072,2154,0.0
/dev18500/demods/2/sample.dio,279909429821440,2155,0.0
/dev18500/demods/2/sample.dio,279909429879808,2156,3222290624.0
/dev18500/demods/2/sample.dio,279909429938176,2157,3221225664.0
/dev18500/demods/2/sample.dio,279909429996544,2158,1073741824.0
/dev18500/demods/2/sample.dio,279909430054912,2159,0.0
/dev18500/demods/2/sample.dio,279909430113280,2160,0.0
/dev18500/demods/2/sample.dio,279909430171648,2161,3222274240.0
/dev18500/demods/2/sample.dio,279909430230016,2162,1073741888.0
/dev18500/demods/2/sample.dio,279909430288384,2163,1073741824.0
/dev18500/demods/2/sample.dio,279909430346752,2164,0.0
/dev18500/demods/2/sample.dio,279909430405120,2165,0.0
/dev18500/demods/2/sample.dio,279909430463488,2166,3222274240.0
/dev18500/demods/2/sample.dio,279909430521856,2167,1073742016.0
/dev18500/demods/2/sample.dio,279909430580224,2168,0.0
/dev18500/demods/2/sample.dio,279909430638592,2169,0.0
/dev18500/demods/2/sample.dio,279909430696960,2170,1048576.0
/dev18500/demods/2/sample.dio,279909430755328,2171,3222274240.0
/dev18500/demods/2/sample.dio,279909430813696,2172,1073741824.0
/dev18500/demods/2/sample.dio,279909430872064,2173,0.0
/dev18500/demods/2/sample.dio,279909430930432,2174,0.0
/dev18500/demods/2/sample.dio,279909430988800,2175,1048576.0
/dev18500/demods/2/sample.dio,279909431047168,2176,3221225664.0
/dev18500/demods/2/sample.dio,279909431105536,2177,1073741824.0
/dev18500/demods/2/sample.dio,279909431163904,2178,0.0
/dev18500/demods/2/sample.dio,279909431222272,2179,0.0
/dev18500/demods/2/sample.dio,279909431280640,2180,3222274112.0
/dev18500/demods/2/sample.dio,279909431339008,2181,3221225664.0
/dev18500/demods/2/sample.dio,279909431397376,2182,1073750016.0
/dev18500/demods/2/sample.dio,279909431455744,2183,0.0
/dev18500/demods/2/sample.dio,279909431514112,2184,16384.0
/dev18500/demods/2/sample.dio,279909431572480,2185,3222274048.0
/dev18500/demods/2/sample.dio,279909431630848,2186,1073742016.0
/dev18500/demods/2/sample.dio,279909431689216,2187,1073741824.0
/dev18500/demods/2/sample.dio,279909431747584,2188,0.0
/dev18500/demods/2/sample.dio,279909431805952,2189,0.0
/dev18500/demods/2/sample.dio,279909431864320,2190,3222274240.0
/dev18500/demods/2/sample.dio,279909431922688,2191,1073742016.0
/dev18500/demods/2/sample.dio,279909431981056,2192,0.0
/dev18500/demods/2/sample.dio,279909432039424,2193,0.0
/dev18500/demods/2/sample.dio,279909432097792,2194,1048576.0
/dev18500/demods/2/sample.dio,279909432156160,2195,3222274240.0
/dev18500/demods/2/sample.dio,279909432214528,2196,1073741824.0
/dev18500/demods/2/sample.dio,279909432272896,2197,0.0
/dev18500/demods/2/sample.dio,279909432331264,2198,0.0
/dev18500/demods/2/sample.dio,279909432389632,2199,1048576.0
/dev18500/demods/2/sample.dio,279909432448000,2200,3221225664.0
/dev18500/demods/2/sample.dio,279909432506368,2201,1073741888.0
/dev18500/demods/2/sample.dio,279909432564736,2202,0.0
/dev18500/demods/2/sample.dio,279909432623104,2203,0.0
/dev18500/demods/2/sample.dio,279909432681472,2204,3222274048.0
/dev18500/demods/2/sample.dio,279909432739840,2205,3221225664.0
/dev18500/demods/2/sample.dio,279909432798208,2206,1073741824.0
/dev18500/demods/2/sample.dio,279909432856576,2207,0.0
/dev18500/demods/2/sample.dio,279909432914944,2208,0.0
/dev18500/demods/2/sample.dio,279909432973312,2209,3222274048.0
/dev18500/demods/2/sample.dio,279909433031680,2210,3221225664.0
/dev18500/demods/2/sample.dio,279909433090048,2211,1073741824.0
/dev18500/demods/2/sample.dio,279909433148416,2212,0.0
/dev18500/demods/2/sample.dio,279909433206784,2213,0.0
/dev18500/demods/2/sample.dio,279909433265152,2214,3221225536.0
/dev18500/demods/2/sample.dio,279909433323520,2215,3221225664.0
/dev18500/demods/2/sample.dio,279909433381888,2216,0.0
/dev18500/demods/2/sample.dio,279909433440256,2217,0.0
/dev18500/demods/2/sample.dio,279909433498624,2218,1048576.0
/dev18500/demods/2/sample.dio,279909433556992,2219,3222274112.0
/dev18500/demods/2/sample.dio,279909433615360,2220,1073741888.0
/dev18500/demods/2/sample.dio,279909433673728,2221,1073741824.0
/dev18500/demods/2/sample.dio,279909433732096,2222,0.0
/dev18500/demods/2/sample.dio,279909433790464,2223,0.0
/dev18500/demods/2/sample.dio,279909433848832,2224,3222274240.0
/dev18500/demods/2/sample.dio,279909433907200,2225,1073742016.0
/dev18500/demods/2/sample.dio,279909433965568,2226,0.0
/dev18500/demods/2/sample.dio,279909434023936,2227,0.0
/dev18500/demods/2/sample.dio,279909434082304,2228,1048576.0
/dev18500/demods/2/sample.dio,279909434140672,2229,3222274240.0
/dev18500/demods/2/sample.dio,279909434199040,2230,1073741824.0
/dev18500/demods/2/sample.dio,279909434257408,2231,0.0
/dev18500/demods/2/sample.dio,279909434315776,2232,0.0
/dev18500/demods/2/sample.dio,279909434374144,2233,1048576.0
/dev18500/demods/2/sample.dio,279909434432512,2234,3221225664.0
/dev18500/demods/2/sample.dio,279909434490880,2235,1073741824.0
/dev18500/demods/2/sample.dio,279909434549248,2236,0.0
/dev18500/demods/2/sample.dio,279909434607616,2237,0.0
/dev18500/demods/2/sample.dio,279909434665984,2238,3222274240.0
/dev18500/demods/2/sample.dio,279909434724352,2239,3221225664.0
/dev18500/demods/2/sample.dio,279909434782720,2240,1073741824.0
/dev18500/demods/2/sample.dio,279909434841088,2241,0.0
/dev18500/demods/2/sample.dio,279909434899456,2242,0.0
/dev18500/demods/2/sample.dio,279909434957824,2243,3221225472.0
/dev18500/demods/2/sample.dio,279909435016192,2244,3221225664.0
/dev18500/demods/2/sample.dio,279909435074560,2245,1073741824.0
/dev18500/demods/2/sample.dio,279909435132928,2246,0.0
/dev18500/demods/2/sample.dio,279909435191296,2247,0.0
/dev18500/demods/2/sample.dio,279909435249664,2248,3222290624.0
/dev18500/demods/2/sample.dio,279909435308032,2249,3221225664.0
/dev18500/demods/2/sample.dio,279909435366400,2250,1073741824.0
/dev18500/demods/2/sample.dio,279909435424768,2251,0.0
/dev18500/demods/2/sample.dio,279909435483136,2252,1048576.0
/dev18500/demods/2/sample.dio,279909435541504,2253,3222274240.0
/dev18500/demods/2/sample.dio,279909435599872,2254,1073741824.0
/dev18500/demods/2/sample.dio,279909435658240,2255,1073741824.0
/dev18500/demods/2/sample.dio,279909435716608,2256,0.0
/dev18500/demods/2/sample.dio,279909435774976,2257,0.0
/dev18500/demods/2/sample.dio,279909435833344,2258,3221225664.0
/dev18500/demods/2/sample.dio,279909435891712,2259,1073741888.0
/dev18500/demods/2/sample.dio,279909435950080,2260,0.0
/dev18500/demods/2/sample.dio,279909436008448,2261,0.0
/dev18500/demods/2/sample.dio,279909436066816,2262,3222274048.0
/dev18500/demods/2/sample.dio,279909436125184,2263,3222274240.0
/dev18500/demods/2/sample.dio,279909436183552,2264,1073741824.0
/dev18500/demods/2/sample.dio,279909436241920,2265,0.0
/dev18500/demods/2/sample.dio,279909436300288,2266,0.0
/dev18500/demods/2/sample.dio,279909436358656,2267,1074790400.0
/dev18500/demods/2/sample.dio,279909436417024,2268,3221225664.0
/dev18500/demods/2/sample.dio,279909436475392,2269,1073741824.0
/dev18500/demods/2/sample.dio,279909436533760,2270,0.0
/dev18500/demods/2/sample.dio,279909436592128,2271,0.0
/dev18500/demods/2/sample.dio,279909436650496,2272,3222290624.0
/dev18500/demods/2/sample.dio,279909436708864,2273,3221225664.0
/dev18500/demods/2/sample.dio,279909436767232,2274,0.0
/dev18500/demods/2/sample.dio,279909436825600,2275,0.0
/dev18500/demods/2/sample.dio,279909436883968,2276,1048576.0
/dev18500/demods/2/sample.dio,279909436942336,2277,3221225536.0
/dev18500/demods/2/sample.dio,279909437000704,2278,1073742016.0
/dev18500/demods/2/sample.dio,279909437059072,2279,1073741824.0
/dev18500/demods/2/sample.dio,279909437117440,2280,0.0
/dev18500/demods/2/sample.dio,279909437175808,2281,0.0
/dev18500/demods/2/sample.dio,279909437234176,2282,3222274240.0
/dev18500/demods/2/sample.dio,279909437292544,2283,1073742016.0
/dev18500/demods/2/sample.dio,279909437350912,2284,0.0
/dev18500/demods/2/sample.dio,279909437409280,2285,0.0
/dev18500/demods/2/sample.dio,279909437467648,2286,1074790400.0
/dev18500/demods/2/sample.dio,279909437526016,2287,3222274240.0
/dev18500/demods/2/sample.dio,279909437584384,2288,1073741824.0
/dev18500/demods/2/sample.dio,279909437642752,2289,0.0
/dev18500/demods/2/sample.dio,279909437701120,2290,0.0
/dev18500/demods/2/sample.dio,279909437759488,2291,1048576.0
/dev18500/demods/2/sample.dio,279909437817856,2292,3221225664.0
/dev18500/demods/2/sample.dio,279909437876224,2293,1073741824.0
/dev18500/demods/2/sample.dio,279909437934592,2294,0.0
/dev18500/demods/2/sample.dio,279909437992960,2295,0.0
/dev18500/demods/2/sample.dio,279909438051328,2296,3222274112.0
/dev18500/demods/2/sample.dio,279909438109696,2297,3221225664.0
/dev18500/demods/2/sample.dio,279909438168064,2298,1073741824.0
/dev18500/demods/2/sample.dio,279909438226432,2299,0.0
/dev18500/demods/2/sample.dio,279909438284800,2300,0.0
/dev18500/demods/2/sample.dio,279909438343168,2301,3222274112.0
/dev18500/demods/2/sample.dio,279909438401536,2302,1073742016.0
/dev18500/demods/2/sample.dio,279909438459904,2303,1073741824.0
/dev18500/demods/2/sample.dio,279909438518272,2304,0.0
/dev18500/demods/2/sample.dio,279909438576640,2305,0.0
/dev18500/demods/2/sample.dio,279909438635008,2306,3222274240.0
/dev18500/demods/2/sample.dio,279909438693376,2307,3221225664.0
/dev18500/demods/2/sample.dio,279909438751744,2308,0.0
/dev18500/demods/2/sample.dio,279909438810112,2309,0.0
/dev18500/demods/2/sample.dio,279909438868480,2310,1048576.0
/dev18500/demods/2/sample.dio,279909438926848,2311,3222274240.0
/dev18500/demods/2/sample.dio,279909438985216,2312,1073741824.0
/dev18500/demods/2/sample.dio,279909439043584,2313,1073741824.0
/dev18500/demods/2/sample.dio,279909439101952,2314,0.0
/dev18500/demods/2/sample.dio,279909439160320,2315,1048576.0
/dev18500/demods/2/sample.dio,279909439218688,2316,3221225664.0
/dev18500/demods/2/sample.dio,279909439277056,2317,1073741824.0
/dev18500/demods/2/sample.dio,279909439335424,2318,0.0
/dev18500/demods/2/sample.dio,279909439393792,2319,0.0
/dev18500/demods/2/sample.dio,279909439452160,2320,3222274048.0
/dev18500/demods/2/sample.dio,279909439510528,2321,3221225664.0
/dev18500/demods/2/sample.dio,279909439568896,2322,1073741824.0
/dev18500/demods/2/sample.dio,279909439627264,2323,0.0
/dev18500/demods/2/sample.dio,279909439685632,2324,0.0
/dev18500/demods/2/sample.dio,279909439744000,2325,1074790400.0
/dev18500/demods/2/sample.dio,279909439802368,2326,3221225664.0
/dev18500/demods/2/sample.dio,279909439860736,2327,1073741824.0
/dev18500/demods/2/sample.dio,279909439919104,2328,0.0
/dev18500/demods/2/sample.dio,279909439977472,2329,0.0
/dev18500/demods/2/sample.dio,279909440035840,2330,3222274240.0
/dev18500/demods/2/sample.dio,279909440094208,2331,3221225664.0
/dev18500/demods/2/sample.dio,279909440152576,2332,1073750016.0
/dev18500/demods/2/sample.dio,279909440210944,2333,0.0
/dev18500/demods/2/sample.dio,279909440269312,2334,0.0
/dev18500/demods/2/sample.dio,279909440327680,2335,3222290624.0
/dev18500/demods/2/sample.dio,279909440386048,2336,1073742016.0
/dev18500/demods/2/sample.dio,279909440444416,2337,1073741824.0
/dev18500/demods/2/sample.dio,279909440502784,2338,0.0
/dev18500/demods/2/sample.dio,279909440561152,2339,0.0
/dev18500/demods/2/sample.dio,279909440619520,2340,3222274240.0
/dev18500/demods/2/sample.dio,279909440677888,2341,1073742016.0
/dev18500/demods/2/sample.dio,279909440736256,2342,0.0
/dev18500/demods/2/sample.dio,279909440794624,2343,0.0
/dev18500/demods/2/sample.dio,279909440852992,2344,1074790400.0
/dev18500/demods/2/sample.dio,279909440911360,2345,3222274240.0
/dev18500/demods/2/sample.dio,279909440969728,2346,1073741824.0
/dev18500/demods/2/sample.dio,279909441028096,2347,0.0
/dev18500/demods/2/sample.dio,279909441086464,2348,0.0
/dev18500/demods/2/sample.dio,279909441144832,2349,1064960.0
/dev18500/demods/2/sample.dio,279909441203200,2350,3221225664.0
/dev18500/demods/2/sample.dio,279909441261568,2351,1073741824.0
/dev18500/demods/2/sample.dio,279909441319936,2352,0.0
/dev18500/demods/2/sample.dio,279909441378304,2353,0.0
/dev18500/demods/2/sample.dio,279909441436672,2354,3222274112.0
/dev18500/demods/2/sample.dio,279909441495040,2355,3221225664.0
/dev18500/demods/2/sample.dio,279909441553408,2356,1073741824.0
/dev18500/demods/2/sample.dio,279909441611776,2357,0.0
/dev18500/demods/2/sample.dio,279909441670144,2358,0.0
/dev18500/demods/2/sample.dio,279909441728512,2359,3221225472.0
/dev18500/demods/2/sample.dio,279909441786880,2360,3221225664.0
/dev18500/demods/2/sample.dio,279909441845248,2361,1073741824.0
/dev18500/demods/2/sample.dio,279909441903616,2362,0.0
/dev18500/demods/2/sample.dio,279909441961984,2363,0.0
/dev18500/demods/2/sample.dio,279909442020352,2364,3222274240.0
/dev18500/demods/2/sample.dio,279909442078720,2365,3221225664.0
/dev18500/demods/2/sample.dio,279909442137088,2366,0.0
/dev18500/demods/2/sample.dio,279909442195456,2367,0.0
/dev18500/demods/2/sample.dio,279909442253824,2368,1048576.0
/dev18500/demods/2/sample.dio,279909442312192,2369,3222274240.0
/dev18500/demods/2/sample.dio,279909442370560,2370,1073741824.0
/dev18500/demods/2/sample.dio,279909442428928,2371,1073741824.0
/dev18500/demods/2/sample.dio,279909442487296,2372,0.0
/dev18500/demods/2/sample.dio,279909442545664,2373,1048576.0
/dev18500/demods/2/sample.dio,279909442604032,2374,3221225664.0
/dev18500/demods/2/sample.dio,279909442662400,2375,1073741888.0
/dev18500/demods/2/sample.dio,279909442720768,2376,0.0
/dev18500/demods/2/sample.dio,279909442779136,2377,0.0
/dev18500/demods/2/sample.dio,279909442837504,2378,3222274048.0
/dev18500/demods/2/sample.dio,279909442895872,2379,3221225664.0
/dev18500/demods/2/sample.dio,279909442954240,2380,1073741824.0
/dev18500/demods/2/sample.dio,279909443012608,2381,0.0
/dev18500/demods/2/sample.dio,279909443070976,2382,0.0
/dev18500/demods/2/sample.dio,279909443129344,2383,1074790400.0
/dev18500/demods/2/sample.dio,279909443187712,2384,3221225664.0
/dev18500/demods/2/sample.dio,279909443246080,2385,1073741824.0
/dev18500/demods/2/sample.dio,279909443304448,2386,0.0
/dev18500/demods/2/sample.dio,279909443362816,2387,0.0
/dev18500/demods/2/sample.dio,279909443421184,2388,3221225536.0
/dev18500/demods/2/sample.dio,279909443479552,2389,3221225664.0
/dev18500/demods/2/sample.dio,279909443537920,2390,1073741824.0
/dev18500/demods/2/sample.dio,279909443596288,2391,0.0
/dev18500/demods/2/sample.dio,279909443654656,2392,0.0
/dev18500/demods/2/sample.dio,279909443713024,2393,3221225536.0
/dev18500/demods/2/sample.dio,279909443771392,2394,1073741888.0
/dev18500/demods/2/sample.dio,279909443829760,2395,1073741824.0
/dev18500/demods/2/sample.dio,279909443888128,2396,0.0
/dev18500/demods/2/sample.dio,279909443946496,2397,0.0
/dev18500/demods/2/sample.dio,279909444004864,2398,3221225664.0
/dev18500/demods/2/sample.dio,279909444063232,2399,3221225664.0
/dev18500/demods/2/sample.dio,279909444121600,2400,0.0
/dev18500/demods/2/sample.dio,279909444179968,2401,0.0
/dev18500/demods/2/sample.dio,279909444238336,2402,1048576.0
/dev18500/demods/2/sample.dio,279909444296704,2403,3222274240.0
/dev18500/demods/2/sample.dio,279909444355072,2404,1073741824.0
/dev18500/demods/2/sample.dio,279909444413440,2405,0.0
/dev18500/demods/2/sample.dio,279909444471808,2406,0.0
/dev18500/demods/2/sample.dio,279909444530176,2407,1064960.0
/dev18500/demods/2/sample.dio,279909444588544,2408,3222274240.0
/dev18500/demods/2/sample.dio,279909444646912,2409,1073750016.0
/dev18500/demods/2/sample.dio,279909444705280,2410,0.0
/dev18500/demods/2/sample.dio,279909444763648,2411,0.0
/dev18500/demods/2/sample.dio,279909444822016,2412,3222274112.0
/dev18500/demods/2/sample.dio,279909444880384,2413,3221225664.0
/dev18500/demods/2/sample.dio,279909444938752,2414,1073741824.0
/dev18500/demods/2/sample.dio,279909444997120,2415,0.0
/dev18500/demods/2/sample.dio,279909445055488,2416,0.0
/dev18500/demods/2/sample.dio,279909445113856,2417,1074790400.0
/dev18500/demods/2/sample.dio,279909445172224,2418,3221225664.0
/dev18500/demods/2/sample.dio,279909445230592,2419,1073741824.0
/dev18500/demods/2/sample.dio,279909445288960,2420,0.0
/dev18500/demods/2/sample.dio,279909445347328,2421,0.0
/dev18500/demods/2/sample.dio,279909445405696,2422,3222274240.0
/dev18500/demods/2/sample.dio,279909445464064,2423,3221225664.0
/dev18500/demods/2/sample.dio,279909445522432,2424,0.0
/dev18500/demods/2/sample.dio,279909445580800,2425,0.0
/dev18500/demods/2/sample.dio,279909445639168,2426,1048576.0
/dev18500/demods/2/sample.dio,279909445697536,2427,3222274240.0
/dev18500/demods/2/sample.dio,279909445755904,2428,1073741888.0
/dev18500/demods/2/sample.dio,279909445814272,2429,0.0
/dev18500/demods/2/sample.dio,279909445872640,2430,0.0
/dev18500/demods/2/sample.dio,279909445931008,2431,1064960.0
/dev18500/demods/2/sample.dio,279909445989376,2432,3221225664.0
/dev18500/demods/2/sample.dio,279909446047744,2433,1073741888.0
/dev18500/demods/2/sample.dio,279909446106112,2434,0.0
/dev18500/demods/2/sample.dio,279909446164480,2435,0.0
/dev18500/demods/2/sample.dio,279909446222848,2436,3222274048.0
/dev18500/demods/2/sample.dio,279909446281216,2437,3221225664.0
/dev18500/demods/2/sample.dio,279909446339584,2438,1073741824.0
/dev18500/demods/2/sample.dio,279909446397952,2439,0.0
/dev18500/demods/2/sample.dio,279909446456320,2440,0.0
/dev18500/demods/2/sample.dio,279909446514688,2441,1048576.0
/dev18500/demods/2/sample.dio,279909446573056,2442,3221225664.0
/dev18500/demods/2/sample.dio,279909446631424,2443,1073741824.0
/dev18500/demods/2/sample.dio,279909446689792,2444,0.0
/dev18500/demods/2/sample.dio,279909446748160,2445,0.0
/dev18500/demods/2/sample.dio,279909446806528,2446,3221225536.0
/dev18500/demods/2/sample.dio,279909446864896,2447,3221233856.0
/dev18500/demods/2/sample.dio,279909446923264,2448,1073741824.0
/dev18500/demods/2/sample.dio,279909446981632,2449,0.0
/dev18500/demods/2/sample.dio,279909447040000,2450,0.0
/dev18500/demods/2/sample.dio,279909447098368,2451,3221225536.0
/dev18500/demods/2/sample.dio,279909447156736,2452,1073742016.0
/dev18500/demods/2/sample.dio,279909447215104,2453,1073741824.0
/dev18500/demods/2/sample.dio,279909447273472,2454,0.0
/dev18500/demods/2/sample.dio,279909447331840,2455,0.0
/dev18500/demods/2/sample.dio,279909447390208,2456,3221225664.0
/dev18500/demods/2/sample.dio,279909447448576,2457,1073750208.0
/dev18500/demods/2/sample.dio,279909447506944,2458,0.0
/dev18500/demods/2/sample.dio,279909447565312,2459,0.0
/dev18500/demods/2/sample.dio,279909447623680,2460,1048576.0
/dev18500/demods/2/sample.dio,279909447682048,2461,3222274240.0
/dev18500/demods/2/sample.dio,279909447740416,2462,1073741824.0
/dev18500/demods/2/sample.dio,279909447798784,2463,0.0
/dev18500/demods/2/sample.dio,279909447857152,2464,0.0
/dev18500/demods/2/sample.dio,279909447915520,2465,1048576.0
/dev18500/demods/2/sample.dio,279909447973888,2466,3221225664.0
/dev18500/demods/2/sample.dio,279909448032256,2467,1073741824.0
/dev18500/demods/2/sample.dio,279909448090624,2468,0.0
/dev18500/demods/2/sample.dio,279909448148992,2469,0.0
/dev18500/demods/2/sample.dio,279909448207360,2470,3222274048.0
/dev18500/demods/2/sample.dio,279909448265728,2471,3221225664.0
/dev18500/demods/2/sample.dio,279909448324096,2472,1073741824.0
/dev18500/demods/2/sample.dio,279909448382464,2473,0.0
/dev18500/demods/2/sample.dio,279909448440832,2474,0.0
/dev18500/demods/2/sample.dio,279909448499200,2475,3222274048.0
/dev18500/demods/2/sample.dio,279909448557568,2476,3221225664.0
/dev18500/demods/2/sample.dio,279909448615936,2477,1073741824.0
/dev18500/demods/2/sample.dio,279909448674304,2478,0.0
/dev18500/demods/2/sample.dio,279909448732672,2479,0.0
/dev18500/demods/2/sample.dio,279909448791040,2480,3222274240.0
/dev18500/demods/2/sample.dio,279909448849408,2481,3221233856.0
/dev18500/demods/2/sample.dio,279909448907776,2482,0.0
/dev18500/demods/2/sample.dio,279909448966144,2483,0.0
/dev18500/demods/2/sample.dio,279909449024512,2484,1048576.0
/dev18500/demods/2/sample.dio,279909449082880,2485,3222290624.0
/dev18500/demods/2/sample.dio,279909449141248,2486,1073741824.0
/dev18500/demods/2/sample.dio,279909449199616,2487,0.0
/dev18500/demods/2/sample.dio,279909449257984,2488,0.0
/dev18500/demods/2/sample.dio,279909449316352,2489,0.0
/dev18500/demods/2/sample.dio,279909449374720,2490,3222274240.0
/dev18500/demods/2/sample.dio,279909449433088,2491,1073741888.0
/dev18500/demods/2/sample.dio,279909449491456,2492,0.0
/dev18500/demods/2/sample.dio,279909449549824,2493,0.0
/dev18500/demods/2/sample.dio,279909449608192,2494,3222274048.0
/dev18500/demods/2/sample.dio,279909449666560,2495,3221225664.0
/dev18500/demods/2/sample.dio,279909449724928,2496,1073741824.0
/dev18500/demods/2/sample.dio,279909449783296,2497,0.0
/dev18500/demods/2/sample.dio,279909449841664,2498,0.0
/dev18500/demods/2/sample.dio,279909449900032,2499,1048576.0
/dev18500/demods/2/sample.dio,279909449958400,2500,3221225664.0
/dev18500/demods/2/sample.dio,279909450016768,2501,1073741824.0
/dev18500/demods/2/sample.dio,279909450075136,2502,0.0
/dev18500/demods/2/sample.dio,279909450133504,2503,0.0
/dev18500/demods/2/sample.dio,279909450191872,2504,3222274240.0
/dev18500/demods/2/sample.dio,279909450250240,2505,3221233856.0
/dev18500/demods/2/sample.dio,279909450308608,2506,1073741824.0
/dev18500/demods/2/sample.dio,279909450366976,2507,0.0
/dev18500/demods/2/sample.dio,279909450425344,2508,0.0
/dev18500/demods/2/sample.dio,279909450483712,2509,3221241920.0
/dev18500/demods/2/sample.dio,279909450542080,2510,1073742016.0
/dev18500/demods/2/sample.dio,279909450600448,2511,1073741824.0
/dev18500/demods/2/sample.dio,279909450658816,2512,0.0
/dev18500/demods/2/sample.dio,279909450717184,2513,0.0
/dev18500/demods/2/sample.dio,279909450775552,2514,3222274240.0
/dev18500/demods/2/sample.dio,279909450833920,2515,3221225664.0
/dev18500/demods/2/sample.dio,279909450892288,2516,8192.0
/dev18500/demods/2/sample.dio,279909450950656,2517,0.0
/dev18500/demods/2/sample.dio,279909451009024,2518,1048576.0
/dev18500/demods/2/sample.dio,279909451067392,2519,3222274240.0
/dev18500/demods/2/sample.dio,279909451125760,2520,1073741824.0
/dev18500/demods/2/sample.dio,279909451184128,2521,0.0
/dev18500/demods/2/sample.dio,279909451242496,2522,0.0
/dev18500/demods/2/sample.dio,279909451300864,2523,1048576.0
/dev18500/demods/2/sample.dio,279909451359232,2524,3221225664.0
/dev18500/demods/2/sample.dio,279909451417600,2525,1073741824.0
/dev18500/demods/2/sample.dio,279909451475968,2526,0.0
/dev18500/demods/2/sample.dio,279909451534336,2527,0.0
/dev18500/demods/2/sample.dio,279909451592704,2528,3222274112.0
/dev18500/demods/2/sample.dio,279909451651072,2529,3221225664.0
/dev18500/demods/2/sample.dio,279909451709440,2530,1073750016.0
/dev18500/demods/2/sample.dio,279909451767808,2531,0.0
/dev18500/demods/2/sample.dio,279909451826176,2532,0.0
/dev18500/demods/2/sample.dio,279909451884544,2533,1074790400.0
/dev18500/demods/2/sample.dio,279909451942912,2534,3221225664.0
/dev18500/demods/2/sample.dio,279909452001280,2535,1073741824.0
/dev18500/demods/2/sample.dio,279909452059648,2536,0.0
/dev18500/demods/2/sample.dio,279909452118016,2537,0.0
/dev18500/demods/2/sample.dio,279909452176384,2538,3221225664.0
/dev18500/demods/2/sample.dio,279909452234752,2539,3221225664.0
/dev18500/demods/2/sample.dio,279909452293120,2540,1073741824.0
/dev18500/demods/2/sample.dio,279909452351488,2541,0.0
/dev18500/demods/2/sample.dio,279909452409856,2542,0.0
/dev18500/demods/2/sample.dio,279909452468224,2543,3222274240.0
/dev18500/demods/2/sample.dio,279909452526592,2544,1073742016.0
/dev18500/demods/2/sample.dio,279909452584960,2545,0.0
/dev18500/demods/2/sample.dio,279909452643328,2546,0.0
/dev18500/demods/2/sample.dio,279909452701696,2547,0.0
/dev18500/demods/2/sample.dio,279909452760064,2548,3221225664.0
/dev18500/demods/2/sample.dio,279909452818432,2549,1073741888.0
/dev18500/demods/2/sample.dio,279909452876800,2550,0.0
/dev18500/demods/2/sample.dio,279909452935168,2551,0.0
/dev18500/demods/2/sample.dio,279909452993536,2552,3221225472.0
/dev18500/demods/2/sample.dio,279909453051904,2553,3221225664.0
/dev18500/demods/2/sample.dio,279909453110272,2554,1073750016.0
/dev18500/demods/2/sample.dio,279909453168640,2555,0.0
/dev18500/demods/2/sample.dio,279909453227008,2556,0.0
/dev18500/demods/2/sample.dio,279909453285376,2557,3222274048.0
/dev18500/demods/2/sample.dio,279909453343744,2558,3221225664.0
/dev18500/demods/2/sample.dio,279909453402112,2559,1073741824.0
/dev18500/demods/2/sample.dio,279909453460480,2560,0.0
/dev18500/demods/2/sample.dio,279909453518848,2561,0.0
/dev18500/demods/2/sample.dio,279909453577216,2562,3222274112.0
/dev18500/demods/2/sample.dio,279909453635584,2563,3221225664.0
/dev18500/demods/2/sample.dio,279909453693952,2564,1073741824.0
/dev18500/demods/2/sample.dio,279909453752320,2565,0.0
/dev18500/demods/2/sample.dio,279909453810688,2566,1048576.0
/dev18500/demods/2/sample.dio,279909453869056,2567,3221225536.0
/dev18500/demods/2/sample.dio,279909453927424,2568,1073742016.0
/dev18500/demods/2/sample.dio,279909453985792,2569,1073750016.0
/dev18500/demods/2/sample.dio,279909454044160,2570,0.0
/dev18500/demods/2/sample.dio,279909454102528,2571,0.0
/dev18500/demods/2/sample.dio,279909454160896,2572,3221225664.0
/dev18500/demods/2/sample.dio,279909454219264,2573,3221225664.0
/dev18500/demods/2/sample.dio,279909454277632,2574,0.0
/dev18500/demods/2/sample.dio,279909454336000,2575,0.0
/dev18500/demods/2/sample.dio,279909454394368,2576,16384.0
/dev18500/demods/2/sample.dio,279909454452736,2577,3221225664.0
/dev18500/demods/2/sample.dio,279909454511104,2578,1073741888.0
/dev18500/demods/2/sample.dio,279909454569472,2579,0.0
/dev18500/demods/2/sample.dio,279909454627840,2580,0.0
/dev18500/demods/2/sample.dio,279909454686208,2581,1048576.0
/dev18500/demods/2/sample.dio,279909454744576,2582,3221225664.0
/dev18500/demods/2/sample.dio,279909454802944,2583,1073741824.0
/dev18500/demods/2/sample.dio,279909454861312,2584,0.0
/dev18500/demods/2/sample.dio,279909454919680,2585,0.0
/dev18500/demods/2/sample.dio,279909454978048,2586,3222274112.0
/dev18500/demods/2/sample.dio,279909455036416,2587,3221225664.0
/dev18500/demods/2/sample.dio,279909455094784,2588,1073741824.0
/dev18500/demods/2/sample.dio,279909455153152,2589,0.0
/dev18500/demods/2/sample.dio,279909455211520,2590,0.0
/dev18500/demods/2/sample.dio,279909455269888,2591,3222274048.0
/dev18500/demods/2/sample.dio,279909455328256,2592,3221233856.0
/dev18500/demods/2/sample.dio,279909455386624,2593,1073741824.0
/dev18500/demods/2/sample.dio,279909455444992,2594,0.0
/dev18500/demods/2/sample.dio,279909455503360,2595,0.0
/dev18500/demods/2/sample.dio,279909455561728,2596,3222274240.0
/dev18500/demods/2/sample.dio,279909455620096,2597,3221225664.0
/dev18500/demods/2/sample.dio,279909455678464,2598,0.0
/dev18500/demods/2/sample.dio,279909455736832,2599,0.0
/dev18500/demods/2/sample.dio,279909455795200,2600,1048576.0
/dev18500/demods/2/sample.dio,279909455853568,2601,3222290624.0
/dev18500/demods/2/sample.dio,279909455911936,2602,1073741888.0
/dev18500/demods/2/sample.dio,279909455970304,2603,0.0
/dev18500/demods/2/sample.dio,279909456028672,2604,0.0
/dev18500/demods/2/sample.dio,279909456087040,2605,1048576.0
/dev18500/demods/2/sample.dio,279909456145408,2606,3221225664.0
/dev18500/demods/2/sample.dio,279909456203776,2607,1073741888.0
/dev18500/demods/2/sample.dio,279909456262144,2608,0.0
/dev18500/demods/2/sample.dio,279909456320512,2609,0.0
/dev18500/demods/2/sample.dio,279909456378880,2610,1048576.0
/dev18500/demods/2/sample.dio,279909456437248,2611,3221225664.0
/dev18500/demods/2/sample.dio,279909456495616,2612,1073741824.0
/dev18500/demods/2/sample.dio,279909456553984,2613,0.0
/dev18500/demods/2/sample.dio,279909456612352,2614,0.0
/dev18500/demods/2/sample.dio,279909456670720,2615,1074790400.0
/dev18500/demods/2/sample.dio,279909456729088,2616,3221225664.0
/dev18500/demods/2/sample.dio,279909456787456,2617,1073741824.0
/dev18500/demods/2/sample.dio,279909456845824,2618,0.0
/dev18500/demods/2/sample.dio,279909456904192,2619,0.0
/dev18500/demods/2/sample.dio,279909456962560,2620,3221225664.0
/dev18500/demods/2/sample.dio,279909457020928,2621,3221225664.0
/dev18500/demods/2/sample.dio,279909457079296,2622,0.0
/dev18500/demods/2/sample.dio,279909457137664,2623,0.0
/dev18500/demods/2/sample.dio,279909457196032,2624,0.0
/dev18500/demods/2/sample.dio,279909457254400,2625,3222274048.0
/dev18500/demods/2/sample.dio,279909457312768,2626,1073742016.0
/dev18500/demods/2/sample.dio,279909457371136,2627,1073741824.0
/dev18500/demods/2/sample.dio,279909457429504,2628,0.0
/dev18500/demods/2/sample.dio,279909457487872,2629,1048576.0
/dev18500/demods/2/sample.dio,279909457546240,2630,3221225664.0
/dev18500/demods/2/sample.dio,279909457604608,2631,1073741888.0
/dev18500/demods/2/sample.dio,279909457662976,2632,0.0
/dev18500/demods/2/sample.dio,279909457721344,2633,0.0
/dev18500/demods/2/sample.dio,279909457779712,2634,1048576.0
/dev18500/demods/2/sample.dio,279909457838080,2635,3221225664.0
/dev18500/demods/2/sample.dio,279909457896448,2636,1073741824.0
/dev18500/demods/2/sample.dio,279909457954816,2637,0.0
/dev18500/demods/2/sample.dio,279909458013184,2638,0.0
/dev18500/demods/2/sample.dio,279909458071552,2639,0.0
/dev18500/demods/2/sample.dio,279909458129920,2640,3221225664.0
/dev18500/demods/2/sample.dio,279909458188288,2641,1073741824.0
/dev18500/demods/2/sample.dio,279909458246656,2642,0.0
/dev18500/demods/2/sample.dio,279909458305024,2643,0.0
/dev18500/demods/2/sample.dio,279909458363392,2644,3222274112.0
/dev18500/demods/2/sample.dio,279909458421760,2645,3221225664.0
/dev18500/demods/2/sample.dio,279909458480128,2646,1073741824.0
/dev18500/demods/2/sample.dio,279909458538496,2647,0.0
/dev18500/demods/2/sample.dio,279909458596864,2648,0.0
/dev18500/demods/2/sample.dio,279909458655232,2649,3222274112.0
/dev18500/demods/2/sample.dio,279909458713600,2650,3221225664.0
/dev18500/demods/2/sample.dio,279909458771968,2651,1073750016.0
/dev18500/demods/2/sample.dio,279909458830336,2652,0.0
/dev18500/demods/2/sample.dio,279909458888704,2653,0.0
/dev18500/demods/2/sample.dio,279909458947072,2654,3222274240.0
/dev18500/demods/2/sample.dio,279909459005440,2655,3221233856.0
/dev18500/demods/2/sample.dio,279909459063808,2656,0.0
/dev18500/demods/2/sample.dio,279909459122176,2657,0.0
/dev18500/demods/2/sample.dio,279909459180544,2658,1048576.0
/dev18500/demods/2/sample.dio,279909459238912,2659,3222274240.0
/dev18500/demods/2/sample.dio,279909459297280,2660,1073741888.0
/dev18500/demods/2/sample.dio,279909459355648,2661,0.0
/dev18500/demods/2/sample.dio,279909459414016,2662,0.0
/dev18500/demods/2/sample.dio,279909459472384,2663,1048576.0
/dev18500/demods/2/sample.dio,279909459530752,2664,3221225664.0
/dev18500/demods/2/sample.dio,279909459589120,2665,1073741888.0
/dev18500/demods/2/sample.dio,279909459647488,2666,0.0
/dev18500/demods/2/sample.dio,279909459705856,2667,0.0
/dev18500/demods/2/sample.dio,279909459764224,2668,1074790400.0
/dev18500/demods/2/sample.dio,279909459822592,2669,3221225664.0
/dev18500/demods/2/sample.dio,279909459880960,2670,1073741824.0
/dev18500/demods/2/sample.dio,279909459939328,2671,0.0
/dev18500/demods/2/sample.dio,279909459997696,2672,0.0
/dev18500/demods/2/sample.dio,279909460056064,2673,3222274048.0
/dev18500/demods/2/sample.dio,279909460114432,2674,3221225664.0
/dev18500/demods/2/sample.dio,279909460172800,2675,1073741824.0
/dev18500/demods/2/sample.dio,279909460231168,2676,0.0
/dev18500/demods/2/sample.dio,279909460289536,2677,0.0
/dev18500/demods/2/sample.dio,279909460347904,2678,3222274240.0
/dev18500/demods/2/sample.dio,279909460406272,2679,3221225664.0
/dev18500/demods/2/sample.dio,279909460464640,2680,1073741824.0
/dev18500/demods/2/sample.dio,279909460523008,2681,0.0
/dev18500/demods/2/sample.dio,279909460581376,2682,1048576.0
/dev18500/demods/2/sample.dio,279909460639744,2683,3222274240.0
/dev18500/demods/2/sample.dio,279909460698112,2684,1073741888.0
/dev18500/demods/2/sample.dio,279909460756480,2685,0.0
/dev18500/demods/2/sample.dio,279909460814848,2686,0.0
/dev18500/demods/2/sample.dio,279909460873216,2687,1048576.0
/dev18500/demods/2/sample.dio,279909460931584,2688,3222290624.0
/dev18500/demods/2/sample.dio,279909460989952,2689,1073742016.0
/dev18500/demods/2/sample.dio,279909461048320,2690,0.0
/dev18500/demods/2/sample.dio,279909461106688,2691,0.0
/dev18500/demods/2/sample.dio,279909461165056,2692,3222290432.0
/dev18500/demods/2/sample.dio,279909461223424,2693,3221225664.0
/dev18500/demods/2/sample.dio,279909461281792,2694,1073741824.0
/dev18500/demods/2/sample.dio,279909461340160,2695,0.0
/dev18500/demods/2/sample.dio,279909461398528,2696,0.0
/dev18500/demods/2/sample.dio,279909461456896,2697,0.0
/dev18500/demods/2/sample.dio,279909461515264,2698,3221225664.0
/dev18500/demods/2/sample.dio,279909461573632,2699,1073741888.0
/dev18500/demods/2/sample.dio,279909461632000,2700,0.0
/dev18500/demods/2/sample.dio,279909461690368,2701,0.0
/dev18500/demods/2/sample.dio,279909461748736,2702,3222274112.0
/dev18500/demods/2/sample.dio,279909461807104,2703,3221225664.0
/dev18500/demods/2/sample.dio,279909461865472,2704,1073741824.0
/dev18500/demods/2/sample.dio,279909461923840,2705,0.0
/dev18500/demods/2/sample.dio,279909461982208,2706,0.0
/dev18500/demods/2/sample.dio,279909462040576,2707,3222274112.0
/dev18500/demods/2/sample.dio,279909462098944,2708,1073742016.0
/dev18500/demods/2/sample.dio,279909462157312,2709,1073741824.0
/dev18500/demods/2/sample.dio,279909462215680,2710,0.0
/dev18500/demods/2/sample.dio,279909462274048,2711,0.0
/dev18500/demods/2/sample.dio,279909462332416,2712,3222290624.0
/dev18500/demods/2/sample.dio,279909462390784,2713,3221225664.0
/dev18500/demods/2/sample.dio,279909462449152,2714,0.0
/dev18500/demods/2/sample.dio,279909462507520,2715,0.0
/dev18500/demods/2/sample.dio,279909462565888,2716,16384.0
/dev18500/demods/2/sample.dio,279909462624256,2717,3221225664.0
/dev18500/demods/2/sample.dio,279909462682624,2718,1073741824.0
/dev18500/demods/2/sample.dio,279909462740992,2719,0.0
/dev18500/demods/2/sample.dio,279909462799360,2720,0.0
/dev18500/demods/2/sample.dio,279909462857728,2721,1048576.0
/dev18500/demods/2/sample.dio,279909462916096,2722,3221225664.0
/dev18500/demods/2/sample.dio,279909462974464,2723,1073741824.0
/dev18500/demods/2/sample.dio,279909463032832,2724,0.0
/dev18500/demods/2/sample.dio,279909463091200,2725,0.0
/dev18500/demods/2/sample.dio,279909463149568,2726,3222274048.0
/dev18500/demods/2/sample.dio,279909463207936,2727,3221225664.0
/dev18500/demods/2/sample.dio,279909463266304,2728,1073741824.0
/dev18500/demods/2/sample.dio,279909463324672,2729,0.0
/dev18500/demods/2/sample.dio,279909463383040,2730,0.0
/dev18500/demods/2/sample.dio,279909463441408,2731,3222274048.0
/dev18500/demods/2/sample.dio,279909463499776,2732,3221225664.0
/dev18500/demods/2/sample.dio,279909463558144,2733,1073741824.0
/dev18500/demods/2/sample.dio,279909463616512,2734,0.0
/dev18500/demods/2/sample.dio,279909463674880,2735,0.0
/dev18500/demods/2/sample.dio,279909463733248,2736,3221225664.0
/dev18500/demods/2/sample.dio,279909463791616,2737,3221225664.0
/dev18500/demods/2/sample.dio,279909463849984,2738,8192.0
/dev18500/demods/2/sample.dio,279909463908352,2739,0.0
/dev18500/demods/2/sample.dio,279909463966720,2740,16384.0
/dev18500/demods/2/sample.dio,279909464025088,2741,3222274240.0
/dev18500/demods/2/sample.dio,279909464083456,2742,1073742016.0
/dev18500/demods/2/sample.dio,279909464141824,2743,1073741824.0
/dev18500/demods/2/sample.dio,279909464200192,2744,0.0
/dev18500/demods/2/sample.dio,279909464258560,2745,0.0
/dev18500/demods/2/sample.dio,279909464316928,2746,3221225664.0
/dev18500/demods/2/sample.dio,279909464375296,2747,1073741888.0
/dev18500/demods/2/sample.dio,279909464433664,2748,0.0
/dev18500/demods/2/sample.dio,279909464492032,2749,0.0
/dev18500/demods/2/sample.dio,279909464550400,2750,3221225472.0
/dev18500/demods/2/sample.dio,279909464608768,2751,3221225664.0
/dev18500/demods/2/sample.dio,279909464667136,2752,1073741824.0
/dev18500/demods/2/sample.dio,279909464725504,2753,0.0
/dev18500/demods/2/sample.dio,279909464783872,2754,0.0
/dev18500/demods/2/sample.dio,279909464842240,2755,3222274048.0
/dev18500/demods/2/sample.dio,279909464900608,2756,3221225664.0
/dev18500/demods/2/sample.dio,279909464958976,2757,1073741824.0
/dev18500/demods/2/sample.dio,279909465017344,2758,0.0
/dev18500/demods/2/sample.dio,279909465075712,2759,0.0
/dev18500/demods/2/sample.dio,279909465134080,2760,3222274240.0
/dev18500/demods/2/sample.dio,279909465192448,2761,3221225664.0
/dev18500/demods/2/sample.dio,279909465250816,2762,1073741824.0
/dev18500/demods/2/sample.dio,279909465309184,2763,0.0
/dev18500/demods/2/sample.dio,279909465367552,2764,0.0
/dev18500/demods/2/sample.dio,279909465425920,2765,3222274112.0
/dev18500/demods/2/sample.dio,279909465484288,2766,1073750208.0
/dev18500/demods/2/sample.dio,279909465542656,2767,1073750016.0
/dev18500/demods/2/sample.dio,279909465601024,2768,0.0
/dev18500/demods/2/sample.dio,279909465659392,2769,0.0
/dev18500/demods/2/sample.dio,279909465717760,2770,3222274240.0
/dev18500/demods/2/sample.dio,279909465776128,2771,1073742016.0
/dev18500/demods/2/sample.dio,279909465834496,2772,0.0
/dev18500/demods/2/sample.dio,279909465892864,2773,0.0
/dev18500/demods/2/sample.dio,279909465951232,2774,1048576.0
/dev18500/demods/2/sample.dio,279909466009600,2775,3221242048.0
/dev18500/demods/2/sample.dio,279909466067968,2776,1073741888.0
/dev18500/demods/2/sample.dio,279909466126336,2777,0.0
/dev18500/demods/2/sample.dio,279909466184704,2778,0.0
/dev18500/demods/2/sample.dio,279909466243072,2779,1048576.0
/dev18500/demods/2/sample.dio,279909466301440,2780,3221233856.0
/dev18500/demods/2/sample.dio,279909466359808,2781,1073741824.0
/dev18500/demods/2/sample.dio,279909466418176,2782,0.0
/dev18500/demods/2/sample.dio,279909466476544,2783,0.0
/dev18500/demods/2/sample.dio,279909466534912,2784,3222274112.0
/dev18500/demods/2/sample.dio,279909466593280,2785,3221225664.0
/dev18500/demods/2/sample.dio,279909466651648,2786,1073741824.0
/dev18500/demods/2/sample.dio,279909466710016,2787,0.0
/dev18500/demods/2/sample.dio,279909466768384,2788,0.0
/dev18500/demods/2/sample.dio,279909466826752,2789,3222274048.0
/dev18500/demods/2/sample.dio,279909466885120,2790,3221225664.0
/dev18500/demods/2/sample.dio,279909466943488,2791,1073741824.0
/dev18500/demods/2/sample.dio,279909467001856,2792,0.0
/dev18500/demods/2/sample.dio,279909467060224,2793,0.0
/dev18500/demods/2/sample.dio,279909467118592,2794,3222274240.0
/dev18500/demods/2/sample.dio,279909467176960,2795,3221225664.0
/dev18500/demods/2/sample.dio,279909467235328,2796,0.0
/dev18500/demods/2/sample.dio,279909467293696,2797,0.0
/dev18500/demods/2/sample.dio,279909467352064,2798,0.0
/dev18500/demods/2/sample.dio,279909467410432,2799,3222290624.0
/dev18500/demods/2/sample.dio,279909467468800,2800,1073741888.0
/dev18500/demods/2/sample.dio,279909467527168,2801,0.0
/dev18500/demods/2/sample.dio,279909467585536,2802,0.0
/dev18500/demods/2/sample.dio,279909467643904,2803,1048576.0
/dev18500/demods/2/sample.dio,279909467702272,2804,3221225664.0
/dev18500/demods/2/sample.dio,279909467760640,2805,1073741888.0
/dev18500/demods/2/sample.dio,279909467819008,2806,0.0
/dev18500/demods/2/sample.dio,279909467877376,2807,0.0
/dev18500/demods/2/sample.dio,279909467935744,2808,3222274048.0
/dev18500/demods/2/sample.dio,279909467994112,2809,3221225664.0
/dev18500/demods/2/sample.dio,279909468052480,2810,1073741824.0
/dev18500/demods/2/sample.dio,279909468110848,2811,0.0
/dev18500/demods/2/sample.dio,279909468169216,2812,0.0
/dev18500/demods/2/sample.dio,279909468227584,2813,3221225472.0
/dev18500/demods/2/sample.dio,279909468285952,2814,3221225664.0
/dev18500/demods/2/sample.dio,279909468344320,2815,1073750016.0
/dev18500/demods/2/sample.dio,279909468402688,2816,0.0
/dev18500/demods/2/sample.dio,279909468461056,2817,0.0
/dev18500/demods/2/sample.dio,279909468519424,2818,3221225536.0
/dev18500/demods/2/sample.dio,279909468577792,2819,3221225664.0
/dev18500/demods/2/sample.dio,279909468636160,2820,1073741824.0
/dev18500/demods/2/sample.dio,279909468694528,2821,0.0
/dev18500/demods/2/sample.dio,279909468752896,2822,0.0
/dev18500/demods/2/sample.dio,279909468811264,2823,3222290624.0
/dev18500/demods/2/sample.dio,279909468869632,2824,1073741888.0
/dev18500/demods/2/sample.dio,279909468928000,2825,1073741824.0
/dev18500/demods/2/sample.dio,279909468986368,2826,0.0
/dev18500/demods/2/sample.dio,279909469044736,2827,0.0
/dev18500/demods/2/sample.dio,279909469103104,2828,3222274240.0
/dev18500/demods/2/sample.dio,279909469161472,2829,1073742016.0
/dev18500/demods/2/sample.dio,279909469219840,2830,0.0
/dev18500/demods/2/sample.dio,279909469278208,2831,0.0
/dev18500/demods/2/sample.dio,279909469336576,2832,1074790400.0
/dev18500/demods/2/sample.dio,279909469394944,2833,3222274240.0
/dev18500/demods/2/sample.dio,279909469453312,2834,1073741824.0
/dev18500/demods/2/sample.dio,279909469511680,2835,0.0
/dev18500/demods/2/sample.dio,279909469570048,2836,0.0
/dev18500/demods/2/sample.dio,279909469628416,2837,1048576.0
/dev18500/demods/2/sample.dio,279909469686784,2838,3221225664.0
/dev18500/demods/2/sample.dio,279909469745152,2839,1073741824.0
/dev18500/demods/2/sample.dio,279909469803520,2840,0.0
/dev18500/demods/2/sample.dio,279909469861888,2841,0.0
/dev18500/demods/2/sample.dio,279909469920256,2842,3222274112.0
/dev18500/demods/2/sample.dio,279909469978624,2843,3221225664.0
/dev18500/demods/2/sample.dio,279909470036992,2844,1073741824.0
/dev18500/demods/2/sample.dio,279909470095360,2845,0.0
/dev18500/demods/2/sample.dio,279909470153728,2846,0.0
/dev18500/demods/2/sample.dio,279909470212096,2847,3222274048.0
/dev18500/demods/2/sample.dio,279909470270464,2848,1073742016.0
/dev18500/demods/2/sample.dio,279909470328832,2849,1073741824.0
/dev18500/demods/2/sample.dio,279909470387200,2850,0.0
/dev18500/demods/2/sample.dio,279909470445568,2851,0.0
/dev18500/demods/2/sample.dio,279909470503936,2852,3222274240.0
/dev18500/demods/2/sample.dio,279909470562304,2853,3221225664.0
/dev18500/demods/2/sample.dio,279909470620672,2854,0.0
/dev18500/demods/2/sample.dio,279909470679040,2855,0.0
/dev18500/demods/2/sample.dio,279909470737408,2856,0.0
/dev18500/demods/2/sample.dio,279909470795776,2857,3222274240.0
/dev18500/demods/2/sample.dio,279909470854144,2858,1073741824.0
/dev18500/demods/2/sample.dio,279909470912512,2859,8192.0
/dev18500/demods/2/sample.dio,279909470970880,2860,0.0
/dev18500/demods/2/sample.dio,279909471029248,2861,1048576.0
/dev18500/demods/2/sample.dio,279909471087616,2862,3221225664.0
/dev18500/demods/2/sample.dio,279909471145984,2863,1073741888.0
/dev18500/demods/2/sample.dio,279909471204352,2864,0.0
/dev18500/demods/2/sample.dio,279909471262720,2865,0.0
/dev18500/demods/2/sample.dio,279909471321088,2866,3222274112.0
/dev18500/demods/2/sample.dio,279909471379456,2867,3221225664.0
/dev18500/demods/2/sample.dio,279909471437824,2868,1073741824.0
/dev18500/demods/2/sample.dio,279909471496192,2869,0.0
/dev18500/demods/2/sample.dio,279909471554560,2870,0.0
/dev18500/demods/2/sample.dio,279909471612928,2871,1048576.0
/dev18500/demods/2/sample.dio,279909471671296,2872,3221225664.0
/dev18500/demods/2/sample.dio,279909471729664,2873,1073741824.0
/dev18500/demods/2/sample.dio,279909471788032,2874,0.0
/dev18500/demods/2/sample.dio,279909471846400,2875,0.0
/dev18500/demods/2/sample.dio,279909471904768,2876,3221225664.0
/dev18500/demods/2/sample.dio,279909471963136,2877,3221225664.0
/dev18500/demods/2/sample.dio,279909472021504,2878,1073741824.0
/dev18500/demods/2/sample.dio,279909472079872,2879,0.0
/dev18500/demods/2/sample.dio,279909472138240,2880,1048576.0
/dev18500/demods/2/sample.dio,279909472196608,2881,3222274240.0
/dev18500/demods/2/sample.dio,279909472254976,2882,1073742016.0
/dev18500/demods/2/sample.dio,279909472313344,2883,0.0
/dev18500/demods/2/sample.dio,279909472371712,2884,0.0
/dev18500/demods/2/sample.dio,279909472430080,2885,0.0
/dev18500/demods/2/sample.dio,279909472488448,2886,3221225664.0
/dev18500/demods/2/sample.dio,279909472546816,2887,1073742016.0
/dev18500/demods/2/sample.dio,279909472605184,2888,0.0
/dev18500/demods/2/sample.dio,279909472663552,2889,0.0
/dev18500/demods/2/sample.dio,279909472721920,2890,3222274048.0
/dev18500/demods/2/sample.dio,279909472780288,2891,3222274240.0
/dev18500/demods/2/sample.dio,279909472838656,2892,1073741824.0
/dev18500/demods/2/sample.dio,279909472897024,2893,0.0
/dev18500/demods/2/sample.dio,279909472955392,2894,0.0
/dev18500/demods/2/sample.dio,279909473013760,2895,3222274048.0
/dev18500/demods/2/sample.dio,279909473072128,2896,3221225664.0
/dev18500/demods/2/sample.dio,279909473130496,2897,1073741824.0
/dev18500/demods/2/sample.dio,279909473188864,2898,0.0
/dev18500/demods/2/sample.dio,279909473247232,2899,0.0
/dev18500/demods/2/sample.dio,279909473305600,2900,3222274048.0
/dev18500/demods/2/sample.dio,279909473363968,2901,3221225664.0
/dev18500/demods/2/sample.dio,279909473422336,2902,1073741824.0
/dev18500/demods/2/sample.dio,279909473480704,2903,0.0
/dev18500/demods/2/sample.dio,279909473539072,2904,16384.0
/dev18500/demods/2/sample.dio,279909473597440,2905,3222274112.0
/dev18500/demods/2/sample.dio,279909473655808,2906,1073742016.0
/dev18500/demods/2/sample.dio,279909473714176,2907,1073741824.0
/dev18500/demods/2/sample.dio,279909473772544,2908,0.0
/dev18500/demods/2/sample.dio,279909473830912,2909,0.0
/dev18500/demods/2/sample.dio,279909473889280,2910,3221225664.0
/dev18500/demods/2/sample.dio,279909473947648,2911,1073742016.0
/dev18500/demods/2/sample.dio,279909474006016,2912,0.0
/dev18500/demods/2/sample.dio,279909474064384,2913,0.0
/dev18500/demods/2/sample.dio,279909474122752,2914,0.0
/dev18500/demods/2/sample.dio,279909474181120,2915,3221225664.0
/dev18500/demods/2/sample.dio,279909474239488,2916,1073741888.0
/dev18500/demods/2/sample.dio,279909474297856,2917,0.0
/dev18500/demods/2/sample.dio,279909474356224,2918,0.0
/dev18500/demods/2/sample.dio,279909474414592,2919,1048576.0
/dev18500/demods/2/sample.dio,279909474472960,2920,3221225664.0
/dev18500/demods/2/sample.dio,279909474531328,2921,1073741824.0
/dev18500/demods/2/sample.dio,279909474589696,2922,0.0
/dev18500/demods/2/sample.dio,279909474648064,2923,0.0
/dev18500/demods/2/sample.dio,279909474706432,2924,3222274112.0
/dev18500/demods/2/sample.dio,279909474764800,2925,3222274240.0
/dev18500/demods/2/sample.dio,279909474823168,2926,1073741824.0
/dev18500/demods/2/sample.dio,279909474881536,2927,0.0
/dev18500/demods/2/sample.dio,279909474939904,2928,0.0
/dev18500/demods/2/sample.dio,279909474998272,2929,3221225536.0
/dev18500/demods/2/sample.dio,279909475056640,2930,3221225664.0
/dev18500/demods/2/sample.dio,279909475115008,2931,1073741824.0
/dev18500/demods/2/sample.dio,279909475173376,2932,0.0
/dev18500/demods/2/sample.dio,279909475231744,2933,0.0
/dev18500/demods/2/sample.dio,279909475290112,2934,3221225664.0
/dev18500/demods/2/sample.dio,279909475348480,2935,3221225664.0
/dev18500/demods/2/sample.dio,279909475406848,2936,1073741824.0
/dev18500/demods/2/sample.dio,279909475465216,2937,0.0
/dev18500/demods/2/sample.dio,279909475523584,2938,0.0
/dev18500/demods/2/sample.dio,279909475581952,2939,3221225664.0
/dev18500/demods/2/sample.dio,279909475640320,2940,1073741824.0
/dev18500/demods/2/sample.dio,279909475698688,2941,0.0
/dev18500/demods/2/sample.dio,279909475757056,2942,0.0
/dev18500/demods/2/sample.dio,279909475815424,2943,0.0
/dev18500/demods/2/sample.dio,279909475873792,2944,3221225664.0
/dev18500/demods/2/sample.dio,279909475932160,2945,1073742016.0
/dev18500/demods/2/sample.dio,279909475990528,2946,0.0
/dev18500/demods/2/sample.dio,279909476048896,2947,0.0
/dev18500/demods/2/sample.dio,279909476107264,2948,3222274048.0
/dev18500/demods/2/sample.dio,279909476165632,2949,3222274240.0
/dev18500/demods/2/sample.dio,279909476224000,2950,1073741824.0
/dev18500/demods/2/sample.dio,279909476282368,2951,0.0
/dev18500/demods/2/sample.dio,279909476340736,2952,0.0
/dev18500/demods/2/sample.dio,279909476399104,2953,3222274048.0
/dev18500/demods/2/sample.dio,279909476457472,2954,3221225664.0
/dev18500/demods/2/sample.dio,279909476515840,2955,1073741824.0
/dev18500/demods/2/sample.dio,279909476574208,2956,0.0
/dev18500/demods/2/sample.dio,279909476632576,2957,0.0
/dev18500/demods/2/sample.dio,279909476690944,2958,3222274112.0
/dev18500/demods/2/sample.dio,279909476749312,2959,3221225664.0
/dev18500/demods/2/sample.dio,279909476807680,2960,1073741824.0
/dev18500/demods/2/sample.dio,279909476866048,2961,0.0
/dev18500/demods/2/sample.dio,279909476924416,2962,0.0
/dev18500/demods/2/sample.dio,279909476982784,2963,3222274112.0
/dev18500/demods/2/sample.dio,279909477041152,2964,1073742016.0
/dev18500/demods/2/sample.dio,279909477099520,2965,1073741824.0
/dev18500/demods/2/sample.dio,279909477157888,2966,0.0
/dev18500/demods/2/sample.dio,279909477216256,2967,16384.0
/dev18500/demods/2/sample.dio,279909477274624,2968,3222274240.0
/dev18500/demods/2/sample.dio,279909477332992,2969,3221225664.0
/dev18500/demods/2/sample.dio,279909477391360,2970,0.0
/dev18500/demods/2/sample.dio,279909477449728,2971,0.0
/dev18500/demods/2/sample.dio,279909477508096,2972,1048576.0
/dev18500/demods/2/sample.dio,279909477566464,2973,3222274240.0
/dev18500/demods/2/sample.dio,279909477624832,2974,1073741824.0
/dev18500/demods/2/sample.dio,279909477683200,2975,0.0
/dev18500/demods/2/sample.dio,279909477741568,2976,0.0
/dev18500/demods/2/sample.dio,279909477799936,2977,1048576.0
/dev18500/demods/2/sample.dio,279909477858304,2978,3221225664.0
/dev18500/demods/2/sample.dio,279909477916672,2979,1073741824.0
/dev18500/demods/2/sample.dio,279909477975040,2980,0.0
/dev18500/demods/2/sample.dio,279909478033408,2981,0.0
/dev18500/demods/2/sample.dio,279909478091776,2982,3222274112.0
/dev18500/demods/2/sample.dio,279909478150144,2983,3221225664.0
/dev18500/demods/2/sample.dio,279909478208512,2984,1073741824.0
/dev18500/demods/2/sample.dio,279909478266880,2985,0.0
/dev18500/demods/2/sample.dio,279909478325248,2986,0.0
/dev18500/demods/2/sample.dio,279909478383616,2987,3222274048.0
/dev18500/demods/2/sample.dio,279909478441984,2988,3221225664.0
/dev18500/demods/2/sample.dio,279909478500352,2989,1073750016.0
/dev18500/demods/2/sample.dio,279909478558720,2990,0.0
/dev18500/demods/2/sample.dio,279909478617088,2991,0.0
/dev18500/demods/2/sample.dio,279909478675456,2992,3222274240.0
/dev18500/demods/2/sample.dio,279909478733824,2993,3221225664.0
/dev18500/demods/2/sample.dio,279909478792192,2994,0.0
/dev18500/demods/2/sample.dio,279909478850560,2995,0.0
/dev18500/demods/2/sample.dio,279909478908928,2996,0.0
/dev18500/demods/2/sample.dio,279909478967296,2997,3221225664.0
/dev18500/demods/2/sample.dio,279909479025664,2998,1073741888.0
/dev18500/demods/2/sample.dio,279909479084032,2999,0.0
/dev18500/demods/2/sample.dio,279909479142400,3000,0.0
/dev18500/demods/2/sample.dio,279909479200768,3001,0.0
/dev18500/demods/2/sample.dio,279909479259136,3002,3221225664.0
/dev18500/demods/2/sample.dio,279909479317504,3003,1073741888.0
/dev18500/demods/2/sample.dio,279909479375872,3004,0.0
/dev18500/demods/2/sample.dio,279909479434240,3005,0.0
/dev18500/demods/2/sample.dio,279909479492608,3006,3222274048.0
/dev18500/demods/2/sample.dio,279909479550976,3007,3222274240.0
/dev18500/demods/2/sample.dio,279909479609344,3008,1073741824.0
/dev18500/demods/2/sample.dio,279909479667712,3009,0.0
/dev18500/demods/2/sample.dio,279909479726080,3010,0.0
/dev18500/demods/2/sample.dio,279909479784448,3011,3222274048.0
/dev18500/demods/2/sample.dio,279909479842816,3012,3221225664.0
/dev18500/demods/2/sample.dio,279909479901184,3013,1073741824.0
/dev18500/demods/2/sample.dio,279909479959552,3014,0.0
/dev18500/demods/2/sample.dio,279909480017920,3015,0.0
/dev18500/demods/2/sample.dio,279909480076288,3016,3222274240.0
/dev18500/demods/2/sample.dio,279909480134656,3017,3221225664.0
/dev18500/demods/2/sample.dio,279909480193024,3018,1073741824.0
/dev18500/demods/2/sample.dio,279909480251392,3019,0.0
/dev18500/demods/2/sample.dio,279909480309760,3020,0.0
/dev18500/demods/2/sample.dio,279909480368128,3021,3222274240.0
/dev18500/demods/2/sample.dio,279909480426496,3022,1073741888.0
/dev18500/demods/2/sample.dio,279909480484864,3023,1073741824.0
/dev18500/demods/2/sample.dio,279909480543232,3024,0.0
/dev18500/demods/2/sample.dio,279909480601600,3025,0.0
/dev18500/demods/2/sample.dio,279909480659968,3026,3221242048.0
/dev18500/demods/2/sample.dio,279909480718336,3027,1073742016.0
/dev18500/demods/2/sample.dio,279909480776704,3028,0.0
/dev18500/demods/2/sample.dio,279909480835072,3029,0.0
/dev18500/demods/2/sample.dio,279909480893440,3030,1074790400.0
/dev18500/demods/2/sample.dio,279909480951808,3031,3222274240.0
/dev18500/demods/2/sample.dio,279909481010176,3032,1073741824.0
/dev18500/demods/2/sample.dio,279909481068544,3033,0.0
/dev18500/demods/2/sample.dio,279909481126912,3034,0.0
/dev18500/demods/2/sample.dio,279909481185280,3035,1074790400.0
/dev18500/demods/2/sample.dio,279909481243648,3036,3221225664.0
/dev18500/demods/2/sample.dio,279909481302016,3037,1073741824.0
/dev18500/demods/2/sample.dio,279909481360384,3038,0.0
/dev18500/demods/2/sample.dio,279909481418752,3039,0.0
/dev18500/demods/2/sample.dio,279909481477120,3040,3222274112.0
/dev18500/demods/2/sample.dio,279909481535488,3041,3221225664.0
/dev18500/demods/2/sample.dio,279909481593856,3042,1073741824.0
/dev18500/demods/2/sample.dio,279909481652224,3043,0.0
/dev18500/demods/2/sample.dio,279909481710592,3044,0.0
/dev18500/demods/2/sample.dio,279909481768960,3045,3222274112.0
/dev18500/demods/2/sample.dio,279909481827328,3046,1073742016.0
/dev18500/demods/2/sample.dio,279909481885696,3047,1073750016.0
/dev18500/demods/2/sample.dio,279909481944064,3048,0.0
/dev18500/demods/2/sample.dio,279909482002432,3049,0.0
/dev18500/demods/2/sample.dio,279909482060800,3050,3222290624.0
/dev18500/demods/2/sample.dio,279909482119168,3051,3221225664.0
/dev18500/demods/2/sample.dio,279909482177536,3052,0.0
/dev18500/demods/2/sample.dio,279909482235904,3053,0.0
/dev18500/demods/2/sample.dio,279909482294272,3054,1048576.0
/dev18500/demods/2/sample.dio,279909482352640,3055,3221225664.0
/dev18500/demods/2/sample.dio,279909482411008,3056,1073750016.0
/dev18500/demods/2/sample.dio,279909482469376,3057,0.0
/dev18500/demods/2/sample.dio,279909482527744,3058,0.0
/dev18500/demods/2/sample.dio,279909482586112,3059,1048576.0
/dev18500/demods/2/sample.dio,279909482644480,3060,3221225664.0
/dev18500/demods/2/sample.dio,279909482702848,3061,1073741824.0
/dev18500/demods/2/sample.dio,279909482761216,3062,0.0
/dev18500/demods/2/sample.dio,279909482819584,3063,0.0
/dev18500/demods/2/sample.dio,279909482877952,3064,3222290496.0
/dev18500/demods/2/sample.dio,279909482936320,3065,3221225664.0
/dev18500/demods/2/sample.dio,279909482994688,3066,1073750016.0
/dev18500/demods/2/sample.dio,279909483053056,3067,0.0
/dev18500/demods/2/sample.dio,279909483111424,3068,0.0
/dev18500/demods/2/sample.dio,279909483169792,3069,3222274048.0
/dev18500/demods/2/sample.dio,279909483228160,3070,3221225664.0
/dev18500/demods/2/sample.dio,279909483286528,3071,1073741824.0
/dev18500/demods/2/sample.dio,279909483344896,3072,0.0
/dev18500/demods/2/sample.dio,279909483403264,3073,0.0
/dev18500/demods/2/sample.dio,279909483461632,3074,3222274240.0
/dev18500/demods/2/sample.dio,279909483520000,3075,3221225664.0
/dev18500/demods/2/sample.dio,279909483578368,3076,0.0
/dev18500/demods/2/sample.dio,279909483636736,3077,0.0
/dev18500/demods/2/sample.dio,279909483695104,3078,1048576.0
/dev18500/demods/2/sample.dio,279909483753472,3079,3222274240.0
/dev18500/demods/2/sample.dio,279909483811840,3080,1073741888.0
/dev18500/demods/2/sample.dio,279909483870208,3081,1073741824.0
/dev18500/demods/2/sample.dio,279909483928576,3082,0.0
/dev18500/demods/2/sample.dio,279909483986944,3083,16384.0
/dev18500/demods/2/sample.dio,279909484045312,3084,3221225664.0
/dev18500/demods/2/sample.dio,279909484103680,3085,1073742016.0
/dev18500/demods/2/sample.dio,279909484162048,3086,0.0
/dev18500/demods/2/sample.dio,279909484220416,3087,0.0
/dev18500/demods/2/sample.dio,279909484278784,3088,3222274048.0
/dev18500/demods/2/sample.dio,279909484337152,3089,3222274240.0
/dev18500/demods/2/sample.dio,279909484395520,3090,1073741824.0
/dev18500/demods/2/sample.dio,279909484453888,3091,0.0
/dev18500/demods/2/sample.dio,279909484512256,3092,0.0
/dev18500/demods/2/sample.dio,279909484570624,3093,1074790400.0
/dev18500/demods/2/sample.dio,279909484628992,3094,3221225664.0
/dev18500/demods/2/sample.dio,279909484687360,3095,1073741824.0
/dev18500/demods/2/sample.dio,279909484745728,3096,0.0
/dev18500/demods/2/sample.dio,279909484804096,3097,0.0
/dev18500/demods/2/sample.dio,279909484862464,3098,3222274240.0
/dev18500/demods/2/sample.dio,279909484920832,3099,3221225664.0
/dev18500/demods/2/sample.dio,279909484979200,3100,1073741824.0
/dev18500/demods/2/sample.dio,279909485037568,3101,0.0
/dev18500/demods/2/sample.dio,279909485095936,3102,1048576.0
/dev18500/demods/2/sample.dio,279909485154304,3103,3222274112.0
/dev18500/demods/2/sample.dio,279909485212672,3104,1073742016.0
/dev18500/demods/2/sample.dio,279909485271040,3105,1073741824.0
/dev18500/demods/2/sample.dio,279909485329408,3106,0.0
/dev18500/demods/2/sample.dio,279909485387776,3107,16384.0
/dev18500/demods/2/sample.dio,279909485446144,3108,3221225664.0
/dev18500/demods/2/sample.dio,279909485504512,3109,1073750208.0
/dev18500/demods/2/sample.dio,279909485562880,3110,0.0
/dev18500/demods/2/sample.dio,279909485621248,3111,0.0
/dev18500/demods/2/sample.dio,279909485679616,3112,0.0
/dev18500/demods/2/sample.dio,279909485737984,3113,3222274240.0
/dev18500/demods/2/sample.dio,279909485796352,3114,1073741824.0
/dev18500/demods/2/sample.dio,279909485854720,3115,0.0
/dev18500/demods/2/sample.dio,279909485913088,3116,0.0
/dev18500/demods/2/sample.dio,279909485971456,3117,1048576.0
/dev18500/demods/2/sample.dio,279909486029824,3118,3221225664.0
/dev18500/demods/2/sample.dio,279909486088192,3119,1073741824.0
/dev18500/demods/2/sample.dio,279909486146560,3120,0.0
/dev18500/demods/2/sample.dio,279909486204928,3121,0.0
/dev18500/demods/2/sample.dio,279909486263296,3122,3222290496.0
/dev18500/demods/2/sample.dio,279909486321664,3123,3221225664.0
/dev18500/demods/2/sample.dio,279909486380032,3124,1073741824.0
/dev18500/demods/2/sample.dio,279909486438400,3125,0.0
/dev18500/demods/2/sample.dio,279909486496768,3126,0.0
/dev18500/demods/2/sample.dio,279909486555136,3127,3222290432.0
/dev18500/demods/2/sample.dio,279909486613504,3128,3221225664.0
/dev18500/demods/2/sample.dio,279909486671872,3129,1073741824.0
/dev18500/demods/2/sample.dio,279909486730240,3130,0.0
/dev18500/demods/2/sample.dio,279909486788608,3131,0.0
/dev18500/demods/2/sample.dio,279909486846976,3132,3222274240.0
/dev18500/demods/2/sample.dio,279909486905344,3133,3221225664.0
/dev18500/demods/2/sample.dio,279909486963712,3134,1073741824.0
/dev18500/demods/2/sample.dio,279909487022080,3135,0.0
/dev18500/demods/2/sample.dio,279909487080448,3136,0.0
/dev18500/demods/2/sample.dio,279909487138816,3137,3222274240.0
/dev18500/demods/2/sample.dio,279909487197184,3138,1073742016.0
/dev18500/demods/2/sample.dio,279909487255552,3139,0.0
/dev18500/demods/2/sample.dio,279909487313920,3140,0.0
/dev18500/demods/2/sample.dio,279909487372288,3141,0.0
/dev18500/demods/2/sample.dio,279909487430656,3142,3221225664.0
/dev18500/demods/2/sample.dio,279909487489024,3143,1073742016.0
/dev18500/demods/2/sample.dio,279909487547392,3144,0.0
/dev18500/demods/2/sample.dio,279909487605760,3145,0.0
/dev18500/demods/2/sample.dio,279909487664128,3146,3222290432.0
/dev18500/demods/2/sample.dio,279909487722496,3147,3222274240.0
/dev18500/demods/2/sample.dio,279909487780864,3148,1073741824.0
/dev18500/demods/2/sample.dio,279909487839232,3149,0.0
/dev18500/demods/2/sample.dio,279909487897600,3150,0.0
/dev18500/demods/2/sample.dio,279909487955968,3151,3222274048.0
/dev18500/demods/2/sample.dio,279909488014336,3152,3221225664.0
/dev18500/demods/2/sample.dio,279909488072704,3153,1073741824.0
/dev18500/demods/2/sample.dio,279909488131072,3154,0.0
/dev18500/demods/2/sample.dio,279909488189440,3155,0.0
/dev18500/demods/2/sample.dio,279909488247808,3156,3222274112.0
/dev18500/demods/2/sample.dio,279909488306176,3157,3221225664.0
/dev18500/demods/2/sample.dio,279909488364544,3158,1073741824.0
/dev18500/demods/2/sample.dio,279909488422912,3159,0.0
/dev18500/demods/2/sample.dio,279909488481280,3160,0.0
/dev18500/demods/2/sample.dio,279909488539648,3161,3222290496.0
/dev18500/demods/2/sample.dio,279909488598016,3162,1073742016.0
/dev18500/demods/2/sample.dio,279909488656384,3163,1073741824.0
/dev18500/demods/2/sample.dio,279909488714752,3164,0.0
/dev18500/demods/2/sample.dio,279909488773120,3165,0.0
/dev18500/demods/2/sample.dio,279909488831488,3166,3221225664.0
/dev18500/demods/2/sample.dio,279909488889856,3167,1073742016.0
/dev18500/demods/2/sample.dio,279909488948224,3168,0.0
/dev18500/demods/2/sample.dio,279909489006592,3169,0.0
/dev18500/demods/2/sample.dio,279909489064960,3170,0.0
/dev18500/demods/2/sample.dio,279909489123328,3171,3222274240.0
/dev18500/demods/2/sample.dio,279909489181696,3172,1073750016.0
/dev18500/demods/2/sample.dio,279909489240064,3173,0.0
/dev18500/demods/2/sample.dio,279909489298432,3174,0.0
/dev18500/demods/2/sample.dio,279909489356800,3175,1064960.0
/dev18500/demods/2/sample.dio,279909489415168,3176,3221225664.0
/dev18500/demods/2/sample.dio,279909489473536,3177,1073750016.0
/dev18500/demods/2/sample.dio,279909489531904,3178,0.0
/dev18500/demods/2/sample.dio,279909489590272,3179,0.0
/dev18500/demods/2/sample.dio,279909489648640,3180,1074790400.0
/dev18500/demods/2/sample.dio,279909489707008,3181,3221225664.0
/dev18500/demods/2/sample.dio,279909489765376,3182,1073741824.0
/dev18500/demods/2/sample.dio,279909489823744,3183,0.0
/dev18500/demods/2/sample.dio,279909489882112,3184,0.0
/dev18500/demods/2/sample.dio,279909489940480,3185,3222274048.0
/dev18500/demods/2/sample.dio,279909489998848,3186,3221225664.0
/dev18500/demods/2/sample.dio,279909490057216,3187,1073741824.0
/dev18500/demods/2/sample.dio,279909490115584,3188,0.0
/dev18500/demods/2/sample.dio,279909490173952,3189,0.0
/dev18500/demods/2/sample.dio,279909490232320,3190,3222274240.0
/dev18500/demods/2/sample.dio,279909490290688,3191,3221225664.0
/dev18500/demods/2/sample.dio,279909490349056,3192,0.0
/dev18500/demods/2/sample.dio,279909490407424,3193,0.0
/dev18500/demods/2/sample.dio,279909490465792,3194,0.0
/dev18500/demods/2/sample.dio,279909490524160,3195,3222274240.0
/dev18500/demods/2/sample.dio,279909490582528,3196,1073750080.0
/dev18500/demods/2/sample.dio,279909490640896,3197,0.0
/dev18500/demods/2/sample.dio,279909490699264,3198,0.0
/dev18500/demods/2/sample.dio,279909490757632,3199,1048576.0
/dev18500/demods/2/sample.dio,279909490816000,3200,3221225664.0
/dev18500/demods/2/sample.dio,279909490874368,3201,1073742016.0
/dev18500/demods/2/sample.dio,279909490932736,3202,0.0
/dev18500/demods/2/sample.dio,279909490991104,3203,0.0
/dev18500/demods/2/sample.dio,279909491049472,3204,3222274048.0
/dev18500/demods/2/sample.dio,279909491107840,3205,3222274240.0
/dev18500/demods/2/sample.dio,279909491166208,3206,1073741824.0
/dev18500/demods/2/sample.dio,279909491224576,3207,0.0
/dev18500/demods/2/sample.dio,279909491282944,3208,0.0
/dev18500/demods/2/sample.dio,279909491341312,3209,1074790400.0
/dev18500/demods/2/sample.dio,279909491399680,3210,3221233856.0
/dev18500/demods/2/sample.dio,279909491458048,3211,1073741824.0
/dev18500/demods/2/sample.dio,279909491516416,3212,0.0
/dev18500/demods/2/sample.dio,279909491574784,3213,0.0
/dev18500/demods/2/sample.dio,279909491633152,3214,3222274240.0
/dev18500/demods/2/sample.dio,279909491691520,3215,3221225664.0
/dev18500/demods/2/sample.dio,279909491749888,3216,1073741824.0
/dev18500/demods/2/sample.dio,279909491808256,3217,0.0
/dev18500/demods/2/sample.dio,279909491866624,3218,0.0
/dev18500/demods/2/sample.dio,279909491924992,3219,3222290624.0
/dev18500/demods/2/sample.dio,279909491983360,3220,1073742016.0
/dev18500/demods/2/sample.dio,279909492041728,3221,1073741824.0
/dev18500/demods/2/sample.dio,279909492100096,3222,0.0
/dev18500/demods/2/sample.dio,279909492158464,3223,0.0
/dev18500/demods/2/sample.dio,279909492216832,3224,3221225664.0
/dev18500/demods/2/sample.dio,279909492275200,3225,1073742016.0
/dev18500/demods/2/sample.dio,279909492333568,3226,0.0
/dev18500/demods/2/sample.dio,279909492391936,3227,0.0
/dev18500/demods/2/sample.dio,279909492450304,3228,0.0
/dev18500/demods/2/sample.dio,279909492508672,3229,3222274240.0
/dev18500/demods/2/sample.dio,279909492567040,3230,1073750016.0
/dev18500/demods/2/sample.dio,279909492625408,3231,0.0
/dev18500/demods/2/sample.dio,279909492683776,3232,0.0
/dev18500/demods/2/sample.dio,279909492742144,3233,0.0
/dev18500/demods/2/sample.dio,279909492800512,3234,3221225664.0
/dev18500/demods/2/sample.dio,279909492858880,3235,1073741824.0
/dev18500/demods/2/sample.dio,279909492917248,3236,0.0
/dev18500/demods/2/sample.dio,279909492975616,3237,0.0
/dev18500/demods/2/sample.dio,279909493033984,3238,3221225472.0
/dev18500/demods/2/sample.dio,279909493092352,3239,3221225664.0
/dev18500/demods/2/sample.dio,279909493150720,3240,1073741824.0
/dev18500/demods/2/sample.dio,279909493209088,3241,0.0
/dev18500/demods/2/sample.dio,279909493267456,3242,0.0
/dev18500/demods/2/sample.dio,279909493325824,3243,3222274048.0
/dev18500/demods/2/sample.dio,279909493384192,3244,3221225664.0
/dev18500/demods/2/sample.dio,279909493442560,3245,1073741824.0
/dev18500/demods/2/sample.dio,279909493500928,3246,0.0
/dev18500/demods/2/sample.dio,279909493559296,3247,0.0
/dev18500/demods/2/sample.dio,279909493617664,3248,3222274240.0
/dev18500/demods/2/sample.dio,279909493676032,3249,3221225664.0
/dev18500/demods/2/sample.dio,279909493734400,3250,0.0
/dev18500/demods/2/sample.dio,279909493792768,3251,0.0
/dev18500/demods/2/sample.dio,279909493851136,3252,1048576.0
/dev18500/demods/2/sample.dio,279909493909504,3253,3222274112.0
/dev18500/demods/2/sample.dio,279909493967872,3254,1073741888.0
/dev18500/demods/2/sample.dio,279909494026240,3255,0.0
/dev18500/demods/2/sample.dio,279909494084608,3256,0.0
/dev18500/demods/2/sample.dio,279909494142976,3257,0.0
/dev18500/demods/2/sample.dio,279909494201344,3258,3221225664.0
/dev18500/demods/2/sample.dio,279909494259712,3259,1073741888.0
/dev18500/demods/2/sample.dio,279909494318080,3260,0.0
/dev18500/demods/2/sample.dio,279909494376448,3261,0.0
/dev18500/demods/2/sample.dio,279909494434816,3262,1074790400.0
/dev18500/demods/2/sample.dio,279909494493184,3263,3221225664.0
/dev18500/demods/2/sample.dio,279909494551552,3264,1073750016.0
/dev18500/demods/2/sample.dio,279909494609920,3265,0.0
/dev18500/demods/2/sample.dio,279909494668288,3266,0.0
/dev18500/demods/2/sample.dio,279909494726656,3267,1074790400.0
/dev18500/demods/2/sample.dio,279909494785024,3268,3221225664.0
/dev18500/demods/2/sample.dio,279909494843392,3269,1073741824.0
/dev18500/demods/2/sample.dio,279909494901760,3270,0.0
/dev18500/demods/2/sample.dio,279909494960128,3271,0.0
/dev18500/demods/2/sample.dio,279909495018496,3272,3222274240.0
/dev18500/demods/2/sample.dio,279909495076864,3273,3221225664.0
/dev18500/demods/2/sample.dio,279909495135232,3274,1073741824.0
/dev18500/demods/2/sample.dio,279909495193600,3275,0.0
/dev18500/demods/2/sample.dio,279909495251968,3276,0.0
/dev18500/demods/2/sample.dio,279909495310336,3277,3222290496.0
/dev18500/demods/2/sample.dio,279909495368704,3278,1073742016.0
/dev18500/demods/2/sample.dio,279909495427072,3279,1073741824.0
/dev18500/demods/2/sample.dio,279909495485440,3280,0.0
/dev18500/demods/2/sample.dio,279909495543808,3281,0.0
/dev18500/demods/2/sample.dio,279909495602176,3282,3222274240.0
/dev18500/demods/2/sample.dio,279909495660544,3283,1073742016.0
/dev18500/demods/2/sample.dio,279909495718912,3284,0.0
/dev18500/demods/2/sample.dio,279909495777280,3285,0.0
/dev18500/demods/2/sample.dio,279909495835648,3286,1048576.0
/dev18500/demods/2/sample.dio,279909495894016,3287,3221225664.0
/dev18500/demods/2/sample.dio,279909495952384,3288,1073741824.0
/dev18500/demods/2/sample.dio,279909496010752,3289,0.0
/dev18500/demods/2/sample.dio,279909496069120,3290,0.0
/dev18500/demods/2/sample.dio,279909496127488,3291,1048576.0
/dev18500/demods/2/sample.dio,279909496185856,3292,3221225664.0
/dev18500/demods/2/sample.dio,279909496244224,3293,1073750080.0
/dev18500/demods/2/sample.dio,279909496302592,3294,0.0
/dev18500/demods/2/sample.dio,279909496360960,3295,0.0
/dev18500/demods/2/sample.dio,279909496419328,3296,3222274048.0
/dev18500/demods/2/sample.dio,279909496477696,3297,3222274240.0
/dev18500/demods/2/sample.dio,279909496536064,3298,1073741824.0
/dev18500/demods/2/sample.dio,279909496594432,3299,0.0
/dev18500/demods/2/sample.dio,279909496652800,3300,0.0
/dev18500/demods/2/sample.dio,279909496711168,3301,3222274048.0
/dev18500/demods/2/sample.dio,279909496769536,3302,3221225664.0
/dev18500/demods/2/sample.dio,279909496827904,3303,1073741824.0
/dev18500/demods/2/sample.dio,279909496886272,3304,0.0
/dev18500/demods/2/sample.dio,279909496944640,3305,0.0
/dev18500/demods/2/sample.dio,279909497003008,3306,3222274240.0
/dev18500/demods/2/sample.dio,279909497061376,3307,3221225664.0
/dev18500/demods/2/sample.dio,279909497119744,3308,1073741824.0
/dev18500/demods/2/sample.dio,279909497178112,3309,0.0
/dev18500/demods/2/sample.dio,279909497236480,3310,16384.0
/dev18500/demods/2/sample.dio,279909497294848,3311,3222274240.0
/dev18500/demods/2/sample.dio,279909497353216,3312,3221225664.0
/dev18500/demods/2/sample.dio,279909497411584,3313,1073741824.0
/dev18500/demods/2/sample.dio,279909497469952,3314,0.0
/dev18500/demods/2/sample.dio,279909497528320,3315,0.0
/dev18500/demods/2/sample.dio,279909497586688,3316,3222290624.0
/dev18500/demods/2/sample.dio,279909497645056,3317,1073742016.0
/dev18500/demods/2/sample.dio,279909497703424,3318,0.0
/dev18500/demods/2/sample.dio,279909497761792,3319,0.0
/dev18500/demods/2/sample.dio,279909497820160,3320,3222274048.0
/dev18500/demods/2/sample.dio,279909497878528,3321,3221225664.0
/dev18500/demods/2/sample.dio,279909497936896,3322,1073741824.0
/dev18500/demods/2/sample.dio,279909497995264,3323,0.0
/dev18500/demods/2/sample.dio,279909498053632,3324,0.0
/dev18500/demods/2/sample.dio,279909498112000,3325,1074790400.0
/dev18500/demods/2/sample.dio,279909498170368,3326,3221225664.0
/dev18500/demods/2/sample.dio,279909498228736,3327,1073750016.0
/dev18500/demods/2/sample.dio,279909498287104,3328,0.0
/dev18500/demods/2/sample.dio,279909498345472,3329,0.0
/dev18500/demods/2/sample.dio,279909498403840,3330,3222274112.0
/dev18500/demods/2/sample.dio,279909498462208,3331,3221225664.0
/dev18500/demods/2/sample.dio,279909498520576,3332,1073741824.0
/dev18500/demods/2/sample.dio,279909498578944,3333,0.0
/dev18500/demods/2/sample.dio,279909498637312,3334,0.0
/dev18500/demods/2/sample.dio,279909498695680,3335,3222274112.0
/dev18500/demods/2/sample.dio,279909498754048,3336,1073750208.0
/dev18500/demods/2/sample.dio,279909498812416,3337,1073741824.0
/dev18500/demods/2/sample.dio,279909498870784,3338,0.0
/dev18500/demods/2/sample.dio,279909498929152,3339,0.0
/dev18500/demods/2/sample.dio,279909498987520,3340,3222290624.0
/dev18500/demods/2/sample.dio,279909499045888,3341,3221225664.0
/dev18500/demods/2/sample.dio,279909499104256,3342,0.0
/dev18500/demods/2/sample.dio,279909499162624,3343,0.0
/dev18500/demods/2/sample.dio,279909499220992,3344,1048576.0
/dev18500/demods/2/sample.dio,279909499279360,3345,3221225664.0
/dev18500/demods/2/sample.dio,279909499337728,3346,1073741824.0
/dev18500/demods/2/sample.dio,279909499396096,3347,8192.0
/dev18500/demods/2/sample.dio,279909499454464,3348,0.0
/dev18500/demods/2/sample.dio,279909499512832,3349,1048576.0
/dev18500/demods/2/sample.dio,279909499571200,3350,3221225664.0
/dev18500/demods/2/sample.dio,279909499629568,3351,1073750016.0
/dev18500/demods/2/sample.dio,279909499687936,3352,0.0
/dev18500/demods/2/sample.dio,279909499746304,3353,0.0
/dev18500/demods/2/sample.dio,279909499804672,3354,3222290432.0
/dev18500/demods/2/sample.dio,279909499863040,3355,3222290624.0
/dev18500/demods/2/sample.dio,279909499921408,3356,1073750016.0
/dev18500/demods/2/sample.dio,279909499979776,3357,0.0
/dev18500/demods/2/sample.dio,279909500038144,3358,0.0
/dev18500/demods/2/sample.dio,279909500096512,3359,1073741824.0
/dev18500/demods/2/sample.dio,279909500154880,3360,3221225664.0
/dev18500/demods/2/sample.dio,279909500213248,3361,1073741824.0
/dev18500/demods/2/sample.dio,279909500271616,3362,0.0
/dev18500/demods/2/sample.dio,279909500329984,3363,0.0
/dev18500/demods/2/sample.dio,279909500388352,3364,3222274240.0
/dev18500/demods/2/sample.dio,279909500446720,3365,3221225664.0
/dev18500/demods/2/sample.dio,279909500505088,3366,1073741824.0
/dev18500/demods/2/sample.dio,279909500563456,3367,0.0
/dev18500/demods/2/sample.dio,279909500621824,3368,0.0
/dev18500/demods/2/sample.dio,279909500680192,3369,3222274240.0
/dev18500/demods/2/sample.dio,279909500738560,3370,1073750208.0
/dev18500/demods/2/sample.dio,279909500796928,3371,1073741824.0
/dev18500/demods/2/sample.dio,279909500855296,3372,0.0
/dev18500/demods/2/sample.dio,279909500913664,3373,0.0
/dev18500/demods/2/sample.dio,279909500972032,3374,3221225664.0
/dev18500/demods/2/sample.dio,279909501030400,3375,3221225664.0
/dev18500/demods/2/sample.dio,279909501088768,3376,0.0
/dev18500/demods/2/sample.dio,279909501147136,3377,0.0
/dev18500/demods/2/sample.dio,279909501205504,3378,1048576.0
/dev18500/demods/2/sample.dio,279909501263872,3379,3221225664.0
/dev18500/demods/2/sample.dio,279909501322240,3380,1073741824.0
/dev18500/demods/2/sample.dio,279909501380608,3381,0.0
/dev18500/demods/2/sample.dio,279909501438976,3382,0.0
/dev18500/demods/2/sample.dio,279909501497344,3383,1048576.0
/dev18500/demods/2/sample.dio,279909501555712,3384,3221225664.0
/dev18500/demods/2/sample.dio,279909501614080,3385,1073741824.0
/dev18500/demods/2/sample.dio,279909501672448,3386,0.0
/dev18500/demods/2/sample.dio,279909501730816,3387,0.0
/dev18500/demods/2/sample.dio,279909501789184,3388,3222274048.0
/dev18500/demods/2/sample.dio,279909501847552,3389,3221225664.0
/dev18500/demods/2/sample.dio,279909501905920,3390,1073741824.0
/dev18500/demods/2/sample.dio,279909501964288,3391,0.0
/dev18500/demods/2/sample.dio,279909502022656,3392,0.0
/dev18500/demods/2/sample.dio,279909502081024,3393,3222274048.0
/dev18500/demods/2/sample.dio,279909502139392,3394,3221225664.0
/dev18500/demods/2/sample.dio,279909502197760,3395,1073741824.0
/dev18500/demods/2/sample.dio,279909502256128,3396,0.0
/dev18500/demods/2/sample.dio,279909502314496,3397,0.0
/dev18500/demods/2/sample.dio,279909502372864,3398,3222274240.0
/dev18500/demods/2/sample.dio,279909502431232,3399,3221225664.0
/dev18500/demods/2/sample.dio,279909502489600,3400,0.0
/dev18500/demods/2/sample.dio,279909502547968,3401,0.0
/dev18500/demods/2/sample.dio,279909502606336,3402,0.0
/dev18500/demods/2/sample.dio,279909502664704,3403,3222274240.0
/dev18500/demods/2/sample.dio,279909502723072,3404,1073741824.0
/dev18500/demods/2/sample.dio,279909502781440,3405,1073741824.0
/dev18500/demods/2/sample.dio,279909502839808,3406,0.0
/dev18500/demods/2/sample.dio,279909502898176,3407,1048576.0
/dev18500/demods/2/sample.dio,279909502956544,3408,3221225664.0
/dev18500/demods/2/sample.dio,279909503014912,3409,1073742016.0
/dev18500/demods/2/sample.dio,279909503073280,3410,0.0
/dev18500/demods/2/sample.dio,279909503131648,3411,0.0
/dev18500/demods/2/sample.dio,279909503190016,3412,1074790400.0
/dev18500/demods/2/sample.dio,279909503248384,3413,3221225664.0
/dev18500/demods/2/sample.dio,279909503306752,3414,1073750016.0
/dev18500/demods/2/sample.dio,279909503365120,3415,0.0
/dev18500/demods/2/sample.dio,279909503423488,3416,0.0
/dev18500/demods/2/sample.dio,279909503481856,3417,1074790400.0
/dev18500/demods/2/sample.dio,279909503540224,3418,3221225664.0
/dev18500/demods/2/sample.dio,279909503598592,3419,1073741824.0
/dev18500/demods/2/sample.dio,279909503656960,3420,0.0
/dev18500/demods/2/sample.dio,279909503715328,3421,0.0
/dev18500/demods/2/sample.dio,279909503773696,3422,3222274240.0
/dev18500/demods/2/sample.dio,279909503832064,3423,3221225664.0
/dev18500/demods/2/sample.dio,279909503890432,3424,1073741824.0
/dev18500/demods/2/sample.dio,279909503948800,3425,0.0
/dev18500/demods/2/sample.dio,279909504007168,3426,0.0
/dev18500/demods/2/sample.dio,279909504065536,3427,3222274112.0
/dev18500/demods/2/sample.dio,279909504123904,3428,1073742016.0
/dev18500/demods/2/sample.dio,279909504182272,3429,1073741824.0
/dev18500/demods/2/sample.dio,279909504240640,3430,0.0
/dev18500/demods/2/sample.dio,279909504299008,3431,0.0
/dev18500/demods/2/sample.dio,279909504357376,3432,3221225664.0
/dev18500/demods/2/sample.dio,279909504415744,3433,3221225664.0
/dev18500/demods/2/sample.dio,279909504474112,3434,8192.0
/dev18500/demods/2/sample.dio,279909504532480,3435,0.0
/dev18500/demods/2/sample.dio,279909504590848,3436,1048576.0
/dev18500/demods/2/sample.dio,279909504649216,3437,3222274240.0
/dev18500/demods/2/sample.dio,279909504707584,3438,1073750016.0
/dev18500/demods/2/sample.dio,279909504765952,3439,0.0
/dev18500/demods/2/sample.dio,279909504824320,3440,0.0
/dev18500/demods/2/sample.dio,279909504882688,3441,1048576.0
/dev18500/demods/2/sample.dio,279909504941056,3442,3221225664.0
/dev18500/demods/2/sample.dio,279909504999424,3443,1073741888.0
/dev18500/demods/2/sample.dio,279909505057792,3444,0.0
/dev18500/demods/2/sample.dio,279909505116160,3445,0.0
/dev18500/demods/2/sample.dio,279909505174528,3446,3222274048.0
/dev18500/demods/2/sample.dio,279909505232896,3447,3221225664.0
/dev18500/demods/2/sample.dio,279909505291264,3448,1073741824.0
/dev18500/demods/2/sample.dio,279909505349632,3449,0.0
/dev18500/demods/2/sample.dio,279909505408000,3450,0.0
/dev18500/demods/2/sample.dio,279909505466368,3451,3222274048.0
/dev18500/demods/2/sample.dio,279909505524736,3452,3221225664.0
/dev18500/demods/2/sample.dio,279909505583104,3453,1073741824.0
/dev18500/demods/2/sample.dio,279909505641472,3454,0.0
/dev18500/demods/2/sample.dio,279909505699840,3455,0.0
/dev18500/demods/2/sample.dio,279909505758208,3456,3222274240.0
/dev18500/demods/2/sample.dio,279909505816576,3457,3221233856.0
/dev18500/demods/2/sample.dio,279909505874944,3458,1073741824.0
/dev18500/demods/2/sample.dio,279909505933312,3459,0.0
/dev18500/demods/2/sample.dio,279909505991680,3460,1048576.0
/dev18500/demods/2/sample.dio,279909506050048,3461,3222274240.0
/dev18500/demods/2/sample.dio,279909506108416,3462,1073750208.0
/dev18500/demods/2/sample.dio,279909506166784,3463,1073741824.0
/dev18500/demods/2/sample.dio,279909506225152,3464,0.0
/dev18500/demods/2/sample.dio,279909506283520,3465,0.0
/dev18500/demods/2/sample.dio,279909506341888,3466,3221225664.0
/dev18500/demods/2/sample.dio,279909506400256,3467,1073742016.0
/dev18500/demods/2/sample.dio,279909506458624,3468,0.0
/dev18500/demods/2/sample.dio,279909506516992,3469,0.0
/dev18500/demods/2/sample.dio,279909506575360,3470,1074790400.0
/dev18500/demods/2/sample.dio,279909506633728,3471,3221225664.0
/dev18500/demods/2/sample.dio,279909506692096,3472,1073741824.0
/dev18500/demods/2/sample.dio,279909506750464,3473,0.0
/dev18500/demods/2/sample.dio,279909506808832,3474,0.0
/dev18500/demods/2/sample.dio,279909506867200,3475,0.0
/dev18500/demods/2/sample.dio,279909506925568,3476,3221225664.0
/dev18500/demods/2/sample.dio,279909506983936,3477,1073741824.0
/dev18500/demods/2/sample.dio,279909507042304,3478,0.0
/dev18500/demods/2/sample.dio,279909507100672,3479,0.0
/dev18500/demods/2/sample.dio,279909507159040,3480,3222274112.0
/dev18500/demods/2/sample.dio,279909507217408,3481,3221225664.0
/dev18500/demods/2/sample.dio,279909507275776,3482,1073741824.0
/dev18500/demods/2/sample.dio,279909507334144,3483,0.0
/dev18500/demods/2/sample.dio,279909507392512,3484,0.0
/dev18500/demods/2/sample.dio,279909507450880,3485,3221225472.0
/dev18500/demods/2/sample.dio,279909507509248,3486,3221225664.0
/dev18500/demods/2/sample.dio,279909507567616,3487,1073741824.0
/dev18500/demods/2/sample.dio,279909507625984,3488,0.0
/dev18500/demods/2/sample.dio,279909507684352,3489,0.0
/dev18500/demods/2/sample.dio,279909507742720,3490,3222274240.0
/dev18500/demods/2/sample.dio,279909507801088,3491,3221225664.0
/dev18500/demods/2/sample.dio,279909507859456,3492,0.0
/dev18500/demods/2/sample.dio,279909507917824,3493,0.0
/dev18500/demods/2/sample.dio,279909507976192,3494,1048576.0
/dev18500/demods/2/sample.dio,279909508034560,3495,3222274240.0
/dev18500/demods/2/sample.dio,279909508092928,3496,1073741888.0
/dev18500/demods/2/sample.dio,279909508151296,3497,0.0
/dev18500/demods/2/sample.dio,279909508209664,3498,0.0
/dev18500/demods/2/sample.dio,279909508268032,3499,0.0
/dev18500/demods/2/sample.dio,279909508326400,3500,3221225664.0
/dev18500/demods/2/sample.dio,279909508384768,3501,1073741888.0
/dev18500/demods/2/sample.dio,279909508443136,3502,0.0
/dev18500/demods/2/sample.dio,279909508501504,3503,0.0
/dev18500/demods/2/sample.dio,279909508559872,3504,3222274048.0
/dev18500/demods/2/sample.dio,279909508618240,3505,3221225664.0
/dev18500/demods/2/sample.dio,279909508676608,3506,1073741824.0
/dev18500/demods/2/sample.dio,279909508734976,3507,0.0
/dev18500/demods/2/sample.dio,279909508793344,3508,0.0
/dev18500/demods/2/sample.dio,279909508851712,3509,1074790400.0
/dev18500/demods/2/sample.dio,279909508910080,3510,3221225664.0
/dev18500/demods/2/sample.dio,279909508968448,3511,1073741824.0
/dev18500/demods/2/sample.dio,279909509026816,3512,0.0
/dev18500/demods/2/sample.dio,279909509085184,3513,0.0
/dev18500/demods/2/sample.dio,279909509143552,3514,3222274240.0
/dev18500/demods/2/sample.dio,279909509201920,3515,3221225664.0
/dev18500/demods/2/sample.dio,279909509260288,3516,1073741824.0
/dev18500/demods/2/sample.dio,279909509318656,3517,0.0
/dev18500/demods/2/sample.dio,279909509377024,3518,0.0
/dev18500/demods/2/sample.dio,279909509435392,3519,3222274048.0
/dev18500/demods/2/sample.dio,279909509493760,3520,1073742016.0
/dev18500/demods/2/sample.dio,279909509552128,3521,1073741824.0
/dev18500/demods/2/sample.dio,279909509610496,3522,0.0
/dev18500/demods/2/sample.dio,279909509668864,3523,0.0
/dev18500/demods/2/sample.dio,279909509727232,3524,3222274240.0
/dev18500/demods/2/sample.dio,279909509785600,3525,3221225664.0
/dev18500/demods/2/sample.dio,279909509843968,3526,0.0
/dev18500/demods/2/sample.dio,279909509902336,3527,0.0
/dev18500/demods/2/sample.dio,279909509960704,3528,1048576.0
/dev18500/demods/2/sample.dio,279909510019072,3529,3222274240.0
/dev18500/demods/2/sample.dio,279909510077440,3530,1073741824.0
/dev18500/demods/2/sample.dio,279909510135808,3531,0.0
/dev18500/demods/2/sample.dio,279909510194176,3532,0.0
/dev18500/demods/2/sample.dio,279909510252544,3533,1048576.0
/dev18500/demods/2/sample.dio,279909510310912,3534,3221233856.0
/dev18500/demods/2/sample.dio,279909510369280,3535,1073741824.0
/dev18500/demods/2/sample.dio,279909510427648,3536,0.0
/dev18500/demods/2/sample.dio,279909510486016,3537,0.0
/dev18500/demods/2/sample.dio,279909510544384,3538,3222274048.0
/dev18500/demods/2/sample.dio,279909510602752,3539,3221225664.0
/dev18500/demods/2/sample.dio,279909510661120,3540,1073741824.0
/dev18500/demods/2/sample.dio,279909510719488,3541,0.0
/dev18500/demods/2/sample.dio,279909510777856,3542,0.0
/dev18500/demods/2/sample.dio,279909510836224,3543,3222274048.0
/dev18500/demods/2/sample.dio,279909510894592,3544,3221225664.0
/dev18500/demods/2/sample.dio,279909510952960,3545,1073741824.0
/dev18500/demods/2/sample.dio,279909511011328,3546,0.0
/dev18500/demods/2/sample.dio,279909511069696,3547,0.0
/dev18500/demods/2/sample.dio,279909511128064,3548,3222274240.0
/dev18500/demods/2/sample.dio,279909511186432,3549,3221233856.0
/dev18500/demods/2/sample.dio,279909511244800,3550,0.0
/dev18500/demods/2/sample.dio,279909511303168,3551,0.0
/dev18500/demods/2/sample.dio,279909511361536,3552,1048576.0
/dev18500/demods/2/sample.dio,279909511419904,3553,3222274240.0
/dev18500/demods/2/sample.dio,279909511478272,3554,1073742016.0
/dev18500/demods/2/sample.dio,279909511536640,3555,0.0
/dev18500/demods/2/sample.dio,279909511595008,3556,0.0
/dev18500/demods/2/sample.dio,279909511653376,3557,1048576.0
/dev18500/demods/2/sample.dio,279909511711744,3558,3222274240.0
/dev18500/demods/2/sample.dio,279909511770112,3559,1073742016.0
/dev18500/demods/2/sample.dio,279909511828480,3560,0.0
/dev18500/demods/2/sample.dio,279909511886848,3561,0.0
/dev18500/demods/2/sample.dio,279909511945216,3562,1048576.0
/dev18500/demods/2/sample.dio,279909512003584,3563,3222274240.0
/dev18500/demods/2/sample.dio,279909512061952,3564,1073741824.0
/dev18500/demods/2/sample.dio,279909512120320,3565,0.0
/dev18500/demods/2/sample.dio,279909512178688,3566,0.0
/dev18500/demods/2/sample.dio,279909512237056,3567,1048576.0
/dev18500/demods/2/sample.dio,279909512295424,3568,3221225664.0
/dev18500/demods/2/sample.dio,279909512353792,3569,1073741824.0
/dev18500/demods/2/sample.dio,279909512412160,3570,0.0
/dev18500/demods/2/sample.dio,279909512470528,3571,0.0
/dev18500/demods/2/sample.dio,279909512528896,3572,3221225536.0
/dev18500/demods/2/sample.dio,279909512587264,3573,3221225664.0
/dev18500/demods/2/sample.dio,279909512645632,3574,1073741824.0
/dev18500/demods/2/sample.dio,279909512704000,3575,0.0
/dev18500/demods/2/sample.dio,279909512762368,3576,0.0
/dev18500/demods/2/sample.dio,279909512820736,3577,3221225536.0
/dev18500/demods/2/sample.dio,279909512879104,3578,3221233856.0
/dev18500/demods/2/sample.dio,279909512937472,3579,1073741824.0
/dev18500/demods/2/sample.dio,279909512995840,3580,0.0
/dev18500/demods/2/sample.dio,279909513054208,3581,0.0
/dev18500/demods/2/sample.dio,279909513112576,3582,3222274240.0
/dev18500/demods/2/sample.dio,279909513170944,3583,3221225664.0
/dev18500/demods/2/sample.dio,279909513229312,3584,0.0
/dev18500/demods/2/sample.dio,279909513287680,3585,0.0
/dev18500/demods/2/sample.dio,279909513346048,3586,0.0
/dev18500/demods/2/sample.dio,279909513404416,3587,3221225664.0
/dev18500/demods/2/sample.dio,279909513462784,3588,1073750080.0
/dev18500/demods/2/sample.dio,279909513521152,3589,0.0
/dev18500/demods/2/sample.dio,279909513579520,3590,0.0
/dev18500/demods/2/sample.dio,279909513637888,3591,1048576.0
/dev18500/demods/2/sample.dio,279909513696256,3592,3221225664.0
/dev18500/demods/2/sample.dio,279909513754624,3593,1073741888.0
/dev18500/demods/2/sample.dio,279909513812992,3594,0.0
/dev18500/demods/2/sample.dio,279909513871360,3595,0.0
/dev18500/demods/2/sample.dio,279909513929728,3596,1048576.0
/dev18500/demods/2/sample.dio,279909513988096,3597,3221242048.0
/dev18500/demods/2/sample.dio,279909514046464,3598,1073741824.0
/dev18500/demods/2/sample.dio,279909514104832,3599,0.0
/dev18500/demods/2/sample.dio,279909514163200,3600,0.0
/dev18500/demods/2/sample.dio,279909514221568,3601,1074790400.0
/dev18500/demods/2/sample.dio,279909514279936,3602,3221233856.0
/dev18500/demods/2/sample.dio,279909514338304,3603,1073741824.0
/dev18500/demods/2/sample.dio,279909514396672,3604,0.0
/dev18500/demods/2/sample.dio,279909514455040,3605,0.0
/dev18500/demods/2/sample.dio,279909514513408,3606,3222290496.0
/dev18500/demods/2/sample.dio,279909514571776,3607,3221233856.0
/dev18500/demods/2/sample.dio,279909514630144,3608,1073741824.0
/dev18500/demods/2/sample.dio,279909514688512,3609,0.0
/dev18500/demods/2/sample.dio,279909514746880,3610,0.0
/dev18500/demods/2/sample.dio,279909514805248,3611,3222274240.0
/dev18500/demods/2/sample.dio,279909514863616,3612,1073742016.0
/dev18500/demods/2/sample.dio,279909514921984,3613,1073741824.0
/dev18500/demods/2/sample.dio,279909514980352,3614,0.0
/dev18500/demods/2/sample.dio,279909515038720,3615,0.0
/dev18500/demods/2/sample.dio,279909515097088,3616,3222274240.0
/dev18500/demods/2/sample.dio,279909515155456,3617,1073742016.0
/dev18500/demods/2/sample.dio,279909515213824,3618,0.0
/dev18500/demods/2/sample.dio,279909515272192,3619,0.0
/dev18500/demods/2/sample.dio,279909515330560,3620,16384.0
/dev18500/demods/2/sample.dio,279909515388928,3621,3221225664.0
/dev18500/demods/2/sample.dio,279909515447296,3622,1073741824.0
/dev18500/demods/2/sample.dio,279909515505664,3623,0.0
/dev18500/demods/2/sample.dio,279909515564032,3624,0.0
/dev18500/demods/2/sample.dio,279909515622400,3625,0.0
/dev18500/demods/2/sample.dio,279909515680768,3626,3221225664.0
/dev18500/demods/2/sample.dio,279909515739136,3627,1073742016.0
/dev18500/demods/2/sample.dio,279909515797504,3628,0.0
/dev18500/demods/2/sample.dio,279909515855872,3629,0.0
/dev18500/demods/2/sample.dio,279909515914240,3630,3222274048.0
/dev18500/demods/2/sample.dio,279909515972608,3631,3221225664.0
/dev18500/demods/2/sample.dio,279909516030976,3632,1073741824.0
/dev18500/demods/2/sample.dio,279909516089344,3633,0.0
/dev18500/demods/2/sample.dio,279909516147712,3634,0.0
/dev18500/demods/2/sample.dio,279909516206080,3635,3222274048.0
/dev18500/demods/2/sample.dio,279909516264448,3636,3221225664.0
/dev18500/demods/2/sample.dio,279909516322816,3637,1073741824.0
/dev18500/demods/2/sample.dio,279909516381184,3638,0.0
/dev18500/demods/2/sample.dio,279909516439552,3639,0.0
/dev18500/demods/2/sample.dio,279909516497920,3640,3222274240.0
/dev18500/demods/2/sample.dio,279909516556288,3641,3221225664.0
/dev18500/demods/2/sample.dio,279909516614656,3642,0.0
/dev18500/demods/2/sample.dio,279909516673024,3643,0.0
/dev18500/demods/2/sample.dio,279909516731392,3644,0.0
/dev18500/demods/2/sample.dio,279909516789760,3645,3221225664.0
/dev18500/demods/2/sample.dio,279909516848128,3646,1073742016.0
/dev18500/demods/2/sample.dio,279909516906496,3647,1073741824.0
/dev18500/demods/2/sample.dio,279909516964864,3648,0.0
/dev18500/demods/2/sample.dio,279909517023232,3649,0.0
/dev18500/demods/2/sample.dio,279909517081600,3650,3221225664.0
/dev18500/demods/2/sample.dio,279909517139968,3651,1073742016.0
/dev18500/demods/2/sample.dio,279909517198336,3652,8192.0
/dev18500/demods/2/sample.dio,279909517256704,3653,0.0
/dev18500/demods/2/sample.dio,279909517315072,3654,0.0
/dev18500/demods/2/sample.dio,279909517373440,3655,3221225664.0
/dev18500/demods/2/sample.dio,279909517431808,3656,1073741824.0
/dev18500/demods/2/sample.dio,279909517490176,3657,0.0
/dev18500/demods/2/sample.dio,279909517548544,3658,0.0
/dev18500/demods/2/sample.dio,279909517606912,3659,1048576.0
/dev18500/demods/2/sample.dio,279909517665280,3660,3221225664.0
/dev18500/demods/2/sample.dio,279909517723648,3661,1073750016.0
/dev18500/demods/2/sample.dio,279909517782016,3662,0.0
/dev18500/demods/2/sample.dio,279909517840384,3663,0.0
/dev18500/demods/2/sample.dio,279909517898752,3664,3222274112.0
/dev18500/demods/2/sample.dio,279909517957120,3665,3221225664.0
/dev18500/demods/2/sample.dio,279909518015488,3666,1073750016.0
/dev18500/demods/2/sample.dio,279909518073856,3667,0.0
/dev18500/demods/2/sample.dio,279909518132224,3668,0.0
/dev18500/demods/2/sample.dio,279909518190592,3669,3222274048.0
/dev18500/demods/2/sample.dio,279909518248960,3670,3221225664.0
/dev18500/demods/2/sample.dio,279909518307328,3671,1073741824.0
/dev18500/demods/2/sample.dio,279909518365696,3672,0.0
/dev18500/demods/2/sample.dio,279909518424064,3673,0.0
/dev18500/demods/2/sample.dio,279909518482432,3674,3222274240.0
/dev18500/demods/2/sample.dio,279909518540800,3675,3221225664.0
/dev18500/demods/2/sample.dio,279909518599168,3676,0.0
/dev18500/demods/2/sample.dio,279909518657536,3677,0.0
/dev18500/demods/2/sample.dio,279909518715904,3678,0.0
/dev18500/demods/2/sample.dio,279909518774272,3679,3222274240.0
/dev18500/demods/2/sample.dio,279909518832640,3680,1073741888.0
/dev18500/demods/2/sample.dio,279909518891008,3681,0.0
/dev18500/demods/2/sample.dio,279909518949376,3682,0.0
/dev18500/demods/2/sample.dio,279909519007744,3683,1048576.0
/dev18500/demods/2/sample.dio,279909519066112,3684,3221225664.0
/dev18500/demods/2/sample.dio,279909519124480,3685,1073741888.0
/dev18500/demods/2/sample.dio,279909519182848,3686,0.0
/dev18500/demods/2/sample.dio,279909519241216,3687,0.0
/dev18500/demods/2/sample.dio,279909519299584,3688,1048576.0
/dev18500/demods/2/sample.dio,279909519357952,3689,3222290624.0
/dev18500/demods/2/sample.dio,279909519416320,3690,1073741824.0
/dev18500/demods/2/sample.dio,279909519474688,3691,0.0
/dev18500/demods/2/sample.dio,279909519533056,3692,0.0
/dev18500/demods/2/sample.dio,279909519591424,3693,1048576.0
/dev18500/demods/2/sample.dio,279909519649792,3694,3221225664.0
/dev18500/demods/2/sample.dio,279909519708160,3695,1073741824.0
/dev18500/demods/2/sample.dio,279909519766528,3696,0.0
/dev18500/demods/2/sample.dio,279909519824896,3697,0.0
/dev18500/demods/2/sample.dio,279909519883264,3698,3221225536.0
/dev18500/demods/2/sample.dio,279909519941632,3699,3221225664.0
/dev18500/demods/2/sample.dio,279909520000000,3700,1073741824.0
/dev18500/demods/2/sample.dio,279909520058368,3701,0.0
/dev18500/demods/2/sample.dio,279909520116736,3702,0.0
/dev18500/demods/2/sample.dio,279909520175104,3703,3222274048.0
/dev18500/demods/2/sample.dio,279909520233472,3704,3221225664.0
/dev18500/demods/2/sample.dio,279909520291840,3705,1073741824.0
/dev18500/demods/2/sample.dio,279909520350208,3706,0.0
/dev18500/demods/2/sample.dio,279909520408576,3707,0.0
/dev18500/demods/2/sample.dio,279909520466944,3708,3222274240.0
/dev18500/demods/2/sample.dio,279909520525312,3709,3221225664.0
/dev18500/demods/2/sample.dio,279909520583680,3710,8192.0
/dev18500/demods/2/sample.dio,279909520642048,3711,0.0
/dev18500/demods/2/sample.dio,279909520700416,3712,0.0
/dev18500/demods/2/sample.dio,279909520758784,3713,3221225664.0
/dev18500/demods/2/sample.dio,279909520817152,3714,1073742016.0
/dev18500/demods/2/sample.dio,279909520875520,3715,8192.0
/dev18500/demods/2/sample.dio,279909520933888,3716,0.0
/dev18500/demods/2/sample.dio,279909520992256,3717,1048576.0
/dev18500/demods/2/sample.dio,279909521050624,3718,3221225664.0
/dev18500/demods/2/sample.dio,279909521108992,3719,1073741888.0
/dev18500/demods/2/sample.dio,279909521167360,3720,0.0
/dev18500/demods/2/sample.dio,279909521225728,3721,0.0
/dev18500/demods/2/sample.dio,279909521284096,3722,3222274048.0
/dev18500/demods/2/sample.dio,279909521342464,3723,3222274240.0
/dev18500/demods/2/sample.dio,279909521400832,3724,1073741824.0
/dev18500/demods/2/sample.dio,279909521459200,3725,0.0
/dev18500/demods/2/sample.dio,279909521517568,3726,0.0
/dev18500/demods/2/sample.dio,279909521575936,3727,3222274048.0
/dev18500/demods/2/sample.dio,279909521634304,3728,3221225664.0
/dev18500/demods/2/sample.dio,279909521692672,3729,1073741824.0
/dev18500/demods/2/sample.dio,279909521751040,3730,0.0
/dev18500/demods/2/sample.dio,279909521809408,3731,0.0
/dev18500/demods/2/sample.dio,279909521867776,3732,3222274112.0
/dev18500/demods/2/sample.dio,279909521926144,3733,3221225664.0
/dev18500/demods/2/sample.dio,279909521984512,3734,1073741824.0
/dev18500/demods/2/sample.dio,279909522042880,3735,0.0
/dev18500/demods/2/sample.dio,279909522101248,3736,0.0
/dev18500/demods/2/sample.dio,279909522159616,3737,3221225536.0
/dev18500/demods/2/sample.dio,279909522217984,3738,1073742016.0
/dev18500/demods/2/sample.dio,279909522276352,3739,1073741824.0
/dev18500/demods/2/sample.dio,279909522334720,3740,0.0
/dev18500/demods/2/sample.dio,279909522393088,3741,0.0
/dev18500/demods/2/sample.dio,279909522451456,3742,3222274240.0
/dev18500/demods/2/sample.dio,279909522509824,3743,1073742016.0
/dev18500/demods/2/sample.dio,279909522568192,3744,0.0
/dev18500/demods/2/sample.dio,279909522626560,3745,0.0
/dev18500/demods/2/sample.dio,279909522684928,3746,1048576.0
/dev18500/demods/2/sample.dio,279909522743296,3747,3222274240.0
/dev18500/demods/2/sample.dio,279909522801664,3748,1073741824.0
/dev18500/demods/2/sample.dio,279909522860032,3749,0.0
/dev18500/demods/2/sample.dio,279909522918400,3750,0.0
/dev18500/demods/2/sample.dio,279909522976768,3751,1048576.0
/dev18500/demods/2/sample.dio,279909523035136,3752,3221225664.0
/dev18500/demods/2/sample.dio,279909523093504,3753,1073741824.0
/dev18500/demods/2/sample.dio,279909523151872,3754,0.0
/dev18500/demods/2/sample.dio,279909523210240,3755,0.0
/dev18500/demods/2/sample.dio,279909523268608,3756,3222274048.0
/dev18500/demods/2/sample.dio,279909523326976,3757,3221225664.0
/dev18500/demods/2/sample.dio,279909523385344,3758,1073741824.0
/dev18500/demods/2/sample.dio,279909523443712,3759,0.0
/dev18500/demods/2/sample.dio,279909523502080,3760,0.0
/dev18500/demods/2/sample.dio,279909523560448,3761,3222290432.0
/dev18500/demods/2/sample.dio,279909523618816,3762,3221225664.0
/dev18500/demods/2/sample.dio,279909523677184,3763,1073741824.0
/dev18500/demods/2/sample.dio,279909523735552,3764,0.0
/dev18500/demods/2/sample.dio,279909523793920,3765,0.0
/dev18500/demods/2/sample.dio,279909523852288,3766,3221225664.0
/dev18500/demods/2/sample.dio,279909523910656,3767,3221225664.0
/dev18500/demods/2/sample.dio,279909523969024,3768,0.0
/dev18500/demods/2/sample.dio,279909524027392,3769,0.0
/dev18500/demods/2/sample.dio,279909524085760,3770,1048576.0
/dev18500/demods/2/sample.dio,279909524144128,3771,3221225472.0
/dev18500/demods/2/sample.dio,279909524202496,3772,1073742016.0
/dev18500/demods/2/sample.dio,279909524260864,3773,1073741824.0
/dev18500/demods/2/sample.dio,279909524319232,3774,0.0
/dev18500/demods/2/sample.dio,279909524377600,3775,0.0
/dev18500/demods/2/sample.dio,279909524435968,3776,3222274240.0
/dev18500/demods/2/sample.dio,279909524494336,3777,1073742016.0
/dev18500/demods/2/sample.dio,279909524552704,3778,0.0
/dev18500/demods/2/sample.dio,279909524611072,3779,0.0
/dev18500/demods/2/sample.dio,279909524669440,3780,1074790400.0
/dev18500/demods/2/sample.dio,279909524727808,3781,3222274240.0
/dev18500/demods/2/sample.dio,279909524786176,3782,1073741824.0
/dev18500/demods/2/sample.dio,279909524844544,3783,0.0
/dev18500/demods/2/sample.dio,279909524902912,3784,0.0
/dev18500/demods/2/sample.dio,279909524961280,3785,1048576.0
/dev18500/demods/2/sample.dio,279909525019648,3786,3221225664.0
/dev18500/demods/2/sample.dio,279909525078016,3787,1073741824.0
/dev18500/demods/2/sample.dio,279909525136384,3788,0.0
/dev18500/demods/2/sample.dio,279909525194752,3789,0.0
/dev18500/demods/2/sample.dio,279909525253120,3790,3222274112.0
/dev18500/demods/2/sample.dio,279909525311488,3791,3221225664.0
/dev18500/demods/2/sample.dio,279909525369856,3792,1073750016.0
/dev18500/demods/2/sample.dio,279909525428224,3793,0.0
/dev18500/demods/2/sample.dio,279909525486592,3794,0.0
/dev18500/demods/2/sample.dio,279909525544960,3795,3222274048.0
/dev18500/demods/2/sample.dio,279909525603328,3796,3221225664.0
/dev18500/demods/2/sample.dio,279909525661696,3797,1073741824.0
/dev18500/demods/2/sample.dio,279909525720064,3798,0.0
/dev18500/demods/2/sample.dio,279909525778432,3799,0.0
/dev18500/demods/2/sample.dio,279909525836800,3800,3222274240.0
/dev18500/demods/2/sample.dio,279909525895168,3801,3221225664.0
/dev18500/demods/2/sample.dio,279909525953536,3802,0.0
/dev18500/demods/2/sample.dio,279909526011904,3803,0.0
/dev18500/demods/2/sample.dio,279909526070272,3804,1048576.0
/dev18500/demods/2/sample.dio,279909526128640,3805,3222274240.0
/dev18500/demods/2/sample.dio,279909526187008,3806,1073741888.0
/dev18500/demods/2/sample.dio,279909526245376,3807,1073741824.0
/dev18500/demods/2/sample.dio,279909526303744,3808,0.0
/dev18500/demods/2/sample.dio,279909526362112,3809,0.0
/dev18500/demods/2/sample.dio,279909526420480,3810,3221225664.0
/dev18500/demods/2/sample.dio,279909526478848,3811,1073742016.0
/dev18500/demods/2/sample.dio,279909526537216,3812,0.0
/dev18500/demods/2/sample.dio,279909526595584,3813,0.0
/dev18500/demods/2/sample.dio,279909526653952,3814,1074790400.0
/dev18500/demods/2/sample.dio,279909526712320,3815,3222274240.0
/dev18500/demods/2/sample.dio,279909526770688,3816,1073741824.0
/dev18500/demods/2/sample.dio,279909526829056,3817,0.0
/dev18500/demods/2/sample.dio,279909526887424,3818,0.0
/dev18500/demods/2/sample.dio,279909526945792,3819,1048576.0
/dev18500/demods/2/sample.dio,279909527004160,3820,3221233856.0
/dev18500/demods/2/sample.dio,279909527062528,3821,1073741824.0
/dev18500/demods/2/sample.dio,279909527120896,3822,0.0
/dev18500/demods/2/sample.dio,279909527179264,3823,0.0
/dev18500/demods/2/sample.dio,279909527237632,3824,3222274112.0
/dev18500/demods/2/sample.dio,279909527296000,3825,3221225664.0
/dev18500/demods/2/sample.dio,279909527354368,3826,1073741824.0
/dev18500/demods/2/sample.dio,279909527412736,3827,0.0
/dev18500/demods/2/sample.dio,279909527471104,3828,0.0
/dev18500/demods/2/sample.dio,279909527529472,3829,3221225472.0
/dev18500/demods/2/sample.dio,279909527587840,3830,3221233856.0
/dev18500/demods/2/sample.dio,279909527646208,3831,1073741824.0
/dev18500/demods/2/sample.dio,279909527704576,3832,0.0
/dev18500/demods/2/sample.dio,279909527762944,3833,0.0
/dev18500/demods/2/sample.dio,279909527821312,3834,3222290624.0
/dev18500/demods/2/sample.dio,279909527879680,3835,3221233856.0
/dev18500/demods/2/sample.dio,279909527938048,3836,0.0
/dev18500/demods/2/sample.dio,279909527996416,3837,0.0
/dev18500/demods/2/sample.dio,279909528054784,3838,0.0
/dev18500/demods/2/sample.dio,279909528113152,3839,3222274240.0
/dev18500/demods/2/sample.dio,279909528171520,3840,1073741888.0
/dev18500/demods/2/sample.dio,279909528229888,3841,0.0
/dev18500/demods/2/sample.dio,279909528288256,3842,0.0
/dev18500/demods/2/sample.dio,279909528346624,3843,0.0
/dev18500/demods/2/sample.dio,279909528404992,3844,3221225664.0
/dev18500/demods/2/sample.dio,279909528463360,3845,1073741888.0
/dev18500/demods/2/sample.dio,279909528521728,3846,0.0
/dev18500/demods/2/sample.dio,279909528580096,3847,0.0
/dev18500/demods/2/sample.dio,279909528638464,3848,3222290432.0
/dev18500/demods/2/sample.dio,279909528696832,3849,3222274240.0
/dev18500/demods/2/sample.dio,279909528755200,3850,1073741824.0
/dev18500/demods/2/sample.dio,279909528813568,3851,0.0
/dev18500/demods/2/sample.dio,279909528871936,3852,0.0
/dev18500/demods/2/sample.dio,279909528930304,3853,3222290432.0
/dev18500/demods/2/sample.dio,279909528988672,3854,3221225664.0
/dev18500/demods/2/sample.dio,279909529047040,3855,1073741824.0
/dev18500/demods/2/sample.dio,279909529105408,3856,0.0
/dev18500/demods/2/sample.dio,279909529163776,3857,0.0
/dev18500/demods/2/sample.dio,279909529222144,3858,3222274240.0
/dev18500/demods/2/sample.dio,279909529280512,3859,3221225664.0
/dev18500/demods/2/sample.dio,279909529338880,3860,1073741824.0
/dev18500/demods/2/sample.dio,279909529397248,3861,0.0
/dev18500/demods/2/sample.dio,279909529455616,3862,0.0
/dev18500/demods/2/sample.dio,279909529513984,3863,3221225536.0
/dev18500/demods/2/sample.dio,279909529572352,3864,1073742016.0
/dev18500/demods/2/sample.dio,279909529630720,3865,1073741824.0
/dev18500/demods/2/sample.dio,279909529689088,3866,0.0
/dev18500/demods/2/sample.dio,279909529747456,3867,0.0
/dev18500/demods/2/sample.dio,279909529805824,3868,3222274240.0
/dev18500/demods/2/sample.dio,279909529864192,3869,3221225664.0
/dev18500/demods/2/sample.dio,279909529922560,3870,0.0
/dev18500/demods/2/sample.dio,279909529980928,3871,0.0
/dev18500/demods/2/sample.dio,279909530039296,3872,1048576.0
/dev18500/demods/2/sample.dio,279909530097664,3873,3222274240.0
/dev18500/demods/2/sample.dio,279909530156032,3874,1073741824.0
/dev18500/demods/2/sample.dio,279909530214400,3875,0.0
/dev18500/demods/2/sample.dio,279909530272768,3876,0.0
/dev18500/demods/2/sample.dio,279909530331136,3877,1048576.0
/dev18500/demods/2/sample.dio,279909530389504,3878,3221225664.0
/dev18500/demods/2/sample.dio,279909530447872,3879,1073750016.0
/dev18500/demods/2/sample.dio,279909530506240,3880,0.0
/dev18500/demods/2/sample.dio,279909530564608,3881,0.0
/dev18500/demods/2/sample.dio,279909530622976,3882,3222274048.0
/dev18500/demods/2/sample.dio,279909530681344,3883,3221225664.0
/dev18500/demods/2/sample.dio,279909530739712,3884,1073741824.0
/dev18500/demods/2/sample.dio,279909530798080,3885,0.0
/dev18500/demods/2/sample.dio,279909530856448,3886,0.0
/dev18500/demods/2/sample.dio,279909530914816,3887,1074790400.0
/dev18500/demods/2/sample.dio,279909530973184,3888,3221225664.0
/dev18500/demods/2/sample.dio,279909531031552,3889,1073750016.0
/dev18500/demods/2/sample.dio,279909531089920,3890,0.0
/dev18500/demods/2/sample.dio,279909531148288,3891,0.0
/dev18500/demods/2/sample.dio,279909531206656,3892,3222274240.0
/dev18500/demods/2/sample.dio,279909531265024,3893,3221225664.0
/dev18500/demods/2/sample.dio,279909531323392,3894,1073741824.0
/dev18500/demods/2/sample.dio,279909531381760,3895,0.0
/dev18500/demods/2/sample.dio,279909531440128,3896,0.0
/dev18500/demods/2/sample.dio,279909531498496,3897,3221225536.0
/dev18500/demods/2/sample.dio,279909531556864,3898,1073741888.0
/dev18500/demods/2/sample.dio,279909531615232,3899,1073741824.0
/dev18500/demods/2/sample.dio,279909531673600,3900,0.0
/dev18500/demods/2/sample.dio,279909531731968,3901,0.0
/dev18500/demods/2/sample.dio,279909531790336,3902,3222274240.0
/dev18500/demods/2/sample.dio,279909531848704,3903,3221225664.0
/dev18500/demods/2/sample.dio,279909531907072,3904,0.0
/dev18500/demods/2/sample.dio,279909531965440,3905,0.0
/dev18500/demods/2/sample.dio,279909532023808,3906,1048576.0
/dev18500/demods/2/sample.dio,279909532082176,3907,3222274240.0
/dev18500/demods/2/sample.dio,279909532140544,3908,1073750016.0
/dev18500/demods/2/sample.dio,279909532198912,3909,0.0
/dev18500/demods/2/sample.dio,279909532257280,3910,0.0
/dev18500/demods/2/sample.dio,279909532315648,3911,1048576.0
/dev18500/demods/2/sample.dio,279909532374016,3912,3221225664.0
/dev18500/demods/2/sample.dio,279909532432384,3913,1073741824.0
/dev18500/demods/2/sample.dio,279909532490752,3914,0.0
/dev18500/demods/2/sample.dio,279909532549120,3915,0.0
/dev18500/demods/2/sample.dio,279909532607488,3916,3222274112.0
/dev18500/demods/2/sample.dio,279909532665856,3917,3221225664.0
/dev18500/demods/2/sample.dio,279909532724224,3918,1073741824.0
/dev18500/demods/2/sample.dio,279909532782592,3919,0.0
/dev18500/demods/2/sample.dio,279909532840960,3920,0.0
/dev18500/demods/2/sample.dio,279909532899328,3921,1074790400.0
/dev18500/demods/2/sample.dio,279909532957696,3922,3221225664.0
/dev18500/demods/2/sample.dio,279909533016064,3923,1073741824.0
/dev18500/demods/2/sample.dio,279909533074432,3924,0.0
/dev18500/demods/2/sample.dio,279909533132800,3925,0.0
/dev18500/demods/2/sample.dio,279909533191168,3926,3222274240.0
/dev18500/demods/2/sample.dio,279909533249536,3927,3221233856.0
/dev18500/demods/2/sample.dio,279909533307904,3928,8192.0
/dev18500/demods/2/sample.dio,279909533366272,3929,0.0
/dev18500/demods/2/sample.dio,279909533424640,3930,0.0
/dev18500/demods/2/sample.dio,279909533483008,3931,3221242048.0
/dev18500/demods/2/sample.dio,279909533541376,3932,1073742016.0
/dev18500/demods/2/sample.dio,279909533599744,3933,1073741824.0
/dev18500/demods/2/sample.dio,279909533658112,3934,0.0
/dev18500/demods/2/sample.dio,279909533716480,3935,1048576.0
/dev18500/demods/2/sample.dio,279909533774848,3936,3222274240.0
/dev18500/demods/2/sample.dio,279909533833216,3937,1073742016.0
/dev18500/demods/2/sample.dio,279909533891584,3938,0.0
/dev18500/demods/2/sample.dio,279909533949952,3939,0.0
/dev18500/demods/2/sample.dio,279909534008320,3940,1073741824.0
/dev18500/demods/2/sample.dio,279909534066688,3941,3222274240.0
/dev18500/demods/2/sample.dio,279909534125056,3942,1073750016.0
/dev18500/demods/2/sample.dio,279909534183424,3943,0.0
/dev18500/demods/2/sample.dio,279909534241792,3944,0.0
/dev18500/demods/2/sample.dio,279909534300160,3945,1048576.0
/dev18500/demods/2/sample.dio,279909534358528,3946,3221225664.0
/dev18500/demods/2/sample.dio,279909534416896,3947,1073741824.0
/dev18500/demods/2/sample.dio,279909534475264,3948,0.0
/dev18500/demods/2/sample.dio,279909534533632,3949,0.0
/dev18500/demods/2/sample.dio,279909534592000,3950,3221225472.0
/dev18500/demods/2/sample.dio,279909534650368,3951,3221225664.0
/dev18500/demods/2/sample.dio,279909534708736,3952,1073741824.0
/dev18500/demods/2/sample.dio,279909534767104,3953,0.0
/dev18500/demods/2/sample.dio,279909534825472,3954,0.0
/dev18500/demods/2/sample.dio,279909534883840,3955,3221225472.0
/dev18500/demods/2/sample.dio,279909534942208,3956,1073742016.0
/dev18500/demods/2/sample.dio,279909535000576,3957,1073741824.0
/dev18500/demods/2/sample.dio,279909535058944,3958,0.0
/dev18500/demods/2/sample.dio,279909535117312,3959,0.0
/dev18500/demods/2/sample.dio,279909535175680,3960,3222274240.0
/dev18500/demods/2/sample.dio,279909535234048,3961,3221225664.0
/dev18500/demods/2/sample.dio,279909535292416,3962,0.0
/dev18500/demods/2/sample.dio,279909535350784,3963,0.0
/dev18500/demods/2/sample.dio,279909535409152,3964,0.0
/dev18500/demods/2/sample.dio,279909535467520,3965,3222274240.0
/dev18500/demods/2/sample.dio,279909535525888,3966,1073742016.0
/dev18500/demods/2/sample.dio,279909535584256,3967,8192.0
/dev18500/demods/2/sample.dio,279909535642624,3968,0.0
/dev18500/demods/2/sample.dio,279909535700992,3969,1048576.0
/dev18500/demods/2/sample.dio,279909535759360,3970,3221225664.0
/dev18500/demods/2/sample.dio,279909535817728,3971,1073741888.0
/dev18500/demods/2/sample.dio,279909535876096,3972,0.0
/dev18500/demods/2/sample.dio,279909535934464,3973,0.0
/dev18500/demods/2/sample.dio,279909535992832,3974,3222274048.0
/dev18500/demods/2/sample.dio,279909536051200,3975,3222274240.0
/dev18500/demods/2/sample.dio,279909536109568,3976,1073741824.0
/dev18500/demods/2/sample.dio,279909536167936,3977,0.0
/dev18500/demods/2/sample.dio,279909536226304,3978,0.0
/dev18500/demods/2/sample.dio,279909536284672,3979,1048576.0
/dev18500/demods/2/sample.dio,279909536343040,3980,3221225664.0
/dev18500/demods/2/sample.dio,279909536401408,3981,1073741824.0
/dev18500/demods/2/sample.dio,279909536459776,3982,0.0
/dev18500/demods/2/sample.dio,279909536518144,3983,0.0
/dev18500/demods/2/sample.dio,279909536576512,3984,3222274240.0
/dev18500/demods/2/sample.dio,279909536634880,3985,3221225664.0
/dev18500/demods/2/sample.dio,279909536693248,3986,1073741824.0
/dev18500/demods/2/sample.dio,279909536751616,3987,0.0
/dev18500/demods/2/sample.dio,279909536809984,3988,0.0
/dev18500/demods/2/sample.dio,279909536868352,3989,3222274240.0
/dev18500/demods/2/sample.dio,279909536926720,3990,1073742016.0
/dev18500/demods/2/sample.dio,279909536985088,3991,1073741824.0
/dev18500/demods/2/sample.dio,279909537043456,3992,0.0
/dev18500/demods/2/sample.dio,279909537101824,3993,0.0
/dev18500/demods/2/sample.dio,279909537160192,3994,3222274240.0
/dev18500/demods/2/sample.dio,279909537218560,3995,1073742016.0
/dev18500/demods/2/sample.dio,279909537276928,3996,0.0
/dev18500/demods/2/sample.dio,279909537335296,3997,0.0
/dev18500/demods/2/sample.dio,279909537393664,3998,1048576.0
/dev18500/demods/2/sample.dio,279909537452032,3999,3222274240.0
/dev18500/demods/2/sample.dio,279909537510400,4000,1073741888.0
/dev18500/demods/2/sample.dio,279909537568768,4001,0.0
/dev18500/demods/2/sample.dio,279909537627136,4002,0.0
/dev18500/demods/2/sample.dio,279909537685504,4003,0.0
/dev18500/demods/2/sample.dio,279909537743872,4004,3221225664.0
/dev18500/demods/2/sample.dio,279909537802240,4005,1073741824.0
/dev18500/demods/2/sample.dio,279909537860608,4006,0.0
/dev18500/demods/2/sample.dio,279909537918976,4007,0.0
/dev18500/demods/2/sample.dio,279909537977344,4008,3222274048.0
/dev18500/demods/2/sample.dio,279909538035712,4009,3221242048.0
/dev18500/demods/2/sample.dio,279909538094080,4010,1073741824.0
/dev18500/demods/2/sample.dio,279909538152448,4011,0.0
/dev18500/demods/2/sample.dio,279909538210816,4012,0.0
/dev18500/demods/2/sample.dio,279909538269184,4013,1073741824.0
/dev18500/demods/2/sample.dio,279909538327552,4014,3221233856.0
/dev18500/demods/2/sample.dio,279909538385920,4015,1073741824.0
/dev18500/demods/2/sample.dio,279909538444288,4016,0.0
/dev18500/demods/2/sample.dio,279909538502656,4017,0.0
/dev18500/demods/2/sample.dio,279909538561024,4018,3222274112.0
/dev18500/demods/2/sample.dio,279909538619392,4019,3221225664.0
/dev18500/demods/2/sample.dio,279909538677760,4020,1073741824.0
/dev18500/demods/2/sample.dio,279909538736128,4021,0.0
/dev18500/demods/2/sample.dio,279909538794496,4022,1048576.0
/dev18500/demods/2/sample.dio,279909538852864,4023,3222290624.0
/dev18500/demods/2/sample.dio,279909538911232,4024,1073741888.0
/dev18500/demods/2/sample.dio,279909538969600,4025,1073750016.0
/dev18500/demods/2/sample.dio,279909539027968,4026,0.0
/dev18500/demods/2/sample.dio,279909539086336,4027,0.0
/dev18500/demods/2/sample.dio,279909539144704,4028,3222274240.0
/dev18500/demods/2/sample.dio,279909539203072,4029,1073741888.0
/dev18500/demods/2/sample.dio,279909539261440,4030,0.0
/dev18500/demods/2/sample.dio,279909539319808,4031,0.0
/dev18500/demods/2/sample.dio,279909539378176,4032,1074790400.0
/dev18500/demods/2/sample.dio,279909539436544,4033,3222274240.0
/dev18500/demods/2/sample.dio,279909539494912,4034,1073741824.0
/dev18500/demods/2/sample.dio,279909539553280,4035,0.0
/dev18500/demods/2/sample.dio,279909539611648,4036,0.0
/dev18500/demods/2/sample.dio,279909539670016,4037,1048576.0
/dev18500/demods/2/sample.dio,279909539728384,4038,3221225664.0
/dev18500/demods/2/sample.dio,279909539786752,4039,1073741824.0
/dev18500/demods/2/sample.dio,279909539845120,4040,0.0
/dev18500/demods/2/sample.dio,279909539903488,4041,0.0
/dev18500/demods/2/sample.dio,279909539961856,4042,3222274112.0
/dev18500/demods/2/sample.dio,279909540020224,4043,3221225664.0
/dev18500/demods/2/sample.dio,279909540078592,4044,1073741824.0
/dev18500/demods/2/sample.dio,279909540136960,4045,0.0
/dev18500/demods/2/sample.dio,279909540195328,4046,0.0
/dev18500/demods/2/sample.dio,279909540253696,4047,3222274112.0
/dev18500/demods/2/sample.dio,279909540312064,4048,3221225664.0
/dev18500/demods/2/sample.dio,279909540370432,4049,1073741824.0
/dev18500/demods/2/sample.dio,279909540428800,4050,0.0
/dev18500/demods/2/sample.dio,279909540487168,4051,0.0
/dev18500/demods/2/sample.dio,279909540545536,4052,3222274240.0
/dev18500/demods/2/sample.dio,279909540603904,4053,1073742016.0
/dev18500/demods/2/sample.dio,279909540662272,4054,1073741824.0
/dev18500/demods/2/sample.dio,279909540720640,4055,0.0
/dev18500/demods/2/sample.dio,279909540779008,4056,1048576.0
/dev18500/demods/2/sample.dio,279909540837376,4057,3222274240.0
/dev18500/demods/2/sample.dio,279909540895744,4058,1073741888.0
/dev18500/demods/2/sample.dio,279909540954112,4059,0.0
/dev18500/demods/2/sample.dio,279909541012480,4060,0.0
/dev18500/demods/2/sample.dio,279909541070848,4061,1048576.0
/dev18500/demods/2/sample.dio,279909541129216,4062,3222274240.0
/dev18500/demods/2/sample.dio,279909541187584,4063,1073742016.0
/dev18500/demods/2/sample.dio,279909541245952,4064,0.0
/dev18500/demods/2/sample.dio,279909541304320,4065,0.0
/dev18500/demods/2/sample.dio,279909541362688,4066,3221225472.0
/dev18500/demods/2/sample.dio,279909541421056,4067,3221225664.0
/dev18500/demods/2/sample.dio,279909541479424,4068,1073741824.0
/dev18500/demods/2/sample.dio,279909541537792,4069,0.0
/dev18500/demods/2/sample.dio,279909541596160,4070,0.0
/dev18500/demods/2/sample.dio,279909541654528,4071,3222274048.0
/dev18500/demods/2/sample.dio,279909541712896,4072,3221233856.0
/dev18500/demods/2/sample.dio,279909541771264,4073,1073741824.0
/dev18500/demods/2/sample.dio,279909541829632,4074,0.0
/dev18500/demods/2/sample.dio,279909541888000,4075,0.0
/dev18500/demods/2/sample.dio,279909541946368,4076,3221225536.0
/dev18500/demods/2/sample.dio,279909542004736,4077,3221225664.0
/dev18500/demods/2/sample.dio,279909542063104,4078,0.0
/dev18500/demods/2/sample.dio,279909542121472,4079,0.0
/dev18500/demods/2/sample.dio,279909542179840,4080,1048576.0
/dev18500/demods/2/sample.dio,279909542238208,4081,3222274112.0
/dev18500/demods/2/sample.dio,279909542296576,4082,1073742016.0
/dev18500/demods/2/sample.dio,279909542354944,4083,1073741824.0
/dev18500/demods/2/sample.dio,279909542413312,4084,0.0
/dev18500/demods/2/sample.dio,279909542471680,4085,0.0
/dev18500/demods/2/sample.dio,279909542530048,4086,3222290624.0
/dev18500/demods/2/sample.dio,279909542588416,4087,1073742016.0
/dev18500/demods/2/sample.dio,279909542646784,4088,0.0
/dev18500/demods/2/sample.dio,279909542705152,4089,0.0
/dev18500/demods/2/sample.dio,279909542763520,4090,1048576.0
/dev18500/demods/2/sample.dio,279909542821888,4091,3222274240.0
/dev18500/demods/2/sample.dio,279909542880256,4092,1073741824.0
/dev18500/demods/2/sample.dio,279909542938624,4093,0.0
/dev18500/demods/2/sample.dio,279909542996992,4094,0.0
/dev18500/demods/2/sample.dio,279909543055360,4095,1048576.0
/dev18500/demods/2/sample.dio,279909543113728,4096,3221225664.0
/dev18500/demods/2/sample.dio,279909543172096,4097,1073741824.0
/dev18500/demods/2/sample.dio,279909543230464,4098,0.0
/dev18500/demods/2/sample.dio,279909543288832,4099,0.0
/dev18500/demods/2/sample.dio,279909543347200,4100,3222274112.0
/dev18500/demods/2/sample.dio,279909543405568,4101,3221225664.0
/dev18500/demods/2/sample.dio,279909543463936,4102,1073741824.0
/dev18500/demods/2/sample.dio,279909543522304,4103,0.0
/dev18500/demods/2/sample.dio,279909543580672,4104,0.0
/dev18500/demods/2/sample.dio,279909543639040,4105,1074790400.0
/dev18500/demods/2/sample.dio,279909543697408,4106,3221225664.0
/dev18500/demods/2/sample.dio,279909543755776,4107,1073741824.0
/dev18500/demods/2/sample.dio,279909543814144,4108,0.0
/dev18500/demods/2/sample.dio,279909543872512,4109,0.0
/dev18500/demods/2/sample.dio,279909543930880,4110,3222274240.0
/dev18500/demods/2/sample.dio,279909543989248,4111,3221225664.0
/dev18500/demods/2/sample.dio,279909544047616,4112,1073741824.0
/dev18500/demods/2/sample.dio,279909544105984,4113,0.0
/dev18500/demods/2/sample.dio,279909544164352,4114,0.0
/dev18500/demods/2/sample.dio,279909544222720,4115,3221225664.0
/dev18500/demods/2/sample.dio,279909544281088,4116,1073741824.0
/dev18500/demods/2/sample.dio,279909544339456,4117,1073741824.0
/dev18500/demods/2/sample.dio,279909544397824,4118,0.0
/dev18500/demods/2/sample.dio,279909544456192,4119,1048576.0
/dev18500/demods/2/sample.dio,279909544514560,4120,3221225664.0
/dev18500/demods/2/sample.dio,279909544572928,4121,1073742016.0
/dev18500/demods/2/sample.dio,279909544631296,4122,0.0
/dev18500/demods/2/sample.dio,279909544689664,4123,0.0
/dev18500/demods/2/sample.dio,279909544748032,4124,1074790400.0
/dev18500/demods/2/sample.dio,279909544806400,4125,3221225664.0
/dev18500/demods/2/sample.dio,279909544864768,4126,1073741824.0
/dev18500/demods/2/sample.dio,279909544923136,4127,0.0
/dev18500/demods/2/sample.dio,279909544981504,4128,0.0
/dev18500/demods/2/sample.dio,279909545039872,4129,1073741824.0
/dev18500/demods/2/sample.dio,279909545098240,4130,3221225664.0
/dev18500/demods/2/sample.dio,279909545156608,4131,1073741824.0
/dev18500/demods/2/sample.dio,279909545214976,4132,0.0
/dev18500/demods/2/sample.dio,279909545273344,4133,0.0
/dev18500/demods/2/sample.dio,279909545331712,4134,3222290496.0
/dev18500/demods/2/sample.dio,279909545390080,4135,3221225664.0
/dev18500/demods/2/sample.dio,279909545448448,4136,1073741824.0
/dev18500/demods/2/sample.dio,279909545506816,4137,0.0
/dev18500/demods/2/sample.dio,279909545565184,4138,0.0
/dev18500/demods/2/sample.dio,279909545623552,4139,3222274048.0
/dev18500/demods/2/sample.dio,279909545681920,4140,1073742016.0
/dev18500/demods/2/sample.dio,279909545740288,4141,1073750016.0
/dev18500/demods/2/sample.dio,279909545798656,4142,0.0
/dev18500/demods/2/sample.dio,279909545857024,4143,0.0
/dev18500/demods/2/sample.dio,279909545915392,4144,3222274240.0
/dev18500/demods/2/sample.dio,279909545973760,4145,3221225664.0
/dev18500/demods/2/sample.dio,279909546032128,4146,0.0
/dev18500/demods/2/sample.dio,279909546090496,4147,0.0
/dev18500/demods/2/sample.dio,279909546148864,4148,1048576.0
/dev18500/demods/2/sample.dio,279909546207232,4149,3222274240.0
/dev18500/demods/2/sample.dio,279909546265600,4150,1073750208.0
/dev18500/demods/2/sample.dio,279909546323968,4151,0.0
/dev18500/demods/2/sample.dio,279909546382336,4152,0.0
/dev18500/demods/2/sample.dio,279909546440704,4153,1048576.0
/dev18500/demods/2/sample.dio,279909546499072,4154,3221225664.0
/dev18500/demods/2/sample.dio,279909546557440,4155,1073741888.0
/dev18500/demods/2/sample.dio,279909546615808,4156,0.0
/dev18500/demods/2/sample.dio,279909546674176,4157,0.0
/dev18500/demods/2/sample.dio,279909546732544,4158,3222274048.0
/dev18500/demods/2/sample.dio,279909546790912,4159,3222274240.0
/dev18500/demods/2/sample.dio,279909546849280,4160,1073741824.0
/dev18500/demods/2/sample.dio,279909546907648,4161,0.0
/dev18500/demods/2/sample.dio,279909546966016,4162,0.0
/dev18500/demods/2/sample.dio,279909547024384,4163,1074790400.0
/dev18500/demods/2/sample.dio,279909547082752,4164,3221225664.0
/dev18500/demods/2/sample.dio,279909547141120,4165,1073741824.0
/dev18500/demods/2/sample.dio,279909547199488,4166,0.0
/dev18500/demods/2/sample.dio,279909547257856,4167,0.0
/dev18500/demods/2/sample.dio,279909547316224,4168,3222274240.0
/dev18500/demods/2/sample.dio,279909547374592,4169,3221225664.0
/dev18500/demods/2/sample.dio,279909547432960,4170,1073741824.0
/dev18500/demods/2/sample.dio,279909547491328,4171,0.0
/dev18500/demods/2/sample.dio,279909547549696,4172,0.0
/dev18500/demods/2/sample.dio,279909547608064,4173,3222290624.0
/dev18500/demods/2/sample.dio,279909547666432,4174,3221225664.0
/dev18500/demods/2/sample.dio,279909547724800,4175,1073741824.0
/dev18500/demods/2/sample.dio,279909547783168,4176,0.0
/dev18500/demods/2/sample.dio,279909547841536,4177,0.0
/dev18500/demods/2/sample.dio,279909547899904,4178,3222274240.0
/dev18500/demods/2/sample.dio,279909547958272,4179,1073742016.0
/dev18500/demods/2/sample.dio,279909548016640,4180,0.0
/dev18500/demods/2/sample.dio,279909548075008,4181,0.0
/dev18500/demods/2/sample.dio,279909548133376,4182,1048576.0
/dev18500/demods/2/sample.dio,279909548191744,4183,3222274240.0
/dev18500/demods/2/sample.dio,279909548250112,4184,1073741824.0
/dev18500/demods/2/sample.dio,279909548308480,4185,0.0
/dev18500/demods/2/sample.dio,279909548366848,4186,0.0
/dev18500/demods/2/sample.dio,279909548425216,4187,0.0
/dev18500/demods/2/sample.dio,279909548483584,4188,3221233856.0
/dev18500/demods/2/sample.dio,279909548541952,4189,1073741824.0
/dev18500/demods/2/sample.dio,279909548600320,4190,0.0
/dev18500/demods/2/sample.dio,279909548658688,4191,0.0
/dev18500/demods/2/sample.dio,279909548717056,4192,3222274112.0
/dev18500/demods/2/sample.dio,279909548775424,4193,3221233856.0
/dev18500/demods/2/sample.dio,279909548833792,4194,1073741824.0
/dev18500/demods/2/sample.dio,279909548892160,4195,0.0
/dev18500/demods/2/sample.dio,279909548950528,4196,0.0
/dev18500/demods/2/sample.dio,279909549008896,4197,3222274048.0
/dev18500/demods/2/sample.dio,279909549067264,4198,3221225664.0
/dev18500/demods/2/sample.dio,279909549125632,4199,1073741824.0
/dev18500/demods/2/sample.dio,279909549184000,4200,0.0
/dev18500/demods/2/sample.dio,279909549242368,4201,0.0
/dev18500/demods/2/sample.dio,279909549300736,4202,3222274240.0
/dev18500/demods/2/sample.dio,279909549359104,4203,3221225664.0
/dev18500/demods/2/sample.dio,279909549417472,4204,0.0
/dev18500/demods/2/sample.dio,279909549475840,4205,0.0
/dev18500/demods/2/sample.dio,279909549534208,4206,1064960.0
/dev18500/demods/2/sample.dio,279909549592576,4207,3222274240.0
/dev18500/demods/2/sample.dio,279909549650944,4208,1073741888.0
/dev18500/demods/2/sample.dio,279909549709312,4209,0.0
/dev18500/demods/2/sample.dio,279909549767680,4210,0.0
/dev18500/demods/2/sample.dio,279909549826048,4211,1048576.0
/dev18500/demods/2/sample.dio,279909549884416,4212,3222274240.0
/dev18500/demods/2/sample.dio,279909549942784,4213,1073741888.0
/dev18500/demods/2/sample.dio,279909550001152,4214,0.0
/dev18500/demods/2/sample.dio,279909550059520,4215,0.0
/dev18500/demods/2/sample.dio,279909550117888,4216,1074790400.0
/dev18500/demods/2/sample.dio,279909550176256,4217,3222274240.0
/dev18500/demods/2/sample.dio,279909550234624,4218,1073741824.0
/dev18500/demods/2/sample.dio,279909550292992,4219,0.0
/dev18500/demods/2/sample.dio,279909550351360,4220,0.0
/dev18500/demods/2/sample.dio,279909550409728,4221,1073741824.0
/dev18500/demods/2/sample.dio,279909550468096,4222,3221225664.0
/dev18500/demods/2/sample.dio,279909550526464,4223,1073741824.0
/dev18500/demods/2/sample.dio,279909550584832,4224,0.0
/dev18500/demods/2/sample.dio,279909550643200,4225,0.0
/dev18500/demods/2/sample.dio,279909550701568,4226,3222274112.0
/dev18500/demods/2/sample.dio,279909550759936,4227,3221225664.0
/dev18500/demods/2/sample.dio,279909550818304,4228,1073741824.0
/dev18500/demods/2/sample.dio,279909550876672,4229,0.0
/dev18500/demods/2/sample.dio,279909550935040,4230,0.0
/dev18500/demods/2/sample.dio,279909550993408,4231,3222274112.0
/dev18500/demods/2/sample.dio,279909551051776,4232,1073742016.0
/dev18500/demods/2/sample.dio,279909551110144,4233,1073741824.0
/dev18500/demods/2/sample.dio,279909551168512,4234,0.0
/dev18500/demods/2/sample.dio,279909551226880,4235,0.0
/dev18500/demods/2/sample.dio,279909551285248,4236,3221225664.0
/dev18500/demods/2/sample.dio,279909551343616,4237,3221225664.0
/dev18500/demods/2/sample.dio,279909551401984,4238,0.0
/dev18500/demods/2/sample.dio,279909551460352,4239,0.0
/dev18500/demods/2/sample.dio,279909551518720,4240,1048576.0
/dev18500/demods/2/sample.dio,279909551577088,4241,3221225664.0
/dev18500/demods/2/sample.dio,279909551635456,4242,1073741824.0
/dev18500/demods/2/sample.dio,279909551693824,4243,0.0
/dev18500/demods/2/sample.dio,279909551752192,4244,0.0
/dev18500/demods/2/sample.dio,279909551810560,4245,1048576.0
/dev18500/demods/2/sample.dio,279909551868928,4246,3221225664.0
/dev18500/demods/2/sample.dio,279909551927296,4247,1073741824.0
/dev18500/demods/2/sample.dio,279909551985664,4248,0.0
/dev18500/demods/2/sample.dio,279909552044032,4249,0.0
/dev18500/demods/2/sample.dio,279909552102400,4250,3221225536.0
/dev18500/demods/2/sample.dio,279909552160768,4251,3221225664.0
/dev18500/demods/2/sample.dio,279909552219136,4252,1073750016.0
/dev18500/demods/2/sample.dio,279909552277504,4253,0.0
/dev18500/demods/2/sample.dio,279909552335872,4254,16384.0
/dev18500/demods/2/sample.dio,279909552394240,4255,0.0
/dev18500/demods/2/sample.dio,279909552452608,4256,3221233856.0
/dev18500/demods/2/sample.dio,279909552510976,4257,1073741824.0
/dev18500/demods/2/sample.dio,279909552569344,4258,0.0
/dev18500/demods/2/sample.dio,279909552627712,4259,0.0
/dev18500/demods/2/sample.dio,279909552686080,4260,3222274240.0
/dev18500/demods/2/sample.dio,279909552744448,4261,3221225664.0
/dev18500/demods/2/sample.dio,279909552802816,4262,0.0
/dev18500/demods/2/sample.dio,279909552861184,4263,0.0
/dev18500/demods/2/sample.dio,279909552919552,4264,0.0
/dev18500/demods/2/sample.dio,279909552977920,4265,3222274240.0
/dev18500/demods/2/sample.dio,279909553036288,4266,1073742016.0
/dev18500/demods/2/sample.dio,279909553094656,4267,1073750016.0
/dev18500/demods/2/sample.dio,279909553153024,4268,0.0
/dev18500/demods/2/sample.dio,279909553211392,4269,0.0
/dev18500/demods/2/sample.dio,279909553269760,4270,3222274240.0
/dev18500/demods/2/sample.dio,279909553328128,4271,1073742016.0
/dev18500/demods/2/sample.dio,279909553386496,4272,0.0
/dev18500/demods/2/sample.dio,279909553444864,4273,0.0
/dev18500/demods/2/sample.dio,279909553503232,4274,1048576.0
/dev18500/demods/2/sample.dio,279909553561600,4275,3222274240.0
/dev18500/demods/2/sample.dio,279909553619968,4276,1073741824.0
/dev18500/demods/2/sample.dio,279909553678336,4277,0.0
/dev18500/demods/2/sample.dio,279909553736704,4278,0.0
/dev18500/demods/2/sample.dio,279909553795072,4279,1048576.0
/dev18500/demods/2/sample.dio,279909553853440,4280,3221225664.0
/dev18500/demods/2/sample.dio,279909553911808,4281,1073741824.0
/dev18500/demods/2/sample.dio,279909553970176,4282,0.0
/dev18500/demods/2/sample.dio,279909554028544,4283,0.0
/dev18500/demods/2/sample.dio,279909554086912,4284,3222274240.0
/dev18500/demods/2/sample.dio,279909554145280,4285,3221225664.0
/dev18500/demods/2/sample.dio,279909554203648,4286,1073741824.0
/dev18500/demods/2/sample.dio,279909554262016,4287,0.0
/dev18500/demods/2/sample.dio,279909554320384,4288,0.0
/dev18500/demods/2/sample.dio,279909554378752,4289,3222274048.0
/dev18500/demods/2/sample.dio,279909554437120,4290,1073742016.0
/dev18500/demods/2/sample.dio,279909554495488,4291,1073741824.0
/dev18500/demods/2/sample.dio,279909554553856,4292,0.0
/dev18500/demods/2/sample.dio,279909554612224,4293,0.0
/dev18500/demods/2/sample.dio,279909554670592,4294,3222274240.0
/dev18500/demods/2/sample.dio,279909554728960,4295,3221225664.0
/dev18500/demods/2/sample.dio,279909554787328,4296,0.0
/dev18500/demods/2/sample.dio,279909554845696,4297,0.0
/dev18500/demods/2/sample.dio,279909554904064,4298,1048576.0
/dev18500/demods/2/sample.dio,279909554962432,4299,3222274240.0
/dev18500/demods/2/sample.dio,279909555020800,4300,1073741824.0
/dev18500/demods/2/sample.dio,279909555079168,4301,0.0
/dev18500/demods/2/sample.dio,279909555137536,4302,0.0
/dev18500/demods/2/sample.dio,279909555195904,4303,0.0
/dev18500/demods/2/sample.dio,279909555254272,4304,3221225664.0
/dev18500/demods/2/sample.dio,279909555312640,4305,1073742016.0
/dev18500/demods/2/sample.dio,279909555371008,4306,0.0
/dev18500/demods/2/sample.dio,279909555429376,4307,0.0
/dev18500/demods/2/sample.dio,279909555487744,4308,3221225472.0
/dev18500/demods/2/sample.dio,279909555546112,4309,3221225664.0
/dev18500/demods/2/sample.dio,279909555604480,4310,1073741824.0
/dev18500/demods/2/sample.dio,279909555662848,4311,0.0
/dev18500/demods/2/sample.dio,279909555721216,4312,0.0
/dev18500/demods/2/sample.dio,279909555779584,4313,3221241856.0
/dev18500/demods/2/sample.dio,279909555837952,4314,3221225664.0
/dev18500/demods/2/sample.dio,279909555896320,4315,1073750016.0
/dev18500/demods/2/sample.dio,279909555954688,4316,0.0
/dev18500/demods/2/sample.dio,279909556013056,4317,0.0
/dev18500/demods/2/sample.dio,279909556071424,4318,3221225664.0
/dev18500/demods/2/sample.dio,279909556129792,4319,3221225664.0
/dev18500/demods/2/sample.dio,279909556188160,4320,0.0
/dev18500/demods/2/sample.dio,279909556246528,4321,0.0
/dev18500/demods/2/sample.dio,279909556304896,4322,1048576.0
/dev18500/demods/2/sample.dio,279909556363264,4323,3222290496.0
/dev18500/demods/2/sample.dio,279909556421632,4324,1073742016.0
/dev18500/demods/2/sample.dio,279909556480000,4325,0.0
/dev18500/demods/2/sample.dio,279909556538368,4326,0.0
/dev18500/demods/2/sample.dio,279909556596736,4327,0.0
/dev18500/demods/2/sample.dio,279909556655104,4328,3222274240.0
/dev18500/demods/2/sample.dio,279909556713472,4329,1073742016.0
/dev18500/demods/2/sample.dio,279909556771840,4330,0.0
/dev18500/demods/2/sample.dio,279909556830208,4331,0.0
/dev18500/demods/2/sample.dio,279909556888576,4332,1048576.0
/dev18500/demods/2/sample.dio,279909556946944,4333,3222274240.0
/dev18500/demods/2/sample.dio,279909557005312,4334,1073741888.0
/dev18500/demods/2/sample.dio,279909557063680,4335,0.0
/dev18500/demods/2/sample.dio,279909557122048,4336,0.0
/dev18500/demods/2/sample.dio,279909557180416,4337,1048576.0
/dev18500/demods/2/sample.dio,279909557238784,4338,3221225664.0
/dev18500/demods/2/sample.dio,279909557297152,4339,1073741824.0
/dev18500/demods/2/sample.dio,279909557355520,4340,0.0
/dev18500/demods/2/sample.dio,279909557413888,4341,0.0
/dev18500/demods/2/sample.dio,279909557472256,4342,3221225536.0
/dev18500/demods/2/sample.dio,279909557530624,4343,3221225664.0
/dev18500/demods/2/sample.dio,279909557588992,4344,1073741824.0
/dev18500/demods/2/sample.dio,279909557647360,4345,0.0
/dev18500/demods/2/sample.dio,279909557705728,4346,0.0
/dev18500/demods/2/sample.dio,279909557764096,4347,3222274112.0
/dev18500/demods/2/sample.dio,279909557822464,4348,1073750208.0
/dev18500/demods/2/sample.dio,279909557880832,4349,1073741824.0
/dev18500/demods/2/sample.dio,279909557939200,4350,0.0
/dev18500/demods/2/sample.dio,279909557997568,4351,0.0
/dev18500/demods/2/sample.dio,279909558055936,4352,3222274240.0
/dev18500/demods/2/sample.dio,279909558114304,4353,3221225664.0
/dev18500/demods/2/sample.dio,279909558172672,4354,0.0
/dev18500/demods/2/sample.dio,279909558231040,4355,0.0
/dev18500/demods/2/sample.dio,279909558289408,4356,0.0
/dev18500/demods/2/sample.dio,279909558347776,4357,3222290624.0
/dev18500/demods/2/sample.dio,279909558406144,4358,1073741824.0
/dev18500/demods/2/sample.dio,279909558464512,4359,0.0
/dev18500/demods/2/sample.dio,279909558522880,4360,0.0
/dev18500/demods/2/sample.dio,279909558581248,4361,1048576.0
/dev18500/demods/2/sample.dio,279909558639616,4362,3221225664.0
/dev18500/demods/2/sample.dio,279909558697984,4363,1073742016.0
/dev18500/demods/2/sample.dio,279909558756352,4364,0.0
/dev18500/demods/2/sample.dio,279909558814720,4365,0.0
/dev18500/demods/2/sample.dio,279909558873088,4366,3222274048.0
/dev18500/demods/2/sample.dio,279909558931456,4367,3221225664.0
/dev18500/demods/2/sample.dio,279909558989824,4368,1073741824.0
/dev18500/demods/2/sample.dio,279909559048192,4369,0.0
/dev18500/demods/2/sample.dio,279909559106560,4370,0.0
/dev18500/demods/2/sample.dio,279909559164928,4371,3221225472.0
/dev18500/demods/2/sample.dio,279909559223296,4372,3221225664.0
/dev18500/demods/2/sample.dio,279909559281664,4373,1073750016.0
/dev18500/demods/2/sample.dio,279909559340032,4374,0.0
/dev18500/demods/2/sample.dio,279909559398400,4375,0.0
/dev18500/demods/2/sample.dio,279909559456768,4376,3222274240.0
/dev18500/demods/2/sample.dio,279909559515136,4377,3221225664.0
/dev18500/demods/2/sample.dio,279909559573504,4378,1073741824.0
/dev18500/demods/2/sample.dio,279909559631872,4379,0.0
/dev18500/demods/2/sample.dio,279909559690240,4380,0.0
/dev18500/demods/2/sample.dio,279909559748608,4381,3222274112.0
/dev18500/demods/2/sample.dio,279909559806976,4382,1073742016.0
/dev18500/demods/2/sample.dio,279909559865344,4383,1073741824.0
/dev18500/demods/2/sample.dio,279909559923712,4384,0.0
/dev18500/demods/2/sample.dio,279909559982080,4385,0.0
/dev18500/demods/2/sample.dio,279909560040448,4386,3222274240.0
/dev18500/demods/2/sample.dio,279909560098816,4387,1073742016.0
/dev18500/demods/2/sample.dio,279909560157184,4388,0.0
/dev18500/demods/2/sample.dio,279909560215552,4389,0.0
/dev18500/demods/2/sample.dio,279909560273920,4390,1048576.0
/dev18500/demods/2/sample.dio,279909560332288,4391,3222274240.0
/dev18500/demods/2/sample.dio,279909560390656,4392,1073741824.0
/dev18500/demods/2/sample.dio,279909560449024,4393,0.0
/dev18500/demods/2/sample.dio,279909560507392,4394,0.0
/dev18500/demods/2/sample.dio,279909560565760,4395,1048576.0
/dev18500/demods/2/sample.dio,279909560624128,4396,3221225664.0
/dev18500/demods/2/sample.dio,279909560682496,4397,1073741824.0
/dev18500/demods/2/sample.dio,279909560740864,4398,0.0
/dev18500/demods/2/sample.dio,279909560799232,4399,0.0
/dev18500/demods/2/sample.dio,279909560857600,4400,3222274112.0
/dev18500/demods/2/sample.dio,279909560915968,4401,3221225664.0
/dev18500/demods/2/sample.dio,279909560974336,4402,1073741824.0
/dev18500/demods/2/sample.dio,279909561032704,4403,0.0
/dev18500/demods/2/sample.dio,279909561091072,4404,0.0
/dev18500/demods/2/sample.dio,279909561149440,4405,3222274048.0
/dev18500/demods/2/sample.dio,279909561207808,4406,3221225664.0
/dev18500/demods/2/sample.dio,279909561266176,4407,1073741824.0
/dev18500/demods/2/sample.dio,279909561324544,4408,0.0
/dev18500/demods/2/sample.dio,279909561382912,4409,0.0
/dev18500/demods/2/sample.dio,279909561441280,4410,3222274240.0
/dev18500/demods/2/sample.dio,279909561499648,4411,3221233856.0
/dev18500/demods/2/sample.dio,279909561558016,4412,0.0
/dev18500/demods/2/sample.dio,279909561616384,4413,0.0
/dev18500/demods/2/sample.dio,279909561674752,4414,0.0
/dev18500/demods/2/sample.dio,279909561733120,4415,3222290624.0
/dev18500/demods/2/sample.dio,279909561791488,4416,1073741824.0
/dev18500/demods/2/sample.dio,279909561849856,4417,0.0
/dev18500/demods/2/sample.dio,279909561908224,4418,0.0
/dev18500/demods/2/sample.dio,279909561966592,4419,0.0
/dev18500/demods/2/sample.dio,279909562024960,4420,3221225664.0
/dev18500/demods/2/sample.dio,279909562083328,4421,1073742016.0
/dev18500/demods/2/sample.dio,279909562141696,4422,0.0
/dev18500/demods/2/sample.dio,279909562200064,4423,0.0
/dev18500/demods/2/sample.dio,279909562258432,4424,3222274048.0
/dev18500/demods/2/sample.dio,279909562316800,4425,3221225664.0
/dev18500/demods/2/sample.dio,279909562375168,4426,1073750016.0
/dev18500/demods/2/sample.dio,279909562433536,4427,0.0
/dev18500/demods/2/sample.dio,279909562491904,4428,0.0
/dev18500/demods/2/sample.dio,279909562550272,4429,3221225472.0
/dev18500/demods/2/sample.dio,279909562608640,4430,3221233856.0
/dev18500/demods/2/sample.dio,279909562667008,4431,1073741824.0
/dev18500/demods/2/sample.dio,279909562725376,4432,0.0
/dev18500/demods/2/sample.dio,279909562783744,4433,0.0
/dev18500/demods/2/sample.dio,279909562842112,4434,3222290496.0
/dev18500/demods/2/sample.dio,279909562900480,4435,3221225664.0
/dev18500/demods/2/sample.dio,279909562958848,4436,1073741824.0
/dev18500/demods/2/sample.dio,279909563017216,4437,0.0
/dev18500/demods/2/sample.dio,279909563075584,4438,0.0
/dev18500/demods/2/sample.dio,279909563133952,4439,3222274240.0
/dev18500/demods/2/sample.dio,279909563192320,4440,1073742016.0
/dev18500/demods/2/sample.dio,279909563250688,4441,1073741824.0
/dev18500/demods/2/sample.dio,279909563309056,4442,0.0
/dev18500/demods/2/sample.dio,279909563367424,4443,0.0
/dev18500/demods/2/sample.dio,279909563425792,4444,3222274240.0
/dev18500/demods/2/sample.dio,279909563484160,4445,1073742016.0
/dev18500/demods/2/sample.dio,279909563542528,4446,0.0
/dev18500/demods/2/sample.dio,279909563600896,4447,0.0
/dev18500/demods/2/sample.dio,279909563659264,4448,1073741824.0
/dev18500/demods/2/sample.dio,279909563717632,4449,3222274240.0
/dev18500/demods/2/sample.dio,279909563776000,4450,1073750016.0
/dev18500/demods/2/sample.dio,279909563834368,4451,0.0
/dev18500/demods/2/sample.dio,279909563892736,4452,0.0
/dev18500/demods/2/sample.dio,279909563951104,4453,1048576.0
/dev18500/demods/2/sample.dio,279909564009472,4454,3221225664.0
/dev18500/demods/2/sample.dio,279909564067840,4455,1073741824.0
/dev18500/demods/2/sample.dio,279909564126208,4456,0.0
/dev18500/demods/2/sample.dio,279909564184576,4457,0.0
/dev18500/demods/2/sample.dio,279909564242944,4458,3221225536.0
/dev18500/demods/2/sample.dio,279909564301312,4459,3221225664.0
/dev18500/demods/2/sample.dio,279909564359680,4460,1073741824.0
/dev18500/demods/2/sample.dio,279909564418048,4461,0.0
/dev18500/demods/2/sample.dio,279909564476416,4462,0.0
/dev18500/demods/2/sample.dio,279909564534784,4463,3222274112.0
/dev18500/demods/2/sample.dio,279909564593152,4464,3221225664.0
/dev18500/demods/2/sample.dio,279909564651520,4465,1073741824.0
/dev18500/demods/2/sample.dio,279909564709888,4466,0.0
/dev18500/demods/2/sample.dio,279909564768256,4467,0.0
/dev18500/demods/2/sample.dio,279909564826624,4468,3221225664.0
/dev18500/demods/2/sample.dio,279909564884992,4469,3221225664.0
/dev18500/demods/2/sample.dio,279909564943360,4470,8192.0
/dev18500/demods/2/sample.dio,279909565001728,4471,0.0
/dev18500/demods/2/sample.dio,279909565060096,4472,1048576.0
/dev18500/demods/2/sample.dio,279909565118464,4473,3222274240.0
/dev18500/demods/2/sample.dio,279909565176832,4474,1073741824.0
/dev18500/demods/2/sample.dio,279909565235200,4475,0.0
/dev18500/demods/2/sample.dio,279909565293568,4476,0.0
/dev18500/demods/2/sample.dio,279909565351936,4477,0.0
/dev18500/demods/2/sample.dio,279909565410304,4478,3221225664.0
/dev18500/demods/2/sample.dio,279909565468672,4479,1073742016.0
/dev18500/demods/2/sample.dio,279909565527040,4480,0.0
/dev18500/demods/2/sample.dio,279909565585408,4481,0.0
/dev18500/demods/2/sample.dio,279909565643776,4482,3222274048.0
/dev18500/demods/2/sample.dio,279909565702144,4483,3221225664.0
/dev18500/demods/2/sample.dio,279909565760512,4484,1073741824.0
/dev18500/demods/2/sample.dio,279909565818880,4485,0.0
/dev18500/demods/2/sample.dio,279909565877248,4486,0.0
/dev18500/demods/2/sample.dio,279909565935616,4487,3221225472.0
/dev18500/demods/2/sample.dio,279909565993984,4488,3221225664.0
/dev18500/demods/2/sample.dio,279909566052352,4489,1073741824.0
/dev18500/demods/2/sample.dio,279909566110720,4490,0.0
/dev18500/demods/2/sample.dio,279909566169088,4491,0.0
/dev18500/demods/2/sample.dio,279909566227456,4492,3221242048.0
/dev18500/demods/2/sample.dio,279909566285824,4493,3221225664.0
/dev18500/demods/2/sample.dio,279909566344192,4494,0.0
/dev18500/demods/2/sample.dio,279909566402560,4495,0.0
/dev18500/demods/2/sample.dio,279909566460928,4496,0.0
/dev18500/demods/2/sample.dio,279909566519296,4497,3221225536.0
/dev18500/demods/2/sample.dio,279909566577664,4498,1073741888.0
/dev18500/demods/2/sample.dio,279909566636032,4499,1073741824.0
/dev18500/demods/2/sample.dio,279909566694400,4500,0.0
/dev18500/demods/2/sample.dio,279909566752768,4501,0.0
/dev18500/demods/2/sample.dio,279909566811136,4502,3221225664.0
/dev18500/demods/2/sample.dio,279909566869504,4503,1073742016.0
/dev18500/demods/2/sample.dio,279909566927872,4504,0.0
/dev18500/demods/2/sample.dio,279909566986240,4505,0.0
/dev18500/demods/2/sample.dio,279909567044608,4506,1048576.0
/dev18500/demods/2/sample.dio,279909567102976,4507,3222290624.0
/dev18500/demods/2/sample.dio,279909567161344,4508,1073741824.0
/dev18500/demods/2/sample.dio,279909567219712,4509,0.0
/dev18500/demods/2/sample.dio,279909567278080,4510,0.0
/dev18500/demods/2/sample.dio,279909567336448,4511,1048576.0
/dev18500/demods/2/sample.dio,279909567394816,4512,3221225664.0
/dev18500/demods/2/sample.dio,279909567453184,4513,1073741888.0
/dev18500/demods/2/sample.dio,279909567511552,4514,0.0
/dev18500/demods/2/sample.dio,279909567569920,4515,0.0
/dev18500/demods/2/sample.dio,279909567628288,4516,3222274112.0
/dev18500/demods/2/sample.dio,279909567686656,4517,3221225664.0
/dev18500/demods/2/sample.dio,279909567745024,4518,1073741824.0
/dev18500/demods/2/sample.dio,279909567803392,4519,0.0
/dev18500/demods/2/sample.dio,279909567861760,4520,0.0
/dev18500/demods/2/sample.dio,279909567920128,4521,3222274112.0
/dev18500/demods/2/sample.dio,279909567978496,4522,3221233856.0
/dev18500/demods/2/sample.dio,279909568036864,4523,1073741824.0
/dev18500/demods/2/sample.dio,279909568095232,4524,0.0
/dev18500/demods/2/sample.dio,279909568153600,4525,0.0
/dev18500/demods/2/sample.dio,279909568211968,4526,3221225664.0
/dev18500/demods/2/sample.dio,279909568270336,4527,3221225664.0
/dev18500/demods/2/sample.dio,279909568328704,4528,0.0
/dev18500/demods/2/sample.dio,279909568387072,4529,0.0
/dev18500/demods/2/sample.dio,279909568445440,4530,1048576.0
/dev18500/demods/2/sample.dio,279909568503808,4531,3222274240.0
/dev18500/demods/2/sample.dio,279909568562176,4532,1073741824.0
/dev18500/demods/2/sample.dio,279909568620544,4533,0.0
/dev18500/demods/2/sample.dio,279909568678912,4534,0.0
/dev18500/demods/2/sample.dio,279909568737280,4535,1048576.0
/dev18500/demods/2/sample.dio,279909568795648,4536,3222274240.0
/dev18500/demods/2/sample.dio,279909568854016,4537,1073741824.0
/dev18500/demods/2/sample.dio,279909568912384,4538,0.0
/dev18500/demods/2/sample.dio,279909568970752,4539,0.0
/dev18500/demods/2/sample.dio,279909569029120,4540,3221225536.0
/dev18500/demods/2/sample.dio,279909569087488,4541,3221225664.0
/dev18500/demods/2/sample.dio,279909569145856,4542,1073741824.0
/dev18500/demods/2/sample.dio,279909569204224,4543,0.0
/dev18500/demods/2/sample.dio,279909569262592,4544,0.0
/dev18500/demods/2/sample.dio,279909569320960,4545,1048576.0
/dev18500/demods/2/sample.dio,279909569379328,4546,3221225664.0
/dev18500/demods/2/sample.dio,279909569437696,4547,1073741824.0
/dev18500/demods/2/sample.dio,279909569496064,4548,0.0
/dev18500/demods/2/sample.dio,279909569554432,4549,0.0
/dev18500/demods/2/sample.dio,279909569612800,4550,3221225664.0
/dev18500/demods/2/sample.dio,279909569671168,4551,3221233856.0
/dev18500/demods/2/sample.dio,279909569729536,4552,8192.0
/dev18500/demods/2/sample.dio,279909569787904,4553,0.0
/dev18500/demods/2/sample.dio,279909569846272,4554,16384.0
/dev18500/demods/2/sample.dio,279909569904640,4555,3221242048.0
/dev18500/demods/2/sample.dio,279909569963008,4556,1073742016.0
/dev18500/demods/2/sample.dio,279909570021376,4557,1073741824.0
/dev18500/demods/2/sample.dio,279909570079744,4558,0.0
/dev18500/demods/2/sample.dio,279909570138112,4559,0.0
/dev18500/demods/2/sample.dio,279909570196480,4560,3221225664.0
/dev18500/demods/2/sample.dio,279909570254848,4561,1073742016.0
/dev18500/demods/2/sample.dio,279909570313216,4562,0.0
/dev18500/demods/2/sample.dio,279909570371584,4563,0.0
/dev18500/demods/2/sample.dio,279909570429952,4564,1074806784.0
/dev18500/demods/2/sample.dio,279909570488320,4565,3222274240.0
/dev18500/demods/2/sample.dio,279909570546688,4566,1073741824.0
/dev18500/demods/2/sample.dio,279909570605056,4567,0.0
/dev18500/demods/2/sample.dio,279909570663424,4568,0.0
/dev18500/demods/2/sample.dio,279909570721792,4569,1074790400.0
/dev18500/demods/2/sample.dio,279909570780160,4570,3221225664.0
/dev18500/demods/2/sample.dio,279909570838528,4571,1073741824.0
/dev18500/demods/2/sample.dio,279909570896896,4572,0.0
/dev18500/demods/2/sample.dio,279909570955264,4573,0.0
/dev18500/demods/2/sample.dio,279909571013632,4574,3222274112.0
/dev18500/demods/2/sample.dio,279909571072000,4575,3221233856.0
/dev18500/demods/2/sample.dio,279909571130368,4576,1073741824.0
/dev18500/demods/2/sample.dio,279909571188736,4577,0.0
/dev18500/demods/2/sample.dio,279909571247104,4578,1048576.0
/dev18500/demods/2/sample.dio,279909571305472,4579,3222274112.0
/dev18500/demods/2/sample.dio,279909571363840,4580,1073742016.0
/dev18500/demods/2/sample.dio,279909571422208,4581,1073741824.0
/dev18500/demods/2/sample.dio,279909571480576,4582,0.0
/dev18500/demods/2/sample.dio,279909571538944,4583,0.0
/dev18500/demods/2/sample.dio,279909571597312,4584,3222274240.0
/dev18500/demods/2/sample.dio,279909571655680,4585,1073750208.0
/dev18500/demods/2/sample.dio,279909571714048,4586,0.0
/dev18500/demods/2/sample.dio,279909571772416,4587,0.0
/dev18500/demods/2/sample.dio,279909571830784,4588,1048576.0
/dev18500/demods/2/sample.dio,279909571889152,4589,3222274240.0
/dev18500/demods/2/sample.dio,279909571947520,4590,1073742016.0
/dev18500/demods/2/sample.dio,279909572005888,4591,0.0
/dev18500/demods/2/sample.dio,279909572064256,4592,0.0
/dev18500/demods/2/sample.dio,279909572122624,4593,1048576.0
/dev18500/demods/2/sample.dio,279909572180992,4594,3221225664.0
/dev18500/demods/2/sample.dio,279909572239360,4595,1073741824.0
/dev18500/demods/2/sample.dio,279909572297728,4596,0.0
/dev18500/demods/2/sample.dio,279909572356096,4597,0.0
/dev18500/demods/2/sample.dio,279909572414464,4598,3222274112.0
/dev18500/demods/2/sample.dio,279909572472832,4599,3221225664.0
/dev18500/demods/2/sample.dio,279909572531200,4600,1073741824.0
/dev18500/demods/2/sample.dio,279909572589568,4601,0.0
/dev18500/demods/2/sample.dio,279909572647936,4602,0.0
/dev18500/demods/2/sample.dio,279909572706304,4603,3222274048.0
/dev18500/demods/2/sample.dio,279909572764672,4604,3221225664.0
/dev18500/demods/2/sample.dio,279909572823040,4605,1073741824.0
/dev18500/demods/2/sample.dio,279909572881408,4606,0.0
/dev18500/demods/2/sample.dio,279909572939776,4607,0.0
/dev18500/demods/2/sample.dio,279909572998144,4608,3221225664.0
/dev18500/demods/2/sample.dio,279909573056512,4609,3221233856.0
/dev18500/demods/2/sample.dio,279909573114880,4610,0.0
/dev18500/demods/2/sample.dio,279909573173248,4611,0.0
/dev18500/demods/2/sample.dio,279909573231616,4612,1048576.0
/dev18500/demods/2/sample.dio,279909573289984,4613,3221242048.0
/dev18500/demods/2/sample.dio,279909573348352,4614,1073741824.0
/dev18500/demods/2/sample.dio,279909573406720,4615,0.0
/dev18500/demods/2/sample.dio,279909573465088,4616,0.0
/dev18500/demods/2/sample.dio,279909573523456,4617,0.0
/dev18500/demods/2/sample.dio,279909573581824,4618,3221225664.0
/dev18500/demods/2/sample.dio,279909573640192,4619,1073742016.0
/dev18500/demods/2/sample.dio,279909573698560,4620,0.0
/dev18500/demods/2/sample.dio,279909573756928,4621,0.0
/dev18500/demods/2/sample.dio,279909573815296,4622,1074790400.0
/dev18500/demods/2/sample.dio,279909573873664,4623,3221225664.0
/dev18500/demods/2/sample.dio,279909573932032,4624,1073741824.0
/dev18500/demods/2/sample.dio,279909573990400,4625,0.0
/dev18500/demods/2/sample.dio,279909574048768,4626,0.0
/dev18500/demods/2/sample.dio,279909574107136,4627,3222274048.0
/dev18500/demods/2/sample.dio,279909574165504,4628,3221225664.0
/dev18500/demods/2/sample.dio,279909574223872,4629,1073741824.0
/dev18500/demods/2/sample.dio,279909574282240,4630,0.0
/dev18500/demods/2/sample.dio,279909574340608,4631,0.0
/dev18500/demods/2/sample.dio,279909574398976,4632,3222274240.0
/dev18500/demods/2/sample.dio,279909574457344,4633,3221225664.0
/dev18500/demods/2/sample.dio,279909574515712,4634,1073741824.0
/dev18500/demods/2/sample.dio,279909574574080,4635,0.0
/dev18500/demods/2/sample.dio,279909574632448,4636,0.0
/dev18500/demods/2/sample.dio,279909574690816,4637,3221225472.0
/dev18500/demods/2/sample.dio,279909574749184,4638,1073742016.0
/dev18500/demods/2/sample.dio,279909574807552,4639,1073741824.0
/dev18500/demods/2/sample.dio,279909574865920,4640,0.0
/dev18500/demods/2/sample.dio,279909574924288,4641,0.0
/dev18500/demods/2/sample.dio,279909574982656,4642,3221225664.0
/dev18500/demods/2/sample.dio,279909575041024,4643,1073742016.0
/dev18500/demods/2/sample.dio,279909575099392,4644,8192.0
/dev18500/demods/2/sample.dio,279909575157760,4645,0.0
/dev18500/demods/2/sample.dio,279909575216128,4646,0.0
/dev18500/demods/2/sample.dio,279909575274496,4647,3222274240.0
/dev18500/demods/2/sample.dio,279909575332864,4648,1073750016.0
/dev18500/demods/2/sample.dio,279909575391232,4649,0.0
/dev18500/demods/2/sample.dio,279909575449600,4650,0.0
/dev18500/demods/2/sample.dio,279909575507968,4651,1048576.0
/dev18500/demods/2/sample.dio,279909575566336,4652,3221225664.0
/dev18500/demods/2/sample.dio,279909575624704,4653,1073741824.0
/dev18500/demods/2/sample.dio,279909575683072,4654,0.0
/dev18500/demods/2/sample.dio,279909575741440,4655,0.0
/dev18500/demods/2/sample.dio,279909575799808,4656,3222274112.0
/dev18500/demods/2/sample.dio,279909575858176,4657,3221225664.0
/dev18500/demods/2/sample.dio,279909575916544,4658,1073741824.0
/dev18500/demods/2/sample.dio,279909575974912,4659,0.0
/dev18500/demods/2/sample.dio,279909576033280,4660,0.0
/dev18500/demods/2/sample.dio,279909576091648,4661,3222274112.0
/dev18500/demods/2/sample.dio,279909576150016,4662,3221225664.0
/dev18500/demods/2/sample.dio,279909576208384,4663,1073741824.0
/dev18500/demods/2/sample.dio,279909576266752,4664,0.0
/dev18500/demods/2/sample.dio,279909576325120,4665,0.0
/dev18500/demods/2/sample.dio,279909576383488,4666,3221225664.0
/dev18500/demods/2/sample.dio,279909576441856,4667,3221233856.0
/dev18500/demods/2/sample.dio,279909576500224,4668,1073741824.0
/dev18500/demods/2/sample.dio,279909576558592,4669,0.0
/dev18500/demods/2/sample.dio,279909576616960,4670,1048576.0
/dev18500/demods/2/sample.dio,279909576675328,4671,3221225664.0
/dev18500/demods/2/sample.dio,279909576733696,4672,1073750208.0
/dev18500/demods/2/sample.dio,279909576792064,4673,0.0
/dev18500/demods/2/sample.dio,279909576850432,4674,0.0
/dev18500/demods/2/sample.dio,279909576908800,4675,1048576.0
/dev18500/demods/2/sample.dio,279909576967168,4676,3221225664.0
/dev18500/demods/2/sample.dio,279909577025536,4677,1073742016.0
/dev18500/demods/2/sample.dio,279909577083904,4678,0.0
/dev18500/demods/2/sample.dio,279909577142272,4679,0.0
/dev18500/demods/2/sample.dio,279909577200640,4680,3222274048.0
/dev18500/demods/2/sample.dio,279909577259008,4681,3222274240.0
/dev18500/demods/2/sample.dio,279909577317376,4682,1073741824.0
/dev18500/demods/2/sample.dio,279909577375744,4683,0.0
/dev18500/demods/2/sample.dio,279909577434112,4684,0.0
/dev18500/demods/2/sample.dio,279909577492480,4685,1074790400.0
/dev18500/demods/2/sample.dio,279909577550848,4686,3221233856.0
/dev18500/demods/2/sample.dio,279909577609216,4687,1073741824.0
/dev18500/demods/2/sample.dio,279909577667584,4688,0.0
/dev18500/demods/2/sample.dio,279909577725952,4689,0.0
/dev18500/demods/2/sample.dio,279909577784320,4690,3222274240.0
/dev18500/demods/2/sample.dio,279909577842688,4691,3221225664.0
/dev18500/demods/2/sample.dio,279909577901056,4692,0.0
/dev18500/demods/2/sample.dio,279909577959424,4693,0.0
/dev18500/demods/2/sample.dio,279909578017792,4694,0.0
/dev18500/demods/2/sample.dio,279909578076160,4695,3222274240.0
/dev18500/demods/2/sample.dio,279909578134528,4696,3221225664.0
/dev18500/demods/2/sample.dio,279909578192896,4697,1073741824.0
/dev18500/demods/2/sample.dio,279909578251264,4698,0.0
/dev18500/demods/2/sample.dio,279909578309632,4699,0.0
/dev18500/demods/2/sample.dio,279909578368000,4700,3221225664.0
/dev18500/demods/2/sample.dio,279909578426368,4701,1073742016.0
/dev18500/demods/2/sample.dio,279909578484736,4702,0.0
/dev18500/demods/2/sample.dio,279909578543104,4703,0.0
/dev18500/demods/2/sample.dio,279909578601472,4704,1074790400.0
/dev18500/demods/2/sample.dio,279909578659840,4705,3222274240.0
/dev18500/demods/2/sample.dio,279909578718208,4706,1073750016.0
/dev18500/demods/2/sample.dio,279909578776576,4707,0.0
/dev18500/demods/2/sample.dio,279909578834944,4708,0.0
/dev18500/demods/2/sample.dio,279909578893312,4709,1074790400.0
/dev18500/demods/2/sample.dio,279909578951680,4710,3221225664.0
/dev18500/demods/2/sample.dio,279909579010048,4711,1073741824.0
/dev18500/demods/2/sample.dio,279909579068416,4712,0.0
/dev18500/demods/2/sample.dio,279909579126784,4713,0.0
/dev18500/demods/2/sample.dio,279909579185152,4714,3222274112.0
/dev18500/demods/2/sample.dio,279909579243520,4715,3221225664.0
/dev18500/demods/2/sample.dio,279909579301888,4716,1073741824.0
/dev18500/demods/2/sample.dio,279909579360256,4717,0.0
/dev18500/demods/2/sample.dio,279909579418624,4718,0.0
/dev18500/demods/2/sample.dio,279909579476992,4719,3221225536.0
/dev18500/demods/2/sample.dio,279909579535360,4720,1073742016.0
/dev18500/demods/2/sample.dio,279909579593728,4721,1073741824.0
/dev18500/demods/2/sample.dio,279909579652096,4722,0.0
/dev18500/demods/2/sample.dio,279909579710464,4723,0.0
/dev18500/demods/2/sample.dio,279909579768832,4724,3222274240.0
/dev18500/demods/2/sample.dio,279909579827200,4725,3221225664.0
/dev18500/demods/2/sample.dio,279909579885568,4726,0.0
/dev18500/demods/2/sample.dio,279909579943936,4727,0.0
/dev18500/demods/2/sample.dio,279909580002304,4728,1064960.0
/dev18500/demods/2/sample.dio,279909580060672,4729,3222274240.0
/dev18500/demods/2/sample.dio,279909580119040,4730,1073741824.0
/dev18500/demods/2/sample.dio,279909580177408,4731,0.0
/dev18500/demods/2/sample.dio,279909580235776,4732,0.0
/dev18500/demods/2/sample.dio,279909580294144,4733,0.0
/dev18500/demods/2/sample.dio,279909580352512,4734,3221225664.0
/dev18500/demods/2/sample.dio,279909580410880,4735,1073741824.0
/dev18500/demods/2/sample.dio,279909580469248,4736,0.0
/dev18500/demods/2/sample.dio,279909580527616,4737,0.0
/dev18500/demods/2/sample.dio,279909580585984,4738,3222274112.0
/dev18500/demods/2/sample.dio,279909580644352,4739,3221225664.0
/dev18500/demods/2/sample.dio,279909580702720,4740,1073741824.0
/dev18500/demods/2/sample.dio,279909580761088,4741,0.0
/dev18500/demods/2/sample.dio,279909580819456,4742,0.0
/dev18500/demods/2/sample.dio,279909580877824,4743,1074790400.0
/dev18500/demods/2/sample.dio,279909580936192,4744,3221225664.0
/dev18500/demods/2/sample.dio,279909580994560,4745,1073741824.0
/dev18500/demods/2/sample.dio,279909581052928,4746,0.0
/dev18500/demods/2/sample.dio,279909581111296,4747,0.0
/dev18500/demods/2/sample.dio,279909581169664,4748,3221225664.0
/dev18500/demods/2/sample.dio,279909581228032,4749,3221233856.0
/dev18500/demods/2/sample.dio,279909581286400,4750,1073741824.0
/dev18500/demods/2/sample.dio,279909581344768,4751,0.0
/dev18500/demods/2/sample.dio,279909581403136,4752,1048576.0
/dev18500/demods/2/sample.dio,279909581461504,4753,3222274240.0
/dev18500/demods/2/sample.dio,279909581519872,4754,1073741824.0
/dev18500/demods/2/sample.dio,279909581578240,4755,0.0
/dev18500/demods/2/sample.dio,279909581636608,4756,0.0
/dev18500/demods/2/sample.dio,279909581694976,4757,0.0
/dev18500/demods/2/sample.dio,279909581753344,4758,3221225664.0
/dev18500/demods/2/sample.dio,279909581811712,4759,1073742016.0
/dev18500/demods/2/sample.dio,279909581870080,4760,0.0
/dev18500/demods/2/sample.dio,279909581928448,4761,0.0
/dev18500/demods/2/sample.dio,279909581986816,4762,1074790400.0
/dev18500/demods/2/sample.dio,279909582045184,4763,3221225664.0
/dev18500/demods/2/sample.dio,279909582103552,4764,1073741824.0
/dev18500/demods/2/sample.dio,279909582161920,4765,8192.0
/dev18500/demods/2/sample.dio,279909582220288,4766,0.0
/dev18500/demods/2/sample.dio,279909582278656,4767,3222274048.0
/dev18500/demods/2/sample.dio,279909582337024,4768,3221225664.0
/dev18500/demods/2/sample.dio,279909582395392,4769,1073741824.0
/dev18500/demods/2/sample.dio,279909582453760,4770,0.0
/dev18500/demods/2/sample.dio,279909582512128,4771,0.0
/dev18500/demods/2/sample.dio,279909582570496,4772,3222274240.0
/dev18500/demods/2/sample.dio,279909582628864,4773,3221225664.0
/dev18500/demods/2/sample.dio,279909582687232,4774,1073741824.0
/dev18500/demods/2/sample.dio,279909582745600,4775,0.0
/dev18500/demods/2/sample.dio,279909582803968,4776,0.0
/dev18500/demods/2/sample.dio,279909582862336,4777,3222274112.0
/dev18500/demods/2/sample.dio,279909582920704,4778,1073742016.0
/dev18500/demods/2/sample.dio,279909582979072,4779,1073741824.0
/dev18500/demods/2/sample.dio,279909583037440,4780,0.0
/dev18500/demods/2/sample.dio,279909583095808,4781,0.0
/dev18500/demods/2/sample.dio,279909583154176,4782,3222274240.0
/dev18500/demods/2/sample.dio,279909583212544,4783,1073742016.0
/dev18500/demods/2/sample.dio,279909583270912,4784,0.0
/dev18500/demods/2/sample.dio,279909583329280,4785,0.0
/dev18500/demods/2/sample.dio,279909583387648,4786,1048576.0
/dev18500/demods/2/sample.dio,279909583446016,4787,3221225664.0
/dev18500/demods/2/sample.dio,279909583504384,4788,1073741824.0
/dev18500/demods/2/sample.dio,279909583562752,4789,0.0
/dev18500/demods/2/sample.dio,279909583621120,4790,0.0
/dev18500/demods/2/sample.dio,279909583679488,4791,0.0
/dev18500/demods/2/sample.dio,279909583737856,4792,3221225664.0
/dev18500/demods/2/sample.dio,279909583796224,4793,1073741824.0
/dev18500/demods/2/sample.dio,279909583854592,4794,0.0
/dev18500/demods/2/sample.dio,279909583912960,4795,0.0
/dev18500/demods/2/sample.dio,279909583971328,4796,3222274112.0
/dev18500/demods/2/sample.dio,279909584029696,4797,3221225664.0
/dev18500/demods/2/sample.dio,279909584088064,4798,1073741824.0
/dev18500/demods/2/sample.dio,279909584146432,4799,0.0
/dev18500/demods/2/sample.dio,279909584204800,4800,0.0
/dev18500/demods/2/sample.dio,279909584263168,4801,3222274112.0
/dev18500/demods/2/sample.dio,279909584321536,4802,3221225664.0
/dev18500/demods/2/sample.dio,279909584379904,4803,1073741824.0
/dev18500/demods/2/sample.dio,279909584438272,4804,0.0
/dev18500/demods/2/sample.dio,279909584496640,4805,0.0
/dev18500/demods/2/sample.dio,279909584555008,4806,3222274240.0
/dev18500/demods/2/sample.dio,279909584613376,4807,3221225664.0
/dev18500/demods/2/sample.dio,279909584671744,4808,0.0
/dev18500/demods/2/sample.dio,279909584730112,4809,0.0
/dev18500/demods/2/sample.dio,279909584788480,4810,1048576.0
/dev18500/demods/2/sample.dio,279909584846848,4811,3222274240.0
/dev18500/demods/2/sample.dio,279909584905216,4812,1073741824.0
/dev18500/demods/2/sample.dio,279909584963584,4813,0.0
/dev18500/demods/2/sample.dio,279909585021952,4814,0.0
/dev18500/demods/2/sample.dio,279909585080320,4815,1048576.0
/dev18500/demods/2/sample.dio,279909585138688,4816,3221225664.0
/dev18500/demods/2/sample.dio,279909585197056,4817,1073741888.0
/dev18500/demods/2/sample.dio,279909585255424,4818,0.0
/dev18500/demods/2/sample.dio,279909585313792,4819,0.0
/dev18500/demods/2/sample.dio,279909585372160,4820,3221225472.0
/dev18500/demods/2/sample.dio,279909585430528,4821,3221225664.0
/dev18500/demods/2/sample.dio,279909585488896,4822,1073741824.0
/dev18500/demods/2/sample.dio,279909585547264,4823,0.0
/dev18500/demods/2/sample.dio,279909585605632,4824,0.0
/dev18500/demods/2/sample.dio,279909585664000,4825,3221225472.0
/dev18500/demods/2/sample.dio,279909585722368,4826,3221225664.0
/dev18500/demods/2/sample.dio,279909585780736,4827,1073741824.0
/dev18500/demods/2/sample.dio,279909585839104,4828,0.0
/dev18500/demods/2/sample.dio,279909585897472,4829,0.0
/dev18500/demods/2/sample.dio,279909585955840,4830,3222274112.0
/dev18500/demods/2/sample.dio,279909586014208,4831,3221225664.0
/dev18500/demods/2/sample.dio,279909586072576,4832,1073750016.0
/dev18500/demods/2/sample.dio,279909586130944,4833,0.0
/dev18500/demods/2/sample.dio,279909586189312,4834,1048576.0
/dev18500/demods/2/sample.dio,279909586247680,4835,3222274240.0
/dev18500/demods/2/sample.dio,279909586306048,4836,1073741888.0
/dev18500/demods/2/sample.dio,279909586364416,4837,1073741824.0
/dev18500/demods/2/sample.dio,279909586422784,4838,0.0
/dev18500/demods/2/sample.dio,279909586481152,4839,0.0
/dev18500/demods/2/sample.dio,279909586539520,4840,3222274240.0
/dev18500/demods/2/sample.dio,279909586597888,4841,1073742016.0
/dev18500/demods/2/sample.dio,279909586656256,4842,0.0
/dev18500/demods/2/sample.dio,279909586714624,4843,0.0
/dev18500/demods/2/sample.dio,279909586772992,4844,3222274048.0
/dev18500/demods/2/sample.dio,279909586831360,4845,3221225664.0
/dev18500/demods/2/sample.dio,279909586889728,4846,1073741824.0
/dev18500/demods/2/sample.dio,279909586948096,4847,0.0
/dev18500/demods/2/sample.dio,279909587006464,4848,0.0
/dev18500/demods/2/sample.dio,279909587064832,4849,1074806784.0
/dev18500/demods/2/sample.dio,279909587123200,4850,3221225664.0
/dev18500/demods/2/sample.dio,279909587181568,4851,1073741824.0
/dev18500/demods/2/sample.dio,279909587239936,4852,0.0
/dev18500/demods/2/sample.dio,279909587298304,4853,0.0
/dev18500/demods/2/sample.dio,279909587356672,4854,3222274240.0
/dev18500/demods/2/sample.dio,279909587415040,4855,3221225664.0
/dev18500/demods/2/sample.dio,279909587473408,4856,1073741824.0
/dev18500/demods/2/sample.dio,279909587531776,4857,0.0
/dev18500/demods/2/sample.dio,279909587590144,4858,0.0
/dev18500/demods/2/sample.dio,279909587648512,4859,3222274112.0
/dev18500/demods/2/sample.dio,279909587706880,4860,1073750208.0
/dev18500/demods/2/sample.dio,279909587765248,4861,1073750016.0
/dev18500/demods/2/sample.dio,279909587823616,4862,0.0
/dev18500/demods/2/sample.dio,279909587881984,4863,0.0
/dev18500/demods/2/sample.dio,279909587940352,4864,3222274240.0
/dev18500/demods/2/sample.dio,279909587998720,4865,3221233856.0
/dev18500/demods/2/sample.dio,279909588057088,4866,0.0
/dev18500/demods/2/sample.dio,279909588115456,4867,0.0
/dev18500/demods/2/sample.dio,279909588173824,4868,1048576.0
/dev18500/demods/2/sample.dio,279909588232192,4869,3222274240.0
/dev18500/demods/2/sample.dio,279909588290560,4870,1073741824.0
/dev18500/demods/2/sample.dio,279909588348928,4871,0.0
/dev18500/demods/2/sample.dio,279909588407296,4872,0.0
/dev18500/demods/2/sample.dio,279909588465664,4873,1048576.0
/dev18500/demods/2/sample.dio,279909588524032,4874,3221225664.0
/dev18500/demods/2/sample.dio,279909588582400,4875,1073741824.0
/dev18500/demods/2/sample.dio,279909588640768,4876,0.0
/dev18500/demods/2/sample.dio,279909588699136,4877,0.0
/dev18500/demods/2/sample.dio,279909588757504,4878,3221225472.0
/dev18500/demods/2/sample.dio,279909588815872,4879,3221225664.0
/dev18500/demods/2/sample.dio,279909588874240,4880,1073741824.0
/dev18500/demods/2/sample.dio,279909588932608,4881,0.0
/dev18500/demods/2/sample.dio,279909588990976,4882,0.0
/dev18500/demods/2/sample.dio,279909589049344,4883,3222274112.0
/dev18500/demods/2/sample.dio,279909589107712,4884,3221225664.0
/dev18500/demods/2/sample.dio,279909589166080,4885,1073741824.0
/dev18500/demods/2/sample.dio,279909589224448,4886,0.0
/dev18500/demods/2/sample.dio,279909589282816,4887,0.0
/dev18500/demods/2/sample.dio,279909589341184,4888,3222274240.0
/dev18500/demods/2/sample.dio,279909589399552,4889,3221225664.0
/dev18500/demods/2/sample.dio,279909589457920,4890,0.0
/dev18500/demods/2/sample.dio,279909589516288,4891,0.0
/dev18500/demods/2/sample.dio,279909589574656,4892,1048576.0
/dev18500/demods/2/sample.dio,279909589633024,4893,3222274112.0
/dev18500/demods/2/sample.dio,279909589691392,4894,1073741888.0
/dev18500/demods/2/sample.dio,279909589749760,4895,0.0
/dev18500/demods/2/sample.dio,279909589808128,4896,0.0
/dev18500/demods/2/sample.dio,279909589866496,4897,1048576.0
/dev18500/demods/2/sample.dio,279909589924864,4898,3221225664.0
/dev18500/demods/2/sample.dio,279909589983232,4899,1073741888.0
/dev18500/demods/2/sample.dio,279909590041600,4900,0.0
/dev18500/demods/2/sample.dio,279909590099968,4901,0.0
/dev18500/demods/2/sample.dio,279909590158336,4902,1074790400.0
/dev18500/demods/2/sample.dio,279909590216704,4903,3221225664.0
/dev18500/demods/2/sample.dio,279909590275072,4904,1073741824.0
/dev18500/demods/2/sample.dio,279909590333440,4905,0.0
/dev18500/demods/2/sample.dio,279909590391808,4906,0.0
/dev18500/demods/2/sample.dio,279909590450176,4907,1073741824.0
/dev18500/demods/2/sample.dio,279909590508544,4908,3221233856.0
/dev18500/demods/2/sample.dio,279909590566912,4909,1073750016.0
/dev18500/demods/2/sample.dio,279909590625280,4910,0.0
/dev18500/demods/2/sample.dio,279909590683648,4911,0.0
/dev18500/demods/2/sample.dio,279909590742016,4912,3222290624.0
/dev18500/demods/2/sample.dio,279909590800384,4913,3221225664.0
/dev18500/demods/2/sample.dio,279909590858752,4914,8192.0
/dev18500/demods/2/sample.dio,279909590917120,4915,0.0
/dev18500/demods/2/sample.dio,279909590975488,4916,0.0
/dev18500/demods/2/sample.dio,279909591033856,4917,3222274112.0
/dev18500/demods/2/sample.dio,279909591092224,4918,1073742016.0
/dev18500/demods/2/sample.dio,279909591150592,4919,1073750016.0
/dev18500/demods/2/sample.dio,279909591208960,4920,0.0
/dev18500/demods/2/sample.dio,279909591267328,4921,0.0
/dev18500/demods/2/sample.dio,279909591325696,4922,3222274240.0
/dev18500/demods/2/sample.dio,279909591384064,4923,3221225664.0
/dev18500/demods/2/sample.dio,279909591442432,4924,0.0
/dev18500/demods/2/sample.dio,279909591500800,4925,0.0
/dev18500/demods/2/sample.dio,279909591559168,4926,1048576.0
/dev18500/demods/2/sample.dio,279909591617536,4927,3222274240.0
/dev18500/demods/2/sample.dio,279909591675904,4928,1073741824.0
/dev18500/demods/2/sample.dio,279909591734272,4929,0.0
/dev18500/demods/2/sample.dio,279909591792640,4930,16384.0
/dev18500/demods/2/sample.dio,279909591851008,4931,0.0
/dev18500/demods/2/sample.dio,279909591909376,4932,3221225664.0
/dev18500/demods/2/sample.dio,279909591967744,4933,1073741824.0
/dev18500/demods/2/sample.dio,279909592026112,4934,0.0
/dev18500/demods/2/sample.dio,279909592084480,4935,0.0
/dev18500/demods/2/sample.dio,279909592142848,4936,3222274048.0
/dev18500/demods/2/sample.dio,279909592201216,4937,3221225664.0
/dev18500/demods/2/sample.dio,279909592259584,4938,1073741824.0
/dev18500/demods/2/sample.dio,279909592317952,4939,0.0
/dev18500/demods/2/sample.dio,279909592376320,4940,0.0
/dev18500/demods/2/sample.dio,279909592434688,4941,3222274112.0
/dev18500/demods/2/sample.dio,279909592493056,4942,1073742016.0
/dev18500/demods/2/sample.dio,279909592551424,4943,1073741824.0
/dev18500/demods/2/sample.dio,279909592609792,4944,0.0
/dev18500/demods/2/sample.dio,279909592668160,4945,0.0
/dev18500/demods/2/sample.dio,279909592726528,4946,3222274240.0
/dev18500/demods/2/sample.dio,279909592784896,4947,3221225664.0
/dev18500/demods/2/sample.dio,279909592843264,4948,8192.0
/dev18500/demods/2/sample.dio,279909592901632,4949,0.0
/dev18500/demods/2/sample.dio,279909592960000,4950,1048576.0
/dev18500/demods/2/sample.dio,279909593018368,4951,3222274240.0
/dev18500/demods/2/sample.dio,279909593076736,4952,1073741824.0
/dev18500/demods/2/sample.dio,279909593135104,4953,0.0
/dev18500/demods/2/sample.dio,279909593193472,4954,0.0
/dev18500/demods/2/sample.dio,279909593251840,4955,1048576.0
/dev18500/demods/2/sample.dio,279909593310208,4956,3221225664.0
/dev18500/demods/2/sample.dio,279909593368576,4957,1073750080.0
/dev18500/demods/2/sample.dio,279909593426944,4958,0.0
/dev18500/demods/2/sample.dio,279909593485312,4959,0.0
/dev18500/demods/2/sample.dio,279909593543680,4960,3222274048.0
/dev18500/demods/2/sample.dio,279909593602048,4961,3221225664.0
/dev18500/demods/2/sample.dio,279909593660416,4962,1073741824.0
/dev18500/demods/2/sample.dio,279909593718784,4963,0.0
/dev18500/demods/2/sample.dio,279909593777152,4964,0.0
/dev18500/demods/2/sample.dio,279909593835520,4965,3222274048.0
/dev18500/demods/2/sample.dio,279909593893888,4966,3221225664.0
/dev18500/demods/2/sample.dio,279909593952256,4967,1073741824.0
/dev18500/demods/2/sample.dio,279909594010624,4968,0.0
/dev18500/demods/2/sample.dio,279909594068992,4969,0.0
/dev18500/demods/2/sample.dio,279909594127360,4970,3222290624.0
/dev18500/demods/2/sample.dio,279909594185728,4971,3221225664.0
/dev18500/demods/2/sample.dio,279909594244096,4972,1073741824.0
/dev18500/demods/2/sample.dio,279909594302464,4973,0.0
/dev18500/demods/2/sample.dio,279909594360832,4974,16384.0
/dev18500/demods/2/sample.dio,279909594419200,4975,3221225664.0
/dev18500/demods/2/sample.dio,279909594477568,4976,1073750208.0
/dev18500/demods/2/sample.dio,279909594535936,4977,1073741824.0
/dev18500/demods/2/sample.dio,279909594594304,4978,0.0
/dev18500/demods/2/sample.dio,279909594652672,4979,0.0
/dev18500/demods/2/sample.dio,279909594711040,4980,3222274240.0
/dev18500/demods/2/sample.dio,279909594769408,4981,1073742016.0
/dev18500/demods/2/sample.dio,279909594827776,4982,0.0
/dev18500/demods/2/sample.dio,279909594886144,4983,0.0
/dev18500/demods/2/sample.dio,279909594944512,4984,1074790400.0
/dev18500/demods/2/sample.dio,279909595002880,4985,3222274240.0
/dev18500/demods/2/sample.dio,279909595061248,4986,1073750016.0
/dev18500/demods/2/sample.dio,279909595119616,4987,0.0
/dev18500/demods/2/sample.dio,279909595177984,4988,0.0
/dev18500/demods/2/sample.dio,279909595236352,4989,1074790400.0
/dev18500/demods/2/sample.dio,279909595294720,4990,3221225664.0
/dev18500/demods/2/sample.dio,279909595353088,4991,1073741824.0
/dev18500/demods/2/sample.dio,279909595411456,4992,0.0
/dev18500/demods/2/sample.dio,279909595469824,4993,0.0
/dev18500/demods/2/sample.dio,279909595528192,4994,3222274112.0
/dev18500/demods/2/sample.dio,279909595586560,4995,3221225664.0
/dev18500/demods/2/sample.dio,279909595644928,4996,1073741824.0
/dev18500/demods/2/sample.dio,279909595703296,4997,0.0
/dev18500/demods/2/sample.dio,279909595761664,4998,0.0
/dev18500/demods/2/sample.dio,279909595820032,4999,3222274112.0
/dev18500/demods/2/sample.dio,279909595878400,5000,3221225664.0
/dev18500/demods/2/sample.dio,279909595936768,5001,1073741824.0
/dev18500/demods/2/sample.dio,279909595995136,5002,0.0
/dev18500/demods/2/sample.dio,279909596053504,5003,0.0
/dev18500/demods/2/sample.dio,279909596111872,5004,3222274240.0
/dev18500/demods/2/sample.dio,279909596170240,5005,3221225664.0
/dev18500/demods/2/sample.dio,279909596228608,5006,0.0
/dev18500/demods/2/sample.dio,279909596286976,5007,0.0
/dev18500/demods/2/sample.dio,279909596345344,5008,1048576.0
/dev18500/demods/2/sample.dio,279909596403712,5009,3222274112.0
/dev18500/demods/2/sample.dio,279909596462080,5010,1073741824.0
/dev18500/demods/2/sample.dio,279909596520448,5011,0.0
/dev18500/demods/2/sample.dio,279909596578816,5012,0.0
/dev18500/demods/2/sample.dio,279909596637184,5013,1048576.0
/dev18500/demods/2/sample.dio,279909596695552,5014,3221225664.0
/dev18500/demods/2/sample.dio,279909596753920,5015,1073750016.0
/dev18500/demods/2/sample.dio,279909596812288,5016,0.0
/dev18500/demods/2/sample.dio,279909596870656,5017,0.0
/dev18500/demods/2/sample.dio,279909596929024,5018,0.0
/dev18500/demods/2/sample.dio,279909596987392,5019,3221225664.0
/dev18500/demods/2/sample.dio,279909597045760,5020,1073741824.0
/dev18500/demods/2/sample.dio,279909597104128,5021,0.0
/dev18500/demods/2/sample.dio,279909597162496,5022,0.0
/dev18500/demods/2/sample.dio,279909597220864,5023,1073741824.0
/dev18500/demods/2/sample.dio,279909597279232,5024,3221225664.0
/dev18500/demods/2/sample.dio,279909597337600,5025,1073741824.0
/dev18500/demods/2/sample.dio,279909597395968,5026,0.0
/dev18500/demods/2/sample.dio,279909597454336,5027,0.0
/dev18500/demods/2/sample.dio,279909597512704,5028,3222290624.0
/dev18500/demods/2/sample.dio,279909597571072,5029,3221233856.0
/dev18500/demods/2/sample.dio,279909597629440,5030,1073741824.0
/dev18500/demods/2/sample.dio,279909597687808,5031,0.0
/dev18500/demods/2/sample.dio,279909597746176,5032,0.0
/dev18500/demods/2/sample.dio,279909597804544,5033,3221225536.0
/dev18500/demods/2/sample.dio,279909597862912,5034,1073742016.0
/dev18500/demods/2/sample.dio,279909597921280,5035,1073741824.0
/dev18500/demods/2/sample.dio,279909597979648,5036,0.0
/dev18500/demods/2/sample.dio,279909598038016,5037,0.0
/dev18500/demods/2/sample.dio,279909598096384,5038,3222274240.0
/dev18500/demods/2/sample.dio,279909598154752,5039,1073742016.0
/dev18500/demods/2/sample.dio,279909598213120,5040,0.0
/dev18500/demods/2/sample.dio,279909598271488,5041,0.0
/dev18500/demods/2/sample.dio,279909598329856,5042,1048576.0
/dev18500/demods/2/sample.dio,279909598388224,5043,3221225664.0
/dev18500/demods/2/sample.dio,279909598446592,5044,1073741888.0
/dev18500/demods/2/sample.dio,279909598504960,5045,0.0
/dev18500/demods/2/sample.dio,279909598563328,5046,0.0
/dev18500/demods/2/sample.dio,279909598621696,5047,1048576.0
/dev18500/demods/2/sample.dio,279909598680064,5048,3221225664.0
/dev18500/demods/2/sample.dio,279909598738432,5049,1073741888.0
/dev18500/demods/2/sample.dio,279909598796800,5050,0.0
/dev18500/demods/2/sample.dio,279909598855168,5051,0.0
/dev18500/demods/2/sample.dio,279909598913536,5052,3222274112.0
/dev18500/demods/2/sample.dio,279909598971904,5053,3221225664.0
/dev18500/demods/2/sample.dio,279909599030272,5054,1073741824.0
/dev18500/demods/2/sample.dio,279909599088640,5055,0.0
/dev18500/demods/2/sample.dio,279909599147008,5056,0.0
/dev18500/demods/2/sample.dio,279909599205376,5057,3222274112.0
/dev18500/demods/2/sample.dio,279909599263744,5058,3221225664.0
/dev18500/demods/2/sample.dio,279909599322112,5059,1073741824.0
/dev18500/demods/2/sample.dio,279909599380480,5060,0.0
/dev18500/demods/2/sample.dio,279909599438848,5061,0.0
/dev18500/demods/2/sample.dio,279909599497216,5062,3222274240.0
/dev18500/demods/2/sample.dio,279909599555584,5063,3221225664.0
/dev18500/demods/2/sample.dio,279909599613952,5064,0.0
/dev18500/demods/2/sample.dio,279909599672320,5065,0.0
/dev18500/demods/2/sample.dio,279909599730688,5066,1048576.0
/dev18500/demods/2/sample.dio,279909599789056,5067,3222274240.0
/dev18500/demods/2/sample.dio,279909599847424,5068,1073741888.0
/dev18500/demods/2/sample.dio,279909599905792,5069,0.0
/dev18500/demods/2/sample.dio,279909599964160,5070,0.0
/dev18500/demods/2/sample.dio,279909600022528,5071,0.0
/dev18500/demods/2/sample.dio,279909600080896,5072,3221225664.0
/dev18500/demods/2/sample.dio,279909600139264,5073,3221225664.0
/dev18500/demods/2/sample.dio,279909600197632,5074,0.0
/dev18500/demods/2/sample.dio,279909600256000,5075,0.0
/dev18500/demods/2/sample.dio,279909600314368,5076,1074790400.0
/dev18500/demods/2/sample.dio,279909600372736,5077,3221225664.0
/dev18500/demods/2/sample.dio,279909600431104,5078,1073750016.0
/dev18500/demods/2/sample.dio,279909600489472,5079,0.0
/dev18500/demods/2/sample.dio,279909600547840,5080,0.0
/dev18500/demods/2/sample.dio,279909600606208,5081,3222274048.0
/dev18500/demods/2/sample.dio,279909600664576,5082,3221225664.0
/dev18500/demods/2/sample.dio,279909600722944,5083,1073741824.0
/dev18500/demods/2/sample.dio,279909600781312,5084,0.0
/dev18500/demods/2/sample.dio,279909600839680,5085,0.0
/dev18500/demods/2/sample.dio,279909600898048,5086,3222274240.0
/dev18500/demods/2/sample.dio,279909600956416,5087,3221225664.0
/dev18500/demods/2/sample.dio,279909601014784,5088,1073741824.0
/dev18500/demods/2/sample.dio,279909601073152,5089,0.0
/dev18500/demods/2/sample.dio,279909601131520,5090,0.0
/dev18500/demods/2/sample.dio,279909601189888,5091,3221225472.0
/dev18500/demods/2/sample.dio,279909601248256,5092,1073742016.0
/dev18500/demods/2/sample.dio,279909601306624,5093,1073741824.0
/dev18500/demods/2/sample.dio,279909601364992,5094,0.0
/dev18500/demods/2/sample.dio,279909601423360,5095,0.0
/dev18500/demods/2/sample.dio,279909601481728,5096,3221242048.0
/dev18500/demods/2/sample.dio,279909601540096,5097,1073742016.0
/dev18500/demods/2/sample.dio,279909601598464,5098,8192.0
/dev18500/demods/2/sample.dio,279909601656832,5099,0.0
/dev18500/demods/2/sample.dio,279909601715200,5100,1048576.0
/dev18500/demods/2/sample.dio,279909601773568,5101,3222274240.0
/dev18500/demods/2/sample.dio,279909601831936,5102,1073741888.0
/dev18500/demods/2/sample.dio,279909601890304,5103,0.0
/dev18500/demods/2/sample.dio,279909601948672,5104,0.0
/dev18500/demods/2/sample.dio,279909602007040,5105,1048576.0
/dev18500/demods/2/sample.dio,279909602065408,5106,3221225664.0
/dev18500/demods/2/sample.dio,279909602123776,5107,1073741824.0
/dev18500/demods/2/sample.dio,279909602182144,5108,0.0
/dev18500/demods/2/sample.dio,279909602240512,5109,0.0
/dev18500/demods/2/sample.dio,279909602298880,5110,3222274112.0
/dev18500/demods/2/sample.dio,279909602357248,5111,3222274240.0
/dev18500/demods/2/sample.dio,279909602415616,5112,1073741824.0
/dev18500/demods/2/sample.dio,279909602473984,5113,0.0
/dev18500/demods/2/sample.dio,279909602532352,5114,0.0
/dev18500/demods/2/sample.dio,279909602590720,5115,3222274048.0
/dev18500/demods/2/sample.dio,279909602649088,5116,3221225664.0
/dev18500/demods/2/sample.dio,279909602707456,5117,1073741824.0
/dev18500/demods/2/sample.dio,279909602765824,5118,0.0
/dev18500/demods/2/sample.dio,279909602824192,5119,0.0
/dev18500/demods/2/sample.dio,279909602882560,5120,3222274112.0
/dev18500/demods/2/sample.dio,279909602940928,5121,3221225664.0
/dev18500/demods/2/sample.dio,279909602999296,5122,1073741824.0
/dev18500/demods/2/sample.dio,279909603057664,5123,0.0
/dev18500/demods/2/sample.dio,279909603116032,5124,0.0
/dev18500/demods/2/sample.dio,279909603174400,5125,3222274240.0
/dev18500/demods/2/sample.dio,279909603232768,5126,1073750080.0
/dev18500/demods/2/sample.dio,279909603291136,5127,1073741824.0
/dev18500/demods/2/sample.dio,279909603349504,5128,0.0
/dev18500/demods/2/sample.dio,279909603407872,5129,1048576.0
/dev18500/demods/2/sample.dio,279909603466240,5130,3221225664.0
/dev18500/demods/2/sample.dio,279909603524608,5131,3221225664.0
/dev18500/demods/2/sample.dio,279909603582976,5132,0.0
/dev18500/demods/2/sample.dio,279909603641344,5133,0.0
/dev18500/demods/2/sample.dio,279909603699712,5134,1048576.0
/dev18500/demods/2/sample.dio,279909603758080,5135,3222274240.0
/dev18500/demods/2/sample.dio,279909603816448,5136,1073741824.0
/dev18500/demods/2/sample.dio,279909603874816,5137,0.0
/dev18500/demods/2/sample.dio,279909603933184,5138,0.0
/dev18500/demods/2/sample.dio,279909603991552,5139,0.0
/dev18500/demods/2/sample.dio,279909604049920,5140,3221225664.0
/dev18500/demods/2/sample.dio,279909604108288,5141,1073741824.0
/dev18500/demods/2/sample.dio,279909604166656,5142,0.0
/dev18500/demods/2/sample.dio,279909604225024,5143,0.0
/dev18500/demods/2/sample.dio,279909604283392,5144,3222274048.0
/dev18500/demods/2/sample.dio,279909604341760,5145,3221225664.0
/dev18500/demods/2/sample.dio,279909604400128,5146,1073741824.0
/dev18500/demods/2/sample.dio,279909604458496,5147,0.0
/dev18500/demods/2/sample.dio,279909604516864,5148,0.0
/dev18500/demods/2/sample.dio,279909604575232,5149,3221241856.0
/dev18500/demods/2/sample.dio,279909604633600,5150,3221233856.0
/dev18500/demods/2/sample.dio,279909604691968,5151,1073750016.0
/dev18500/demods/2/sample.dio,279909604750336,5152,0.0
/dev18500/demods/2/sample.dio,279909604808704,5153,0.0
/dev18500/demods/2/sample.dio,279909604867072,5154,3222274240.0
/dev18500/demods/2/sample.dio,279909604925440,5155,3221225664.0
/dev18500/demods/2/sample.dio,279909604983808,5156,0.0
/dev18500/demods/2/sample.dio,279909605042176,5157,0.0
/dev18500/demods/2/sample.dio,279909605100544,5158,1048576.0
/dev18500/demods/2/sample.dio,279909605158912,5159,3222274240.0
/dev18500/demods/2/sample.dio,279909605217280,5160,1073741888.0
/dev18500/demods/2/sample.dio,279909605275648,5161,0.0
/dev18500/demods/2/sample.dio,279909605334016,5162,0.0
/dev18500/demods/2/sample.dio,279909605392384,5163,1064960.0
/dev18500/demods/2/sample.dio,279909605450752,5164,3221225664.0
/dev18500/demods/2/sample.dio,279909605509120,5165,1073750080.0
/dev18500/demods/2/sample.dio,279909605567488,5166,0.0
/dev18500/demods/2/sample.dio,279909605625856,5167,0.0
/dev18500/demods/2/sample.dio,279909605684224,5168,1074790400.0
/dev18500/demods/2/sample.dio,279909605742592,5169,3221225664.0
/dev18500/demods/2/sample.dio,279909605800960,5170,1073741824.0
/dev18500/demods/2/sample.dio,279909605859328,5171,0.0
/dev18500/demods/2/sample.dio,279909605917696,5172,0.0
/dev18500/demods/2/sample.dio,279909605976064,5173,1074790400.0
/dev18500/demods/2/sample.dio,279909606034432,5174,3221225664.0
/dev18500/demods/2/sample.dio,279909606092800,5175,1073741824.0
/dev18500/demods/2/sample.dio,279909606151168,5176,0.0
/dev18500/demods/2/sample.dio,279909606209536,5177,0.0
/dev18500/demods/2/sample.dio,279909606267904,5178,3222290624.0
/dev18500/demods/2/sample.dio,279909606326272,5179,3221225664.0
/dev18500/demods/2/sample.dio,279909606384640,5180,1073741824.0
/dev18500/demods/2/sample.dio,279909606443008,5181,0.0
/dev18500/demods/2/sample.dio,279909606501376,5182,0.0
/dev18500/demods/2/sample.dio,279909606559744,5183,3222274048.0
/dev18500/demods/2/sample.dio,279909606618112,5184,1073742016.0
/dev18500/demods/2/sample.dio,279909606676480,5185,1073741824.0
/dev18500/demods/2/sample.dio,279909606734848,5186,0.0
/dev18500/demods/2/sample.dio,279909606793216,5187,0.0
/dev18500/demods/2/sample.dio,279909606851584,5188,3222274240.0
/dev18500/demods/2/sample.dio,279909606909952,5189,1073742016.0
/dev18500/demods/2/sample.dio,279909606968320,5190,0.0
/dev18500/demods/2/sample.dio,279909607026688,5191,0.0
/dev18500/demods/2/sample.dio,279909607085056,5192,1048576.0
/dev18500/demods/2/sample.dio,279909607143424,5193,3222274240.0
/dev18500/demods/2/sample.dio,279909607201792,5194,1073750016.0
/dev18500/demods/2/sample.dio,279909607260160,5195,0.0
/dev18500/demods/2/sample.dio,279909607318528,5196,0.0
/dev18500/demods/2/sample.dio,279909607376896,5197,1048576.0
/dev18500/demods/2/sample.dio,279909607435264,5198,3221233856.0
/dev18500/demods/2/sample.dio,279909607493632,5199,1073742016.0
/dev18500/demods/2/sample.dio,279909607552000,5200,0.0
/dev18500/demods/2/sample.dio,279909607610368,5201,0.0
/dev18500/demods/2/sample.dio,279909607668736,5202,3221225472.0
/dev18500/demods/2/sample.dio,279909607727104,5203,3221225664.0
/dev18500/demods/2/sample.dio,279909607785472,5204,1073741824.0
/dev18500/demods/2/sample.dio,279909607843840,5205,0.0
/dev18500/demods/2/sample.dio,279909607902208,5206,0.0
/dev18500/demods/2/sample.dio,279909607960576,5207,3222290432.0
/dev18500/demods/2/sample.dio,279909608018944,5208,3221225664.0
/dev18500/demods/2/sample.dio,279909608077312,5209,1073741824.0
/dev18500/demods/2/sample.dio,279909608135680,5210,0.0
/dev18500/demods/2/sample.dio,279909608194048,5211,0.0
/dev18500/demods/2/sample.dio,279909608252416,5212,3222274240.0
/dev18500/demods/2/sample.dio,279909608310784,5213,3221225664.0
/dev18500/demods/2/sample.dio,279909608369152,5214,0.0
/dev18500/demods/2/sample.dio,279909608427520,5215,0.0
/dev18500/demods/2/sample.dio,279909608485888,5216,0.0
/dev18500/demods/2/sample.dio,279909608544256,5217,3222274112.0
/dev18500/demods/2/sample.dio,279909608602624,5218,1073741888.0
/dev18500/demods/2/sample.dio,279909608660992,5219,1073741824.0
/dev18500/demods/2/sample.dio,279909608719360,5220,0.0
/dev18500/demods/2/sample.dio,279909608777728,5221,0.0
/dev18500/demods/2/sample.dio,279909608836096,5222,3221225664.0
/dev18500/demods/2/sample.dio,279909608894464,5223,1073742016.0
/dev18500/demods/2/sample.dio,279909608952832,5224,0.0
/dev18500/demods/2/sample.dio,279909609011200,5225,0.0
/dev18500/demods/2/sample.dio,279909609069568,5226,1074790400.0
/dev18500/demods/2/sample.dio,279909609127936,5227,3222274240.0
/dev18500/demods/2/sample.dio,279909609186304,5228,1073741824.0
/dev18500/demods/2/sample.dio,279909609244672,5229,0.0
/dev18500/demods/2/sample.dio,279909609303040,5230,0.0
/dev18500/demods/2/sample.dio,279909609361408,5231,1048576.0
/dev18500/demods/2/sample.dio,279909609419776,5232,3221225664.0
/dev18500/demods/2/sample.dio,279909609478144,5233,1073741824.0
/dev18500/demods/2/sample.dio,279909609536512,5234,0.0
/dev18500/demods/2/sample.dio,279909609594880,5235,0.0
/dev18500/demods/2/sample.dio,279909609653248,5236,3222274112.0
/dev18500/demods/2/sample.dio,279909609711616,5237,3221225664.0
/dev18500/demods/2/sample.dio,279909609769984,5238,1073741824.0
/dev18500/demods/2/sample.dio,279909609828352,5239,0.0
/dev18500/demods/2/sample.dio,279909609886720,5240,0.0
/dev18500/demods/2/sample.dio,279909609945088,5241,3221225472.0
/dev18500/demods/2/sample.dio,279909610003456,5242,3221225664.0
/dev18500/demods/2/sample.dio,279909610061824,5243,1073741824.0
/dev18500/demods/2/sample.dio,279909610120192,5244,0.0
/dev18500/demods/2/sample.dio,279909610178560,5245,0.0
/dev18500/demods/2/sample.dio,279909610236928,5246,3222274240.0
/dev18500/demods/2/sample.dio,279909610295296,5247,3221225664.0
/dev18500/demods/2/sample.dio,279909610353664,5248,0.0
/dev18500/demods/2/sample.dio,279909610412032,5249,0.0
/dev18500/demods/2/sample.dio,279909610470400,5250,1064960.0
/dev18500/demods/2/sample.dio,279909610528768,5251,3222274240.0
/dev18500/demods/2/sample.dio,279909610587136,5252,1073741888.0
/dev18500/demods/2/sample.dio,279909610645504,5253,1073741824.0
/dev18500/demods/2/sample.dio,279909610703872,5254,0.0
/dev18500/demods/2/sample.dio,279909610762240,5255,1048576.0
/dev18500/demods/2/sample.dio,279909610820608,5256,3221225664.0
/dev18500/demods/2/sample.dio,279909610878976,5257,1073741888.0
/dev18500/demods/2/sample.dio,279909610937344,5258,0.0
/dev18500/demods/2/sample.dio,279909610995712,5259,0.0
/dev18500/demods/2/sample.dio,279909611054080,5260,1048576.0
/dev18500/demods/2/sample.dio,279909611112448,5261,3222274240.0
/dev18500/demods/2/sample.dio,279909611170816,5262,1073741824.0
/dev18500/demods/2/sample.dio,279909611229184,5263,0.0
/dev18500/demods/2/sample.dio,279909611287552,5264,0.0
/dev18500/demods/2/sample.dio,279909611345920,5265,3222274048.0
/dev18500/demods/2/sample.dio,279909611404288,5266,3221225664.0
/dev18500/demods/2/sample.dio,279909611462656,5267,1073741824.0
/dev18500/demods/2/sample.dio,279909611521024,5268,0.0
/dev18500/demods/2/sample.dio,279909611579392,5269,0.0
/dev18500/demods/2/sample.dio,279909611637760,5270,3221225664.0
/dev18500/demods/2/sample.dio,279909611696128,5271,3221225664.0
/dev18500/demods/2/sample.dio,279909611754496,5272,1073741824.0
/dev18500/demods/2/sample.dio,279909611812864,5273,0.0
/dev18500/demods/2/sample.dio,279909611871232,5274,1048576.0
/dev18500/demods/2/sample.dio,279909611929600,5275,3221225536.0
/dev18500/demods/2/sample.dio,279909611987968,5276,1073742016.0
/dev18500/demods/2/sample.dio,279909612046336,5277,1073741824.0
/dev18500/demods/2/sample.dio,279909612104704,5278,0.0
/dev18500/demods/2/sample.dio,279909612163072,5279,16384.0
/dev18500/demods/2/sample.dio,279909612221440,5280,3222274240.0
/dev18500/demods/2/sample.dio,279909612279808,5281,3221225664.0
/dev18500/demods/2/sample.dio,279909612338176,5282,0.0
/dev18500/demods/2/sample.dio,279909612396544,5283,0.0
/dev18500/demods/2/sample.dio,279909612454912,5284,1048576.0
/dev18500/demods/2/sample.dio,279909612513280,5285,3222290624.0
/dev18500/demods/2/sample.dio,279909612571648,5286,1073741824.0
/dev18500/demods/2/sample.dio,279909612630016,5287,0.0
/dev18500/demods/2/sample.dio,279909612688384,5288,0.0
/dev18500/demods/2/sample.dio,279909612746752,5289,1048576.0
/dev18500/demods/2/sample.dio,279909612805120,5290,3221225664.0
/dev18500/demods/2/sample.dio,279909612863488,5291,1073741824.0
/dev18500/demods/2/sample.dio,279909612921856,5292,0.0
/dev18500/demods/2/sample.dio,279909612980224,5293,0.0
/dev18500/demods/2/sample.dio,279909613038592,5294,3222274048.0
/dev18500/demods/2/sample.dio,279909613096960,5295,3221225664.0
/dev18500/demods/2/sample.dio,279909613155328,5296,1073741824.0
/dev18500/demods/2/sample.dio,279909613213696,5297,0.0
/dev18500/demods/2/sample.dio,279909613272064,5298,0.0
/dev18500/demods/2/sample.dio,279909613330432,5299,3222274048.0
/dev18500/demods/2/sample.dio,279909613388800,5300,3221225664.0
/dev18500/demods/2/sample.dio,279909613447168,5301,1073741824.0
/dev18500/demods/2/sample.dio,279909613505536,5302,0.0
/dev18500/demods/2/sample.dio,279909613563904,5303,0.0
/dev18500/demods/2/sample.dio,279909613622272,5304,3222274240.0
/dev18500/demods/2/sample.dio,279909613680640,5305,3221225664.0
/dev18500/demods/2/sample.dio,279909613739008,5306,0.0
/dev18500/demods/2/sample.dio,279909613797376,5307,0.0
/dev18500/demods/2/sample.dio,279909613855744,5308,1048576.0
/dev18500/demods/2/sample.dio,279909613914112,5309,3221225664.0
/dev18500/demods/2/sample.dio,279909613972480,5310,1073742016.0
/dev18500/demods/2/sample.dio,279909614030848,5311,1073741824.0
/dev18500/demods/2/sample.dio,279909614089216,5312,0.0
/dev18500/demods/2/sample.dio,279909614147584,5313,0.0
/dev18500/demods/2/sample.dio,279909614205952,5314,3222274240.0
/dev18500/demods/2/sample.dio,279909614264320,5315,1073742016.0
/dev18500/demods/2/sample.dio,279909614322688,5316,0.0
/dev18500/demods/2/sample.dio,279909614381056,5317,0.0
/dev18500/demods/2/sample.dio,279909614439424,5318,1074790400.0
/dev18500/demods/2/sample.dio,279909614497792,5319,3222274240.0
/dev18500/demods/2/sample.dio,279909614556160,5320,1073741824.0
/dev18500/demods/2/sample.dio,279909614614528,5321,0.0
/dev18500/demods/2/sample.dio,279909614672896,5322,0.0
/dev18500/demods/2/sample.dio,279909614731264,5323,1048576.0
/dev18500/demods/2/sample.dio,279909614789632,5324,3221225664.0
/dev18500/demods/2/sample.dio,279909614848000,5325,1073741824.0
/dev18500/demods/2/sample.dio,279909614906368,5326,0.0
/dev18500/demods/2/sample.dio,279909614964736,5327,0.0
/dev18500/demods/2/sample.dio,279909615023104,5328,3222290496.0
/dev18500/demods/2/sample.dio,279909615081472,5329,3221225664.0
/dev18500/demods/2/sample.dio,279909615139840,5330,1073750016.0
/dev18500/demods/2/sample.dio,279909615198208,5331,0.0
/dev18500/demods/2/sample.dio,279909615256576,5332,0.0
/dev18500/demods/2/sample.dio,279909615314944,5333,3222290496.0
/dev18500/demods/2/sample.dio,279909615373312,5334,3221225664.0
/dev18500/demods/2/sample.dio,279909615431680,5335,1073741824.0
/dev18500/demods/2/sample.dio,279909615490048,5336,0.0
/dev18500/demods/2/sample.dio,279909615548416,5337,0.0
/dev18500/demods/2/sample.dio,279909615606784,5338,3222274240.0
/dev18500/demods/2/sample.dio,279909615665152,5339,3221225664.0
/dev18500/demods/2/sample.dio,279909615723520,5340,0.0
/dev18500/demods/2/sample.dio,279909615781888,5341,0.0
/dev18500/demods/2/sample.dio,279909615840256,5342,1048576.0
/dev18500/demods/2/sample.dio,279909615898624,5343,3222274112.0
/dev18500/demods/2/sample.dio,279909615956992,5344,1073750080.0
/dev18500/demods/2/sample.dio,279909616015360,5345,1073750016.0
/dev18500/demods/2/sample.dio,279909616073728,5346,0.0
/dev18500/demods/2/sample.dio,279909616132096,5347,1048576.0
/dev18500/demods/2/sample.dio,279909616190464,5348,3221225664.0
/dev18500/demods/2/sample.dio,279909616248832,5349,1073741888.0
/dev18500/demods/2/sample.dio,279909616307200,5350,0.0
/dev18500/demods/2/sample.dio,279909616365568,5351,0.0
/dev18500/demods/2/sample.dio,279909616423936,5352,3222274048.0
/dev18500/demods/2/sample.dio,279909616482304,5353,3221225664.0
/dev18500/demods/2/sample.dio,279909616540672,5354,1073741824.0
/dev18500/demods/2/sample.dio,279909616599040,5355,0.0
/dev18500/demods/2/sample.dio,279909616657408,5356,0.0
/dev18500/demods/2/sample.dio,279909616715776,5357,1074790400.0
/dev18500/demods/2/sample.dio,279909616774144,5358,3221225664.0
/dev18500/demods/2/sample.dio,279909616832512,5359,1073741824.0
/dev18500/demods/2/sample.dio,279909616890880,5360,0.0
/dev18500/demods/2/sample.dio,279909616949248,5361,0.0
/dev18500/demods/2/sample.dio,279909617007616,5362,3222274240.0
/dev18500/demods/2/sample.dio,279909617065984,5363,3221225664.0
/dev18500/demods/2/sample.dio,279909617124352,5364,1073741824.0
/dev18500/demods/2/sample.dio,279909617182720,5365,0.0
/dev18500/demods/2/sample.dio,279909617241088,5366,0.0
/dev18500/demods/2/sample.dio,279909617299456,5367,3222274112.0
/dev18500/demods/2/sample.dio,279909617357824,5368,1073750208.0
/dev18500/demods/2/sample.dio,279909617416192,5369,1073741824.0
/dev18500/demods/2/sample.dio,279909617474560,5370,0.0
/dev18500/demods/2/sample.dio,279909617532928,5371,0.0
/dev18500/demods/2/sample.dio,279909617591296,5372,3222274240.0
/dev18500/demods/2/sample.dio,279909617649664,5373,3221225664.0
/dev18500/demods/2/sample.dio,279909617708032,5374,0.0
/dev18500/demods/2/sample.dio,279909617766400,5375,0.0
/dev18500/demods/2/sample.dio,279909617824768,5376,1048576.0
/dev18500/demods/2/sample.dio,279909617883136,5377,3222290624.0
/dev18500/demods/2/sample.dio,279909617941504,5378,1073741824.0
/dev18500/demods/2/sample.dio,279909617999872,5379,0.0
/dev18500/demods/2/sample.dio,279909618058240,5380,0.0
/dev18500/demods/2/sample.dio,279909618116608,5381,1048576.0
/dev18500/demods/2/sample.dio,279909618174976,5382,3221225664.0
/dev18500/demods/2/sample.dio,279909618233344,5383,1073750016.0
/dev18500/demods/2/sample.dio,279909618291712,5384,0.0
/dev18500/demods/2/sample.dio,279909618350080,5385,0.0
/dev18500/demods/2/sample.dio,279909618408448,5386,3222274048.0
/dev18500/demods/2/sample.dio,279909618466816,5387,3221225664.0
/dev18500/demods/2/sample.dio,279909618525184,5388,1073741824.0
/dev18500/demods/2/sample.dio,279909618583552,5389,0.0
/dev18500/demods/2/sample.dio,279909618641920,5390,0.0
/dev18500/demods/2/sample.dio,279909618700288,5391,3221225472.0
/dev18500/demods/2/sample.dio,279909618758656,5392,3221225664.0
/dev18500/demods/2/sample.dio,279909618817024,5393,1073741824.0
/dev18500/demods/2/sample.dio,279909618875392,5394,0.0
/dev18500/demods/2/sample.dio,279909618933760,5395,0.0
/dev18500/demods/2/sample.dio,279909618992128,5396,3222274240.0
/dev18500/demods/2/sample.dio,279909619050496,5397,3221225664.0
/dev18500/demods/2/sample.dio,279909619108864,5398,0.0
/dev18500/demods/2/sample.dio,279909619167232,5399,0.0
/dev18500/demods/2/sample.dio,279909619225600,5400,1048576.0
/dev18500/demods/2/sample.dio,279909619283968,5401,3222274112.0
/dev18500/demods/2/sample.dio,279909619342336,5402,1073741888.0
/dev18500/demods/2/sample.dio,279909619400704,5403,1073741824.0
/dev18500/demods/2/sample.dio,279909619459072,5404,0.0
/dev18500/demods/2/sample.dio,279909619517440,5405,16384.0
/dev18500/demods/2/sample.dio,279909619575808,5406,3221225664.0
/dev18500/demods/2/sample.dio,279909619634176,5407,1073741888.0
/dev18500/demods/2/sample.dio,279909619692544,5408,0.0
/dev18500/demods/2/sample.dio,279909619750912,5409,0.0
/dev18500/demods/2/sample.dio,279909619809280,5410,1048576.0
/dev18500/demods/2/sample.dio,279909619867648,5411,3221225664.0
/dev18500/demods/2/sample.dio,279909619926016,5412,1073741824.0
/dev18500/demods/2/sample.dio,279909619984384,5413,0.0
/dev18500/demods/2/sample.dio,279909620042752,5414,0.0
/dev18500/demods/2/sample.dio,279909620101120,5415,1048576.0
/dev18500/demods/2/sample.dio,279909620159488,5416,3221225664.0
/dev18500/demods/2/sample.dio,279909620217856,5417,1073741824.0
/dev18500/demods/2/sample.dio,279909620276224,5418,0.0
/dev18500/demods/2/sample.dio,279909620334592,5419,0.0
/dev18500/demods/2/sample.dio,279909620392960,5420,3222274240.0
/dev18500/demods/2/sample.dio,279909620451328,5421,3221225664.0
/dev18500/demods/2/sample.dio,279909620509696,5422,1073741824.0
/dev18500/demods/2/sample.dio,279909620568064,5423,0.0
/dev18500/demods/2/sample.dio,279909620626432,5424,0.0
/dev18500/demods/2/sample.dio,279909620684800,5425,3222274048.0
/dev18500/demods/2/sample.dio,279909620743168,5426,3221225664.0
/dev18500/demods/2/sample.dio,279909620801536,5427,1073741824.0
/dev18500/demods/2/sample.dio,279909620859904,5428,0.0
/dev18500/demods/2/sample.dio,279909620918272,5429,0.0
/dev18500/demods/2/sample.dio,279909620976640,5430,3222274240.0
/dev18500/demods/2/sample.dio,279909621035008,5431,1073750208.0
/dev18500/demods/2/sample.dio,279909621093376,5432,1073741824.0
/dev18500/demods/2/sample.dio,279909621151744,5433,0.0
/dev18500/demods/2/sample.dio,279909621210112,5434,1048576.0
/dev18500/demods/2/sample.dio,279909621268480,5435,3222274240.0
/dev18500/demods/2/sample.dio,279909621326848,5436,1073741824.0
/dev18500/demods/2/sample.dio,279909621385216,5437,0.0
/dev18500/demods/2/sample.dio,279909621443584,5438,0.0
/dev18500/demods/2/sample.dio,279909621501952,5439,1048576.0
/dev18500/demods/2/sample.dio,279909621560320,5440,3221225664.0
/dev18500/demods/2/sample.dio,279909621618688,5441,1073742016.0
/dev18500/demods/2/sample.dio,279909621677056,5442,0.0
/dev18500/demods/2/sample.dio,279909621735424,5443,0.0
/dev18500/demods/2/sample.dio,279909621793792,5444,3222274048.0
/dev18500/demods/2/sample.dio,279909621852160,5445,3221225664.0
/dev18500/demods/2/sample.dio,279909621910528,5446,1073741824.0
/dev18500/demods/2/sample.dio,279909621968896,5447,0.0
/dev18500/demods/2/sample.dio,279909622027264,5448,0.0
/dev18500/demods/2/sample.dio,279909622085632,5449,3221225472.0
/dev18500/demods/2/sample.dio,279909622144000,5450,3221225664.0
/dev18500/demods/2/sample.dio,279909622202368,5451,1073741824.0
/dev18500/demods/2/sample.dio,279909622260736,5452,0.0
/dev18500/demods/2/sample.dio,279909622319104,5453,0.0
/dev18500/demods/2/sample.dio,279909622377472,5454,3222290624.0
/dev18500/demods/2/sample.dio,279909622435840,5455,3221225664.0
/dev18500/demods/2/sample.dio,279909622494208,5456,0.0
/dev18500/demods/2/sample.dio,279909622552576,5457,0.0
/dev18500/demods/2/sample.dio,279909622610944,5458,0.0
/dev18500/demods/2/sample.dio,279909622669312,5459,3222274112.0
/dev18500/demods/2/sample.dio,279909622727680,5460,1073741888.0
/dev18500/demods/2/sample.dio,279909622786048,5461,1073741824.0
/dev18500/demods/2/sample.dio,279909622844416,5462,0.0
/dev18500/demods/2/sample.dio,279909622902784,5463,0.0
/dev18500/demods/2/sample.dio,279909622961152,5464,3222290624.0
/dev18500/demods/2/sample.dio,279909623019520,5465,1073750208.0
/dev18500/demods/2/sample.dio,279909623077888,5466,0.0
/dev18500/demods/2/sample.dio,279909623136256,5467,0.0
/dev18500/demods/2/sample.dio,279909623194624,5468,1048576.0
/dev18500/demods/2/sample.dio,279909623252992,5469,3222274240.0
/dev18500/demods/2/sample.dio,279909623311360,5470,1073741824.0
/dev18500/demods/2/sample.dio,279909623369728,5471,0.0
/dev18500/demods/2/sample.dio,279909623428096,5472,0.0
/dev18500/demods/2/sample.dio,279909623486464,5473,1048576.0
/dev18500/demods/2/sample.dio,279909623544832,5474,3221225664.0
/dev18500/demods/2/sample.dio,279909623603200,5475,1073741824.0
/dev18500/demods/2/sample.dio,279909623661568,5476,0.0
/dev18500/demods/2/sample.dio,279909623719936,5477,0.0
/dev18500/demods/2/sample.dio,279909623778304,5478,3222290496.0
/dev18500/demods/2/sample.dio,279909623836672,5479,3221225664.0
/dev18500/demods/2/sample.dio,279909623895040,5480,1073741824.0
/dev18500/demods/2/sample.dio,279909623953408,5481,0.0
/dev18500/demods/2/sample.dio,279909624011776,5482,0.0
/dev18500/demods/2/sample.dio,279909624070144,5483,3222274048.0
/dev18500/demods/2/sample.dio,279909624128512,5484,1073742016.0
/dev18500/demods/2/sample.dio,279909624186880,5485,1073741824.0
/dev18500/demods/2/sample.dio,279909624245248,5486,0.0
/dev18500/demods/2/sample.dio,279909624303616,5487,0.0
/dev18500/demods/2/sample.dio,279909624361984,5488,3222274240.0
/dev18500/demods/2/sample.dio,279909624420352,5489,3221225664.0
/dev18500/demods/2/sample.dio,279909624478720,5490,0.0
/dev18500/demods/2/sample.dio,279909624537088,5491,0.0
/dev18500/demods/2/sample.dio,279909624595456,5492,1048576.0
/dev18500/demods/2/sample.dio,279909624653824,5493,3222274240.0
/dev18500/demods/2/sample.dio,279909624712192,5494,1073742016.0
/dev18500/demods/2/sample.dio,279909624770560,5495,0.0
/dev18500/demods/2/sample.dio,279909624828928,5496,0.0
/dev18500/demods/2/sample.dio,279909624887296,5497,1048576.0
/dev18500/demods/2/sample.dio,279909624945664,5498,3221225664.0
/dev18500/demods/2/sample.dio,279909625004032,5499,1073741888.0
/dev18500/demods/2/sample.dio,279909625062400,5500,0.0
/dev18500/demods/2/sample.dio,279909625120768,5501,0.0
/dev18500/demods/2/sample.dio,279909625179136,5502,3221225472.0
/dev18500/demods/2/sample.dio,279909625237504,5503,3221225664.0
/dev18500/demods/2/sample.dio,279909625295872,5504,1073741824.0
/dev18500/demods/2/sample.dio,279909625354240,5505,0.0
/dev18500/demods/2/sample.dio,279909625412608,5506,0.0
/dev18500/demods/2/sample.dio,279909625470976,5507,3221225472.0
/dev18500/demods/2/sample.dio,279909625529344,5508,3221225664.0
/dev18500/demods/2/sample.dio,279909625587712,5509,1073741824.0
/dev18500/demods/2/sample.dio,279909625646080,5510,0.0
/dev18500/demods/2/sample.dio,279909625704448,5511,0.0
/dev18500/demods/2/sample.dio,279909625762816,5512,3222274240.0
/dev18500/demods/2/sample.dio,279909625821184,5513,3221225664.0
/dev18500/demods/2/sample.dio,279909625879552,5514,1073741824.0
/dev18500/demods/2/sample.dio,279909625937920,5515,0.0
/dev18500/demods/2/sample.dio,279909625996288,5516,0.0
/dev18500/demods/2/sample.dio,279909626054656,5517,3222274112.0
/dev18500/demods/2/sample.dio,279909626113024,5518,1073741888.0
/dev18500/demods/2/sample.dio,279909626171392,5519,1073741824.0
/dev18500/demods/2/sample.dio,279909626229760,5520,0.0
/dev18500/demods/2/sample.dio,279909626288128,5521,0.0
/dev18500/demods/2/sample.dio,279909626346496,5522,3221225664.0
/dev18500/demods/2/sample.dio,279909626404864,5523,3221233856.0
/dev18500/demods/2/sample.dio,279909626463232,5524,0.0
/dev18500/demods/2/sample.dio,279909626521600,5525,0.0
/dev18500/demods/2/sample.dio,279909626579968,5526,1074790400.0
/dev18500/demods/2/sample.dio,279909626638336,5527,3222274240.0
/dev18500/demods/2/sample.dio,279909626696704,5528,1073741824.0
/dev18500/demods/2/sample.dio,279909626755072,5529,0.0
/dev18500/demods/2/sample.dio,279909626813440,5530,0.0
/dev18500/demods/2/sample.dio,279909626871808,5531,0.0
/dev18500/demods/2/sample.dio,279909626930176,5532,3221225664.0
/dev18500/demods/2/sample.dio,279909626988544,5533,1073741824.0
/dev18500/demods/2/sample.dio,279909627046912,5534,0.0
/dev18500/demods/2/sample.dio,279909627105280,5535,0.0
/dev18500/demods/2/sample.dio,279909627163648,5536,3222274048.0
/dev18500/demods/2/sample.dio,279909627222016,5537,3221225664.0
/dev18500/demods/2/sample.dio,279909627280384,5538,1073741824.0
/dev18500/demods/2/sample.dio,279909627338752,5539,0.0
/dev18500/demods/2/sample.dio,279909627397120,5540,0.0
/dev18500/demods/2/sample.dio,279909627455488,5541,3222274112.0
/dev18500/demods/2/sample.dio,279909627513856,5542,3221225664.0
/dev18500/demods/2/sample.dio,279909627572224,5543,1073750016.0
/dev18500/demods/2/sample.dio,279909627630592,5544,0.0
/dev18500/demods/2/sample.dio,279909627688960,5545,0.0
/dev18500/demods/2/sample.dio,279909627747328,5546,3222274240.0
/dev18500/demods/2/sample.dio,279909627805696,5547,3221225664.0
/dev18500/demods/2/sample.dio,279909627864064,5548,0.0
/dev18500/demods/2/sample.dio,279909627922432,5549,0.0
/dev18500/demods/2/sample.dio,279909627980800,5550,1048576.0
/dev18500/demods/2/sample.dio,279909628039168,5551,3222274240.0
/dev18500/demods/2/sample.dio,279909628097536,5552,1073741888.0
/dev18500/demods/2/sample.dio,279909628155904,5553,0.0
/dev18500/demods/2/sample.dio,279909628214272,5554,0.0
/dev18500/demods/2/sample.dio,279909628272640,5555,1048576.0
/dev18500/demods/2/sample.dio,279909628331008,5556,3221225664.0
/dev18500/demods/2/sample.dio,279909628389376,5557,1073741888.0
/dev18500/demods/2/sample.dio,279909628447744,5558,0.0
/dev18500/demods/2/sample.dio,279909628506112,5559,0.0
/dev18500/demods/2/sample.dio,279909628564480,5560,3222274048.0
/dev18500/demods/2/sample.dio,279909628622848,5561,3221225664.0
/dev18500/demods/2/sample.dio,279909628681216,5562,1073741824.0
/dev18500/demods/2/sample.dio,279909628739584,5563,0.0
/dev18500/demods/2/sample.dio,279909628797952,5564,0.0
/dev18500/demods/2/sample.dio,279909628856320,5565,1074790400.0
/dev18500/demods/2/sample.dio,279909628914688,5566,3221225664.0
/dev18500/demods/2/sample.dio,279909628973056,5567,1073741824.0
/dev18500/demods/2/sample.dio,279909629031424,5568,0.0
/dev18500/demods/2/sample.dio,279909629089792,5569,0.0
/dev18500/demods/2/sample.dio,279909629148160,5570,3222274240.0
/dev18500/demods/2/sample.dio,279909629206528,5571,3221225664.0
/dev18500/demods/2/sample.dio,279909629264896,5572,1073741824.0
/dev18500/demods/2/sample.dio,279909629323264,5573,0.0
/dev18500/demods/2/sample.dio,279909629381632,5574,1048576.0
/dev18500/demods/2/sample.dio,279909629440000,5575,3222274240.0
/dev18500/demods/2/sample.dio,279909629498368,5576,1073742016.0
/dev18500/demods/2/sample.dio,279909629556736,5577,1073741824.0
/dev18500/demods/2/sample.dio,279909629615104,5578,0.0
/dev18500/demods/2/sample.dio,279909629673472,5579,16384.0
/dev18500/demods/2/sample.dio,279909629731840,5580,3222274240.0
/dev18500/demods/2/sample.dio,279909629790208,5581,1073742016.0
/dev18500/demods/2/sample.dio,279909629848576,5582,0.0
/dev18500/demods/2/sample.dio,279909629906944,5583,0.0
/dev18500/demods/2/sample.dio,279909629965312,5584,1048576.0
/dev18500/demods/2/sample.dio,279909630023680,5585,3222274240.0
/dev18500/demods/2/sample.dio,279909630082048,5586,1073741824.0
/dev18500/demods/2/sample.dio,279909630140416,5587,0.0
/dev18500/demods/2/sample.dio,279909630198784,5588,0.0
/dev18500/demods/2/sample.dio,279909630257152,5589,1048576.0
/dev18500/demods/2/sample.dio,279909630315520,5590,3221225664.0
/dev18500/demods/2/sample.dio,279909630373888,5591,1073741824.0
/dev18500/demods/2/sample.dio,279909630432256,5592,0.0
/dev18500/demods/2/sample.dio,279909630490624,5593,0.0
/dev18500/demods/2/sample.dio,279909630548992,5594,3222274112.0
/dev18500/demods/2/sample.dio,279909630607360,5595,3221225664.0
/dev18500/demods/2/sample.dio,279909630665728,5596,1073741824.0
/dev18500/demods/2/sample.dio,279909630724096,5597,0.0
/dev18500/demods/2/sample.dio,279909630782464,5598,0.0
/dev18500/demods/2/sample.dio,279909630840832,5599,3222274048.0
/dev18500/demods/2/sample.dio,279909630899200,5600,3221225664.0
/dev18500/demods/2/sample.dio,279909630957568,5601,1073741824.0
/dev18500/demods/2/sample.dio,279909631015936,5602,0.0
/dev18500/demods/2/sample.dio,279909631074304,5603,0.0
/dev18500/demods/2/sample.dio,279909631132672,5604,3222274240.0
/dev18500/demods/2/sample.dio,279909631191040,5605,3221225664.0
/dev18500/demods/2/sample.dio,279909631249408,5606,8192.0
/dev18500/demods/2/sample.dio,279909631307776,5607,0.0
/dev18500/demods/2/sample.dio,279909631366144,5608,1048576.0
/dev18500/demods/2/sample.dio,279909631424512,5609,3222274240.0
/dev18500/demods/2/sample.dio,279909631482880,5610,1073741824.0
/dev18500/demods/2/sample.dio,279909631541248,5611,1073741824.0
/dev18500/demods/2/sample.dio,279909631599616,5612,0.0
/dev18500/demods/2/sample.dio,279909631657984,5613,16384.0
/dev18500/demods/2/sample.dio,279909631716352,5614,3221225664.0
/dev18500/demods/2/sample.dio,279909631774720,5615,1073750080.0
/dev18500/demods/2/sample.dio,279909631833088,5616,0.0
/dev18500/demods/2/sample.dio,279909631891456,5617,0.0
/dev18500/demods/2/sample.dio,279909631949824,5618,1074790400.0
/dev18500/demods/2/sample.dio,279909632008192,5619,3221225664.0
/dev18500/demods/2/sample.dio,279909632066560,5620,1073741824.0
/dev18500/demods/2/sample.dio,279909632124928,5621,0.0
/dev18500/demods/2/sample.dio,279909632183296,5622,0.0
/dev18500/demods/2/sample.dio,279909632241664,5623,3222274048.0
/dev18500/demods/2/sample.dio,279909632300032,5624,3221225664.0
/dev18500/demods/2/sample.dio,279909632358400,5625,1073741824.0
/dev18500/demods/2/sample.dio,279909632416768,5626,0.0
/dev18500/demods/2/sample.dio,279909632475136,5627,0.0
/dev18500/demods/2/sample.dio,279909632533504,5628,3222290624.0
/dev18500/demods/2/sample.dio,279909632591872,5629,3221225664.0
/dev18500/demods/2/sample.dio,279909632650240,5630,1073750016.0
/dev18500/demods/2/sample.dio,279909632708608,5631,0.0
/dev18500/demods/2/sample.dio,279909632766976,5632,0.0
/dev18500/demods/2/sample.dio,279909632825344,5633,3222274112.0
/dev18500/demods/2/sample.dio,279909632883712,5634,1073750208.0
/dev18500/demods/2/sample.dio,279909632942080,5635,1073741824.0
/dev18500/demods/2/sample.dio,279909633000448,5636,0.0
/dev18500/demods/2/sample.dio,279909633058816,5637,0.0
/dev18500/demods/2/sample.dio,279909633117184,5638,3222274240.0
/dev18500/demods/2/sample.dio,279909633175552,5639,1073750208.0
/dev18500/demods/2/sample.dio,279909633233920,5640,0.0
/dev18500/demods/2/sample.dio,279909633292288,5641,0.0
/dev18500/demods/2/sample.dio,279909633350656,5642,1048576.0
/dev18500/demods/2/sample.dio,279909633409024,5643,3222274240.0
/dev18500/demods/2/sample.dio,279909633467392,5644,1073741888.0
/dev18500/demods/2/sample.dio,279909633525760,5645,0.0
/dev18500/demods/2/sample.dio,279909633584128,5646,0.0
/dev18500/demods/2/sample.dio,279909633642496,5647,1048576.0
/dev18500/demods/2/sample.dio,279909633700864,5648,3221225664.0
/dev18500/demods/2/sample.dio,279909633759232,5649,1073741824.0
/dev18500/demods/2/sample.dio,279909633817600,5650,0.0
/dev18500/demods/2/sample.dio,279909633875968,5651,0.0
/dev18500/demods/2/sample.dio,279909633934336,5652,3222274112.0
/dev18500/demods/2/sample.dio,279909633992704,5653,3221225664.0
/dev18500/demods/2/sample.dio,279909634051072,5654,1073741824.0
/dev18500/demods/2/sample.dio,279909634109440,5655,0.0
/dev18500/demods/2/sample.dio,279909634167808,5656,0.0
/dev18500/demods/2/sample.dio,279909634226176,5657,1073741824.0
/dev18500/demods/2/sample.dio,279909634284544,5658,3221225664.0
/dev18500/demods/2/sample.dio,279909634342912,5659,1073741824.0
/dev18500/demods/2/sample.dio,279909634401280,5660,0.0
/dev18500/demods/2/sample.dio,279909634459648,5661,0.0
/dev18500/demods/2/sample.dio,279909634518016,5662,3222290624.0
/dev18500/demods/2/sample.dio,279909634576384,5663,3221225664.0
/dev18500/demods/2/sample.dio,279909634634752,5664,0.0
/dev18500/demods/2/sample.dio,279909634693120,5665,0.0
/dev18500/demods/2/sample.dio,279909634751488,5666,1048576.0
/dev18500/demods/2/sample.dio,279909634809856,5667,3222274240.0
/dev18500/demods/2/sample.dio,279909634868224,5668,1073741888.0
/dev18500/demods/2/sample.dio,279909634926592,5669,1073741824.0
/dev18500/demods/2/sample.dio,279909634984960,5670,0.0
/dev18500/demods/2/sample.dio,279909635043328,5671,0.0
/dev18500/demods/2/sample.dio,279909635101696,5672,3222274240.0
/dev18500/demods/2/sample.dio,279909635160064,5673,1073741888.0
/dev18500/demods/2/sample.dio,279909635218432,5674,0.0
/dev18500/demods/2/sample.dio,279909635276800,5675,0.0
/dev18500/demods/2/sample.dio,279909635335168,5676,1074790400.0
/dev18500/demods/2/sample.dio,279909635393536,5677,3221225664.0
/dev18500/demods/2/sample.dio,279909635451904,5678,1073741824.0
/dev18500/demods/2/sample.dio,279909635510272,5679,0.0
/dev18500/demods/2/sample.dio,279909635568640,5680,0.0
/dev18500/demods/2/sample.dio,279909635627008,5681,1074790400.0
/dev18500/demods/2/sample.dio,279909635685376,5682,3221233856.0
/dev18500/demods/2/sample.dio,279909635743744,5683,1073741824.0
/dev18500/demods/2/sample.dio,279909635802112,5684,0.0
/dev18500/demods/2/sample.dio,279909635860480,5685,0.0
/dev18500/demods/2/sample.dio,279909635918848,5686,3221225664.0
/dev18500/demods/2/sample.dio,279909635977216,5687,3221225664.0
/dev18500/demods/2/sample.dio,279909636035584,5688,1073741824.0
/dev18500/demods/2/sample.dio,279909636093952,5689,0.0
/dev18500/demods/2/sample.dio,279909636152320,5690,0.0
/dev18500/demods/2/sample.dio,279909636210688,5691,3221241920.0
/dev18500/demods/2/sample.dio,279909636269056,5692,1073742016.0
/dev18500/demods/2/sample.dio,279909636327424,5693,1073750016.0
/dev18500/demods/2/sample.dio,279909636385792,5694,0.0
/dev18500/demods/2/sample.dio,279909636444160,5695,0.0
/dev18500/demods/2/sample.dio,279909636502528,5696,3222274240.0
/dev18500/demods/2/sample.dio,279909636560896,5697,1073742016.0
/dev18500/demods/2/sample.dio,279909636619264,5698,0.0
/dev18500/demods/2/sample.dio,279909636677632,5699,0.0
/dev18500/demods/2/sample.dio,279909636736000,5700,1048576.0
/dev18500/demods/2/sample.dio,279909636794368,5701,3222274240.0
/dev18500/demods/2/sample.dio,279909636852736,5702,1073741824.0
/dev18500/demods/2/sample.dio,279909636911104,5703,0.0
/dev18500/demods/2/sample.dio,279909636969472,5704,0.0
/dev18500/demods/2/sample.dio,279909637027840,5705,1048576.0
/dev18500/demods/2/sample.dio,279909637086208,5706,3221225664.0
/dev18500/demods/2/sample.dio,279909637144576,5707,1073741824.0
/dev18500/demods/2/sample.dio,279909637202944,5708,0.0
/dev18500/demods/2/sample.dio,279909637261312,5709,0.0
/dev18500/demods/2/sample.dio,279909637319680,5710,3222274112.0
/dev18500/demods/2/sample.dio,279909637378048,5711,3221225664.0
/dev18500/demods/2/sample.dio,279909637436416,5712,1073741824.0
/dev18500/demods/2/sample.dio,279909637494784,5713,0.0
/dev18500/demods/2/sample.dio,279909637553152,5714,0.0
/dev18500/demods/2/sample.dio,279909637611520,5715,3222274048.0
/dev18500/demods/2/sample.dio,279909637669888,5716,3221225664.0
/dev18500/demods/2/sample.dio,279909637728256,5717,1073741824.0
/dev18500/demods/2/sample.dio,279909637786624,5718,0.0
/dev18500/demods/2/sample.dio,279909637844992,5719,0.0
/dev18500/demods/2/sample.dio,279909637903360,5720,3222274240.0
/dev18500/demods/2/sample.dio,279909637961728,5721,3221225664.0
/dev18500/demods/2/sample.dio,279909638020096,5722,0.0
/dev18500/demods/2/sample.dio,279909638078464,5723,0.0
/dev18500/demods/2/sample.dio,279909638136832,5724,1048576.0
/dev18500/demods/2/sample.dio,279909638195200,5725,3222274240.0
/dev18500/demods/2/sample.dio,279909638253568,5726,1073741888.0
/dev18500/demods/2/sample.dio,279909638311936,5727,0.0
/dev18500/demods/2/sample.dio,279909638370304,5728,0.0
/dev18500/demods/2/sample.dio,279909638428672,5729,1048576.0
/dev18500/demods/2/sample.dio,279909638487040,5730,3222274240.0
/dev18500/demods/2/sample.dio,279909638545408,5731,1073741888.0
/dev18500/demods/2/sample.dio,279909638603776,5732,0.0
/dev18500/demods/2/sample.dio,279909638662144,5733,0.0
/dev18500/demods/2/sample.dio,279909638720512,5734,3222274048.0
/dev18500/demods/2/sample.dio,279909638778880,5735,3222274240.0
/dev18500/demods/2/sample.dio,279909638837248,5736,1073741824.0
/dev18500/demods/2/sample.dio,279909638895616,5737,0.0
/dev18500/demods/2/sample.dio,279909638953984,5738,0.0
/dev18500/demods/2/sample.dio,279909639012352,5739,1048576.0
/dev18500/demods/2/sample.dio,279909639070720,5740,3221225664.0
/dev18500/demods/2/sample.dio,279909639129088,5741,1073741824.0
/dev18500/demods/2/sample.dio,279909639187456,5742,0.0
/dev18500/demods/2/sample.dio,279909639245824,5743,0.0
/dev18500/demods/2/sample.dio,279909639304192,5744,3222274112.0
/dev18500/demods/2/sample.dio,279909639362560,5745,3221225664.0
/dev18500/demods/2/sample.dio,279909639420928,5746,1073741824.0
/dev18500/demods/2/sample.dio,279909639479296,5747,0.0
/dev18500/demods/2/sample.dio,279909639537664,5748,0.0
/dev18500/demods/2/sample.dio,279909639596032,5749,3221225536.0
/dev18500/demods/2/sample.dio,279909639654400,5750,1073742016.0
/dev18500/demods/2/sample.dio,279909639712768,5751,1073741824.0
/dev18500/demods/2/sample.dio,279909639771136,5752,0.0
/dev18500/demods/2/sample.dio,279909639829504,5753,0.0
/dev18500/demods/2/sample.dio,279909639887872,5754,3222282432.0
/dev18500/demods/2/sample.dio,279909639946240,5755,1073742016.0
/dev18500/demods/2/sample.dio,279909640004608,5756,0.0
/dev18500/demods/2/sample.dio,279909640062976,5757,0.0
/dev18500/demods/2/sample.dio,279909640121344,5758,1048576.0
/dev18500/demods/2/sample.dio,279909640179712,5759,3222274240.0
/dev18500/demods/2/sample.dio,279909640238080,5760,1073741824.0
/dev18500/demods/2/sample.dio,279909640296448,5761,0.0
/dev18500/demods/2/sample.dio,279909640354816,5762,0.0
/dev18500/demods/2/sample.dio,279909640413184,5763,1048576.0
/dev18500/demods/2/sample.dio,279909640471552,5764,3221225664.0
/dev18500/demods/2/sample.dio,279909640529920,5765,1073741824.0
/dev18500/demods/2/sample.dio,279909640588288,5766,0.0
/dev18500/demods/2/sample.dio,279909640646656,5767,0.0
/dev18500/demods/2/sample.dio,279909640705024,5768,3222274112.0
/dev18500/demods/2/sample.dio,279909640763392,5769,3221225664.0
/dev18500/demods/2/sample.dio,279909640821760,5770,1073741824.0
/dev18500/demods/2/sample.dio,279909640880128,5771,0.0
/dev18500/demods/2/sample.dio,279909640938496,5772,0.0
/dev18500/demods/2/sample.dio,279909640996864,5773,1074790400.0
/dev18500/demods/2/sample.dio,279909641055232,5774,3221225664.0
/dev18500/demods/2/sample.dio,279909641113600,5775,1073741824.0
/dev18500/demods/2/sample.dio,279909641171968,5776,0.0
/dev18500/demods/2/sample.dio,279909641230336,5777,0.0
/dev18500/demods/2/sample.dio,279909641288704,5778,3222274240.0
/dev18500/demods/2/sample.dio,279909641347072,5779,3221225664.0
/dev18500/demods/2/sample.dio,279909641405440,5780,1073741824.0
/dev18500/demods/2/sample.dio,279909641463808,5781,0.0
/dev18500/demods/2/sample.dio,279909641522176,5782,0.0
/dev18500/demods/2/sample.dio,279909641580544,5783,3222274240.0
/dev18500/demods/2/sample.dio,279909641638912,5784,1073742016.0
/dev18500/demods/2/sample.dio,279909641697280,5785,1073741824.0
/dev18500/demods/2/sample.dio,279909641755648,5786,0.0
/dev18500/demods/2/sample.dio,279909641814016,5787,1048576.0
/dev18500/demods/2/sample.dio,279909641872384,5788,3221225664.0
/dev18500/demods/2/sample.dio,279909641930752,5789,1073742016.0
/dev18500/demods/2/sample.dio,279909641989120,5790,0.0
/dev18500/demods/2/sample.dio,279909642047488,5791,0.0
/dev18500/demods/2/sample.dio,279909642105856,5792,3222274048.0
/dev18500/demods/2/sample.dio,279909642164224,5793,3221225664.0
/dev18500/demods/2/sample.dio,279909642222592,5794,1073741824.0
/dev18500/demods/2/sample.dio,279909642280960,5795,0.0
/dev18500/demods/2/sample.dio,279909642339328,5796,0.0
/dev18500/demods/2/sample.dio,279909642397696,5797,1074790400.0
/dev18500/demods/2/sample.dio,279909642456064,5798,3221225664.0
/dev18500/demods/2/sample.dio,279909642514432,5799,1073741824.0
/dev18500/demods/2/sample.dio,279909642572800,5800,0.0
/dev18500/demods/2/sample.dio,279909642631168,5801,0.0
/dev18500/demods/2/sample.dio,279909642689536,5802,3222274048.0
/dev18500/demods/2/sample.dio,279909642747904,5803,3221225664.0
/dev18500/demods/2/sample.dio,279909642806272,5804,1073741824.0
/dev18500/demods/2/sample.dio,279909642864640,5805,0.0
/dev18500/demods/2/sample.dio,279909642923008,5806,0.0
/dev18500/demods/2/sample.dio,279909642981376,5807,3221225536.0
/dev18500/demods/2/sample.dio,279909643039744,5808,1073742016.0
/dev18500/demods/2/sample.dio,279909643098112,5809,1073750016.0
/dev18500/demods/2/sample.dio,279909643156480,5810,0.0
/dev18500/demods/2/sample.dio,279909643214848,5811,0.0
/dev18500/demods/2/sample.dio,279909643273216,5812,3221242048.0
/dev18500/demods/2/sample.dio,279909643331584,5813,3221225664.0
/dev18500/demods/2/sample.dio,279909643389952,5814,0.0
/dev18500/demods/2/sample.dio,279909643448320,5815,0.0
/dev18500/demods/2/sample.dio,279909643506688,5816,0.0
/dev18500/demods/2/sample.dio,279909643565056,5817,3222274240.0
/dev18500/demods/2/sample.dio,279909643623424,5818,1073741824.0
/dev18500/demods/2/sample.dio,279909643681792,5819,0.0
/dev18500/demods/2/sample.dio,279909643740160,5820,0.0
/dev18500/demods/2/sample.dio,279909643798528,5821,1048576.0
/dev18500/demods/2/sample.dio,279909643856896,5822,3221225664.0
/dev18500/demods/2/sample.dio,279909643915264,5823,1073741824.0
/dev18500/demods/2/sample.dio,279909643973632,5824,0.0
/dev18500/demods/2/sample.dio,279909644032000,5825,0.0
/dev18500/demods/2/sample.dio,279909644090368,5826,1074790400.0
/dev18500/demods/2/sample.dio,279909644148736,5827,3221225664.0
/dev18500/demods/2/sample.dio,279909644207104,5828,1073741824.0
/dev18500/demods/2/sample.dio,279909644265472,5829,0.0
/dev18500/demods/2/sample.dio,279909644323840,5830,0.0
/dev18500/demods/2/sample.dio,279909644382208,5831,3221225472.0
/dev18500/demods/2/sample.dio,279909644440576,5832,3221225664.0
/dev18500/demods/2/sample.dio,279909644498944,5833,1073741824.0
/dev18500/demods/2/sample.dio,279909644557312,5834,0.0
/dev18500/demods/2/sample.dio,279909644615680,5835,0.0
/dev18500/demods/2/sample.dio,279909644674048,5836,3222274240.0
/dev18500/demods/2/sample.dio,279909644732416,5837,3221233856.0
/dev18500/demods/2/sample.dio,279909644790784,5838,0.0
/dev18500/demods/2/sample.dio,279909644849152,5839,0.0
/dev18500/demods/2/sample.dio,279909644907520,5840,1048576.0
/dev18500/demods/2/sample.dio,279909644965888,5841,3222274112.0
/dev18500/demods/2/sample.dio,279909645024256,5842,1073741888.0
/dev18500/demods/2/sample.dio,279909645082624,5843,1073741824.0
/dev18500/demods/2/sample.dio,279909645140992,5844,0.0
/dev18500/demods/2/sample.dio,279909645199360,5845,1048576.0
/dev18500/demods/2/sample.dio,279909645257728,5846,3221225664.0
/dev18500/demods/2/sample.dio,279909645316096,5847,1073742016.0
/dev18500/demods/2/sample.dio,279909645374464,5848,0.0
/dev18500/demods/2/sample.dio,279909645432832,5849,0.0
/dev18500/demods/2/sample.dio,279909645491200,5850,1074790400.0
/dev18500/demods/2/sample.dio,279909645549568,5851,3221225664.0
/dev18500/demods/2/sample.dio,279909645607936,5852,1073741824.0
/dev18500/demods/2/sample.dio,279909645666304,5853,0.0
/dev18500/demods/2/sample.dio,279909645724672,5854,0.0
/dev18500/demods/2/sample.dio,279909645783040,5855,1074790400.0
/dev18500/demods/2/sample.dio,279909645841408,5856,3221225664.0
/dev18500/demods/2/sample.dio,279909645899776,5857,1073741824.0
/dev18500/demods/2/sample.dio,279909645958144,5858,0.0
/dev18500/demods/2/sample.dio,279909646016512,5859,0.0
/dev18500/demods/2/sample.dio,279909646074880,5860,3222274240.0
/dev18500/demods/2/sample.dio,279909646133248,5861,3221225664.0
/dev18500/demods/2/sample.dio,279909646191616,5862,1073741824.0
/dev18500/demods/2/sample.dio,279909646249984,5863,0.0
/dev18500/demods/2/sample.dio,279909646308352,5864,1048576.0
/dev18500/demods/2/sample.dio,279909646366720,5865,3221241920.0
/dev18500/demods/2/sample.dio,279909646425088,5866,3221225664.0
/dev18500/demods/2/sample.dio,279909646483456,5867,1073741824.0
/dev18500/demods/2/sample.dio,279909646541824,5868,0.0
/dev18500/demods/2/sample.dio,279909646600192,5869,16384.0
/dev18500/demods/2/sample.dio,279909646658560,5870,3221225664.0
/dev18500/demods/2/sample.dio,279909646716928,5871,1073742016.0
/dev18500/demods/2/sample.dio,279909646775296,5872,0.0
/dev18500/demods/2/sample.dio,279909646833664,5873,0.0
/dev18500/demods/2/sample.dio,279909646892032,5874,1048576.0
/dev18500/demods/2/sample.dio,279909646950400,5875,3222274240.0
/dev18500/demods/2/sample.dio,279909647008768,5876,1073741824.0
/dev18500/demods/2/sample.dio,279909647067136,5877,0.0
/dev18500/demods/2/sample.dio,279909647125504,5878,0.0
/dev18500/demods/2/sample.dio,279909647183872,5879,1048576.0
/dev18500/demods/2/sample.dio,279909647242240,5880,3221225664.0
/dev18500/demods/2/sample.dio,279909647300608,5881,1073741888.0
/dev18500/demods/2/sample.dio,279909647358976,5882,0.0
/dev18500/demods/2/sample.dio,279909647417344,5883,0.0
/dev18500/demods/2/sample.dio,279909647475712,5884,3222274112.0
/dev18500/demods/2/sample.dio,279909647534080,5885,3222274240.0
/dev18500/demods/2/sample.dio,279909647592448,5886,1073741824.0
/dev18500/demods/2/sample.dio,279909647650816,5887,0.0
/dev18500/demods/2/sample.dio,279909647709184,5888,0.0
/dev18500/demods/2/sample.dio,279909647767552,5889,3222274048.0
/dev18500/demods/2/sample.dio,279909647825920,5890,3221225664.0
/dev18500/demods/2/sample.dio,279909647884288,5891,1073741824.0
/dev18500/demods/2/sample.dio,279909647942656,5892,0.0
/dev18500/demods/2/sample.dio,279909648001024,5893,0.0
/dev18500/demods/2/sample.dio,279909648059392,5894,3222274240.0
/dev18500/demods/2/sample.dio,279909648117760,5895,3221225664.0
/dev18500/demods/2/sample.dio,279909648176128,5896,8192.0
/dev18500/demods/2/sample.dio,279909648234496,5897,0.0
/dev18500/demods/2/sample.dio,279909648292864,5898,1048576.0
/dev18500/demods/2/sample.dio,279909648351232,5899,3222274240.0
/dev18500/demods/2/sample.dio,279909648409600,5900,1073741888.0
/dev18500/demods/2/sample.dio,279909648467968,5901,1073741824.0
/dev18500/demods/2/sample.dio,279909648526336,5902,0.0
/dev18500/demods/2/sample.dio,279909648584704,5903,0.0
/dev18500/demods/2/sample.dio,279909648643072,5904,3221225664.0
/dev18500/demods/2/sample.dio,279909648701440,5905,1073741888.0
/dev18500/demods/2/sample.dio,279909648759808,5906,0.0
/dev18500/demods/2/sample.dio,279909648818176,5907,0.0
/dev18500/demods/2/sample.dio,279909648876544,5908,3222274048.0
/dev18500/demods/2/sample.dio,279909648934912,5909,3221225664.0
/dev18500/demods/2/sample.dio,279909648993280,5910,1073741824.0
/dev18500/demods/2/sample.dio,279909649051648,5911,0.0
/dev18500/demods/2/sample.dio,279909649110016,5912,0.0
/dev18500/demods/2/sample.dio,279909649168384,5913,1048576.0
/dev18500/demods/2/sample.dio,279909649226752,5914,3221233856.0
/dev18500/demods/2/sample.dio,279909649285120,5915,1073750016.0
/dev18500/demods/2/sample.dio,279909649343488,5916,0.0
/dev18500/demods/2/sample.dio,279909649401856,5917,0.0
/dev18500/demods/2/sample.dio,279909649460224,5918,3222274240.0
/dev18500/demods/2/sample.dio,279909649518592,5919,3221225664.0
/dev18500/demods/2/sample.dio,279909649576960,5920,1073741824.0
/dev18500/demods/2/sample.dio,279909649635328,5921,0.0
/dev18500/demods/2/sample.dio,279909649693696,5922,0.0
/dev18500/demods/2/sample.dio,279909649752064,5923,3222274240.0
/dev18500/demods/2/sample.dio,279909649810432,5924,1073742016.0
/dev18500/demods/2/sample.dio,279909649868800,5925,1073741824.0
/dev18500/demods/2/sample.dio,279909649927168,5926,0.0
/dev18500/demods/2/sample.dio,279909649985536,5927,0.0
/dev18500/demods/2/sample.dio,279909650043904,5928,3222274240.0
/dev18500/demods/2/sample.dio,279909650102272,5929,1073750208.0
/dev18500/demods/2/sample.dio,279909650160640,5930,0.0
/dev18500/demods/2/sample.dio,279909650219008,5931,0.0
/dev18500/demods/2/sample.dio,279909650277376,5932,0.0
/dev18500/demods/2/sample.dio,279909650335744,5933,3222274240.0
/dev18500/demods/2/sample.dio,279909650394112,5934,1073741824.0
/dev18500/demods/2/sample.dio,279909650452480,5935,0.0
/dev18500/demods/2/sample.dio,279909650510848,5936,0.0
/dev18500/demods/2/sample.dio,279909650569216,5937,1048576.0
/dev18500/demods/2/sample.dio,279909650627584,5938,3221225664.0
/dev18500/demods/2/sample.dio,279909650685952,5939,1073741824.0
/dev18500/demods/2/sample.dio,279909650744320,5940,0.0
/dev18500/demods/2/sample.dio,279909650802688,5941,0.0
/dev18500/demods/2/sample.dio,279909650861056,5942,3222290496.0
/dev18500/demods/2/sample.dio,279909650919424,5943,3221225664.0
/dev18500/demods/2/sample.dio,279909650977792,5944,1073741824.0
/dev18500/demods/2/sample.dio,279909651036160,5945,0.0
/dev18500/demods/2/sample.dio,279909651094528,5946,0.0
/dev18500/demods/2/sample.dio,279909651152896,5947,3222274112.0
/dev18500/demods/2/sample.dio,279909651211264,5948,3221225664.0
/dev18500/demods/2/sample.dio,279909651269632,5949,1073741824.0
/dev18500/demods/2/sample.dio,279909651328000,5950,0.0
/dev18500/demods/2/sample.dio,279909651386368,5951,0.0
/dev18500/demods/2/sample.dio,279909651444736,5952,3222274240.0
/dev18500/demods/2/sample.dio,279909651503104,5953,3221225664.0
/dev18500/demods/2/sample.dio,279909651561472,5954,0.0
/dev18500/demods/2/sample.dio,279909651619840,5955,0.0
/dev18500/demods/2/sample.dio,279909651678208,5956,1048576.0
/dev18500/demods/2/sample.dio,279909651736576,5957,3222274240.0
/dev18500/demods/2/sample.dio,279909651794944,5958,1073741888.0
/dev18500/demods/2/sample.dio,279909651853312,5959,0.0
/dev18500/demods/2/sample.dio,279909651911680,5960,0.0
/dev18500/demods/2/sample.dio,279909651970048,5961,1048576.0
/dev18500/demods/2/sample.dio,279909652028416,5962,3221225664.0
/dev18500/demods/2/sample.dio,279909652086784,5963,1073741888.0
/dev18500/demods/2/sample.dio,279909652145152,5964,0.0
/dev18500/demods/2/sample.dio,279909652203520,5965,0.0
/dev18500/demods/2/sample.dio,279909652261888,5966,1073741824.0
/dev18500/demods/2/sample.dio,279909652320256,5967,3221225664.0
/dev18500/demods/2/sample.dio,279909652378624,5968,1073741824.0
/dev18500/demods/2/sample.dio,279909652436992,5969,0.0
/dev18500/demods/2/sample.dio,279909652495360,5970,0.0
/dev18500/demods/2/sample.dio,279909652553728,5971,3221225472.0
/dev18500/demods/2/sample.dio,279909652612096,5972,3221233856.0
/dev18500/demods/2/sample.dio,279909652670464,5973,1073741824.0
/dev18500/demods/2/sample.dio,279909652728832,5974,0.0
/dev18500/demods/2/sample.dio,279909652787200,5975,0.0
/dev18500/demods/2/sample.dio,279909652845568,5976,3222274240.0
/dev18500/demods/2/sample.dio,279909652903936,5977,3221225664.0
/dev18500/demods/2/sample.dio,279909652962304,5978,1073741824.0
/dev18500/demods/2/sample.dio,279909653020672,5979,0.0
/dev18500/demods/2/sample.dio,279909653079040,5980,1048576.0
/dev18500/demods/2/sample.dio,279909653137408,5981,3222274240.0
/dev18500/demods/2/sample.dio,279909653195776,5982,1073742016.0
/dev18500/demods/2/sample.dio,279909653254144,5983,1073741824.0
/dev18500/demods/2/sample.dio,279909653312512,5984,0.0
/dev18500/demods/2/sample.dio,279909653370880,5985,0.0
/dev18500/demods/2/sample.dio,279909653429248,5986,3221225664.0
/dev18500/demods/2/sample.dio,279909653487616,5987,1073742016.0
/dev18500/demods/2/sample.dio,279909653545984,5988,0.0
/dev18500/demods/2/sample.dio,279909653604352,5989,0.0
/dev18500/demods/2/sample.dio,279909653662720,5990,1074790400.0
/dev18500/demods/2/sample.dio,279909653721088,5991,3222274240.0
/dev18500/demods/2/sample.dio,279909653779456,5992,1073741824.0
/dev18500/demods/2/sample.dio,279909653837824,5993,0.0
/dev18500/demods/2/sample.dio,279909653896192,5994,0.0
/dev18500/demods/2/sample.dio,279909653954560,5995,0.0
/dev18500/demods/2/sample.dio,279909654012928,5996,3221225664.0
/dev18500/demods/2/sample.dio,279909654071296,5997,1073741824.0
/dev18500/demods/2/sample.dio,279909654129664,5998,0.0
/dev18500/demods/2/sample.dio,279909654188032,5999,0.0
/dev18500/demods/2/sample.dio,279909654246400,6000,3222274112.0
/dev18500/demods/2/sample.dio,279909654304768,6001,3221233856.0
/dev18500/demods/2/sample.dio,279909654363136,6002,1073741824.0
/dev18500/demods/2/sample.dio,279909654421504,6003,0.0
/dev18500/demods/2/sample.dio,279909654479872,6004,0.0
/dev18500/demods/2/sample.dio,279909654538240,6005,3222274112.0
/dev18500/demods/2/sample.dio,279909654596608,6006,3221225664.0
/dev18500/demods/2/sample.dio,279909654654976,6007,1073741824.0
/dev18500/demods/2/sample.dio,279909654713344,6008,0.0
/dev18500/demods/2/sample.dio,279909654771712,6009,0.0
/dev18500/demods/2/sample.dio,279909654830080,6010,3222274240.0
/dev18500/demods/2/sample.dio,279909654888448,6011,3221233856.0
/dev18500/demods/2/sample.dio,279909654946816,6012,0.0
/dev18500/demods/2/sample.dio,279909655005184,6013,0.0
/dev18500/demods/2/sample.dio,279909655063552,6014,1048576.0
/dev18500/demods/2/sample.dio,279909655121920,6015,3222274240.0
/dev18500/demods/2/sample.dio,279909655180288,6016,1073741824.0
/dev18500/demods/2/sample.dio,279909655238656,6017,0.0
/dev18500/demods/2/sample.dio,279909655297024,6018,0.0
/dev18500/demods/2/sample.dio,279909655355392,6019,1048576.0
/dev18500/demods/2/sample.dio,279909655413760,6020,3221225664.0
/dev18500/demods/2/sample.dio,279909655472128,6021,1073741824.0
/dev18500/demods/2/sample.dio,279909655530496,6022,0.0
/dev18500/demods/2/sample.dio,279909655588864,6023,0.0
/dev18500/demods/2/sample.dio,279909655647232,6024,3222274048.0
/dev18500/demods/2/sample.dio,279909655705600,6025,3221225664.0
/dev18500/demods/2/sample.dio,279909655763968,6026,1073741824.0
/dev18500/demods/2/sample.dio,279909655822336,6027,0.0
/dev18500/demods/2/sample.dio,279909655880704,6028,0.0
/dev18500/demods/2/sample.dio,279909655939072,6029,3222274048.0
/dev18500/demods/2/sample.dio,279909655997440,6030,3221225664.0
/dev18500/demods/2/sample.dio,279909656055808,6031,1073741824.0
/dev18500/demods/2/sample.dio,279909656114176,6032,0.0
/dev18500/demods/2/sample.dio,279909656172544,6033,0.0
/dev18500/demods/2/sample.dio,279909656230912,6034,3222274240.0
/dev18500/demods/2/sample.dio,279909656289280,6035,3221225664.0
/dev18500/demods/2/sample.dio,279909656347648,6036,0.0
/dev18500/demods/2/sample.dio,279909656406016,6037,0.0
/dev18500/demods/2/sample.dio,279909656464384,6038,1048576.0
/dev18500/demods/2/sample.dio,279909656522752,6039,3222274240.0
/dev18500/demods/2/sample.dio,279909656581120,6040,1073741888.0
/dev18500/demods/2/sample.dio,279909656639488,6041,0.0
/dev18500/demods/2/sample.dio,279909656697856,6042,0.0
/dev18500/demods/2/sample.dio,279909656756224,6043,1048576.0
/dev18500/demods/2/sample.dio,279909656814592,6044,3222290624.0
/dev18500/demods/2/sample.dio,279909656872960,6045,1073741888.0
/dev18500/demods/2/sample.dio,279909656931328,6046,0.0
/dev18500/demods/2/sample.dio,279909656989696,6047,0.0
/dev18500/demods/2/sample.dio,279909657048064,6048,1073741824.0
/dev18500/demods/2/sample.dio,279909657106432,6049,3221225664.0
/dev18500/demods/2/sample.dio,279909657164800,6050,1073741824.0
/dev18500/demods/2/sample.dio,279909657223168,6051,0.0
/dev18500/demods/2/sample.dio,279909657281536,6052,0.0
/dev18500/demods/2/sample.dio,279909657339904,6053,1048576.0
/dev18500/demods/2/sample.dio,279909657398272,6054,3221225664.0
/dev18500/demods/2/sample.dio,279909657456640,6055,1073741824.0
/dev18500/demods/2/sample.dio,279909657515008,6056,0.0
/dev18500/demods/2/sample.dio,279909657573376,6057,0.0
/dev18500/demods/2/sample.dio,279909657631744,6058,3222274240.0
/dev18500/demods/2/sample.dio,279909657690112,6059,3221225664.0
/dev18500/demods/2/sample.dio,279909657748480,6060,1073741824.0
/dev18500/demods/2/sample.dio,279909657806848,6061,0.0
/dev18500/demods/2/sample.dio,279909657865216,6062,0.0
/dev18500/demods/2/sample.dio,279909657923584,6063,3222274112.0
/dev18500/demods/2/sample.dio,279909657981952,6064,1073742016.0
/dev18500/demods/2/sample.dio,279909658040320,6065,1073741824.0
/dev18500/demods/2/sample.dio,279909658098688,6066,0.0
/dev18500/demods/2/sample.dio,279909658157056,6067,0.0
/dev18500/demods/2/sample.dio,279909658215424,6068,3222274240.0
/dev18500/demods/2/sample.dio,279909658273792,6069,3221225664.0
/dev18500/demods/2/sample.dio,279909658332160,6070,0.0
/dev18500/demods/2/sample.dio,279909658390528,6071,0.0
/dev18500/demods/2/sample.dio,279909658448896,6072,0.0
/dev18500/demods/2/sample.dio,279909658507264,6073,3222274240.0
/dev18500/demods/2/sample.dio,279909658565632,6074,1073741824.0
/dev18500/demods/2/sample.dio,279909658624000,6075,0.0
/dev18500/demods/2/sample.dio,279909658682368,6076,0.0
/dev18500/demods/2/sample.dio,279909658740736,6077,1048576.0
/dev18500/demods/2/sample.dio,279909658799104,6078,3221225664.0
/dev18500/demods/2/sample.dio,279909658857472,6079,1073741824.0
/dev18500/demods/2/sample.dio,279909658915840,6080,0.0
/dev18500/demods/2/sample.dio,279909658974208,6081,0.0
/dev18500/demods/2/sample.dio,279909659032576,6082,3222274048.0
/dev18500/demods/2/sample.dio,279909659090944,6083,3221225664.0
/dev18500/demods/2/sample.dio,279909659149312,6084,1073741824.0
/dev18500/demods/2/sample.dio,279909659207680,6085,0.0
/dev18500/demods/2/sample.dio,279909659266048,6086,0.0
/dev18500/demods/2/sample.dio,279909659324416,6087,3222274112.0
/dev18500/demods/2/sample.dio,279909659382784,6088,1073742016.0
/dev18500/demods/2/sample.dio,279909659441152,6089,1073741824.0
/dev18500/demods/2/sample.dio,279909659499520,6090,0.0
/dev18500/demods/2/sample.dio,279909659557888,6091,0.0
/dev18500/demods/2/sample.dio,279909659616256,6092,3222274240.0
/dev18500/demods/2/sample.dio,279909659674624,6093,3221225664.0
/dev18500/demods/2/sample.dio,279909659732992,6094,0.0
/dev18500/demods/2/sample.dio,279909659791360,6095,0.0
/dev18500/demods/2/sample.dio,279909659849728,6096,1048576.0
/dev18500/demods/2/sample.dio,279909659908096,6097,3221225664.0
/dev18500/demods/2/sample.dio,279909659966464,6098,1073742016.0
/dev18500/demods/2/sample.dio,279909660024832,6099,0.0
/dev18500/demods/2/sample.dio,279909660083200,6100,0.0
/dev18500/demods/2/sample.dio,279909660141568,6101,1048576.0
/dev18500/demods/2/sample.dio,279909660199936,6102,3221225664.0
/dev18500/demods/2/sample.dio,279909660258304,6103,1073741888.0
/dev18500/demods/2/sample.dio,279909660316672,6104,0.0
/dev18500/demods/2/sample.dio,279909660375040,6105,0.0
/dev18500/demods/2/sample.dio,279909660433408,6106,3222274048.0
/dev18500/demods/2/sample.dio,279909660491776,6107,3221225664.0
/dev18500/demods/2/sample.dio,279909660550144,6108,1073741824.0
/dev18500/demods/2/sample.dio,279909660608512,6109,0.0
/dev18500/demods/2/sample.dio,279909660666880,6110,0.0
/dev18500/demods/2/sample.dio,279909660725248,6111,3221225472.0
/dev18500/demods/2/sample.dio,279909660783616,6112,3221225664.0
/dev18500/demods/2/sample.dio,279909660841984,6113,1073741824.0
/dev18500/demods/2/sample.dio,279909660900352,6114,0.0
/dev18500/demods/2/sample.dio,279909660958720,6115,0.0
/dev18500/demods/2/sample.dio,279909661017088,6116,3222274240.0
/dev18500/demods/2/sample.dio,279909661075456,6117,3221225664.0
/dev18500/demods/2/sample.dio,279909661133824,6118,0.0
/dev18500/demods/2/sample.dio,279909661192192,6119,0.0
/dev18500/demods/2/sample.dio,279909661250560,6120,1048576.0
/dev18500/demods/2/sample.dio,279909661308928,6121,3222274240.0
/dev18500/demods/2/sample.dio,279909661367296,6122,1073741888.0
/dev18500/demods/2/sample.dio,279909661425664,6123,1073750016.0
/dev18500/demods/2/sample.dio,279909661484032,6124,0.0
/dev18500/demods/2/sample.dio,279909661542400,6125,0.0
/dev18500/demods/2/sample.dio,279909661600768,6126,3221225664.0
/dev18500/demods/2/sample.dio,279909661659136,6127,1073750080.0
/dev18500/demods/2/sample.dio,279909661717504,6128,0.0
/dev18500/demods/2/sample.dio,279909661775872,6129,0.0
/dev18500/demods/2/sample.dio,279909661834240,6130,1074790400.0
/dev18500/demods/2/sample.dio,279909661892608,6131,3221225664.0
/dev18500/demods/2/sample.dio,279909661950976,6132,1073741824.0
/dev18500/demods/2/sample.dio,279909662009344,6133,0.0
/dev18500/demods/2/sample.dio,279909662067712,6134,0.0
/dev18500/demods/2/sample.dio,279909662126080,6135,1048576.0
/dev18500/demods/2/sample.dio,279909662184448,6136,3221225664.0
/dev18500/demods/2/sample.dio,279909662242816,6137,1073741824.0
/dev18500/demods/2/sample.dio,279909662301184,6138,0.0
/dev18500/demods/2/sample.dio,279909662359552,6139,0.0
/dev18500/demods/2/sample.dio,279909662417920,6140,3222274240.0
/dev18500/demods/2/sample.dio,279909662476288,6141,3221225664.0
/dev18500/demods/2/sample.dio,279909662534656,6142,1073750016.0
/dev18500/demods/2/sample.dio,279909662593024,6143,0.0
/dev18500/demods/2/sample.dio,279909662651392,6144,0.0
/dev18500/demods/2/sample.dio,279909662709760,6145,3222274112.0
/dev18500/demods/2/sample.dio,279909662768128,6146,1073742016.0
/dev18500/demods/2/sample.dio,279909662826496,6147,1073741824.0
/dev18500/demods/2/sample.dio,279909662884864,6148,0.0
/dev18500/demods/2/sample.dio,279909662943232,6149,0.0
/dev18500/demods/2/sample.dio,279909663001600,6150,3221225664.0
/dev18500/demods/2/sample.dio,279909663059968,6151,1073742016.0
/dev18500/demods/2/sample.dio,279909663118336,6152,0.0
/dev18500/demods/2/sample.dio,279909663176704,6153,0.0
/dev18500/demods/2/sample.dio,279909663235072,6154,1048576.0
/dev18500/demods/2/sample.dio,279909663293440,6155,3222274240.0
/dev18500/demods/2/sample.dio,279909663351808,6156,1073741888.0
/dev18500/demods/2/sample.dio,279909663410176,6157,0.0
/dev18500/demods/2/sample.dio,279909663468544,6158,0.0
/dev18500/demods/2/sample.dio,279909663526912,6159,1048576.0
/dev18500/demods/2/sample.dio,279909663585280,6160,3221225664.0
/dev18500/demods/2/sample.dio,279909663643648,6161,1073741824.0
/dev18500/demods/2/sample.dio,279909663702016,6162,0.0
/dev18500/demods/2/sample.dio,279909663760384,6163,0.0
/dev18500/demods/2/sample.dio,279909663818752,6164,3221225536.0
/dev18500/demods/2/sample.dio,279909663877120,6165,3221225664.0
/dev18500/demods/2/sample.dio,279909663935488,6166,1073741824.0
/dev18500/demods/2/sample.dio,279909663993856,6167,0.0
/dev18500/demods/2/sample.dio,279909664052224,6168,0.0
/dev18500/demods/2/sample.dio,279909664110592,6169,3221225536.0
/dev18500/demods/2/sample.dio,279909664168960,6170,3221233856.0
/dev18500/demods/2/sample.dio,279909664227328,6171,1073741824.0
/dev18500/demods/2/sample.dio,279909664285696,6172,0.0
/dev18500/demods/2/sample.dio,279909664344064,6173,0.0
/dev18500/demods/2/sample.dio,279909664402432,6174,3221225664.0
/dev18500/demods/2/sample.dio,279909664460800,6175,3221233856.0
/dev18500/demods/2/sample.dio,279909664519168,6176,0.0
/dev18500/demods/2/sample.dio,279909664577536,6177,0.0
/dev18500/demods/2/sample.dio,279909664635904,6178,1048576.0
/dev18500/demods/2/sample.dio,279909664694272,6179,3222274240.0
/dev18500/demods/2/sample.dio,279909664752640,6180,1073741888.0
/dev18500/demods/2/sample.dio,279909664811008,6181,1073741824.0
/dev18500/demods/2/sample.dio,279909664869376,6182,0.0
/dev18500/demods/2/sample.dio,279909664927744,6183,0.0
/dev18500/demods/2/sample.dio,279909664986112,6184,3221225664.0
/dev18500/demods/2/sample.dio,279909665044480,6185,1073741824.0
/dev18500/demods/2/sample.dio,279909665102848,6186,0.0
/dev18500/demods/2/sample.dio,279909665161216,6187,0.0
/dev18500/demods/2/sample.dio,279909665219584,6188,3222274048.0
/dev18500/demods/2/sample.dio,279909665277952,6189,3221225664.0
/dev18500/demods/2/sample.dio,279909665336320,6190,1073741824.0
/dev18500/demods/2/sample.dio,279909665394688,6191,0.0
/dev18500/demods/2/sample.dio,279909665453056,6192,0.0
/dev18500/demods/2/sample.dio,279909665511424,6193,3222274048.0
/dev18500/demods/2/sample.dio,279909665569792,6194,3221225664.0
/dev18500/demods/2/sample.dio,279909665628160,6195,1073741824.0
/dev18500/demods/2/sample.dio,279909665686528,6196,0.0
/dev18500/demods/2/sample.dio,279909665744896,6197,0.0
/dev18500/demods/2/sample.dio,279909665803264,6198,3222274240.0
/dev18500/demods/2/sample.dio,279909665861632,6199,3221225664.0
/dev18500/demods/2/sample.dio,279909665920000,6200,0.0
/dev18500/demods/2/sample.dio,279909665978368,6201,0.0
/dev18500/demods/2/sample.dio,279909666036736,6202,1048576.0
/dev18500/demods/2/sample.dio,279909666095104,6203,3221225664.0
/dev18500/demods/2/sample.dio,279909666153472,6204,1073741888.0
/dev18500/demods/2/sample.dio,279909666211840,6205,1073750016.0
/dev18500/demods/2/sample.dio,279909666270208,6206,0.0
/dev18500/demods/2/sample.dio,279909666328576,6207,0.0
/dev18500/demods/2/sample.dio,279909666386944,6208,3222274240.0
/dev18500/demods/2/sample.dio,279909666445312,6209,1073742016.0
/dev18500/demods/2/sample.dio,279909666503680,6210,0.0
/dev18500/demods/2/sample.dio,279909666562048,6211,0.0
/dev18500/demods/2/sample.dio,279909666620416,6212,1074790400.0
/dev18500/demods/2/sample.dio,279909666678784,6213,3222274240.0
/dev18500/demods/2/sample.dio,279909666737152,6214,1073750016.0
/dev18500/demods/2/sample.dio,279909666795520,6215,0.0
/dev18500/demods/2/sample.dio,279909666853888,6216,0.0
/dev18500/demods/2/sample.dio,279909666912256,6217,1048576.0
/dev18500/demods/2/sample.dio,279909666970624,6218,3221225664.0
/dev18500/demods/2/sample.dio,279909667028992,6219,1073741824.0
/dev18500/demods/2/sample.dio,279909667087360,6220,0.0
/dev18500/demods/2/sample.dio,279909667145728,6221,0.0
/dev18500/demods/2/sample.dio,279909667204096,6222,3222274240.0
/dev18500/demods/2/sample.dio,279909667262464,6223,3221233856.0
/dev18500/demods/2/sample.dio,279909667320832,6224,1073741824.0
/dev18500/demods/2/sample.dio,279909667379200,6225,0.0
/dev18500/demods/2/sample.dio,279909667437568,6226,0.0
/dev18500/demods/2/sample.dio,279909667495936,6227,3222290496.0
/dev18500/demods/2/sample.dio,279909667554304,6228,1073750208.0
/dev18500/demods/2/sample.dio,279909667612672,6229,1073741824.0
/dev18500/demods/2/sample.dio,279909667671040,6230,0.0
/dev18500/demods/2/sample.dio,279909667729408,6231,0.0
/dev18500/demods/2/sample.dio,279909667787776,6232,3221225664.0
/dev18500/demods/2/sample.dio,279909667846144,6233,1073742016.0
/dev18500/demods/2/sample.dio,279909667904512,6234,8192.0
/dev18500/demods/2/sample.dio,279909667962880,6235,0.0
/dev18500/demods/2/sample.dio,279909668021248,6236,1048576.0
/dev18500/demods/2/sample.dio,279909668079616,6237,3222274240.0
/dev18500/demods/2/sample.dio,279909668137984,6238,1073741824.0
/dev18500/demods/2/sample.dio,279909668196352,6239,0.0
/dev18500/demods/2/sample.dio,279909668254720,6240,0.0
/dev18500/demods/2/sample.dio,279909668313088,6241,1048576.0
/dev18500/demods/2/sample.dio,279909668371456,6242,3221225664.0
/dev18500/demods/2/sample.dio,279909668429824,6243,1073741824.0
/dev18500/demods/2/sample.dio,279909668488192,6244,0.0
/dev18500/demods/2/sample.dio,279909668546560,6245,0.0
/dev18500/demods/2/sample.dio,279909668604928,6246,3222274112.0
/dev18500/demods/2/sample.dio,279909668663296,6247,3221225664.0
/dev18500/demods/2/sample.dio,279909668721664,6248,1073741824.0
/dev18500/demods/2/sample.dio,279909668780032,6249,0.0
/dev18500/demods/2/sample.dio,279909668838400,6250,0.0
/dev18500/demods/2/sample.dio,279909668896768,6251,3222274112.0
/dev18500/demods/2/sample.dio,279909668955136,6252,3221225664.0
/dev18500/demods/2/sample.dio,279909669013504,6253,1073741824.0
/dev18500/demods/2/sample.dio,279909669071872,6254,0.0
/dev18500/demods/2/sample.dio,279909669130240,6255,0.0
/dev18500/demods/2/sample.dio,279909669188608,6256,3222274240.0
/dev18500/demods/2/sample.dio,279909669246976,6257,3221225664.0
/dev18500/demods/2/sample.dio,279909669305344,6258,0.0
/dev18500/demods/2/sample.dio,279909669363712,6259,0.0
/dev18500/demods/2/sample.dio,279909669422080,6260,1048576.0
/dev18500/demods/2/sample.dio,279909669480448,6261,3222274240.0
/dev18500/demods/2/sample.dio,279909669538816,6262,1073741888.0
/dev18500/demods/2/sample.dio,279909669597184,6263,1073741824.0
/dev18500/demods/2/sample.dio,279909669655552,6264,0.0
/dev18500/demods/2/sample.dio,279909669713920,6265,1048576.0
/dev18500/demods/2/sample.dio,279909669772288,6266,3221225664.0
/dev18500/demods/2/sample.dio,279909669830656,6267,1073741888.0
/dev18500/demods/2/sample.dio,279909669889024,6268,0.0
/dev18500/demods/2/sample.dio,279909669947392,6269,0.0
/dev18500/demods/2/sample.dio,279909670005760,6270,3221225472.0
/dev18500/demods/2/sample.dio,279909670064128,6271,3221242048.0
/dev18500/demods/2/sample.dio,279909670122496,6272,1073741824.0
/dev18500/demods/2/sample.dio,279909670180864,6273,0.0
/dev18500/demods/2/sample.dio,279909670239232,6274,0.0
/dev18500/demods/2/sample.dio,279909670297600,6275,3222274048.0
/dev18500/demods/2/sample.dio,279909670355968,6276,3221225664.0
/dev18500/demods/2/sample.dio,279909670414336,6277,1073741824.0
/dev18500/demods/2/sample.dio,279909670472704,6278,0.0
/dev18500/demods/2/sample.dio,279909670531072,6279,0.0
/dev18500/demods/2/sample.dio,279909670589440,6280,3222274240.0
/dev18500/demods/2/sample.dio,279909670647808,6281,3221233856.0
/dev18500/demods/2/sample.dio,279909670706176,6282,0.0
/dev18500/demods/2/sample.dio,279909670764544,6283,0.0
/dev18500/demods/2/sample.dio,279909670822912,6284,1048576.0
/dev18500/demods/2/sample.dio,279909670881280,6285,3221225664.0
/dev18500/demods/2/sample.dio,279909670939648,6286,1073741888.0
/dev18500/demods/2/sample.dio,279909670998016,6287,1073741824.0
/dev18500/demods/2/sample.dio,279909671056384,6288,0.0
/dev18500/demods/2/sample.dio,279909671114752,6289,0.0
/dev18500/demods/2/sample.dio,279909671173120,6290,3221225664.0
/dev18500/demods/2/sample.dio,279909671231488,6291,1073742016.0
/dev18500/demods/2/sample.dio,279909671289856,6292,0.0
/dev18500/demods/2/sample.dio,279909671348224,6293,0.0
/dev18500/demods/2/sample.dio,279909671406592,6294,1073741824.0
/dev18500/demods/2/sample.dio,279909671464960,6295,3221225664.0
/dev18500/demods/2/sample.dio,279909671523328,6296,1073741824.0
/dev18500/demods/2/sample.dio,279909671581696,6297,0.0
/dev18500/demods/2/sample.dio,279909671640064,6298,0.0
/dev18500/demods/2/sample.dio,279909671698432,6299,1048576.0
/dev18500/demods/2/sample.dio,279909671756800,6300,3221225664.0
/dev18500/demods/2/sample.dio,279909671815168,6301,1073741824.0
/dev18500/demods/2/sample.dio,279909671873536,6302,0.0
/dev18500/demods/2/sample.dio,279909671931904,6303,0.0
/dev18500/demods/2/sample.dio,279909671990272,6304,3222274240.0
/dev18500/demods/2/sample.dio,279909672048640,6305,3221225664.0
/dev18500/demods/2/sample.dio,279909672107008,6306,1073741824.0
/dev18500/demods/2/sample.dio,279909672165376,6307,0.0
/dev18500/demods/2/sample.dio,279909672223744,6308,0.0
/dev18500/demods/2/sample.dio,279909672282112,6309,3222274112.0
/dev18500/demods/2/sample.dio,279909672340480,6310,3221225664.0
/dev18500/demods/2/sample.dio,279909672398848,6311,1073741824.0
/dev18500/demods/2/sample.dio,279909672457216,6312,0.0
/dev18500/demods/2/sample.dio,279909672515584,6313,0.0
/dev18500/demods/2/sample.dio,279909672573952,6314,3222274240.0
/dev18500/demods/2/sample.dio,279909672632320,6315,1073742016.0
/dev18500/demods/2/sample.dio,279909672690688,6316,0.0
/dev18500/demods/2/sample.dio,279909672749056,6317,0.0
/dev18500/demods/2/sample.dio,279909672807424,6318,1048576.0
/dev18500/demods/2/sample.dio,279909672865792,6319,3222274240.0
/dev18500/demods/2/sample.dio,279909672924160,6320,1073741824.0
/dev18500/demods/2/sample.dio,279909672982528,6321,0.0
/dev18500/demods/2/sample.dio,279909673040896,6322,0.0
/dev18500/demods/2/sample.dio,279909673099264,6323,0.0
/dev18500/demods/2/sample.dio,279909673157632,6324,3221225664.0
/dev18500/demods/2/sample.dio,279909673216000,6325,1073742016.0
/dev18500/demods/2/sample.dio,279909673274368,6326,0.0
/dev18500/demods/2/sample.dio,279909673332736,6327,0.0
/dev18500/demods/2/sample.dio,279909673391104,6328,3222274048.0
/dev18500/demods/2/sample.dio,279909673449472,6329,3221225664.0
/dev18500/demods/2/sample.dio,279909673507840,6330,1073741824.0
/dev18500/demods/2/sample.dio,279909673566208,6331,0.0
/dev18500/demods/2/sample.dio,279909673624576,6332,0.0
/dev18500/demods/2/sample.dio,279909673682944,6333,3222274112.0
/dev18500/demods/2/sample.dio,279909673741312,6334,3221233856.0
/dev18500/demods/2/sample.dio,279909673799680,6335,1073741824.0
/dev18500/demods/2/sample.dio,279909673858048,6336,0.0
/dev18500/demods/2/sample.dio,279909673916416,6337,0.0
/dev18500/demods/2/sample.dio,279909673974784,6338,3222290624.0
/dev18500/demods/2/sample.dio,279909674033152,6339,3221233856.0
/dev18500/demods/2/sample.dio,279909674091520,6340,0.0
/dev18500/demods/2/sample.dio,279909674149888,6341,0.0
/dev18500/demods/2/sample.dio,279909674208256,6342,1048576.0
/dev18500/demods/2/sample.dio,279909674266624,6343,3222274240.0
/dev18500/demods/2/sample.dio,279909674324992,6344,1073741824.0
/dev18500/demods/2/sample.dio,279909674383360,6345,0.0
/dev18500/demods/2/sample.dio,279909674441728,6346,0.0
/dev18500/demods/2/sample.dio,279909674500096,6347,1048576.0
/dev18500/demods/2/sample.dio,279909674558464,6348,3221225664.0
/dev18500/demods/2/sample.dio,279909674616832,6349,1073741888.0
/dev18500/demods/2/sample.dio,279909674675200,6350,0.0
/dev18500/demods/2/sample.dio,279909674733568,6351,0.0
/dev18500/demods/2/sample.dio,279909674791936,6352,3221241856.0
/dev18500/demods/2/sample.dio,279909674850304,6353,3221225664.0
/dev18500/demods/2/sample.dio,279909674908672,6354,1073741824.0
/dev18500/demods/2/sample.dio,279909674967040,6355,0.0
/dev18500/demods/2/sample.dio,279909675025408,6356,0.0
/dev18500/demods/2/sample.dio,279909675083776,6357,3222274048.0
/dev18500/demods/2/sample.dio,279909675142144,6358,3221225664.0
/dev18500/demods/2/sample.dio,279909675200512,6359,1073741824.0
/dev18500/demods/2/sample.dio,279909675258880,6360,0.0
/dev18500/demods/2/sample.dio,279909675317248,6361,0.0
/dev18500/demods/2/sample.dio,279909675375616,6362,3222274240.0
/dev18500/demods/2/sample.dio,279909675433984,6363,3221233856.0
/dev18500/demods/2/sample.dio,279909675492352,6364,0.0
/dev18500/demods/2/sample.dio,279909675550720,6365,0.0
/dev18500/demods/2/sample.dio,279909675609088,6366,0.0
/dev18500/demods/2/sample.dio,279909675667456,6367,3222274240.0
/dev18500/demods/2/sample.dio,279909675725824,6368,1073741888.0
/dev18500/demods/2/sample.dio,279909675784192,6369,1073741824.0
/dev18500/demods/2/sample.dio,279909675842560,6370,0.0
/dev18500/demods/2/sample.dio,279909675900928,6371,16384.0
/dev18500/demods/2/sample.dio,279909675959296,6372,3222274240.0
/dev18500/demods/2/sample.dio,279909676017664,6373,1073742016.0
/dev18500/demods/2/sample.dio,279909676076032,6374,0.0
/dev18500/demods/2/sample.dio,279909676134400,6375,0.0
/dev18500/demods/2/sample.dio,279909676192768,6376,3221225472.0
/dev18500/demods/2/sample.dio,279909676251136,6377,3222274240.0
/dev18500/demods/2/sample.dio,279909676309504,6378,1073741824.0
/dev18500/demods/2/sample.dio,279909676367872,6379,0.0
/dev18500/demods/2/sample.dio,279909676426240,6380,0.0
/dev18500/demods/2/sample.dio,279909676484608,6381,1074790400.0
/dev18500/demods/2/sample.dio,279909676542976,6382,3221225664.0
/dev18500/demods/2/sample.dio,279909676601344,6383,1073741824.0
/dev18500/demods/2/sample.dio,279909676659712,6384,0.0
/dev18500/demods/2/sample.dio,279909676718080,6385,0.0
/dev18500/demods/2/sample.dio,279909676776448,6386,3222274112.0
/dev18500/demods/2/sample.dio,279909676834816,6387,3221225664.0
/dev18500/demods/2/sample.dio,279909676893184,6388,1073741824.0
/dev18500/demods/2/sample.dio,279909676951552,6389,0.0
/dev18500/demods/2/sample.dio,279909677009920,6390,0.0
/dev18500/demods/2/sample.dio,279909677068288,6391,3222274112.0
/dev18500/demods/2/sample.dio,279909677126656,6392,1073742016.0
/dev18500/demods/2/sample.dio,279909677185024,6393,1073750016.0
/dev18500/demods/2/sample.dio,279909677243392,6394,0.0
/dev18500/demods/2/sample.dio,279909677301760,6395,0.0
/dev18500/demods/2/sample.dio,279909677360128,6396,3221225664.0
/dev18500/demods/2/sample.dio,279909677418496,6397,3221225664.0
/dev18500/demods/2/sample.dio,279909677476864,6398,0.0
/dev18500/demods/2/sample.dio,279909677535232,6399,0.0
/dev18500/demods/2/sample.dio,279909677593600,6400,1048576.0
/dev18500/demods/2/sample.dio,279909677651968,6401,3222274240.0
/dev18500/demods/2/sample.dio,279909677710336,6402,1073741824.0
/dev18500/demods/2/sample.dio,279909677768704,6403,0.0
/dev18500/demods/2/sample.dio,279909677827072,6404,0.0
/dev18500/demods/2/sample.dio,279909677885440,6405,1048576.0
/dev18500/demods/2/sample.dio,279909677943808,6406,3221225664.0
/dev18500/demods/2/sample.dio,279909678002176,6407,1073741824.0
/dev18500/demods/2/sample.dio,279909678060544,6408,0.0
/dev18500/demods/2/sample.dio,279909678118912,6409,0.0
/dev18500/demods/2/sample.dio,279909678177280,6410,3221225536.0
/dev18500/demods/2/sample.dio,279909678235648,6411,3221225664.0
/dev18500/demods/2/sample.dio,279909678294016,6412,1073741824.0
/dev18500/demods/2/sample.dio,279909678352384,6413,0.0
/dev18500/demods/2/sample.dio,279909678410752,6414,1048576.0
/dev18500/demods/2/sample.dio,279909678469120,6415,3221241856.0
/dev18500/demods/2/sample.dio,279909678527488,6416,3221225664.0
/dev18500/demods/2/sample.dio,279909678585856,6417,1073741824.0
/dev18500/demods/2/sample.dio,279909678644224,6418,0.0
/dev18500/demods/2/sample.dio,279909678702592,6419,0.0
/dev18500/demods/2/sample.dio,279909678760960,6420,3222274240.0
/dev18500/demods/2/sample.dio,279909678819328,6421,3221225664.0
/dev18500/demods/2/sample.dio,279909678877696,6422,0.0
/dev18500/demods/2/sample.dio,279909678936064,6423,0.0
/dev18500/demods/2/sample.dio,279909678994432,6424,1048576.0
/dev18500/demods/2/sample.dio,279909679052800,6425,3222274240.0
/dev18500/demods/2/sample.dio,279909679111168,6426,1073741888.0
/dev18500/demods/2/sample.dio,279909679169536,6427,8192.0
/dev18500/demods/2/sample.dio,279909679227904,6428,0.0
/dev18500/demods/2/sample.dio,279909679286272,6429,1048576.0
/dev18500/demods/2/sample.dio,279909679344640,6430,3221225664.0
/dev18500/demods/2/sample.dio,279909679403008,6431,1073741888.0
/dev18500/demods/2/sample.dio,279909679461376,6432,0.0
/dev18500/demods/2/sample.dio,279909679519744,6433,0.0
/dev18500/demods/2/sample.dio,279909679578112,6434,3222274048.0
/dev18500/demods/2/sample.dio,279909679636480,6435,3221225664.0
/dev18500/demods/2/sample.dio,279909679694848,6436,1073741824.0
/dev18500/demods/2/sample.dio,279909679753216,6437,0.0
/dev18500/demods/2/sample.dio,279909679811584,6438,0.0
/dev18500/demods/2/sample.dio,279909679869952,6439,3221225472.0
/dev18500/demods/2/sample.dio,279909679928320,6440,3221225664.0
/dev18500/demods/2/sample.dio,279909679986688,6441,1073741824.0
/dev18500/demods/2/sample.dio,279909680045056,6442,0.0
/dev18500/demods/2/sample.dio,279909680103424,6443,0.0
/dev18500/demods/2/sample.dio,279909680161792,6444,3222274240.0
/dev18500/demods/2/sample.dio,279909680220160,6445,3221225664.0
/dev18500/demods/2/sample.dio,279909680278528,6446,0.0
/dev18500/demods/2/sample.dio,279909680336896,6447,0.0
/dev18500/demods/2/sample.dio,279909680395264,6448,0.0
/dev18500/demods/2/sample.dio,279909680453632,6449,3222274240.0
/dev18500/demods/2/sample.dio,279909680512000,6450,1073741888.0
/dev18500/demods/2/sample.dio,279909680570368,6451,1073750016.0
/dev18500/demods/2/sample.dio,279909680628736,6452,0.0
/dev18500/demods/2/sample.dio,279909680687104,6453,0.0
/dev18500/demods/2/sample.dio,279909680745472,6454,3221225664.0
/dev18500/demods/2/sample.dio,279909680803840,6455,1073741888.0
/dev18500/demods/2/sample.dio,279909680862208,6456,0.0
/dev18500/demods/2/sample.dio,279909680920576,6457,0.0
/dev18500/demods/2/sample.dio,279909680978944,6458,3222274048.0
/dev18500/demods/2/sample.dio,279909681037312,6459,3221225664.0
/dev18500/demods/2/sample.dio,279909681095680,6460,1073741824.0
/dev18500/demods/2/sample.dio,279909681154048,6461,0.0
/dev18500/demods/2/sample.dio,279909681212416,6462,0.0
/dev18500/demods/2/sample.dio,279909681270784,6463,1048576.0
/dev18500/demods/2/sample.dio,279909681329152,6464,3221225664.0
/dev18500/demods/2/sample.dio,279909681387520,6465,1073741824.0
/dev18500/demods/2/sample.dio,279909681445888,6466,0.0
/dev18500/demods/2/sample.dio,279909681504256,6467,0.0
/dev18500/demods/2/sample.dio,279909681562624,6468,3222274240.0
/dev18500/demods/2/sample.dio,279909681620992,6469,3221233856.0
/dev18500/demods/2/sample.dio,279909681679360,6470,1073741824.0
/dev18500/demods/2/sample.dio,279909681737728,6471,0.0
/dev18500/demods/2/sample.dio,279909681796096,6472,0.0
/dev18500/demods/2/sample.dio,279909681854464,6473,3222274240.0
/dev18500/demods/2/sample.dio,279909681912832,6474,1073750208.0
/dev18500/demods/2/sample.dio,279909681971200,6475,1073741824.0
/dev18500/demods/2/sample.dio,279909682029568,6476,0.0
/dev18500/demods/2/sample.dio,279909682087936,6477,0.0
/dev18500/demods/2/sample.dio,279909682146304,6478,3222274240.0
/dev18500/demods/2/sample.dio,279909682204672,6479,1073742016.0
/dev18500/demods/2/sample.dio,279909682263040,6480,0.0
/dev18500/demods/2/sample.dio,279909682321408,6481,0.0
/dev18500/demods/2/sample.dio,279909682379776,6482,1074790400.0
/dev18500/demods/2/sample.dio,279909682438144,6483,3222274240.0
/dev18500/demods/2/sample.dio,279909682496512,6484,1073741824.0
/dev18500/demods/2/sample.dio,279909682554880,6485,0.0
/dev18500/demods/2/sample.dio,279909682613248,6486,0.0
/dev18500/demods/2/sample.dio,279909682671616,6487,1064960.0
/dev18500/demods/2/sample.dio,279909682729984,6488,3221225664.0
/dev18500/demods/2/sample.dio,279909682788352,6489,1073741824.0
/dev18500/demods/2/sample.dio,279909682846720,6490,0.0
/dev18500/demods/2/sample.dio,279909682905088,6491,0.0
/dev18500/demods/2/sample.dio,279909682963456,6492,3222274048.0
/dev18500/demods/2/sample.dio,279909683021824,6493,3221225664.0
/dev18500/demods/2/sample.dio,279909683080192,6494,1073741824.0
/dev18500/demods/2/sample.dio,279909683138560,6495,0.0
/dev18500/demods/2/sample.dio,279909683196928,6496,0.0
/dev18500/demods/2/sample.dio,279909683255296,6497,3222274112.0
/dev18500/demods/2/sample.dio,279909683313664,6498,1073742016.0
/dev18500/demods/2/sample.dio,279909683372032,6499,1073741824.0
/dev18500/demods/2/sample.dio,279909683430400,6500,0.0
/dev18500/demods/2/sample.dio,279909683488768,6501,0.0
/dev18500/demods/2/sample.dio,279909683547136,6502,3221225664.0
/dev18500/demods/2/sample.dio,279909683605504,6503,3221225664.0
/dev18500/demods/2/sample.dio,279909683663872,6504,0.0
/dev18500/demods/2/sample.dio,279909683722240,6505,0.0
/dev18500/demods/2/sample.dio,279909683780608,6506,1048576.0
/dev18500/demods/2/sample.dio,279909683838976,6507,3222274240.0
/dev18500/demods/2/sample.dio,279909683897344,6508,1073741824.0
/dev18500/demods/2/sample.dio,279909683955712,6509,0.0
/dev18500/demods/2/sample.dio,279909684014080,6510,0.0
/dev18500/demods/2/sample.dio,279909684072448,6511,1048576.0
/dev18500/demods/2/sample.dio,279909684130816,6512,3221225664.0
/dev18500/demods/2/sample.dio,279909684189184,6513,1073741824.0
/dev18500/demods/2/sample.dio,279909684247552,6514,0.0
/dev18500/demods/2/sample.dio,279909684305920,6515,0.0
/dev18500/demods/2/sample.dio,279909684364288,6516,1074790400.0
/dev18500/demods/2/sample.dio,279909684422656,6517,3221225664.0
/dev18500/demods/2/sample.dio,279909684481024,6518,1073741824.0
/dev18500/demods/2/sample.dio,279909684539392,6519,0.0
/dev18500/demods/2/sample.dio,279909684597760,6520,0.0
/dev18500/demods/2/sample.dio,279909684656128,6521,3221225472.0
/dev18500/demods/2/sample.dio,279909684714496,6522,3221225664.0
/dev18500/demods/2/sample.dio,279909684772864,6523,1073741824.0
/dev18500/demods/2/sample.dio,279909684831232,6524,0.0
/dev18500/demods/2/sample.dio,279909684889600,6525,0.0
/dev18500/demods/2/sample.dio,279909684947968,6526,3222274240.0
/dev18500/demods/2/sample.dio,279909685006336,6527,3221225664.0
/dev18500/demods/2/sample.dio,279909685064704,6528,0.0
/dev18500/demods/2/sample.dio,279909685123072,6529,0.0
/dev18500/demods/2/sample.dio,279909685181440,6530,1064960.0
/dev18500/demods/2/sample.dio,279909685239808,6531,3221225664.0
/dev18500/demods/2/sample.dio,279909685298176,6532,1073741888.0
/dev18500/demods/2/sample.dio,279909685356544,6533,1073750016.0
/dev18500/demods/2/sample.dio,279909685414912,6534,0.0
/dev18500/demods/2/sample.dio,279909685473280,6535,1048576.0
/dev18500/demods/2/sample.dio,279909685531648,6536,3221225664.0
/dev18500/demods/2/sample.dio,279909685590016,6537,1073742016.0
/dev18500/demods/2/sample.dio,279909685648384,6538,0.0
/dev18500/demods/2/sample.dio,279909685706752,6539,0.0
/dev18500/demods/2/sample.dio,279909685765120,6540,3222274048.0
/dev18500/demods/2/sample.dio,279909685823488,6541,3221225664.0
/dev18500/demods/2/sample.dio,279909685881856,6542,1073741824.0
/dev18500/demods/2/sample.dio,279909685940224,6543,0.0
/dev18500/demods/2/sample.dio,279909685998592,6544,0.0
/dev18500/demods/2/sample.dio,279909686056960,6545,3222274048.0
/dev18500/demods/2/sample.dio,279909686115328,6546,3221225664.0
/dev18500/demods/2/sample.dio,279909686173696,6547,1073741824.0
/dev18500/demods/2/sample.dio,279909686232064,6548,0.0
/dev18500/demods/2/sample.dio,279909686290432,6549,0.0
/dev18500/demods/2/sample.dio,279909686348800,6550,3222274240.0
/dev18500/demods/2/sample.dio,279909686407168,6551,3221225664.0
/dev18500/demods/2/sample.dio,279909686465536,6552,1073741824.0
/dev18500/demods/2/sample.dio,279909686523904,6553,0.0
/dev18500/demods/2/sample.dio,279909686582272,6554,1048576.0
/dev18500/demods/2/sample.dio,279909686640640,6555,3221225664.0
/dev18500/demods/2/sample.dio,279909686699008,6556,1073742016.0
/dev18500/demods/2/sample.dio,279909686757376,6557,1073741824.0
/dev18500/demods/2/sample.dio,279909686815744,6558,0.0
/dev18500/demods/2/sample.dio,279909686874112,6559,16384.0
/dev18500/demods/2/sample.dio,279909686932480,6560,3221225664.0
/dev18500/demods/2/sample.dio,279909686990848,6561,1073750208.0
/dev18500/demods/2/sample.dio,279909687049216,6562,0.0
/dev18500/demods/2/sample.dio,279909687107584,6563,0.0
/dev18500/demods/2/sample.dio,279909687165952,6564,1048576.0
/dev18500/demods/2/sample.dio,279909687224320,6565,3222274240.0
/dev18500/demods/2/sample.dio,279909687282688,6566,1073750016.0
/dev18500/demods/2/sample.dio,279909687341056,6567,0.0
/dev18500/demods/2/sample.dio,279909687399424,6568,0.0
/dev18500/demods/2/sample.dio,279909687457792,6569,1074790400.0
/dev18500/demods/2/sample.dio,279909687516160,6570,3221225664.0
/dev18500/demods/2/sample.dio,279909687574528,6571,1073741888.0
/dev18500/demods/2/sample.dio,279909687632896,6572,0.0
/dev18500/demods/2/sample.dio,279909687691264,6573,0.0
/dev18500/demods/2/sample.dio,279909687749632,6574,3222274112.0
/dev18500/demods/2/sample.dio,279909687808000,6575,3221225664.0
/dev18500/demods/2/sample.dio,279909687866368,6576,1073750016.0
/dev18500/demods/2/sample.dio,279909687924736,6577,0.0
/dev18500/demods/2/sample.dio,279909687983104,6578,0.0
/dev18500/demods/2/sample.dio,279909688041472,6579,3222274112.0
/dev18500/demods/2/sample.dio,279909688099840,6580,1073742016.0
/dev18500/demods/2/sample.dio,279909688158208,6581,1073741824.0
/dev18500/demods/2/sample.dio,279909688216576,6582,0.0
/dev18500/demods/2/sample.dio,279909688274944,6583,0.0
/dev18500/demods/2/sample.dio,279909688333312,6584,3222274240.0
/dev18500/demods/2/sample.dio,279909688391680,6585,1073750208.0
/dev18500/demods/2/sample.dio,279909688450048,6586,0.0
/dev18500/demods/2/sample.dio,279909688508416,6587,0.0
/dev18500/demods/2/sample.dio,279909688566784,6588,16384.0
/dev18500/demods/2/sample.dio,279909688625152,6589,3221225664.0
/dev18500/demods/2/sample.dio,279909688683520,6590,1073750016.0
/dev18500/demods/2/sample.dio,279909688741888,6591,0.0
/dev18500/demods/2/sample.dio,279909688800256,6592,0.0
/dev18500/demods/2/sample.dio,279909688858624,6593,1048576.0
/dev18500/demods/2/sample.dio,279909688916992,6594,3221225664.0
/dev18500/demods/2/sample.dio,279909688975360,6595,1073741888.0
/dev18500/demods/2/sample.dio,279909689033728,6596,0.0
/dev18500/demods/2/sample.dio,279909689092096,6597,0.0
/dev18500/demods/2/sample.dio,279909689150464,6598,3222274112.0
/dev18500/demods/2/sample.dio,279909689208832,6599,3221225664.0
/dev18500/demods/2/sample.dio,279909689267200,6600,1073741824.0
/dev18500/demods/2/sample.dio,279909689325568,6601,0.0
/dev18500/demods/2/sample.dio,279909689383936,6602,0.0
/dev18500/demods/2/sample.dio,279909689442304,6603,3222274112.0
/dev18500/demods/2/sample.dio,279909689500672,6604,3221225664.0
/dev18500/demods/2/sample.dio,279909689559040,6605,1073750016.0
/dev18500/demods/2/sample.dio,279909689617408,6606,0.0
/dev18500/demods/2/sample.dio,279909689675776,6607,0.0
/dev18500/demods/2/sample.dio,279909689734144,6608,3222274240.0
/dev18500/demods/2/sample.dio,279909689792512,6609,3221225664.0
/dev18500/demods/2/sample.dio,279909689850880,6610,0.0
/dev18500/demods/2/sample.dio,279909689909248,6611,0.0
/dev18500/demods/2/sample.dio,279909689967616,6612,1048576.0
/dev18500/demods/2/sample.dio,279909690025984,6613,3222274240.0
/dev18500/demods/2/sample.dio,279909690084352,6614,1073741888.0
/dev18500/demods/2/sample.dio,279909690142720,6615,1073741824.0
/dev18500/demods/2/sample.dio,279909690201088,6616,0.0
/dev18500/demods/2/sample.dio,279909690259456,6617,1048576.0
/dev18500/demods/2/sample.dio,279909690317824,6618,3221225664.0
/dev18500/demods/2/sample.dio,279909690376192,6619,1073741888.0
/dev18500/demods/2/sample.dio,279909690434560,6620,0.0
/dev18500/demods/2/sample.dio,279909690492928,6621,0.0
/dev18500/demods/2/sample.dio,279909690551296,6622,3221225472.0
/dev18500/demods/2/sample.dio,279909690609664,6623,3221225664.0
/dev18500/demods/2/sample.dio,279909690668032,6624,1073741824.0
/dev18500/demods/2/sample.dio,279909690726400,6625,0.0
/dev18500/demods/2/sample.dio,279909690784768,6626,0.0
/dev18500/demods/2/sample.dio,279909690843136,6627,3221225472.0
/dev18500/demods/2/sample.dio,279909690901504,6628,3221225664.0
/dev18500/demods/2/sample.dio,279909690959872,6629,1073741824.0
/dev18500/demods/2/sample.dio,279909691018240,6630,0.0
/dev18500/demods/2/sample.dio,279909691076608,6631,0.0
/dev18500/demods/2/sample.dio,279909691134976,6632,3222274240.0
/dev18500/demods/2/sample.dio,279909691193344,6633,3221225664.0
/dev18500/demods/2/sample.dio,279909691251712,6634,1073741824.0
/dev18500/demods/2/sample.dio,279909691310080,6635,0.0
/dev18500/demods/2/sample.dio,279909691368448,6636,1064960.0
/dev18500/demods/2/sample.dio,279909691426816,6637,3222274112.0
/dev18500/demods/2/sample.dio,279909691485184,6638,1073742016.0
/dev18500/demods/2/sample.dio,279909691543552,6639,1073741824.0
/dev18500/demods/2/sample.dio,279909691601920,6640,0.0
/dev18500/demods/2/sample.dio,279909691660288,6641,1048576.0
/dev18500/demods/2/sample.dio,279909691718656,6642,3221225664.0
/dev18500/demods/2/sample.dio,279909691777024,6643,1073742016.0
/dev18500/demods/2/sample.dio,279909691835392,6644,0.0
/dev18500/demods/2/sample.dio,279909691893760,6645,0.0
/dev18500/demods/2/sample.dio,279909691952128,6646,1048576.0
/dev18500/demods/2/sample.dio,279909692010496,6647,3221225664.0
/dev18500/demods/2/sample.dio,279909692068864,6648,1073741824.0
/dev18500/demods/2/sample.dio,279909692127232,6649,8192.0
/dev18500/demods/2/sample.dio,279909692185600,6650,0.0
/dev18500/demods/2/sample.dio,279909692243968,6651,0.0
/dev18500/demods/2/sample.dio,279909692302336,6652,3221225664.0
/dev18500/demods/2/sample.dio,279909692360704,6653,1073750016.0
/dev18500/demods/2/sample.dio,279909692419072,6654,0.0
/dev18500/demods/2/sample.dio,279909692477440,6655,0.0
/dev18500/demods/2/sample.dio,279909692535808,6656,3222274240.0
/dev18500/demods/2/sample.dio,279909692594176,6657,3221225664.0
/dev18500/demods/2/sample.dio,279909692652544,6658,1073741824.0
/dev18500/demods/2/sample.dio,279909692710912,6659,0.0
/dev18500/demods/2/sample.dio,279909692769280,6660,0.0
/dev18500/demods/2/sample.dio,279909692827648,6661,3221225536.0
/dev18500/demods/2/sample.dio,279909692886016,6662,3221225664.0
/dev18500/demods/2/sample.dio,279909692944384,6663,1073741824.0
/dev18500/demods/2/sample.dio,279909693002752,6664,0.0
/dev18500/demods/2/sample.dio,279909693061120,6665,0.0
/dev18500/demods/2/sample.dio,279909693119488,6666,3222274240.0
/dev18500/demods/2/sample.dio,279909693177856,6667,3221225664.0
/dev18500/demods/2/sample.dio,279909693236224,6668,0.0
/dev18500/demods/2/sample.dio,279909693294592,6669,0.0
/dev18500/demods/2/sample.dio,279909693352960,6670,1048576.0
/dev18500/demods/2/sample.dio,279909693411328,6671,3222274240.0
/dev18500/demods/2/sample.dio,279909693469696,6672,1073741824.0
/dev18500/demods/2/sample.dio,279909693528064,6673,0.0
/dev18500/demods/2/sample.dio,279909693586432,6674,0.0
/dev18500/demods/2/sample.dio,279909693644800,6675,0.0
/dev18500/demods/2/sample.dio,279909693703168,6676,3221225664.0
/dev18500/demods/2/sample.dio,279909693761536,6677,1073741888.0
/dev18500/demods/2/sample.dio,279909693819904,6678,0.0
/dev18500/demods/2/sample.dio,279909693878272,6679,0.0
/dev18500/demods/2/sample.dio,279909693936640,6680,3222274048.0
/dev18500/demods/2/sample.dio,279909693995008,6681,3221225664.0
/dev18500/demods/2/sample.dio,279909694053376,6682,1073741824.0
/dev18500/demods/2/sample.dio,279909694111744,6683,0.0
/dev18500/demods/2/sample.dio,279909694170112,6684,0.0
/dev18500/demods/2/sample.dio,279909694228480,6685,3222274048.0
/dev18500/demods/2/sample.dio,279909694286848,6686,3221225664.0
/dev18500/demods/2/sample.dio,279909694345216,6687,1073741824.0
/dev18500/demods/2/sample.dio,279909694403584,6688,0.0
/dev18500/demods/2/sample.dio,279909694461952,6689,0.0
/dev18500/demods/2/sample.dio,279909694520320,6690,3222274240.0
/dev18500/demods/2/sample.dio,279909694578688,6691,3221225664.0
/dev18500/demods/2/sample.dio,279909694637056,6692,0.0
/dev18500/demods/2/sample.dio,279909694695424,6693,0.0
/dev18500/demods/2/sample.dio,279909694753792,6694,1064960.0
/dev18500/demods/2/sample.dio,279909694812160,6695,3222274240.0
/dev18500/demods/2/sample.dio,279909694870528,6696,1073741824.0
/dev18500/demods/2/sample.dio,279909694928896,6697,0.0
/dev18500/demods/2/sample.dio,279909694987264,6698,0.0
/dev18500/demods/2/sample.dio,279909695045632,6699,1048576.0
/dev18500/demods/2/sample.dio,279909695104000,6700,3222274240.0
/dev18500/demods/2/sample.dio,279909695162368,6701,1073741888.0
/dev18500/demods/2/sample.dio,279909695220736,6702,0.0
/dev18500/demods/2/sample.dio,279909695279104,6703,0.0
/dev18500/demods/2/sample.dio,279909695337472,6704,3222274048.0
/dev18500/demods/2/sample.dio,279909695395840,6705,3221225664.0
/dev18500/demods/2/sample.dio,279909695454208,6706,1073741824.0
/dev18500/demods/2/sample.dio,279909695512576,6707,0.0
/dev18500/demods/2/sample.dio,279909695570944,6708,0.0
/dev18500/demods/2/sample.dio,279909695629312,6709,1073741824.0
/dev18500/demods/2/sample.dio,279909695687680,6710,3221225664.0
/dev18500/demods/2/sample.dio,279909695746048,6711,1073741824.0
/dev18500/demods/2/sample.dio,279909695804416,6712,0.0
/dev18500/demods/2/sample.dio,279909695862784,6713,0.0
/dev18500/demods/2/sample.dio,279909695921152,6714,3221225664.0
/dev18500/demods/2/sample.dio,279909695979520,6715,3221225664.0
/dev18500/demods/2/sample.dio,279909696037888,6716,1073741824.0
/dev18500/demods/2/sample.dio,279909696096256,6717,0.0
/dev18500/demods/2/sample.dio,279909696154624,6718,0.0
/dev18500/demods/2/sample.dio,279909696212992,6719,3222274112.0
/dev18500/demods/2/sample.dio,279909696271360,6720,1073742016.0
/dev18500/demods/2/sample.dio,279909696329728,6721,1073741824.0
/dev18500/demods/2/sample.dio,279909696388096,6722,0.0
/dev18500/demods/2/sample.dio,279909696446464,6723,0.0
/dev18500/demods/2/sample.dio,279909696504832,6724,3222274240.0
/dev18500/demods/2/sample.dio,279909696563200,6725,1073750208.0
/dev18500/demods/2/sample.dio,279909696621568,6726,0.0
/dev18500/demods/2/sample.dio,279909696679936,6727,0.0
/dev18500/demods/2/sample.dio,279909696738304,6728,1048576.0
/dev18500/demods/2/sample.dio,279909696796672,6729,3222274240.0
/dev18500/demods/2/sample.dio,279909696855040,6730,1073741824.0
/dev18500/demods/2/sample.dio,279909696913408,6731,0.0
/dev18500/demods/2/sample.dio,279909696971776,6732,0.0
/dev18500/demods/2/sample.dio,279909697030144,6733,16384.0
/dev18500/demods/2/sample.dio,279909697088512,6734,3221225664.0
/dev18500/demods/2/sample.dio,279909697146880,6735,1073741824.0
/dev18500/demods/2/sample.dio,279909697205248,6736,0.0
/dev18500/demods/2/sample.dio,279909697263616,6737,0.0
/dev18500/demods/2/sample.dio,279909697321984,6738,3222274112.0
/dev18500/demods/2/sample.dio,279909697380352,6739,3222274240.0
/dev18500/demods/2/sample.dio,279909697438720,6740,1073741824.0
/dev18500/demods/2/sample.dio,279909697497088,6741,0.0
/dev18500/demods/2/sample.dio,279909697555456,6742,0.0
/dev18500/demods/2/sample.dio,279909697613824,6743,3222274112.0
/dev18500/demods/2/sample.dio,279909697672192,6744,3221225664.0
/dev18500/demods/2/sample.dio,279909697730560,6745,1073741824.0
/dev18500/demods/2/sample.dio,279909697788928,6746,0.0
/dev18500/demods/2/sample.dio,279909697847296,6747,0.0
/dev18500/demods/2/sample.dio,279909697905664,6748,3221225664.0
/dev18500/demods/2/sample.dio,279909697964032,6749,3221225664.0
/dev18500/demods/2/sample.dio,279909698022400,6750,0.0
/dev18500/demods/2/sample.dio,279909698080768,6751,0.0
/dev18500/demods/2/sample.dio,279909698139136,6752,1048576.0
/dev18500/demods/2/sample.dio,279909698197504,6753,3222274240.0
/dev18500/demods/2/sample.dio,279909698255872,6754,1073742016.0
/dev18500/demods/2/sample.dio,279909698314240,6755,8192.0
/dev18500/demods/2/sample.dio,279909698372608,6756,0.0
/dev18500/demods/2/sample.dio,279909698430976,6757,1064960.0
/dev18500/demods/2/sample.dio,279909698489344,6758,3221225664.0
/dev18500/demods/2/sample.dio,279909698547712,6759,1073741824.0
/dev18500/demods/2/sample.dio,279909698606080,6760,0.0
/dev18500/demods/2/sample.dio,279909698664448,6761,0.0
/dev18500/demods/2/sample.dio,279909698722816,6762,3222274048.0
/dev18500/demods/2/sample.dio,279909698781184,6763,3221225664.0
/dev18500/demods/2/sample.dio,279909698839552,6764,1073741824.0
/dev18500/demods/2/sample.dio,279909698897920,6765,0.0
/dev18500/demods/2/sample.dio,279909698956288,6766,0.0
/dev18500/demods/2/sample.dio,279909699014656,6767,3222274048.0
/dev18500/demods/2/sample.dio,279909699073024,6768,3221225664.0
/dev18500/demods/2/sample.dio,279909699131392,6769,1073741824.0
/dev18500/demods/2/sample.dio,279909699189760,6770,0.0
/dev18500/demods/2/sample.dio,279909699248128,6771,0.0
/dev18500/demods/2/sample.dio,279909699306496,6772,3222274240.0
/dev18500/demods/2/sample.dio,279909699364864,6773,3221225664.0
/dev18500/demods/2/sample.dio,279909699423232,6774,8192.0
/dev18500/demods/2/sample.dio,279909699481600,6775,0.0
/dev18500/demods/2/sample.dio,279909699539968,6776,0.0
/dev18500/demods/2/sample.dio,279909699598336,6777,3222274240.0
/dev18500/demods/2/sample.dio,279909699656704,6778,1073742016.0
/dev18500/demods/2/sample.dio,279909699715072,6779,8192.0
/dev18500/demods/2/sample.dio,279909699773440,6780,0.0
/dev18500/demods/2/sample.dio,279909699831808,6781,0.0
/dev18500/demods/2/sample.dio,279909699890176,6782,3221225664.0
/dev18500/demods/2/sample.dio,279909699948544,6783,1073742016.0
/dev18500/demods/2/sample.dio,279909700006912,6784,0.0
/dev18500/demods/2/sample.dio,279909700065280,6785,0.0
/dev18500/demods/2/sample.dio,279909700123648,6786,1074790400.0
/dev18500/demods/2/sample.dio,279909700182016,6787,3222274240.0
/dev18500/demods/2/sample.dio,279909700240384,6788,1073741824.0
/dev18500/demods/2/sample.dio,279909700298752,6789,0.0
/dev18500/demods/2/sample.dio,279909700357120,6790,0.0
/dev18500/demods/2/sample.dio,279909700415488,6791,1074790400.0
/dev18500/demods/2/sample.dio,279909700473856,6792,3221225664.0
/dev18500/demods/2/sample.dio,279909700532224,6793,1073741824.0
/dev18500/demods/2/sample.dio,279909700590592,6794,0.0
/dev18500/demods/2/sample.dio,279909700648960,6795,0.0
/dev18500/demods/2/sample.dio,279909700707328,6796,3222274240.0
/dev18500/demods/2/sample.dio,279909700765696,6797,3221233856.0
/dev18500/demods/2/sample.dio,279909700824064,6798,1073741824.0
/dev18500/demods/2/sample.dio,279909700882432,6799,0.0
/dev18500/demods/2/sample.dio,279909700940800,6800,0.0
/dev18500/demods/2/sample.dio,279909700999168,6801,3222274112.0
/dev18500/demods/2/sample.dio,279909701057536,6802,3221225664.0
/dev18500/demods/2/sample.dio,279909701115904,6803,1073741824.0
/dev18500/demods/2/sample.dio,279909701174272,6804,0.0
/dev18500/demods/2/sample.dio,279909701232640,6805,0.0
/dev18500/demods/2/sample.dio,279909701291008,6806,3221225664.0
/dev18500/demods/2/sample.dio,279909701349376,6807,3221225664.0
/dev18500/demods/2/sample.dio,279909701407744,6808,0.0
/dev18500/demods/2/sample.dio,279909701466112,6809,0.0
/dev18500/demods/2/sample.dio,279909701524480,6810,1048576.0
/dev18500/demods/2/sample.dio,279909701582848,6811,3222274240.0
/dev18500/demods/2/sample.dio,279909701641216,6812,1073741824.0
/dev18500/demods/2/sample.dio,279909701699584,6813,0.0
/dev18500/demods/2/sample.dio,279909701757952,6814,0.0
/dev18500/demods/2/sample.dio,279909701816320,6815,1048576.0
/dev18500/demods/2/sample.dio,279909701874688,6816,3221225664.0
/dev18500/demods/2/sample.dio,279909701933056,6817,1073741824.0
/dev18500/demods/2/sample.dio,279909701991424,6818,0.0
/dev18500/demods/2/sample.dio,279909702049792,6819,0.0
/dev18500/demods/2/sample.dio,279909702108160,6820,3221225472.0
/dev18500/demods/2/sample.dio,279909702166528,6821,3221225664.0
/dev18500/demods/2/sample.dio,279909702224896,6822,1073741824.0
/dev18500/demods/2/sample.dio,279909702283264,6823,0.0
/dev18500/demods/2/sample.dio,279909702341632,6824,0.0
/dev18500/demods/2/sample.dio,279909702400000,6825,3222274048.0
/dev18500/demods/2/sample.dio,279909702458368,6826,3221225664.0
/dev18500/demods/2/sample.dio,279909702516736,6827,1073741824.0
/dev18500/demods/2/sample.dio,279909702575104,6828,0.0
/dev18500/demods/2/sample.dio,279909702633472,6829,0.0
/dev18500/demods/2/sample.dio,279909702691840,6830,3221225664.0
/dev18500/demods/2/sample.dio,279909702750208,6831,3221225664.0
/dev18500/demods/2/sample.dio,279909702808576,6832,0.0
/dev18500/demods/2/sample.dio,279909702866944,6833,0.0
/dev18500/demods/2/sample.dio,279909702925312,6834,0.0
/dev18500/demods/2/sample.dio,279909702983680,6835,3222290624.0
/dev18500/demods/2/sample.dio,279909703042048,6836,1073750080.0
/dev18500/demods/2/sample.dio,279909703100416,6837,0.0
/dev18500/demods/2/sample.dio,279909703158784,6838,0.0
/dev18500/demods/2/sample.dio,279909703217152,6839,0.0
/dev18500/demods/2/sample.dio,279909703275520,6840,3222274240.0
/dev18500/demods/2/sample.dio,279909703333888,6841,1073741888.0
/dev18500/demods/2/sample.dio,279909703392256,6842,0.0
/dev18500/demods/2/sample.dio,279909703450624,6843,0.0
/dev18500/demods/2/sample.dio,279909703508992,6844,3222274048.0
/dev18500/demods/2/sample.dio,279909703567360,6845,3221225664.0
/dev18500/demods/2/sample.dio,279909703625728,6846,1073741824.0
/dev18500/demods/2/sample.dio,279909703684096,6847,0.0
/dev18500/demods/2/sample.dio,279909703742464,6848,0.0
/dev18500/demods/2/sample.dio,279909703800832,6849,1064960.0
/dev18500/demods/2/sample.dio,279909703859200,6850,3221225664.0
/dev18500/demods/2/sample.dio,279909703917568,6851,1073741824.0
/dev18500/demods/2/sample.dio,279909703975936,6852,0.0
/dev18500/demods/2/sample.dio,279909704034304,6853,0.0
/dev18500/demods/2/sample.dio,279909704092672,6854,3222274240.0
/dev18500/demods/2/sample.dio,279909704151040,6855,3221225664.0
/dev18500/demods/2/sample.dio,279909704209408,6856,1073741824.0
/dev18500/demods/2/sample.dio,279909704267776,6857,0.0
/dev18500/demods/2/sample.dio,279909704326144,6858,0.0
/dev18500/demods/2/sample.dio,279909704384512,6859,3222274112.0
/dev18500/demods/2/sample.dio,279909704442880,6860,3221225664.0
/dev18500/demods/2/sample.dio,279909704501248,6861,1073741824.0
/dev18500/demods/2/sample.dio,279909704559616,6862,0.0
/dev18500/demods/2/sample.dio,279909704617984,6863,0.0
/dev18500/demods/2/sample.dio,279909704676352,6864,3222274240.0
/dev18500/demods/2/sample.dio,279909704734720,6865,3221225664.0
/dev18500/demods/2/sample.dio,279909704793088,6866,0.0
/dev18500/demods/2/sample.dio,279909704851456,6867,0.0
/dev18500/demods/2/sample.dio,279909704909824,6868,1048576.0
/dev18500/demods/2/sample.dio,279909704968192,6869,3222274240.0
/dev18500/demods/2/sample.dio,279909705026560,6870,1073741824.0
/dev18500/demods/2/sample.dio,279909705084928,6871,0.0
/dev18500/demods/2/sample.dio,279909705143296,6872,0.0
/dev18500/demods/2/sample.dio,279909705201664,6873,1048576.0
/dev18500/demods/2/sample.dio,279909705260032,6874,3221225664.0
/dev18500/demods/2/sample.dio,279909705318400,6875,1073750016.0
/dev18500/demods/2/sample.dio,279909705376768,6876,0.0
/dev18500/demods/2/sample.dio,279909705435136,6877,0.0
/dev18500/demods/2/sample.dio,279909705493504,6878,3222274048.0
/dev18500/demods/2/sample.dio,279909705551872,6879,3221225664.0
/dev18500/demods/2/sample.dio,279909705610240,6880,1073741824.0
/dev18500/demods/2/sample.dio,279909705668608,6881,0.0
/dev18500/demods/2/sample.dio,279909705726976,6882,0.0
/dev18500/demods/2/sample.dio,279909705785344,6883,3222274048.0
/dev18500/demods/2/sample.dio,279909705843712,6884,3221225664.0
/dev18500/demods/2/sample.dio,279909705902080,6885,1073750016.0
/dev18500/demods/2/sample.dio,279909705960448,6886,0.0
/dev18500/demods/2/sample.dio,279909706018816,6887,0.0
/dev18500/demods/2/sample.dio,279909706077184,6888,3222290624.0
/dev18500/demods/2/sample.dio,279909706135552,6889,3221225664.0
/dev18500/demods/2/sample.dio,279909706193920,6890,0.0
/dev18500/demods/2/sample.dio,279909706252288,6891,0.0
/dev18500/demods/2/sample.dio,279909706310656,6892,1048576.0
/dev18500/demods/2/sample.dio,279909706369024,6893,3221225536.0
/dev18500/demods/2/sample.dio,279909706427392,6894,1073741888.0
/dev18500/demods/2/sample.dio,279909706485760,6895,1073741824.0
/dev18500/demods/2/sample.dio,279909706544128,6896,0.0
/dev18500/demods/2/sample.dio,279909706602496,6897,16384.0
/dev18500/demods/2/sample.dio,279909706660864,6898,3221225664.0
/dev18500/demods/2/sample.dio,279909706719232,6899,1073741888.0
/dev18500/demods/2/sample.dio,279909706777600,6900,0.0
/dev18500/demods/2/sample.dio,279909706835968,6901,0.0
/dev18500/demods/2/sample.dio,279909706894336,6902,3222274048.0
/dev18500/demods/2/sample.dio,279909706952704,6903,3222274240.0
/dev18500/demods/2/sample.dio,279909707011072,6904,1073741824.0
/dev18500/demods/2/sample.dio,279909707069440,6905,8192.0
/dev18500/demods/2/sample.dio,279909707127808,6906,0.0
/dev18500/demods/2/sample.dio,279909707186176,6907,1048576.0
/dev18500/demods/2/sample.dio,279909707244544,6908,3221225664.0
/dev18500/demods/2/sample.dio,279909707302912,6909,1073741824.0
/dev18500/demods/2/sample.dio,279909707361280,6910,0.0
/dev18500/demods/2/sample.dio,279909707419648,6911,0.0
/dev18500/demods/2/sample.dio,279909707478016,6912,3222274112.0
/dev18500/demods/2/sample.dio,279909707536384,6913,3221225664.0
/dev18500/demods/2/sample.dio,279909707594752,6914,1073741824.0
/dev18500/demods/2/sample.dio,279909707653120,6915,0.0
/dev18500/demods/2/sample.dio,279909707711488,6916,0.0
/dev18500/demods/2/sample.dio,279909707769856,6917,3222274112.0
/dev18500/demods/2/sample.dio,279909707828224,6918,3221225664.0
/dev18500/demods/2/sample.dio,279909707886592,6919,1073741824.0
/dev18500/demods/2/sample.dio,279909707944960,6920,0.0
/dev18500/demods/2/sample.dio,279909708003328,6921,0.0
/dev18500/demods/2/sample.dio,279909708061696,6922,3221225664.0
/dev18500/demods/2/sample.dio,279909708120064,6923,1073742016.0
/dev18500/demods/2/sample.dio,279909708178432,6924,0.0
/dev18500/demods/2/sample.dio,279909708236800,6925,0.0
/dev18500/demods/2/sample.dio,279909708295168,6926,1048576.0
/dev18500/demods/2/sample.dio,279909708353536,6927,3221225664.0
/dev18500/demods/2/sample.dio,279909708411904,6928,1073741824.0
/dev18500/demods/2/sample.dio,279909708470272,6929,0.0
/dev18500/demods/2/sample.dio,279909708528640,6930,0.0
/dev18500/demods/2/sample.dio,279909708587008,6931,1048576.0
/dev18500/demods/2/sample.dio,279909708645376,6932,3221225664.0
/dev18500/demods/2/sample.dio,279909708703744,6933,1073741824.0
/dev18500/demods/2/sample.dio,279909708762112,6934,0.0
/dev18500/demods/2/sample.dio,279909708820480,6935,0.0
/dev18500/demods/2/sample.dio,279909708878848,6936,3222290432.0
/dev18500/demods/2/sample.dio,279909708937216,6937,3221225664.0
/dev18500/demods/2/sample.dio,279909708995584,6938,1073741824.0
/dev18500/demods/2/sample.dio,279909709053952,6939,0.0
/dev18500/demods/2/sample.dio,279909709112320,6940,0.0
/dev18500/demods/2/sample.dio,279909709170688,6941,3222274048.0
/dev18500/demods/2/sample.dio,279909709229056,6942,3221225664.0
/dev18500/demods/2/sample.dio,279909709287424,6943,1073741824.0
/dev18500/demods/2/sample.dio,279909709345792,6944,0.0
/dev18500/demods/2/sample.dio,279909709404160,6945,0.0
/dev18500/demods/2/sample.dio,279909709462528,6946,3221225664.0
/dev18500/demods/2/sample.dio,279909709520896,6947,3221225664.0
/dev18500/demods/2/sample.dio,279909709579264,6948,0.0
/dev18500/demods/2/sample.dio,279909709637632,6949,0.0
/dev18500/demods/2/sample.dio,279909709696000,6950,1048576.0
/dev18500/demods/2/sample.dio,279909709754368,6951,3222290624.0
/dev18500/demods/2/sample.dio,279909709812736,6952,1073741888.0
/dev18500/demods/2/sample.dio,279909709871104,6953,0.0
/dev18500/demods/2/sample.dio,279909709929472,6954,0.0
/dev18500/demods/2/sample.dio,279909709987840,6955,1048576.0
/dev18500/demods/2/sample.dio,279909710046208,6956,3221225664.0
/dev18500/demods/2/sample.dio,279909710104576,6957,1073741888.0
/dev18500/demods/2/sample.dio,279909710162944,6958,0.0
/dev18500/demods/2/sample.dio,279909710221312,6959,0.0
/dev18500/demods/2/sample.dio,279909710279680,6960,1048576.0
/dev18500/demods/2/sample.dio,279909710338048,6961,3222274240.0
/dev18500/demods/2/sample.dio,279909710396416,6962,1073741824.0
/dev18500/demods/2/sample.dio,279909710454784,6963,0.0
/dev18500/demods/2/sample.dio,279909710513152,6964,0.0
/dev18500/demods/2/sample.dio,279909710571520,6965,1048576.0
/dev18500/demods/2/sample.dio,279909710629888,6966,3221225664.0
/dev18500/demods/2/sample.dio,279909710688256,6967,1073741824.0
/dev18500/demods/2/sample.dio,279909710746624,6968,0.0
/dev18500/demods/2/sample.dio,279909710804992,6969,0.0
/dev18500/demods/2/sample.dio,279909710863360,6970,3222274240.0
/dev18500/demods/2/sample.dio,279909710921728,6971,3221225664.0
/dev18500/demods/2/sample.dio,279909710980096,6972,1073741824.0
/dev18500/demods/2/sample.dio,279909711038464,6973,0.0
/dev18500/demods/2/sample.dio,279909711096832,6974,0.0
/dev18500/demods/2/sample.dio,279909711155200,6975,3222274112.0
/dev18500/demods/2/sample.dio,279909711213568,6976,1073742016.0
/dev18500/demods/2/sample.dio,279909711271936,6977,1073741824.0
/dev18500/demods/2/sample.dio,279909711330304,6978,0.0
/dev18500/demods/2/sample.dio,279909711388672,6979,0.0
/dev18500/demods/2/sample.dio,279909711447040,6980,3222274240.0
/dev18500/demods/2/sample.dio,279909711505408,6981,1073742016.0
/dev18500/demods/2/sample.dio,279909711563776,6982,0.0
/dev18500/demods/2/sample.dio,279909711622144,6983,0.0
/dev18500/demods/2/sample.dio,279909711680512,6984,1064960.0
/dev18500/demods/2/sample.dio,279909711738880,6985,3222274240.0
/dev18500/demods/2/sample.dio,279909711797248,6986,1073741888.0
/dev18500/demods/2/sample.dio,279909711855616,6987,0.0
/dev18500/demods/2/sample.dio,279909711913984,6988,0.0
/dev18500/demods/2/sample.dio,279909711972352,6989,1048576.0
/dev18500/demods/2/sample.dio,279909712030720,6990,3221225664.0
/dev18500/demods/2/sample.dio,279909712089088,6991,1073741888.0
/dev18500/demods/2/sample.dio,279909712147456,6992,0.0
/dev18500/demods/2/sample.dio,279909712205824,6993,0.0
/dev18500/demods/2/sample.dio,279909712264192,6994,3222274112.0
/dev18500/demods/2/sample.dio,279909712322560,6995,3221225664.0
/dev18500/demods/2/sample.dio,279909712380928,6996,1073741824.0
/dev18500/demods/2/sample.dio,279909712439296,6997,0.0
/dev18500/demods/2/sample.dio,279909712497664,6998,0.0
/dev18500/demods/2/sample.dio,279909712556032,6999,1048576.0
/dev18500/demods/2/sample.dio,279909712614400,7000,3221225664.0
/dev18500/demods/2/sample.dio,279909712672768,7001,1073741824.0
/dev18500/demods/2/sample.dio,279909712731136,7002,0.0
/dev18500/demods/2/sample.dio,279909712789504,7003,0.0
/dev18500/demods/2/sample.dio,279909712847872,7004,3221242048.0
/dev18500/demods/2/sample.dio,279909712906240,7005,3221225664.0
/dev18500/demods/2/sample.dio,279909712964608,7006,0.0
/dev18500/demods/2/sample.dio,279909713022976,7007,0.0
/dev18500/demods/2/sample.dio,279909713081344,7008,0.0
/dev18500/demods/2/sample.dio,279909713139712,7009,3222290624.0
/dev18500/demods/2/sample.dio,279909713198080,7010,1073750208.0
/dev18500/demods/2/sample.dio,279909713256448,7011,1073741824.0
/dev18500/demods/2/sample.dio,279909713314816,7012,0.0
/dev18500/demods/2/sample.dio,279909713373184,7013,1048576.0
/dev18500/demods/2/sample.dio,279909713431552,7014,3221225664.0
/dev18500/demods/2/sample.dio,279909713489920,7015,1073750208.0
/dev18500/demods/2/sample.dio,279909713548288,7016,0.0
/dev18500/demods/2/sample.dio,279909713606656,7017,0.0
/dev18500/demods/2/sample.dio,279909713665024,7018,3222274048.0
/dev18500/demods/2/sample.dio,279909713723392,7019,3222290624.0
/dev18500/demods/2/sample.dio,279909713781760,7020,1073741824.0
/dev18500/demods/2/sample.dio,279909713840128,7021,0.0
/dev18500/demods/2/sample.dio,279909713898496,7022,0.0
/dev18500/demods/2/sample.dio,279909713956864,7023,3222274048.0
/dev18500/demods/2/sample.dio,279909714015232,7024,3221225664.0
/dev18500/demods/2/sample.dio,279909714073600,7025,1073741824.0
/dev18500/demods/2/sample.dio,279909714131968,7026,0.0
/dev18500/demods/2/sample.dio,279909714190336,7027,0.0
/dev18500/demods/2/sample.dio,279909714248704,7028,3222274112.0
/dev18500/demods/2/sample.dio,279909714307072,7029,3221225664.0
/dev18500/demods/2/sample.dio,279909714365440,7030,1073741824.0
/dev18500/demods/2/sample.dio,279909714423808,7031,0.0
/dev18500/demods/2/sample.dio,279909714482176,7032,0.0
/dev18500/demods/2/sample.dio,279909714540544,7033,3222274112.0
/dev18500/demods/2/sample.dio,279909714598912,7034,1073742016.0
/dev18500/demods/2/sample.dio,279909714657280,7035,1073741824.0
/dev18500/demods/2/sample.dio,279909714715648,7036,0.0
/dev18500/demods/2/sample.dio,279909714774016,7037,0.0
/dev18500/demods/2/sample.dio,279909714832384,7038,3222274240.0
/dev18500/demods/2/sample.dio,279909714890752,7039,1073742016.0
/dev18500/demods/2/sample.dio,279909714949120,7040,0.0
/dev18500/demods/2/sample.dio,279909715007488,7041,0.0
/dev18500/demods/2/sample.dio,279909715065856,7042,1048576.0
/dev18500/demods/2/sample.dio,279909715124224,7043,3222290624.0
/dev18500/demods/2/sample.dio,279909715182592,7044,1073741888.0
/dev18500/demods/2/sample.dio,279909715240960,7045,8192.0
/dev18500/demods/2/sample.dio,279909715299328,7046,0.0
/dev18500/demods/2/sample.dio,279909715357696,7047,1048576.0
/dev18500/demods/2/sample.dio,279909715416064,7048,3221225664.0
/dev18500/demods/2/sample.dio,279909715474432,7049,1073741824.0
/dev18500/demods/2/sample.dio,279909715532800,7050,0.0
/dev18500/demods/2/sample.dio,279909715591168,7051,0.0
/dev18500/demods/2/sample.dio,279909715649536,7052,3222274048.0
/dev18500/demods/2/sample.dio,279909715707904,7053,3221225664.0
/dev18500/demods/2/sample.dio,279909715766272,7054,1073741824.0
/dev18500/demods/2/sample.dio,279909715824640,7055,0.0
/dev18500/demods/2/sample.dio,279909715883008,7056,0.0
/dev18500/demods/2/sample.dio,279909715941376,7057,3222274048.0
/dev18500/demods/2/sample.dio,279909715999744,7058,3221225664.0
/dev18500/demods/2/sample.dio,279909716058112,7059,1073741824.0
/dev18500/demods/2/sample.dio,279909716116480,7060,0.0
/dev18500/demods/2/sample.dio,279909716174848,7061,0.0
/dev18500/demods/2/sample.dio,279909716233216,7062,3222274240.0
/dev18500/demods/2/sample.dio,279909716291584,7063,3221225664.0
/dev18500/demods/2/sample.dio,279909716349952,7064,0.0
/dev18500/demods/2/sample.dio,279909716408320,7065,0.0
/dev18500/demods/2/sample.dio,279909716466688,7066,0.0
/dev18500/demods/2/sample.dio,279909716525056,7067,3221225536.0
/dev18500/demods/2/sample.dio,279909716583424,7068,1073741888.0
/dev18500/demods/2/sample.dio,279909716641792,7069,1073750016.0
/dev18500/demods/2/sample.dio,279909716700160,7070,0.0
/dev18500/demods/2/sample.dio,279909716758528,7071,0.0
/dev18500/demods/2/sample.dio,279909716816896,7072,3221225664.0
/dev18500/demods/2/sample.dio,279909716875264,7073,1073741888.0
/dev18500/demods/2/sample.dio,279909716933632,7074,0.0
/dev18500/demods/2/sample.dio,279909716992000,7075,0.0
/dev18500/demods/2/sample.dio,279909717050368,7076,0.0
/dev18500/demods/2/sample.dio,279909717108736,7077,3222274240.0
/dev18500/demods/2/sample.dio,279909717167104,7078,1073741824.0
/dev18500/demods/2/sample.dio,279909717225472,7079,0.0
/dev18500/demods/2/sample.dio,279909717283840,7080,0.0
/dev18500/demods/2/sample.dio,279909717342208,7081,1074790400.0
/dev18500/demods/2/sample.dio,279909717400576,7082,3221225664.0
/dev18500/demods/2/sample.dio,279909717458944,7083,1073741824.0
/dev18500/demods/2/sample.dio,279909717517312,7084,0.0
/dev18500/demods/2/sample.dio,279909717575680,7085,0.0
/dev18500/demods/2/sample.dio,279909717634048,7086,3222274240.0
/dev18500/demods/2/sample.dio,279909717692416,7087,3221225664.0
/dev18500/demods/2/sample.dio,279909717750784,7088,1073741824.0
/dev18500/demods/2/sample.dio,279909717809152,7089,0.0
/dev18500/demods/2/sample.dio,279909717867520,7090,0.0
/dev18500/demods/2/sample.dio,279909717925888,7091,3222274112.0
/dev18500/demods/2/sample.dio,279909717984256,7092,1073742016.0
/dev18500/demods/2/sample.dio,279909718042624,7093,1073741824.0
/dev18500/demods/2/sample.dio,279909718100992,7094,0.0
/dev18500/demods/2/sample.dio,279909718159360,7095,0.0
/dev18500/demods/2/sample.dio,279909718217728,7096,3222274240.0
/dev18500/demods/2/sample.dio,279909718276096,7097,1073742016.0
/dev18500/demods/2/sample.dio,279909718334464,7098,0.0
/dev18500/demods/2/sample.dio,279909718392832,7099,0.0
/dev18500/demods/2/sample.dio,279909718451200,7100,1048576.0
/dev18500/demods/2/sample.dio,279909718509568,7101,3222274240.0
/dev18500/demods/2/sample.dio,279909718567936,7102,1073741824.0
/dev18500/demods/2/sample.dio,279909718626304,7103,0.0
/dev18500/demods/2/sample.dio,279909718684672,7104,0.0
/dev18500/demods/2/sample.dio,279909718743040,7105,1048576.0
/dev18500/demods/2/sample.dio,279909718801408,7106,3221225664.0
/dev18500/demods/2/sample.dio,279909718859776,7107,1073741824.0
/dev18500/demods/2/sample.dio,279909718918144,7108,0.0
/dev18500/demods/2/sample.dio,279909718976512,7109,0.0
/dev18500/demods/2/sample.dio,279909719034880,7110,3222274048.0
/dev18500/demods/2/sample.dio,279909719093248,7111,3221225664.0
/dev18500/demods/2/sample.dio,279909719151616,7112,1073741824.0
/dev18500/demods/2/sample.dio,279909719209984,7113,0.0
/dev18500/demods/2/sample.dio,279909719268352,7114,0.0
/dev18500/demods/2/sample.dio,279909719326720,7115,3222274048.0
/dev18500/demods/2/sample.dio,279909719385088,7116,1073742016.0
/dev18500/demods/2/sample.dio,279909719443456,7117,1073741824.0
/dev18500/demods/2/sample.dio,279909719501824,7118,0.0
/dev18500/demods/2/sample.dio,279909719560192,7119,0.0
/dev18500/demods/2/sample.dio,279909719618560,7120,3222274240.0
/dev18500/demods/2/sample.dio,279909719676928,7121,3221225664.0
/dev18500/demods/2/sample.dio,279909719735296,7122,0.0
/dev18500/demods/2/sample.dio,279909719793664,7123,0.0
/dev18500/demods/2/sample.dio,279909719852032,7124,1048576.0
/dev18500/demods/2/sample.dio,279909719910400,7125,3221225664.0
/dev18500/demods/2/sample.dio,279909719968768,7126,1073741888.0
/dev18500/demods/2/sample.dio,279909720027136,7127,1073741824.0
/dev18500/demods/2/sample.dio,279909720085504,7128,0.0
/dev18500/demods/2/sample.dio,279909720143872,7129,1064960.0
/dev18500/demods/2/sample.dio,279909720202240,7130,3221225664.0
/dev18500/demods/2/sample.dio,279909720260608,7131,1073741888.0
/dev18500/demods/2/sample.dio,279909720318976,7132,0.0
/dev18500/demods/2/sample.dio,279909720377344,7133,0.0
/dev18500/demods/2/sample.dio,279909720435712,7134,3222274048.0
/dev18500/demods/2/sample.dio,279909720494080,7135,3221225664.0
/dev18500/demods/2/sample.dio,279909720552448,7136,1073741824.0
/dev18500/demods/2/sample.dio,279909720610816,7137,0.0
/dev18500/demods/2/sample.dio,279909720669184,7138,0.0
/dev18500/demods/2/sample.dio,279909720727552,7139,1074790400.0
/dev18500/demods/2/sample.dio,279909720785920,7140,3221225664.0
/dev18500/demods/2/sample.dio,279909720844288,7141,1073741824.0
/dev18500/demods/2/sample.dio,279909720902656,7142,0.0
/dev18500/demods/2/sample.dio,279909720961024,7143,0.0
/dev18500/demods/2/sample.dio,279909721019392,7144,3222274240.0
/dev18500/demods/2/sample.dio,279909721077760,7145,3221233856.0
/dev18500/demods/2/sample.dio,279909721136128,7146,1073741824.0
/dev18500/demods/2/sample.dio,279909721194496,7147,0.0
/dev18500/demods/2/sample.dio,279909721252864,7148,0.0
/dev18500/demods/2/sample.dio,279909721311232,7149,3222274240.0
/dev18500/demods/2/sample.dio,279909721369600,7150,3221225664.0
/dev18500/demods/2/sample.dio,279909721427968,7151,1073741824.0
/dev18500/demods/2/sample.dio,279909721486336,7152,0.0
/dev18500/demods/2/sample.dio,279909721544704,7153,0.0
/dev18500/demods/2/sample.dio,279909721603072,7154,3222274240.0
/dev18500/demods/2/sample.dio,279909721661440,7155,1073742016.0
/dev18500/demods/2/sample.dio,279909721719808,7156,0.0
/dev18500/demods/2/sample.dio,279909721778176,7157,0.0
/dev18500/demods/2/sample.dio,279909721836544,7158,1073741824.0
/dev18500/demods/2/sample.dio,279909721894912,7159,3222274240.0
/dev18500/demods/2/sample.dio,279909721953280,7160,1073741824.0
/dev18500/demods/2/sample.dio,279909722011648,7161,0.0
/dev18500/demods/2/sample.dio,279909722070016,7162,0.0
/dev18500/demods/2/sample.dio,279909722128384,7163,1048576.0
/dev18500/demods/2/sample.dio,279909722186752,7164,3221225664.0
/dev18500/demods/2/sample.dio,279909722245120,7165,1073741888.0
/dev18500/demods/2/sample.dio,279909722303488,7166,0.0
/dev18500/demods/2/sample.dio,279909722361856,7167,0.0
/dev18500/demods/2/sample.dio,279909722420224,7168,3222274112.0
/dev18500/demods/2/sample.dio,279909722478592,7169,3221225664.0
/dev18500/demods/2/sample.dio,279909722536960,7170,1073741824.0
/dev18500/demods/2/sample.dio,279909722595328,7171,0.0
/dev18500/demods/2/sample.dio,279909722653696,7172,0.0
/dev18500/demods/2/sample.dio,279909722712064,7173,3222274048.0
/dev18500/demods/2/sample.dio,279909722770432,7174,1073742016.0
/dev18500/demods/2/sample.dio,279909722828800,7175,1073741824.0
/dev18500/demods/2/sample.dio,279909722887168,7176,0.0
/dev18500/demods/2/sample.dio,279909722945536,7177,0.0
/dev18500/demods/2/sample.dio,279909723003904,7178,3222274240.0
/dev18500/demods/2/sample.dio,279909723062272,7179,3221225664.0
/dev18500/demods/2/sample.dio,279909723120640,7180,0.0
/dev18500/demods/2/sample.dio,279909723179008,7181,0.0
/dev18500/demods/2/sample.dio,279909723237376,7182,1048576.0
/dev18500/demods/2/sample.dio,279909723295744,7183,3221225664.0
/dev18500/demods/2/sample.dio,279909723354112,7184,1073741888.0
/dev18500/demods/2/sample.dio,279909723412480,7185,0.0
/dev18500/demods/2/sample.dio,279909723470848,7186,0.0
/dev18500/demods/2/sample.dio,279909723529216,7187,0.0
/dev18500/demods/2/sample.dio,279909723587584,7188,3221225664.0
/dev18500/demods/2/sample.dio,279909723645952,7189,1073750016.0
/dev18500/demods/2/sample.dio,279909723704320,7190,0.0
/dev18500/demods/2/sample.dio,279909723762688,7191,0.0
/dev18500/demods/2/sample.dio,279909723821056,7192,1048576.0
/dev18500/demods/2/sample.dio,279909723879424,7193,3222274240.0
/dev18500/demods/2/sample.dio,279909723937792,7194,1073741824.0
/dev18500/demods/2/sample.dio,279909723996160,7195,0.0
/dev18500/demods/2/sample.dio,279909724054528,7196,0.0
/dev18500/demods/2/sample.dio,279909724112896,7197,1073741824.0
/dev18500/demods/2/sample.dio,279909724171264,7198,3221225664.0
/dev18500/demods/2/sample.dio,279909724229632,7199,1073741824.0
/dev18500/demods/2/sample.dio,279909724288000,7200,0.0
/dev18500/demods/2/sample.dio,279909724346368,7201,0.0
/dev18500/demods/2/sample.dio,279909724404736,7202,3222290624.0
/dev18500/demods/2/sample.dio,279909724463104,7203,3221225664.0
/dev18500/demods/2/sample.dio,279909724521472,7204,1073741824.0
/dev18500/demods/2/sample.dio,279909724579840,7205,0.0
/dev18500/demods/2/sample.dio,279909724638208,7206,0.0
/dev18500/demods/2/sample.dio,279909724696576,7207,3222274048.0
/dev18500/demods/2/sample.dio,279909724754944,7208,1073742016.0
/dev18500/demods/2/sample.dio,279909724813312,7209,1073741824.0
/dev18500/demods/2/sample.dio,279909724871680,7210,0.0
/dev18500/demods/2/sample.dio,279909724930048,7211,1048576.0
/dev18500/demods/2/sample.dio,279909724988416,7212,3222274240.0
/dev18500/demods/2/sample.dio,279909725046784,7213,1073742016.0
/dev18500/demods/2/sample.dio,279909725105152,7214,0.0
/dev18500/demods/2/sample.dio,279909725163520,7215,0.0
/dev18500/demods/2/sample.dio,279909725221888,7216,1048576.0
/dev18500/demods/2/sample.dio,279909725280256,7217,3222274240.0
/dev18500/demods/2/sample.dio,279909725338624,7218,1073741824.0
/dev18500/demods/2/sample.dio,279909725396992,7219,0.0
/dev18500/demods/2/sample.dio,279909725455360,7220,0.0
/dev18500/demods/2/sample.dio,279909725513728,7221,1048576.0
/dev18500/demods/2/sample.dio,279909725572096,7222,3221225664.0
/dev18500/demods/2/sample.dio,279909725630464,7223,1073741824.0
/dev18500/demods/2/sample.dio,279909725688832,7224,0.0
/dev18500/demods/2/sample.dio,279909725747200,7225,0.0
/dev18500/demods/2/sample.dio,279909725805568,7226,3222274112.0
/dev18500/demods/2/sample.dio,279909725863936,7227,3221225664.0
/dev18500/demods/2/sample.dio,279909725922304,7228,1073741824.0
/dev18500/demods/2/sample.dio,279909725980672,7229,0.0
/dev18500/demods/2/sample.dio,279909726039040,7230,0.0
/dev18500/demods/2/sample.dio,279909726097408,7231,3222274048.0
/dev18500/demods/2/sample.dio,279909726155776,7232,3221225664.0
/dev18500/demods/2/sample.dio,279909726214144,7233,1073741824.0
/dev18500/demods/2/sample.dio,279909726272512,7234,0.0
/dev18500/demods/2/sample.dio,279909726330880,7235,0.0
/dev18500/demods/2/sample.dio,279909726389248,7236,3222274240.0
/dev18500/demods/2/sample.dio,279909726447616,7237,3221225664.0
/dev18500/demods/2/sample.dio,279909726505984,7238,0.0
/dev18500/demods/2/sample.dio,279909726564352,7239,0.0
/dev18500/demods/2/sample.dio,279909726622720,7240,1048576.0
/dev18500/demods/2/sample.dio,279909726681088,7241,3222274240.0
/dev18500/demods/2/sample.dio,279909726739456,7242,1073742016.0
/dev18500/demods/2/sample.dio,279909726797824,7243,0.0
/dev18500/demods/2/sample.dio,279909726856192,7244,0.0
/dev18500/demods/2/sample.dio,279909726914560,7245,0.0
/dev18500/demods/2/sample.dio,279909726972928,7246,3221225664.0
/dev18500/demods/2/sample.dio,279909727031296,7247,1073741888.0
/dev18500/demods/2/sample.dio,279909727089664,7248,0.0
/dev18500/demods/2/sample.dio,279909727148032,7249,0.0
/dev18500/demods/2/sample.dio,279909727206400,7250,3222274048.0
/dev18500/demods/2/sample.dio,279909727264768,7251,3221225664.0
/dev18500/demods/2/sample.dio,279909727323136,7252,1073741824.0
/dev18500/demods/2/sample.dio,279909727381504,7253,0.0
/dev18500/demods/2/sample.dio,279909727439872,7254,0.0
/dev18500/demods/2/sample.dio,279909727498240,7255,3221225472.0
/dev18500/demods/2/sample.dio,279909727556608,7256,3221225664.0
/dev18500/demods/2/sample.dio,279909727614976,7257,1073750016.0
/dev18500/demods/2/sample.dio,279909727673344,7258,0.0
/dev18500/demods/2/sample.dio,279909727731712,7259,0.0
/dev18500/demods/2/sample.dio,279909727790080,7260,3222274112.0
/dev18500/demods/2/sample.dio,279909727848448,7261,3221225664.0
/dev18500/demods/2/sample.dio,279909727906816,7262,1073741824.0
/dev18500/demods/2/sample.dio,279909727965184,7263,0.0
/dev18500/demods/2/sample.dio,279909728023552,7264,1064960.0
/dev18500/demods/2/sample.dio,279909728081920,7265,3222290624.0
/dev18500/demods/2/sample.dio,279909728140288,7266,1073750080.0
/dev18500/demods/2/sample.dio,279909728198656,7267,1073741824.0
/dev18500/demods/2/sample.dio,279909728257024,7268,0.0
/dev18500/demods/2/sample.dio,279909728315392,7269,0.0
/dev18500/demods/2/sample.dio,279909728373760,7270,3221225664.0
/dev18500/demods/2/sample.dio,279909728432128,7271,3221225664.0
/dev18500/demods/2/sample.dio,279909728490496,7272,0.0
/dev18500/demods/2/sample.dio,279909728548864,7273,0.0
/dev18500/demods/2/sample.dio,279909728607232,7274,1074790400.0
/dev18500/demods/2/sample.dio,279909728665600,7275,3222274240.0
/dev18500/demods/2/sample.dio,279909728723968,7276,1073741824.0
/dev18500/demods/2/sample.dio,279909728782336,7277,0.0
/dev18500/demods/2/sample.dio,279909728840704,7278,0.0
/dev18500/demods/2/sample.dio,279909728899072,7279,1048576.0
/dev18500/demods/2/sample.dio,279909728957440,7280,3221225664.0
/dev18500/demods/2/sample.dio,279909729015808,7281,1073741824.0
/dev18500/demods/2/sample.dio,279909729074176,7282,0.0
/dev18500/demods/2/sample.dio,279909729132544,7283,0.0
/dev18500/demods/2/sample.dio,279909729190912,7284,3222274048.0
/dev18500/demods/2/sample.dio,279909729249280,7285,3221225664.0
/dev18500/demods/2/sample.dio,279909729307648,7286,1073741824.0
/dev18500/demods/2/sample.dio,279909729366016,7287,0.0
/dev18500/demods/2/sample.dio,279909729424384,7288,0.0
/dev18500/demods/2/sample.dio,279909729482752,7289,3222274112.0
/dev18500/demods/2/sample.dio,279909729541120,7290,1073742016.0
/dev18500/demods/2/sample.dio,279909729599488,7291,1073741824.0
/dev18500/demods/2/sample.dio,279909729657856,7292,0.0
/dev18500/demods/2/sample.dio,279909729716224,7293,0.0
/dev18500/demods/2/sample.dio,279909729774592,7294,3222274240.0
/dev18500/demods/2/sample.dio,279909729832960,7295,3221225664.0
/dev18500/demods/2/sample.dio,279909729891328,7296,0.0
/dev18500/demods/2/sample.dio,279909729949696,7297,0.0
/dev18500/demods/2/sample.dio,279909730008064,7298,0.0
/dev18500/demods/2/sample.dio,279909730066432,7299,3222274240.0
/dev18500/demods/2/sample.dio,279909730124800,7300,1073741824.0
/dev18500/demods/2/sample.dio,279909730183168,7301,0.0
/dev18500/demods/2/sample.dio,279909730241536,7302,0.0
/dev18500/demods/2/sample.dio,279909730299904,7303,1048576.0
/dev18500/demods/2/sample.dio,279909730358272,7304,3221225664.0
/dev18500/demods/2/sample.dio,279909730416640,7305,1073741888.0
/dev18500/demods/2/sample.dio,279909730475008,7306,0.0
/dev18500/demods/2/sample.dio,279909730533376,7307,0.0
/dev18500/demods/2/sample.dio,279909730591744,7308,3222274048.0
/dev18500/demods/2/sample.dio,279909730650112,7309,3221225664.0
/dev18500/demods/2/sample.dio,279909730708480,7310,1073750016.0
/dev18500/demods/2/sample.dio,279909730766848,7311,0.0
/dev18500/demods/2/sample.dio,279909730825216,7312,0.0
/dev18500/demods/2/sample.dio,279909730883584,7313,3222274048.0
/dev18500/demods/2/sample.dio,279909730941952,7314,3221225664.0
/dev18500/demods/2/sample.dio,279909731000320,7315,1073741824.0
/dev18500/demods/2/sample.dio,279909731058688,7316,0.0
/dev18500/demods/2/sample.dio,279909731117056,7317,0.0
/dev18500/demods/2/sample.dio,279909731175424,7318,3222274240.0
/dev18500/demods/2/sample.dio,279909731233792,7319,3221225664.0
/dev18500/demods/2/sample.dio,279909731292160,7320,8192.0
/dev18500/demods/2/sample.dio,279909731350528,7321,0.0
/dev18500/demods/2/sample.dio,279909731408896,7322,0.0
/dev18500/demods/2/sample.dio,279909731467264,7323,3222274240.0
/dev18500/demods/2/sample.dio,279909731525632,7324,1073741888.0
/dev18500/demods/2/sample.dio,279909731584000,7325,1073741824.0
/dev18500/demods/2/sample.dio,279909731642368,7326,0.0
/dev18500/demods/2/sample.dio,279909731700736,7327,0.0
/dev18500/demods/2/sample.dio,279909731759104,7328,3221225664.0
/dev18500/demods/2/sample.dio,279909731817472,7329,1073742016.0
/dev18500/demods/2/sample.dio,279909731875840,7330,0.0
/dev18500/demods/2/sample.dio,279909731934208,7331,0.0
/dev18500/demods/2/sample.dio,279909731992576,7332,1074790400.0
/dev18500/demods/2/sample.dio,279909732050944,7333,3222274240.0
/dev18500/demods/2/sample.dio,279909732109312,7334,1073741824.0
/dev18500/demods/2/sample.dio,279909732167680,7335,0.0
/dev18500/demods/2/sample.dio,279909732226048,7336,0.0
/dev18500/demods/2/sample.dio,279909732284416,7337,1073741824.0
/dev18500/demods/2/sample.dio,279909732342784,7338,3221225664.0
/dev18500/demods/2/sample.dio,279909732401152,7339,1073741824.0
/dev18500/demods/2/sample.dio,279909732459520,7340,0.0
/dev18500/demods/2/sample.dio,279909732517888,7341,0.0
/dev18500/demods/2/sample.dio,279909732576256,7342,3222274048.0
/dev18500/demods/2/sample.dio,279909732634624,7343,3221225664.0
/dev18500/demods/2/sample.dio,279909732692992,7344,1073741824.0
/dev18500/demods/2/sample.dio,279909732751360,7345,0.0
/dev18500/demods/2/sample.dio,279909732809728,7346,0.0
/dev18500/demods/2/sample.dio,279909732868096,7347,3222274112.0
/dev18500/demods/2/sample.dio,279909732926464,7348,1073742016.0
/dev18500/demods/2/sample.dio,279909732984832,7349,1073741824.0
/dev18500/demods/2/sample.dio,279909733043200,7350,0.0
/dev18500/demods/2/sample.dio,279909733101568,7351,0.0
/dev18500/demods/2/sample.dio,279909733159936,7352,3221225664.0
/dev18500/demods/2/sample.dio,279909733218304,7353,3221225664.0
/dev18500/demods/2/sample.dio,279909733276672,7354,0.0
/dev18500/demods/2/sample.dio,279909733335040,7355,0.0
/dev18500/demods/2/sample.dio,279909733393408,7356,1048576.0
/dev18500/demods/2/sample.dio,279909733451776,7357,3222274240.0
/dev18500/demods/2/sample.dio,279909733510144,7358,1073741824.0
/dev18500/demods/2/sample.dio,279909733568512,7359,0.0
/dev18500/demods/2/sample.dio,279909733626880,7360,0.0
/dev18500/demods/2/sample.dio,279909733685248,7361,1048576.0
/dev18500/demods/2/sample.dio,279909733743616,7362,3221225664.0
/dev18500/demods/2/sample.dio,279909733801984,7363,1073741888.0
/dev18500/demods/2/sample.dio,279909733860352,7364,0.0
/dev18500/demods/2/sample.dio,279909733918720,7365,0.0
/dev18500/demods/2/sample.dio,279909733977088,7366,3222274112.0
/dev18500/demods/2/sample.dio,279909734035456,7367,3221225664.0
/dev18500/demods/2/sample.dio,279909734093824,7368,1073741824.0
/dev18500/demods/2/sample.dio,279909734152192,7369,0.0
/dev18500/demods/2/sample.dio,279909734210560,7370,0.0
/dev18500/demods/2/sample.dio,279909734268928,7371,3221241856.0
/dev18500/demods/2/sample.dio,279909734327296,7372,3221233856.0
/dev18500/demods/2/sample.dio,279909734385664,7373,1073741824.0
/dev18500/demods/2/sample.dio,279909734444032,7374,0.0
/dev18500/demods/2/sample.dio,279909734502400,7375,0.0
/dev18500/demods/2/sample.dio,279909734560768,7376,3222274240.0
/dev18500/demods/2/sample.dio,279909734619136,7377,3221225664.0
/dev18500/demods/2/sample.dio,279909734677504,7378,1073741824.0
/dev18500/demods/2/sample.dio,279909734735872,7379,0.0
/dev18500/demods/2/sample.dio,279909734794240,7380,1048576.0
/dev18500/demods/2/sample.dio,279909734852608,7381,3222274240.0
/dev18500/demods/2/sample.dio,279909734910976,7382,1073741824.0
/dev18500/demods/2/sample.dio,279909734969344,7383,0.0
/dev18500/demods/2/sample.dio,279909735027712,7384,0.0
/dev18500/demods/2/sample.dio,279909735086080,7385,0.0
/dev18500/demods/2/sample.dio,279909735144448,7386,3221225664.0
/dev18500/demods/2/sample.dio,279909735202816,7387,1073742016.0
/dev18500/demods/2/sample.dio,279909735261184,7388,0.0
/dev18500/demods/2/sample.dio,279909735319552,7389,0.0
/dev18500/demods/2/sample.dio,279909735377920,7390,1074790400.0
/dev18500/demods/2/sample.dio,279909735436288,7391,3221225664.0
/dev18500/demods/2/sample.dio,279909735494656,7392,1073741824.0
/dev18500/demods/2/sample.dio,279909735553024,7393,0.0
/dev18500/demods/2/sample.dio,279909735611392,7394,0.0
/dev18500/demods/2/sample.dio,279909735669760,7395,1074790400.0
/dev18500/demods/2/sample.dio,279909735728128,7396,3221225664.0
/dev18500/demods/2/sample.dio,279909735786496,7397,1073741824.0
/dev18500/demods/2/sample.dio,279909735844864,7398,0.0
/dev18500/demods/2/sample.dio,279909735903232,7399,0.0
/dev18500/demods/2/sample.dio,279909735961600,7400,3222274240.0
/dev18500/demods/2/sample.dio,279909736019968,7401,3221225664.0
/dev18500/demods/2/sample.dio,279909736078336,7402,1073750016.0
/dev18500/demods/2/sample.dio,279909736136704,7403,0.0
/dev18500/demods/2/sample.dio,279909736195072,7404,0.0
/dev18500/demods/2/sample.dio,279909736253440,7405,3222290624.0
/dev18500/demods/2/sample.dio,279909736311808,7406,1073742016.0
/dev18500/demods/2/sample.dio,279909736370176,7407,1073750016.0
/dev18500/demods/2/sample.dio,279909736428544,7408,0.0
/dev18500/demods/2/sample.dio,279909736486912,7409,0.0
/dev18500/demods/2/sample.dio,279909736545280,7410,3221225664.0
/dev18500/demods/2/sample.dio,279909736603648,7411,3221225664.0
/dev18500/demods/2/sample.dio,279909736662016,7412,0.0
/dev18500/demods/2/sample.dio,279909736720384,7413,0.0
/dev18500/demods/2/sample.dio,279909736778752,7414,1048576.0
/dev18500/demods/2/sample.dio,279909736837120,7415,3221225664.0
/dev18500/demods/2/sample.dio,279909736895488,7416,1073750016.0
/dev18500/demods/2/sample.dio,279909736953856,7417,0.0
/dev18500/demods/2/sample.dio,279909737012224,7418,0.0
/dev18500/demods/2/sample.dio,279909737070592,7419,0.0
/dev18500/demods/2/sample.dio,279909737128960,7420,3221233856.0
/dev18500/demods/2/sample.dio,279909737187328,7421,1073742016.0
/dev18500/demods/2/sample.dio,279909737245696,7422,0.0
/dev18500/demods/2/sample.dio,279909737304064,7423,0.0
/dev18500/demods/2/sample.dio,279909737362432,7424,3222290432.0
/dev18500/demods/2/sample.dio,279909737420800,7425,3221225664.0
/dev18500/demods/2/sample.dio,279909737479168,7426,1073741824.0
/dev18500/demods/2/sample.dio,279909737537536,7427,0.0
/dev18500/demods/2/sample.dio,279909737595904,7428,0.0
/dev18500/demods/2/sample.dio,279909737654272,7429,3221241856.0
/dev18500/demods/2/sample.dio,279909737712640,7430,3221233856.0
/dev18500/demods/2/sample.dio,279909737771008,7431,1073741824.0
/dev18500/demods/2/sample.dio,279909737829376,7432,0.0
/dev18500/demods/2/sample.dio,279909737887744,7433,0.0
/dev18500/demods/2/sample.dio,279909737946112,7434,3222274112.0
/dev18500/demods/2/sample.dio,279909738004480,7435,3221233856.0
/dev18500/demods/2/sample.dio,279909738062848,7436,1073741824.0
/dev18500/demods/2/sample.dio,279909738121216,7437,0.0
/dev18500/demods/2/sample.dio,279909738179584,7438,1048576.0
/dev18500/demods/2/sample.dio,279909738237952,7439,3222274240.0
/dev18500/demods/2/sample.dio,279909738296320,7440,1073750016.0
/dev18500/demods/2/sample.dio,279909738354688,7441,1073741824.0
/dev18500/demods/2/sample.dio,279909738413056,7442,0.0
/dev18500/demods/2/sample.dio,279909738471424,7443,1048576.0
/dev18500/demods/2/sample.dio,279909738529792,7444,3221225664.0
/dev18500/demods/2/sample.dio,279909738588160,7445,1073741888.0
/dev18500/demods/2/sample.dio,279909738646528,7446,0.0
/dev18500/demods/2/sample.dio,279909738704896,7447,0.0
/dev18500/demods/2/sample.dio,279909738763264,7448,3222274048.0
/dev18500/demods/2/sample.dio,279909738821632,7449,3222274240.0
/dev18500/demods/2/sample.dio,279909738880000,7450,1073741824.0
/dev18500/demods/2/sample.dio,279909738938368,7451,0.0
/dev18500/demods/2/sample.dio,279909738996736,7452,0.0
/dev18500/demods/2/sample.dio,279909739055104,7453,1048576.0
/dev18500/demods/2/sample.dio,279909739113472,7454,3221225664.0
/dev18500/demods/2/sample.dio,279909739171840,7455,1073741824.0
/dev18500/demods/2/sample.dio,279909739230208,7456,0.0
/dev18500/demods/2/sample.dio,279909739288576,7457,0.0
/dev18500/demods/2/sample.dio,279909739346944,7458,3222274240.0
/dev18500/demods/2/sample.dio,279909739405312,7459,3221225664.0
/dev18500/demods/2/sample.dio,279909739463680,7460,1073741824.0
/dev18500/demods/2/sample.dio,279909739522048,7461,0.0
/dev18500/demods/2/sample.dio,279909739580416,7462,0.0
/dev18500/demods/2/sample.dio,279909739638784,7463,3221225664.0
/dev18500/demods/2/sample.dio,279909739697152,7464,1073742016.0
/dev18500/demods/2/sample.dio,279909739755520,7465,1073741824.0
/dev18500/demods/2/sample.dio,279909739813888,7466,0.0
/dev18500/demods/2/sample.dio,279909739872256,7467,0.0
/dev18500/demods/2/sample.dio,279909739930624,7468,3222274240.0
/dev18500/demods/2/sample.dio,279909739988992,7469,1073742016.0
/dev18500/demods/2/sample.dio,279909740047360,7470,0.0
/dev18500/demods/2/sample.dio,279909740105728,7471,0.0
/dev18500/demods/2/sample.dio,279909740164096,7472,1048576.0
/dev18500/demods/2/sample.dio,279909740222464,7473,3222274240.0
/dev18500/demods/2/sample.dio,279909740280832,7474,1073741824.0
/dev18500/demods/2/sample.dio,279909740339200,7475,0.0
/dev18500/demods/2/sample.dio,279909740397568,7476,0.0
/dev18500/demods/2/sample.dio,279909740455936,7477,1048576.0
/dev18500/demods/2/sample.dio,279909740514304,7478,3221225664.0
/dev18500/demods/2/sample.dio,279909740572672,7479,1073741824.0
/dev18500/demods/2/sample.dio,279909740631040,7480,0.0
/dev18500/demods/2/sample.dio,279909740689408,7481,0.0
/dev18500/demods/2/sample.dio,279909740747776,7482,3222274048.0
/dev18500/demods/2/sample.dio,279909740806144,7483,3221225664.0
/dev18500/demods/2/sample.dio,279909740864512,7484,1073741824.0
/dev18500/demods/2/sample.dio,279909740922880,7485,0.0
/dev18500/demods/2/sample.dio,279909740981248,7486,0.0
/dev18500/demods/2/sample.dio,279909741039616,7487,3222290432.0
/dev18500/demods/2/sample.dio,279909741097984,7488,1073742016.0
/dev18500/demods/2/sample.dio,279909741156352,7489,1073741824.0
/dev18500/demods/2/sample.dio,279909741214720,7490,0.0
/dev18500/demods/2/sample.dio,279909741273088,7491,0.0
/dev18500/demods/2/sample.dio,279909741331456,7492,3221225664.0
/dev18500/demods/2/sample.dio,279909741389824,7493,3221225664.0
/dev18500/demods/2/sample.dio,279909741448192,7494,8192.0
/dev18500/demods/2/sample.dio,279909741506560,7495,0.0
/dev18500/demods/2/sample.dio,279909741564928,7496,1048576.0
/dev18500/demods/2/sample.dio,279909741623296,7497,3222274240.0
/dev18500/demods/2/sample.dio,279909741681664,7498,1073741888.0
/dev18500/demods/2/sample.dio,279909741740032,7499,0.0
/dev18500/demods/2/sample.dio,279909741798400,7500,0.0
/dev18500/demods/2/sample.dio,279909741856768,7501,1048576.0
/dev18500/demods/2/sample.dio,279909741915136,7502,3221225664.0
/dev18500/demods/2/sample.dio,279909741973504,7503,1073741888.0
/dev18500/demods/2/sample.dio,279909742031872,7504,0.0
/dev18500/demods/2/sample.dio,279909742090240,7505,0.0
/dev18500/demods/2/sample.dio,279909742148608,7506,1074790400.0
/dev18500/demods/2/sample.dio,279909742206976,7507,3221242048.0
/dev18500/demods/2/sample.dio,279909742265344,7508,1073741824.0
/dev18500/demods/2/sample.dio,279909742323712,7509,0.0
/dev18500/demods/2/sample.dio,279909742382080,7510,0.0
/dev18500/demods/2/sample.dio,279909742440448,7511,3222274048.0
/dev18500/demods/2/sample.dio,279909742498816,7512,3221225664.0
/dev18500/demods/2/sample.dio,279909742557184,7513,1073741824.0
/dev18500/demods/2/sample.dio,279909742615552,7514,0.0
/dev18500/demods/2/sample.dio,279909742673920,7515,0.0
/dev18500/demods/2/sample.dio,279909742732288,7516,3221225664.0
/dev18500/demods/2/sample.dio,279909742790656,7517,3221225664.0
/dev18500/demods/2/sample.dio,279909742849024,7518,1073741824.0
/dev18500/demods/2/sample.dio,279909742907392,7519,0.0
/dev18500/demods/2/sample.dio,279909742965760,7520,0.0
/dev18500/demods/2/sample.dio,279909743024128,7521,3221225664.0
/dev18500/demods/2/sample.dio,279909743082496,7522,1073750208.0
/dev18500/demods/2/sample.dio,279909743140864,7523,8192.0
/dev18500/demods/2/sample.dio,279909743199232,7524,0.0
/dev18500/demods/2/sample.dio,279909743257600,7525,0.0
/dev18500/demods/2/sample.dio,279909743315968,7526,3222274240.0
/dev18500/demods/2/sample.dio,279909743374336,7527,1073742016.0
/dev18500/demods/2/sample.dio,279909743432704,7528,0.0
/dev18500/demods/2/sample.dio,279909743491072,7529,0.0
/dev18500/demods/2/sample.dio,279909743549440,7530,3222290432.0
/dev18500/demods/2/sample.dio,279909743607808,7531,3222274240.0
/dev18500/demods/2/sample.dio,279909743666176,7532,1073741824.0
/dev18500/demods/2/sample.dio,279909743724544,7533,0.0
/dev18500/demods/2/sample.dio,279909743782912,7534,0.0
/dev18500/demods/2/sample.dio,279909743841280,7535,1048576.0
/dev18500/demods/2/sample.dio,279909743899648,7536,3221225664.0
/dev18500/demods/2/sample.dio,279909743958016,7537,1073741824.0
/dev18500/demods/2/sample.dio,279909744016384,7538,0.0
/dev18500/demods/2/sample.dio,279909744074752,7539,0.0
/dev18500/demods/2/sample.dio,279909744133120,7540,3222274112.0
/dev18500/demods/2/sample.dio,279909744191488,7541,3221225664.0
/dev18500/demods/2/sample.dio,279909744249856,7542,1073750016.0
/dev18500/demods/2/sample.dio,279909744308224,7543,0.0
/dev18500/demods/2/sample.dio,279909744366592,7544,0.0
/dev18500/demods/2/sample.dio,279909744424960,7545,3221225472.0
/dev18500/demods/2/sample.dio,279909744483328,7546,1073742016.0
/dev18500/demods/2/sample.dio,279909744541696,7547,1073741824.0
/dev18500/demods/2/sample.dio,279909744600064,7548,0.0
/dev18500/demods/2/sample.dio,279909744658432,7549,0.0
/dev18500/demods/2/sample.dio,279909744716800,7550,3221225664.0
/dev18500/demods/2/sample.dio,279909744775168,7551,3221225664.0
/dev18500/demods/2/sample.dio,279909744833536,7552,0.0
/dev18500/demods/2/sample.dio,279909744891904,7553,0.0
/dev18500/demods/2/sample.dio,279909744950272,7554,1048576.0
/dev18500/demods/2/sample.dio,279909745008640,7555,3222274240.0
/dev18500/demods/2/sample.dio,279909745067008,7556,1073741888.0
/dev18500/demods/2/sample.dio,279909745125376,7557,8192.0
/dev18500/demods/2/sample.dio,279909745183744,7558,0.0
/dev18500/demods/2/sample.dio,279909745242112,7559,1048576.0
/dev18500/demods/2/sample.dio,279909745300480,7560,3221225664.0
/dev18500/demods/2/sample.dio,279909745358848,7561,1073741888.0
/dev18500/demods/2/sample.dio,279909745417216,7562,0.0
/dev18500/demods/2/sample.dio,279909745475584,7563,0.0
/dev18500/demods/2/sample.dio,279909745533952,7564,3221225472.0
/dev18500/demods/2/sample.dio,279909745592320,7565,3221225664.0
/dev18500/demods/2/sample.dio,279909745650688,7566,1073741824.0
/dev18500/demods/2/sample.dio,279909745709056,7567,0.0
/dev18500/demods/2/sample.dio,279909745767424,7568,0.0
/dev18500/demods/2/sample.dio,279909745825792,7569,3222274048.0
/dev18500/demods/2/sample.dio,279909745884160,7570,3221225664.0
/dev18500/demods/2/sample.dio,279909745942528,7571,1073741824.0
/dev18500/demods/2/sample.dio,279909746000896,7572,0.0
/dev18500/demods/2/sample.dio,279909746059264,7573,0.0
/dev18500/demods/2/sample.dio,279909746117632,7574,3222274240.0
/dev18500/demods/2/sample.dio,279909746176000,7575,3221225664.0
/dev18500/demods/2/sample.dio,279909746234368,7576,1073741824.0
/dev18500/demods/2/sample.dio,279909746292736,7577,0.0
/dev18500/demods/2/sample.dio,279909746351104,7578,0.0
/dev18500/demods/2/sample.dio,279909746409472,7579,3222274240.0
/dev18500/demods/2/sample.dio,279909746467840,7580,1073741888.0
/dev18500/demods/2/sample.dio,279909746526208,7581,1073741824.0
/dev18500/demods/2/sample.dio,279909746584576,7582,0.0
/dev18500/demods/2/sample.dio,279909746642944,7583,0.0
/dev18500/demods/2/sample.dio,279909746701312,7584,3221225664.0
/dev18500/demods/2/sample.dio,279909746759680,7585,1073742016.0
/dev18500/demods/2/sample.dio,279909746818048,7586,0.0
/dev18500/demods/2/sample.dio,279909746876416,7587,0.0
/dev18500/demods/2/sample.dio,279909746934784,7588,3222274048.0
/dev18500/demods/2/sample.dio,279909746993152,7589,3222274240.0
/dev18500/demods/2/sample.dio,279909747051520,7590,1073750016.0
/dev18500/demods/2/sample.dio,279909747109888,7591,0.0
/dev18500/demods/2/sample.dio,279909747168256,7592,0.0
/dev18500/demods/2/sample.dio,279909747226624,7593,1048576.0
/dev18500/demods/2/sample.dio,279909747284992,7594,3221233856.0
/dev18500/demods/2/sample.dio,279909747343360,7595,1073741824.0
/dev18500/demods/2/sample.dio,279909747401728,7596,0.0
/dev18500/demods/2/sample.dio,279909747460096,7597,0.0
/dev18500/demods/2/sample.dio,279909747518464,7598,3222274048.0
/dev18500/demods/2/sample.dio,279909747576832,7599,3221225664.0
/dev18500/demods/2/sample.dio,279909747635200,7600,1073741824.0
/dev18500/demods/2/sample.dio,279909747693568,7601,0.0
/dev18500/demods/2/sample.dio,279909747751936,7602,0.0
/dev18500/demods/2/sample.dio,279909747810304,7603,3222274112.0
/dev18500/demods/2/sample.dio,279909747868672,7604,1073742016.0
/dev18500/demods/2/sample.dio,279909747927040,7605,1073741824.0
/dev18500/demods/2/sample.dio,279909747985408,7606,0.0
/dev18500/demods/2/sample.dio,279909748043776,7607,0.0
/dev18500/demods/2/sample.dio,279909748102144,7608,3221225664.0
/dev18500/demods/2/sample.dio,279909748160512,7609,3221225664.0
/dev18500/demods/2/sample.dio,279909748218880,7610,0.0
/dev18500/demods/2/sample.dio,279909748277248,7611,0.0
/dev18500/demods/2/sample.dio,279909748335616,7612,1048576.0
/dev18500/demods/2/sample.dio,279909748393984,7613,3222274240.0
/dev18500/demods/2/sample.dio,279909748452352,7614,1073750016.0
/dev18500/demods/2/sample.dio,279909748510720,7615,0.0
/dev18500/demods/2/sample.dio,279909748569088,7616,0.0
/dev18500/demods/2/sample.dio,279909748627456,7617,1048576.0
/dev18500/demods/2/sample.dio,279909748685824,7618,3221225664.0
/dev18500/demods/2/sample.dio,279909748744192,7619,1073741824.0
/dev18500/demods/2/sample.dio,279909748802560,7620,0.0
/dev18500/demods/2/sample.dio,279909748860928,7621,0.0
/dev18500/demods/2/sample.dio,279909748919296,7622,3222274112.0
/dev18500/demods/2/sample.dio,279909748977664,7623,3221242048.0
/dev18500/demods/2/sample.dio,279909749036032,7624,1073741824.0
/dev18500/demods/2/sample.dio,279909749094400,7625,0.0
/dev18500/demods/2/sample.dio,279909749152768,7626,0.0
/dev18500/demods/2/sample.dio,279909749211136,7627,3222274048.0
/dev18500/demods/2/sample.dio,279909749269504,7628,3221225664.0
/dev18500/demods/2/sample.dio,279909749327872,7629,1073741824.0
/dev18500/demods/2/sample.dio,279909749386240,7630,0.0
/dev18500/demods/2/sample.dio,279909749444608,7631,0.0
/dev18500/demods/2/sample.dio,279909749502976,7632,3222274240.0
/dev18500/demods/2/sample.dio,279909749561344,7633,3221225664.0
/dev18500/demods/2/sample.dio,279909749619712,7634,0.0
/dev18500/demods/2/sample.dio,279909749678080,7635,0.0
/dev18500/demods/2/sample.dio,279909749736448,7636,0.0
/dev18500/demods/2/sample.dio,279909749794816,7637,3222274240.0
/dev18500/demods/2/sample.dio,279909749853184,7638,1073741888.0
/dev18500/demods/2/sample.dio,279909749911552,7639,0.0
/dev18500/demods/2/sample.dio,279909749969920,7640,0.0
/dev18500/demods/2/sample.dio,279909750028288,7641,1048576.0
/dev18500/demods/2/sample.dio,279909750086656,7642,3221225664.0
/dev18500/demods/2/sample.dio,279909750145024,7643,1073742016.0
/dev18500/demods/2/sample.dio,279909750203392,7644,0.0
/dev18500/demods/2/sample.dio,279909750261760,7645,0.0
/dev18500/demods/2/sample.dio,279909750320128,7646,3222274048.0
/dev18500/demods/2/sample.dio,279909750378496,7647,3221225664.0
/dev18500/demods/2/sample.dio,279909750436864,7648,1073741824.0
/dev18500/demods/2/sample.dio,279909750495232,7649,0.0
/dev18500/demods/2/sample.dio,279909750553600,7650,0.0
/dev18500/demods/2/sample.dio,279909750611968,7651,1048576.0
/dev18500/demods/2/sample.dio,279909750670336,7652,3221225664.0
/dev18500/demods/2/sample.dio,279909750728704,7653,1073741824.0
/dev18500/demods/2/sample.dio,279909750787072,7654,0.0
/dev18500/demods/2/sample.dio,279909750845440,7655,0.0
/dev18500/demods/2/sample.dio,279909750903808,7656,3222274240.0
/dev18500/demods/2/sample.dio,279909750962176,7657,3221225664.0
/dev18500/demods/2/sample.dio,279909751020544,7658,1073741824.0
/dev18500/demods/2/sample.dio,279909751078912,7659,0.0
/dev18500/demods/2/sample.dio,279909751137280,7660,0.0
/dev18500/demods/2/sample.dio,279909751195648,7661,3222274112.0
/dev18500/demods/2/sample.dio,279909751254016,7662,1073742016.0
/dev18500/demods/2/sample.dio,279909751312384,7663,1073741824.0
/dev18500/demods/2/sample.dio,279909751370752,7664,0.0
/dev18500/demods/2/sample.dio,279909751429120,7665,0.0
/dev18500/demods/2/sample.dio,279909751487488,7666,3221225664.0
/dev18500/demods/2/sample.dio,279909751545856,7667,1073742016.0
/dev18500/demods/2/sample.dio,279909751604224,7668,0.0
/dev18500/demods/2/sample.dio,279909751662592,7669,0.0
/dev18500/demods/2/sample.dio,279909751720960,7670,1048576.0
/dev18500/demods/2/sample.dio,279909751779328,7671,3222274240.0
/dev18500/demods/2/sample.dio,279909751837696,7672,1073741824.0
/dev18500/demods/2/sample.dio,279909751896064,7673,0.0
/dev18500/demods/2/sample.dio,279909751954432,7674,0.0
/dev18500/demods/2/sample.dio,279909752012800,7675,0.0
/dev18500/demods/2/sample.dio,279909752071168,7676,3221225664.0
/dev18500/demods/2/sample.dio,279909752129536,7677,1073741888.0
/dev18500/demods/2/sample.dio,279909752187904,7678,0.0
/dev18500/demods/2/sample.dio,279909752246272,7679,0.0
/dev18500/demods/2/sample.dio,279909752304640,7680,3222274048.0
/dev18500/demods/2/sample.dio,279909752363008,7681,3221225664.0
/dev18500/demods/2/sample.dio,279909752421376,7682,1073741824.0
/dev18500/demods/2/sample.dio,279909752479744,7683,0.0
/dev18500/demods/2/sample.dio,279909752538112,7684,0.0
/dev18500/demods/2/sample.dio,279909752596480,7685,3222274048.0
/dev18500/demods/2/sample.dio,279909752654848,7686,3221225664.0
/dev18500/demods/2/sample.dio,279909752713216,7687,1073741824.0
/dev18500/demods/2/sample.dio,279909752771584,7688,0.0
/dev18500/demods/2/sample.dio,279909752829952,7689,0.0
/dev18500/demods/2/sample.dio,279909752888320,7690,3222274240.0
/dev18500/demods/2/sample.dio,279909752946688,7691,3221225664.0
/dev18500/demods/2/sample.dio,279909753005056,7692,0.0
/dev18500/demods/2/sample.dio,279909753063424,7693,0.0
/dev18500/demods/2/sample.dio,279909753121792,7694,1048576.0
/dev18500/demods/2/sample.dio,279909753180160,7695,3222274240.0
/dev18500/demods/2/sample.dio,279909753238528,7696,1073741824.0
/dev18500/demods/2/sample.dio,279909753296896,7697,0.0
/dev18500/demods/2/sample.dio,279909753355264,7698,0.0
/dev18500/demods/2/sample.dio,279909753413632,7699,0.0
/dev18500/demods/2/sample.dio,279909753472000,7700,3221225664.0
/dev18500/demods/2/sample.dio,279909753530368,7701,1073742016.0
/dev18500/demods/2/sample.dio,279909753588736,7702,0.0
/dev18500/demods/2/sample.dio,279909753647104,7703,0.0
/dev18500/demods/2/sample.dio,279909753705472,7704,3222274048.0
/dev18500/demods/2/sample.dio,279909753763840,7705,3222274240.0
/dev18500/demods/2/sample.dio,279909753822208,7706,1073741824.0
/dev18500/demods/2/sample.dio,279909753880576,7707,0.0
/dev18500/demods/2/sample.dio,279909753938944,7708,0.0
/dev18500/demods/2/sample.dio,279909753997312,7709,1074790400.0
/dev18500/demods/2/sample.dio,279909754055680,7710,3221225664.0
/dev18500/demods/2/sample.dio,279909754114048,7711,1073741824.0
/dev18500/demods/2/sample.dio,279909754172416,7712,0.0
/dev18500/demods/2/sample.dio,279909754230784,7713,0.0
/dev18500/demods/2/sample.dio,279909754289152,7714,3222274240.0
/dev18500/demods/2/sample.dio,279909754347520,7715,3221225664.0
/dev18500/demods/2/sample.dio,279909754405888,7716,1073741824.0
/dev18500/demods/2/sample.dio,279909754464256,7717,0.0
/dev18500/demods/2/sample.dio,279909754522624,7718,0.0
/dev18500/demods/2/sample.dio,279909754580992,7719,3222274048.0
/dev18500/demods/2/sample.dio,279909754639360,7720,1073750208.0
/dev18500/demods/2/sample.dio,279909754697728,7721,1073741824.0
/dev18500/demods/2/sample.dio,279909754756096,7722,0.0
/dev18500/demods/2/sample.dio,279909754814464,7723,0.0
/dev18500/demods/2/sample.dio,279909754872832,7724,3222274240.0
/dev18500/demods/2/sample.dio,279909754931200,7725,1073742016.0
/dev18500/demods/2/sample.dio,279909754989568,7726,0.0
/dev18500/demods/2/sample.dio,279909755047936,7727,0.0
/dev18500/demods/2/sample.dio,279909755106304,7728,0.0
/dev18500/demods/2/sample.dio,279909755164672,7729,3221242048.0
/dev18500/demods/2/sample.dio,279909755223040,7730,1073741824.0
/dev18500/demods/2/sample.dio,279909755281408,7731,0.0
/dev18500/demods/2/sample.dio,279909755339776,7732,0.0
/dev18500/demods/2/sample.dio,279909755398144,7733,16384.0
/dev18500/demods/2/sample.dio,279909755456512,7734,3221225664.0
/dev18500/demods/2/sample.dio,279909755514880,7735,1073741824.0
/dev18500/demods/2/sample.dio,279909755573248,7736,0.0
/dev18500/demods/2/sample.dio,279909755631616,7737,0.0
/dev18500/demods/2/sample.dio,279909755689984,7738,3222274112.0
/dev18500/demods/2/sample.dio,279909755748352,7739,3221225664.0
/dev18500/demods/2/sample.dio,279909755806720,7740,1073741824.0
/dev18500/demods/2/sample.dio,279909755865088,7741,0.0
/dev18500/demods/2/sample.dio,279909755923456,7742,0.0
/dev18500/demods/2/sample.dio,279909755981824,7743,1074790400.0
/dev18500/demods/2/sample.dio,279909756040192,7744,3221225664.0
/dev18500/demods/2/sample.dio,279909756098560,7745,1073741824.0
/dev18500/demods/2/sample.dio,279909756156928,7746,0.0
/dev18500/demods/2/sample.dio,279909756215296,7747,0.0
/dev18500/demods/2/sample.dio,279909756273664,7748,3222274240.0
/dev18500/demods/2/sample.dio,279909756332032,7749,3221225664.0
/dev18500/demods/2/sample.dio,279909756390400,7750,0.0
/dev18500/demods/2/sample.dio,279909756448768,7751,0.0
/dev18500/demods/2/sample.dio,279909756507136,7752,0.0
/dev18500/demods/2/sample.dio,279909756565504,7753,3222274240.0
/dev18500/demods/2/sample.dio,279909756623872,7754,1073741888.0
/dev18500/demods/2/sample.dio,279909756682240,7755,1073741824.0
/dev18500/demods/2/sample.dio,279909756740608,7756,0.0
/dev18500/demods/2/sample.dio,279909756798976,7757,1048576.0
/dev18500/demods/2/sample.dio,279909756857344,7758,3221225664.0
/dev18500/demods/2/sample.dio,279909756915712,7759,1073742016.0
/dev18500/demods/2/sample.dio,279909756974080,7760,0.0
/dev18500/demods/2/sample.dio,279909757032448,7761,0.0
/dev18500/demods/2/sample.dio,279909757090816,7762,3222290432.0
/dev18500/demods/2/sample.dio,279909757149184,7763,3222274240.0
/dev18500/demods/2/sample.dio,279909757207552,7764,1073741824.0
/dev18500/demods/2/sample.dio,279909757265920,7765,0.0
/dev18500/demods/2/sample.dio,279909757324288,7766,0.0
/dev18500/demods/2/sample.dio,279909757382656,7767,3222274048.0
/dev18500/demods/2/sample.dio,279909757441024,7768,3221225664.0
/dev18500/demods/2/sample.dio,279909757499392,7769,1073750016.0
/dev18500/demods/2/sample.dio,279909757557760,7770,0.0
/dev18500/demods/2/sample.dio,279909757616128,7771,0.0
/dev18500/demods/2/sample.dio,279909757674496,7772,3222274048.0
/dev18500/demods/2/sample.dio,279909757732864,7773,3221233856.0
/dev18500/demods/2/sample.dio,279909757791232,7774,1073741824.0
/dev18500/demods/2/sample.dio,279909757849600,7775,0.0
/dev18500/demods/2/sample.dio,279909757907968,7776,0.0
/dev18500/demods/2/sample.dio,279909757966336,7777,3222274048.0
/dev18500/demods/2/sample.dio,279909758024704,7778,1073742016.0
/dev18500/demods/2/sample.dio,279909758083072,7779,1073741824.0
/dev18500/demods/2/sample.dio,279909758141440,7780,0.0
/dev18500/demods/2/sample.dio,279909758199808,7781,0.0
/dev18500/demods/2/sample.dio,279909758258176,7782,3221225664.0
/dev18500/demods/2/sample.dio,279909758316544,7783,1073742016.0
/dev18500/demods/2/sample.dio,279909758374912,7784,8192.0
/dev18500/demods/2/sample.dio,279909758433280,7785,0.0
/dev18500/demods/2/sample.dio,279909758491648,7786,16384.0
/dev18500/demods/2/sample.dio,279909758550016,7787,3221225664.0
/dev18500/demods/2/sample.dio,279909758608384,7788,1073741888.0
/dev18500/demods/2/sample.dio,279909758666752,7789,0.0
/dev18500/demods/2/sample.dio,279909758725120,7790,0.0
/dev18500/demods/2/sample.dio,279909758783488,7791,1048576.0
/dev18500/demods/2/sample.dio,279909758841856,7792,3221225664.0
/dev18500/demods/2/sample.dio,279909758900224,7793,1073750016.0
/dev18500/demods/2/sample.dio,279909758958592,7794,0.0
/dev18500/demods/2/sample.dio,279909759016960,7795,0.0
/dev18500/demods/2/sample.dio,279909759075328,7796,3222274048.0
/dev18500/demods/2/sample.dio,279909759133696,7797,3221225664.0
/dev18500/demods/2/sample.dio,279909759192064,7798,1073741824.0
/dev18500/demods/2/sample.dio,279909759250432,7799,0.0
/dev18500/demods/2/sample.dio,279909759308800,7800,0.0
/dev18500/demods/2/sample.dio,279909759367168,7801,3222290432.0
/dev18500/demods/2/sample.dio,279909759425536,7802,3221225664.0
/dev18500/demods/2/sample.dio,279909759483904,7803,1073741824.0
/dev18500/demods/2/sample.dio,279909759542272,7804,0.0
/dev18500/demods/2/sample.dio,279909759600640,7805,0.0
/dev18500/demods/2/sample.dio,279909759659008,7806,3222274240.0
/dev18500/demods/2/sample.dio,279909759717376,7807,3221225664.0
/dev18500/demods/2/sample.dio,279909759775744,7808,0.0
/dev18500/demods/2/sample.dio,279909759834112,7809,0.0
/dev18500/demods/2/sample.dio,279909759892480,7810,1048576.0
/dev18500/demods/2/sample.dio,279909759950848,7811,3222274112.0
/dev18500/demods/2/sample.dio,279909760009216,7812,1073741888.0
/dev18500/demods/2/sample.dio,279909760067584,7813,1073741824.0
/dev18500/demods/2/sample.dio,279909760125952,7814,0.0
/dev18500/demods/2/sample.dio,279909760184320,7815,0.0
/dev18500/demods/2/sample.dio,279909760242688,7816,3221225664.0
/dev18500/demods/2/sample.dio,279909760301056,7817,1073742016.0
/dev18500/demods/2/sample.dio,279909760359424,7818,0.0
/dev18500/demods/2/sample.dio,279909760417792,7819,0.0
/dev18500/demods/2/sample.dio,279909760476160,7820,1048576.0
/dev18500/demods/2/sample.dio,279909760534528,7821,3221225664.0
/dev18500/demods/2/sample.dio,279909760592896,7822,1073750016.0
/dev18500/demods/2/sample.dio,279909760651264,7823,0.0
/dev18500/demods/2/sample.dio,279909760709632,7824,0.0
/dev18500/demods/2/sample.dio,279909760768000,7825,1074790400.0
/dev18500/demods/2/sample.dio,279909760826368,7826,3221225664.0
/dev18500/demods/2/sample.dio,279909760884736,7827,1073741824.0
/dev18500/demods/2/sample.dio,279909760943104,7828,0.0
/dev18500/demods/2/sample.dio,279909761001472,7829,0.0
/dev18500/demods/2/sample.dio,279909761059840,7830,3222274112.0
/dev18500/demods/2/sample.dio,279909761118208,7831,3221225664.0
/dev18500/demods/2/sample.dio,279909761176576,7832,1073741824.0
/dev18500/demods/2/sample.dio,279909761234944,7833,0.0
/dev18500/demods/2/sample.dio,279909761293312,7834,1048576.0
/dev18500/demods/2/sample.dio,279909761351680,7835,3222274112.0
/dev18500/demods/2/sample.dio,279909761410048,7836,3221225664.0
/dev18500/demods/2/sample.dio,279909761468416,7837,1073750016.0
/dev18500/demods/2/sample.dio,279909761526784,7838,0.0
/dev18500/demods/2/sample.dio,279909761585152,7839,0.0
/dev18500/demods/2/sample.dio,279909761643520,7840,3222274240.0
/dev18500/demods/2/sample.dio,279909761701888,7841,3221225664.0
/dev18500/demods/2/sample.dio,279909761760256,7842,0.0
/dev18500/demods/2/sample.dio,279909761818624,7843,0.0
/dev18500/demods/2/sample.dio,279909761876992,7844,1048576.0
/dev18500/demods/2/sample.dio,279909761935360,7845,3221242048.0
/dev18500/demods/2/sample.dio,279909761993728,7846,1073741824.0
/dev18500/demods/2/sample.dio,279909762052096,7847,1073741824.0
/dev18500/demods/2/sample.dio,279909762110464,7848,0.0
/dev18500/demods/2/sample.dio,279909762168832,7849,1048576.0
/dev18500/demods/2/sample.dio,279909762227200,7850,3221225664.0
/dev18500/demods/2/sample.dio,279909762285568,7851,1073741824.0
/dev18500/demods/2/sample.dio,279909762343936,7852,0.0
/dev18500/demods/2/sample.dio,279909762402304,7853,0.0
/dev18500/demods/2/sample.dio,279909762460672,7854,3221225472.0
/dev18500/demods/2/sample.dio,279909762519040,7855,3221225664.0
/dev18500/demods/2/sample.dio,279909762577408,7856,1073741824.0
/dev18500/demods/2/sample.dio,279909762635776,7857,0.0
/dev18500/demods/2/sample.dio,279909762694144,7858,0.0
/dev18500/demods/2/sample.dio,279909762752512,7859,3222274048.0
/dev18500/demods/2/sample.dio,279909762810880,7860,3221225664.0
/dev18500/demods/2/sample.dio,279909762869248,7861,1073741824.0
/dev18500/demods/2/sample.dio,279909762927616,7862,0.0
/dev18500/demods/2/sample.dio,279909762985984,7863,0.0
/dev18500/demods/2/sample.dio,279909763044352,7864,3222274240.0
/dev18500/demods/2/sample.dio,279909763102720,7865,3221233856.0
/dev18500/demods/2/sample.dio,279909763161088,7866,0.0
/dev18500/demods/2/sample.dio,279909763219456,7867,0.0
/dev18500/demods/2/sample.dio,279909763277824,7868,1048576.0
/dev18500/demods/2/sample.dio,279909763336192,7869,3222274240.0
/dev18500/demods/2/sample.dio,279909763394560,7870,1073742016.0
/dev18500/demods/2/sample.dio,279909763452928,7871,0.0
/dev18500/demods/2/sample.dio,279909763511296,7872,0.0
/dev18500/demods/2/sample.dio,279909763569664,7873,1048576.0
/dev18500/demods/2/sample.dio,279909763628032,7874,3221225664.0
/dev18500/demods/2/sample.dio,279909763686400,7875,1073742016.0
/dev18500/demods/2/sample.dio,279909763744768,7876,0.0
/dev18500/demods/2/sample.dio,279909763803136,7877,0.0
/dev18500/demods/2/sample.dio,279909763861504,7878,3222274048.0
/dev18500/demods/2/sample.dio,279909763919872,7879,3222274240.0
/dev18500/demods/2/sample.dio,279909763978240,7880,1073741824.0
/dev18500/demods/2/sample.dio,279909764036608,7881,0.0
/dev18500/demods/2/sample.dio,279909764094976,7882,0.0
/dev18500/demods/2/sample.dio,279909764153344,7883,3222274048.0
/dev18500/demods/2/sample.dio,279909764211712,7884,3221225664.0
/dev18500/demods/2/sample.dio,279909764270080,7885,1073750016.0
/dev18500/demods/2/sample.dio,279909764328448,7886,0.0
/dev18500/demods/2/sample.dio,279909764386816,7887,0.0
/dev18500/demods/2/sample.dio,279909764445184,7888,3221225664.0
/dev18500/demods/2/sample.dio,279909764503552,7889,3221225664.0
/dev18500/demods/2/sample.dio,279909764561920,7890,1073741824.0
/dev18500/demods/2/sample.dio,279909764620288,7891,0.0
/dev18500/demods/2/sample.dio,279909764678656,7892,0.0
/dev18500/demods/2/sample.dio,279909764737024,7893,3221225664.0
/dev18500/demods/2/sample.dio,279909764795392,7894,3221225664.0
/dev18500/demods/2/sample.dio,279909764853760,7895,1073741824.0
/dev18500/demods/2/sample.dio,279909764912128,7896,0.0
/dev18500/demods/2/sample.dio,279909764970496,7897,0.0
/dev18500/demods/2/sample.dio,279909765028864,7898,3222274240.0
/dev18500/demods/2/sample.dio,279909765087232,7899,1073742016.0
/dev18500/demods/2/sample.dio,279909765145600,7900,0.0
/dev18500/demods/2/sample.dio,279909765203968,7901,0.0
/dev18500/demods/2/sample.dio,279909765262336,7902,0.0
/dev18500/demods/2/sample.dio,279909765320704,7903,3222274240.0
/dev18500/demods/2/sample.dio,279909765379072,7904,1073741824.0
/dev18500/demods/2/sample.dio,279909765437440,7905,0.0
/dev18500/demods/2/sample.dio,279909765495808,7906,0.0
/dev18500/demods/2/sample.dio,279909765554176,7907,1048576.0
/dev18500/demods/2/sample.dio,279909765612544,7908,3221225664.0
/dev18500/demods/2/sample.dio,279909765670912,7909,1073750080.0
/dev18500/demods/2/sample.dio,279909765729280,7910,0.0
/dev18500/demods/2/sample.dio,279909765787648,7911,0.0
/dev18500/demods/2/sample.dio,279909765846016,7912,3221225536.0
/dev18500/demods/2/sample.dio,279909765904384,7913,3221225664.0
/dev18500/demods/2/sample.dio,279909765962752,7914,1073741824.0
/dev18500/demods/2/sample.dio,279909766021120,7915,0.0
/dev18500/demods/2/sample.dio,279909766079488,7916,0.0
/dev18500/demods/2/sample.dio,279909766137856,7917,1048576.0
/dev18500/demods/2/sample.dio,279909766196224,7918,3221225664.0
/dev18500/demods/2/sample.dio,279909766254592,7919,1073741824.0
/dev18500/demods/2/sample.dio,279909766312960,7920,0.0
/dev18500/demods/2/sample.dio,279909766371328,7921,0.0
/dev18500/demods/2/sample.dio,279909766429696,7922,3222290624.0
/dev18500/demods/2/sample.dio,279909766488064,7923,3221233856.0
/dev18500/demods/2/sample.dio,279909766546432,7924,0.0
/dev18500/demods/2/sample.dio,279909766604800,7925,0.0
/dev18500/demods/2/sample.dio,279909766663168,7926,0.0
/dev18500/demods/2/sample.dio,279909766721536,7927,3222274240.0
/dev18500/demods/2/sample.dio,279909766779904,7928,1073742016.0
/dev18500/demods/2/sample.dio,279909766838272,7929,0.0
/dev18500/demods/2/sample.dio,279909766896640,7930,0.0
/dev18500/demods/2/sample.dio,279909766955008,7931,0.0
/dev18500/demods/2/sample.dio,279909767013376,7932,3221225664.0
/dev18500/demods/2/sample.dio,279909767071744,7933,1073741888.0
/dev18500/demods/2/sample.dio,279909767130112,7934,0.0
/dev18500/demods/2/sample.dio,279909767188480,7935,0.0
/dev18500/demods/2/sample.dio,279909767246848,7936,3222274048.0
/dev18500/demods/2/sample.dio,279909767305216,7937,3222274240.0
/dev18500/demods/2/sample.dio,279909767363584,7938,1073741824.0
/dev18500/demods/2/sample.dio,279909767421952,7939,0.0
/dev18500/demods/2/sample.dio,279909767480320,7940,0.0
/dev18500/demods/2/sample.dio,279909767538688,7941,1048576.0
/dev18500/demods/2/sample.dio,279909767597056,7942,3221225664.0
/dev18500/demods/2/sample.dio,279909767655424,7943,1073741824.0
/dev18500/demods/2/sample.dio,279909767713792,7944,0.0
/dev18500/demods/2/sample.dio,279909767772160,7945,0.0
/dev18500/demods/2/sample.dio,279909767830528,7946,3222274240.0
/dev18500/demods/2/sample.dio,279909767888896,7947,3221225664.0
/dev18500/demods/2/sample.dio,279909767947264,7948,1073741824.0
/dev18500/demods/2/sample.dio,279909768005632,7949,0.0
/dev18500/demods/2/sample.dio,279909768064000,7950,0.0
/dev18500/demods/2/sample.dio,279909768122368,7951,3222274112.0
/dev18500/demods/2/sample.dio,279909768180736,7952,1073741888.0
/dev18500/demods/2/sample.dio,279909768239104,7953,1073741824.0
/dev18500/demods/2/sample.dio,279909768297472,7954,0.0
/dev18500/demods/2/sample.dio,279909768355840,7955,0.0
/dev18500/demods/2/sample.dio,279909768414208,7956,3222274240.0
/dev18500/demods/2/sample.dio,279909768472576,7957,3221225664.0
/dev18500/demods/2/sample.dio,279909768530944,7958,0.0
/dev18500/demods/2/sample.dio,279909768589312,7959,0.0
/dev18500/demods/2/sample.dio,279909768647680,7960,1048576.0
/dev18500/demods/2/sample.dio,279909768706048,7961,3221225664.0
/dev18500/demods/2/sample.dio,279909768764416,7962,1073741824.0
/dev18500/demods/2/sample.dio,279909768822784,7963,0.0
/dev18500/demods/2/sample.dio,279909768881152,7964,0.0
/dev18500/demods/2/sample.dio,279909768939520,7965,1048576.0
/dev18500/demods/2/sample.dio,279909768997888,7966,3221225664.0
/dev18500/demods/2/sample.dio,279909769056256,7967,1073741824.0
/dev18500/demods/2/sample.dio,279909769114624,7968,0.0
/dev18500/demods/2/sample.dio,279909769172992,7969,0.0
/dev18500/demods/2/sample.dio,279909769231360,7970,3221225536.0
/dev18500/demods/2/sample.dio,279909769289728,7971,3221225664.0
/dev18500/demods/2/sample.dio,279909769348096,7972,1073741824.0
/dev18500/demods/2/sample.dio,279909769406464,7973,0.0
/dev18500/demods/2/sample.dio,279909769464832,7974,1048576.0
/dev18500/demods/2/sample.dio,279909769523200,7975,3221225536.0
/dev18500/demods/2/sample.dio,279909769581568,7976,1073742016.0
/dev18500/demods/2/sample.dio,279909769639936,7977,1073741824.0
/dev18500/demods/2/sample.dio,279909769698304,7978,0.0
/dev18500/demods/2/sample.dio,279909769756672,7979,0.0
/dev18500/demods/2/sample.dio,279909769815040,7980,3222274240.0
/dev18500/demods/2/sample.dio,279909769873408,7981,3221225664.0
/dev18500/demods/2/sample.dio,279909769931776,7982,0.0
/dev18500/demods/2/sample.dio,279909769990144,7983,0.0
/dev18500/demods/2/sample.dio,279909770048512,7984,0.0
/dev18500/demods/2/sample.dio,279909770106880,7985,3222274240.0
/dev18500/demods/2/sample.dio,279909770165248,7986,1073741888.0
/dev18500/demods/2/sample.dio,279909770223616,7987,0.0
/dev18500/demods/2/sample.dio,279909770281984,7988,0.0
/dev18500/demods/2/sample.dio,279909770340352,7989,1048576.0
/dev18500/demods/2/sample.dio,279909770398720,7990,3221225664.0
/dev18500/demods/2/sample.dio,279909770457088,7991,1073742016.0
/dev18500/demods/2/sample.dio,279909770515456,7992,0.0
/dev18500/demods/2/sample.dio,279909770573824,7993,0.0
/dev18500/demods/2/sample.dio,279909770632192,7994,3222274048.0
/dev18500/demods/2/sample.dio,279909770690560,7995,3221225664.0
/dev18500/demods/2/sample.dio,279909770748928,7996,1073741824.0
/dev18500/demods/2/sample.dio,279909770807296,7997,0.0
/dev18500/demods/2/sample.dio,279909770865664,7998,0.0
/dev18500/demods/2/sample.dio,279909770924032,7999,3221225472.0
/dev18500/demods/2/sample.dio,279909770982400,8000,3221225664.0
/dev18500/demods/2/sample.dio,279909771040768,8001,1073741824.0
/dev18500/demods/2/sample.dio,279909771099136,8002,0.0
/dev18500/demods/2/sample.dio,279909771157504,8003,0.0
/dev18500/demods/2/sample.dio,279909771215872,8004,3222274240.0
/dev18500/demods/2/sample.dio,279909771274240,8005,3221225664.0
/dev18500/demods/2/sample.dio,279909771332608,8006,1073741824.0
/dev18500/demods/2/sample.dio,279909771390976,8007,0.0
/dev18500/demods/2/sample.dio,279909771449344,8008,1048576.0
/dev18500/demods/2/sample.dio,279909771507712,8009,3222274240.0
/dev18500/demods/2/sample.dio,279909771566080,8010,1073742016.0
/dev18500/demods/2/sample.dio,279909771624448,8011,1073750016.0
/dev18500/demods/2/sample.dio,279909771682816,8012,0.0
/dev18500/demods/2/sample.dio,279909771741184,8013,1048576.0
/dev18500/demods/2/sample.dio,279909771799552,8014,3221225664.0
/dev18500/demods/2/sample.dio,279909771857920,8015,3221225664.0
/dev18500/demods/2/sample.dio,279909771916288,8016,0.0
/dev18500/demods/2/sample.dio,279909771974656,8017,0.0
/dev18500/demods/2/sample.dio,279909772033024,8018,1074790400.0
/dev18500/demods/2/sample.dio,279909772091392,8019,3222274240.0
/dev18500/demods/2/sample.dio,279909772149760,8020,1073741824.0
/dev18500/demods/2/sample.dio,279909772208128,8021,0.0
/dev18500/demods/2/sample.dio,279909772266496,8022,0.0
/dev18500/demods/2/sample.dio,279909772324864,8023,1074790400.0
/dev18500/demods/2/sample.dio,279909772383232,8024,3221225664.0
/dev18500/demods/2/sample.dio,279909772441600,8025,1073741824.0
/dev18500/demods/2/sample.dio,279909772499968,8026,0.0
/dev18500/demods/2/sample.dio,279909772558336,8027,0.0
/dev18500/demods/2/sample.dio,279909772616704,8028,3221241920.0
/dev18500/demods/2/sample.dio,279909772675072,8029,3221233856.0
/dev18500/demods/2/sample.dio,279909772733440,8030,1073741824.0
/dev18500/demods/2/sample.dio,279909772791808,8031,0.0
/dev18500/demods/2/sample.dio,279909772850176,8032,0.0
/dev18500/demods/2/sample.dio,279909772908544,8033,3221225536.0
/dev18500/demods/2/sample.dio,279909772966912,8034,1073742016.0
/dev18500/demods/2/sample.dio,279909773025280,8035,1073741824.0
/dev18500/demods/2/sample.dio,279909773083648,8036,0.0
/dev18500/demods/2/sample.dio,279909773142016,8037,0.0
/dev18500/demods/2/sample.dio,279909773200384,8038,3222274240.0
/dev18500/demods/2/sample.dio,279909773258752,8039,3221225664.0
/dev18500/demods/2/sample.dio,279909773317120,8040,0.0
/dev18500/demods/2/sample.dio,279909773375488,8041,0.0
/dev18500/demods/2/sample.dio,279909773433856,8042,1048576.0
/dev18500/demods/2/sample.dio,279909773492224,8043,3222274240.0
/dev18500/demods/2/sample.dio,279909773550592,8044,1073750016.0
/dev18500/demods/2/sample.dio,279909773608960,8045,0.0
/dev18500/demods/2/sample.dio,279909773667328,8046,0.0
/dev18500/demods/2/sample.dio,279909773725696,8047,1048576.0
/dev18500/demods/2/sample.dio,279909773784064,8048,3221225664.0
/dev18500/demods/2/sample.dio,279909773842432,8049,1073741824.0
/dev18500/demods/2/sample.dio,279909773900800,8050,0.0
/dev18500/demods/2/sample.dio,279909773959168,8051,0.0
/dev18500/demods/2/sample.dio,279909774017536,8052,3222274112.0
/dev18500/demods/2/sample.dio,279909774075904,8053,3221225664.0
/dev18500/demods/2/sample.dio,279909774134272,8054,1073741824.0
/dev18500/demods/2/sample.dio,279909774192640,8055,0.0
/dev18500/demods/2/sample.dio,279909774251008,8056,0.0
/dev18500/demods/2/sample.dio,279909774309376,8057,1074806784.0
/dev18500/demods/2/sample.dio,279909774367744,8058,3221225664.0
/dev18500/demods/2/sample.dio,279909774426112,8059,1073741824.0
/dev18500/demods/2/sample.dio,279909774484480,8060,0.0
/dev18500/demods/2/sample.dio,279909774542848,8061,0.0
/dev18500/demods/2/sample.dio,279909774601216,8062,3222274240.0
/dev18500/demods/2/sample.dio,279909774659584,8063,3221225664.0
/dev18500/demods/2/sample.dio,279909774717952,8064,1073741824.0
/dev18500/demods/2/sample.dio,279909774776320,8065,0.0
/dev18500/demods/2/sample.dio,279909774834688,8066,0.0
/dev18500/demods/2/sample.dio,279909774893056,8067,3222274240.0
/dev18500/demods/2/sample.dio,279909774951424,8068,1073741888.0
/dev18500/demods/2/sample.dio,279909775009792,8069,0.0
/dev18500/demods/2/sample.dio,279909775068160,8070,0.0
/dev18500/demods/2/sample.dio,279909775126528,8071,1048576.0
/dev18500/demods/2/sample.dio,279909775184896,8072,3221225664.0
/dev18500/demods/2/sample.dio,279909775243264,8073,3221225664.0
/dev18500/demods/2/sample.dio,279909775301632,8074,0.0
/dev18500/demods/2/sample.dio,279909775360000,8075,0.0
/dev18500/demods/2/sample.dio,279909775418368,8076,1074790400.0
/dev18500/demods/2/sample.dio,279909775476736,8077,3222290624.0
/dev18500/demods/2/sample.dio,279909775535104,8078,1073741824.0
/dev18500/demods/2/sample.dio,279909775593472,8079,0.0
/dev18500/demods/2/sample.dio,279909775651840,8080,0.0
/dev18500/demods/2/sample.dio,279909775710208,8081,3222274048.0
/dev18500/demods/2/sample.dio,279909775768576,8082,3221225664.0
/dev18500/demods/2/sample.dio,279909775826944,8083,1073750016.0
/dev18500/demods/2/sample.dio,279909775885312,8084,0.0
/dev18500/demods/2/sample.dio,279909775943680,8085,0.0
/dev18500/demods/2/sample.dio,279909776002048,8086,3221225664.0
/dev18500/demods/2/sample.dio,279909776060416,8087,3221225664.0
/dev18500/demods/2/sample.dio,279909776118784,8088,1073741824.0
/dev18500/demods/2/sample.dio,279909776177152,8089,0.0
/dev18500/demods/2/sample.dio,279909776235520,8090,0.0
/dev18500/demods/2/sample.dio,279909776293888,8091,3222290496.0
/dev18500/demods/2/sample.dio,279909776352256,8092,1073742016.0
/dev18500/demods/2/sample.dio,279909776410624,8093,1073750016.0
/dev18500/demods/2/sample.dio,279909776468992,8094,0.0
/dev18500/demods/2/sample.dio,279909776527360,8095,0.0
/dev18500/demods/2/sample.dio,279909776585728,8096,3222274240.0
/dev18500/demods/2/sample.dio,279909776644096,8097,1073742016.0
/dev18500/demods/2/sample.dio,279909776702464,8098,0.0
/dev18500/demods/2/sample.dio,279909776760832,8099,0.0
/dev18500/demods/2/sample.dio,279909776819200,8100,1048576.0
/dev18500/demods/2/sample.dio,279909776877568,8101,3222274240.0
/dev18500/demods/2/sample.dio,279909776935936,8102,1073741888.0
/dev18500/demods/2/sample.dio,279909776994304,8103,0.0
/dev18500/demods/2/sample.dio,279909777052672,8104,0.0
/dev18500/demods/2/sample.dio,279909777111040,8105,1064960.0
/dev18500/demods/2/sample.dio,279909777169408,8106,3221225664.0
/dev18500/demods/2/sample.dio,279909777227776,8107,1073741824.0
/dev18500/demods/2/sample.dio,279909777286144,8108,0.0
/dev18500/demods/2/sample.dio,279909777344512,8109,0.0
/dev18500/demods/2/sample.dio,279909777402880,8110,3222274112.0
/dev18500/demods/2/sample.dio,279909777461248,8111,3221225664.0
/dev18500/demods/2/sample.dio,279909777519616,8112,1073741824.0
/dev18500/demods/2/sample.dio,279909777577984,8113,0.0
/dev18500/demods/2/sample.dio,279909777636352,8114,0.0
/dev18500/demods/2/sample.dio,279909777694720,8115,3222274048.0
/dev18500/demods/2/sample.dio,279909777753088,8116,3221225664.0
/dev18500/demods/2/sample.dio,279909777811456,8117,1073741824.0
/dev18500/demods/2/sample.dio,279909777869824,8118,0.0
/dev18500/demods/2/sample.dio,279909777928192,8119,0.0
/dev18500/demods/2/sample.dio,279909777986560,8120,3222274240.0
/dev18500/demods/2/sample.dio,279909778044928,8121,3221225664.0
/dev18500/demods/2/sample.dio,279909778103296,8122,0.0
/dev18500/demods/2/sample.dio,279909778161664,8123,0.0
/dev18500/demods/2/sample.dio,279909778220032,8124,1048576.0
/dev18500/demods/2/sample.dio,279909778278400,8125,3221225536.0
/dev18500/demods/2/sample.dio,279909778336768,8126,1073741824.0
/dev18500/demods/2/sample.dio,279909778395136,8127,1073741824.0
/dev18500/demods/2/sample.dio,279909778453504,8128,0.0
/dev18500/demods/2/sample.dio,279909778511872,8129,0.0
/dev18500/demods/2/sample.dio,279909778570240,8130,3222274240.0
/dev18500/demods/2/sample.dio,279909778628608,8131,1073741888.0
/dev18500/demods/2/sample.dio,279909778686976,8132,0.0
/dev18500/demods/2/sample.dio,279909778745344,8133,0.0
/dev18500/demods/2/sample.dio,279909778803712,8134,3222274048.0
/dev18500/demods/2/sample.dio,279909778862080,8135,3221225664.0
/dev18500/demods/2/sample.dio,279909778920448,8136,1073741824.0
/dev18500/demods/2/sample.dio,279909778978816,8137,0.0
/dev18500/demods/2/sample.dio,279909779037184,8138,0.0
/dev18500/demods/2/sample.dio,279909779095552,8139,3221225472.0
/dev18500/demods/2/sample.dio,279909779153920,8140,3221225664.0
/dev18500/demods/2/sample.dio,279909779212288,8141,1073741824.0
/dev18500/demods/2/sample.dio,279909779270656,8142,0.0
/dev18500/demods/2/sample.dio,279909779329024,8143,0.0
/dev18500/demods/2/sample.dio,279909779387392,8144,3222274240.0
/dev18500/demods/2/sample.dio,279909779445760,8145,3221225664.0
/dev18500/demods/2/sample.dio,279909779504128,8146,1073750016.0
/dev18500/demods/2/sample.dio,279909779562496,8147,0.0
/dev18500/demods/2/sample.dio,279909779620864,8148,16384.0
/dev18500/demods/2/sample.dio,279909779679232,8149,3221225664.0
/dev18500/demods/2/sample.dio,279909779737600,8150,3221225664.0
/dev18500/demods/2/sample.dio,279909779795968,8151,1073750016.0
/dev18500/demods/2/sample.dio,279909779854336,8152,0.0
/dev18500/demods/2/sample.dio,279909779912704,8153,0.0
/dev18500/demods/2/sample.dio,279909779971072,8154,3221225664.0
/dev18500/demods/2/sample.dio,279909780029440,8155,1073742016.0
/dev18500/demods/2/sample.dio,279909780087808,8156,0.0
/dev18500/demods/2/sample.dio,279909780146176,8157,0.0
/dev18500/demods/2/sample.dio,279909780204544,8158,1074790400.0
/dev18500/demods/2/sample.dio,279909780262912,8159,3222274240.0
/dev18500/demods/2/sample.dio,279909780321280,8160,1073741824.0
/dev18500/demods/2/sample.dio,279909780379648,8161,0.0
/dev18500/demods/2/sample.dio,279909780438016,8162,0.0
/dev18500/demods/2/sample.dio,279909780496384,8163,1048576.0
/dev18500/demods/2/sample.dio,279909780554752,8164,3221225664.0
/dev18500/demods/2/sample.dio,279909780613120,8165,1073750016.0
/dev18500/demods/2/sample.dio,279909780671488,8166,0.0
/dev18500/demods/2/sample.dio,279909780729856,8167,0.0
/dev18500/demods/2/sample.dio,279909780788224,8168,3222274048.0
/dev18500/demods/2/sample.dio,279909780846592,8169,3221225664.0
/dev18500/demods/2/sample.dio,279909780904960,8170,1073741824.0
/dev18500/demods/2/sample.dio,279909780963328,8171,0.0
/dev18500/demods/2/sample.dio,279909781021696,8172,0.0
/dev18500/demods/2/sample.dio,279909781080064,8173,3222274112.0
/dev18500/demods/2/sample.dio,279909781138432,8174,3221225664.0
/dev18500/demods/2/sample.dio,279909781196800,8175,1073741824.0
/dev18500/demods/2/sample.dio,279909781255168,8176,0.0
/dev18500/demods/2/sample.dio,279909781313536,8177,0.0
/dev18500/demods/2/sample.dio,279909781371904,8178,3222274240.0
/dev18500/demods/2/sample.dio,279909781430272,8179,3221233856.0
/dev18500/demods/2/sample.dio,279909781488640,8180,0.0
/dev18500/demods/2/sample.dio,279909781547008,8181,0.0
/dev18500/demods/2/sample.dio,279909781605376,8182,1048576.0
/dev18500/demods/2/sample.dio,279909781663744,8183,3222274240.0
/dev18500/demods/2/sample.dio,279909781722112,8184,1073741824.0
/dev18500/demods/2/sample.dio,279909781780480,8185,0.0
/dev18500/demods/2/sample.dio,279909781838848,8186,0.0
/dev18500/demods/2/sample.dio,279909781897216,8187,1048576.0
/dev18500/demods/2/sample.dio,279909781955584,8188,3221225664.0
/dev18500/demods/2/sample.dio,279909782013952,8189,1073741888.0
/dev18500/demods/2/sample.dio,279909782072320,8190,0.0
/dev18500/demods/2/sample.dio,279909782130688,8191,0.0
/dev18500/demods/2/sample.dio,279909782189056,8192,3222274048.0
/dev18500/demods/2/sample.dio,279909782247424,8193,3221225664.0
/dev18500/demods/2/sample.dio,279909782305792,8194,1073741824.0
/dev18500/demods/2/sample.dio,279909782364160,8195,0.0
/dev18500/demods/2/sample.dio,279909782422528,8196,0.0
/dev18500/demods/2/sample.dio,279909782480896,8197,3222274048.0
/dev18500/demods/2/sample.dio,279909782539264,8198,3221225664.0
/dev18500/demods/2/sample.dio,279909782597632,8199,1073741824.0
/dev18500/demods/2/sample.dio,279909782656000,8200,0.0
/dev18500/demods/2/sample.dio,279909782714368,8201,0.0
/dev18500/demods/2/sample.dio,279909782772736,8202,3222274240.0
/dev18500/demods/2/sample.dio,279909782831104,8203,3221225664.0
/dev18500/demods/2/sample.dio,279909782889472,8204,8192.0
/dev18500/demods/2/sample.dio,279909782947840,8205,0.0
/dev18500/demods/2/sample.dio,279909783006208,8206,0.0
/dev18500/demods/2/sample.dio,279909783064576,8207,3221225664.0
/dev18500/demods/2/sample.dio,279909783122944,8208,3221225664.0
/dev18500/demods/2/sample.dio,279909783181312,8209,1073741824.0
/dev18500/demods/2/sample.dio,279909783239680,8210,0.0
/dev18500/demods/2/sample.dio,279909783298048,8211,16384.0
/dev18500/demods/2/sample.dio,279909783356416,8212,3221225664.0
/dev18500/demods/2/sample.dio,279909783414784,8213,1073750208.0
/dev18500/demods/2/sample.dio,279909783473152,8214,0.0
/dev18500/demods/2/sample.dio,279909783531520,8215,0.0
/dev18500/demods/2/sample.dio,279909783589888,8216,1074790400.0
/dev18500/demods/2/sample.dio,279909783648256,8217,3222274240.0
/dev18500/demods/2/sample.dio,279909783706624,8218,1073750016.0
/dev18500/demods/2/sample.dio,279909783764992,8219,0.0
/dev18500/demods/2/sample.dio,279909783823360,8220,0.0
/dev18500/demods/2/sample.dio,279909783881728,8221,1074790400.0
/dev18500/demods/2/sample.dio,279909783940096,8222,3221225664.0
/dev18500/demods/2/sample.dio,279909783998464,8223,1073741824.0
/dev18500/demods/2/sample.dio,279909784056832,8224,0.0
/dev18500/demods/2/sample.dio,279909784115200,8225,0.0
/dev18500/demods/2/sample.dio,279909784173568,8226,3222274112.0
/dev18500/demods/2/sample.dio,279909784231936,8227,3221225664.0
/dev18500/demods/2/sample.dio,279909784290304,8228,1073741824.0
/dev18500/demods/2/sample.dio,279909784348672,8229,0.0
/dev18500/demods/2/sample.dio,279909784407040,8230,0.0
/dev18500/demods/2/sample.dio,279909784465408,8231,3222274112.0
/dev18500/demods/2/sample.dio,279909784523776,8232,1073742016.0
/dev18500/demods/2/sample.dio,279909784582144,8233,1073741824.0
/dev18500/demods/2/sample.dio,279909784640512,8234,0.0
/dev18500/demods/2/sample.dio,279909784698880,8235,0.0
/dev18500/demods/2/sample.dio,279909784757248,8236,3222274240.0
/dev18500/demods/2/sample.dio,279909784815616,8237,3221225664.0
/dev18500/demods/2/sample.dio,279909784873984,8238,0.0
/dev18500/demods/2/sample.dio,279909784932352,8239,0.0
/dev18500/demods/2/sample.dio,279909784990720,8240,1048576.0
/dev18500/demods/2/sample.dio,279909785049088,8241,3222274240.0
/dev18500/demods/2/sample.dio,279909785107456,8242,1073741824.0
/dev18500/demods/2/sample.dio,279909785165824,8243,0.0
/dev18500/demods/2/sample.dio,279909785224192,8244,0.0
/dev18500/demods/2/sample.dio,279909785282560,8245,1048576.0
/dev18500/demods/2/sample.dio,279909785340928,8246,3221225664.0
/dev18500/demods/2/sample.dio,279909785399296,8247,1073741888.0
/dev18500/demods/2/sample.dio,279909785457664,8248,0.0
/dev18500/demods/2/sample.dio,279909785516032,8249,0.0
/dev18500/demods/2/sample.dio,279909785574400,8250,3222274048.0
/dev18500/demods/2/sample.dio,279909785632768,8251,3221225664.0
/dev18500/demods/2/sample.dio,279909785691136,8252,1073741824.0
/dev18500/demods/2/sample.dio,279909785749504,8253,0.0
/dev18500/demods/2/sample.dio,279909785807872,8254,0.0
/dev18500/demods/2/sample.dio,279909785866240,8255,3222274048.0
/dev18500/demods/2/sample.dio,279909785924608,8256,3221225664.0
/dev18500/demods/2/sample.dio,279909785982976,8257,1073741824.0
/dev18500/demods/2/sample.dio,279909786041344,8258,0.0
/dev18500/demods/2/sample.dio,279909786099712,8259,0.0
/dev18500/demods/2/sample.dio,279909786158080,8260,3222274240.0
/dev18500/demods/2/sample.dio,279909786216448,8261,3221225664.0
/dev18500/demods/2/sample.dio,279909786274816,8262,0.0
/dev18500/demods/2/sample.dio,279909786333184,8263,0.0
/dev18500/demods/2/sample.dio,279909786391552,8264,0.0
/dev18500/demods/2/sample.dio,279909786449920,8265,3221225664.0
/dev18500/demods/2/sample.dio,279909786508288,8266,1073741888.0
/dev18500/demods/2/sample.dio,279909786566656,8267,1073741824.0
/dev18500/demods/2/sample.dio,279909786625024,8268,0.0
/dev18500/demods/2/sample.dio,279909786683392,8269,0.0
/dev18500/demods/2/sample.dio,279909786741760,8270,3221225664.0
/dev18500/demods/2/sample.dio,279909786800128,8271,1073742016.0
/dev18500/demods/2/sample.dio,279909786858496,8272,0.0
/dev18500/demods/2/sample.dio,279909786916864,8273,0.0
/dev18500/demods/2/sample.dio,279909786975232,8274,1074790400.0
/dev18500/demods/2/sample.dio,279909787033600,8275,3222274240.0
/dev18500/demods/2/sample.dio,279909787091968,8276,1073741824.0
/dev18500/demods/2/sample.dio,279909787150336,8277,0.0
/dev18500/demods/2/sample.dio,279909787208704,8278,0.0
/dev18500/demods/2/sample.dio,279909787267072,8279,1074790400.0
/dev18500/demods/2/sample.dio,279909787325440,8280,3221225664.0
/dev18500/demods/2/sample.dio,279909787383808,8281,1073750016.0
/dev18500/demods/2/sample.dio,279909787442176,8282,0.0
/dev18500/demods/2/sample.dio,279909787500544,8283,0.0
/dev18500/demods/2/sample.dio,279909787558912,8284,3222274112.0
/dev18500/demods/2/sample.dio,279909787617280,8285,3221225664.0
/dev18500/demods/2/sample.dio,279909787675648,8286,1073741824.0
/dev18500/demods/2/sample.dio,279909787734016,8287,0.0
/dev18500/demods/2/sample.dio,279909787792384,8288,16384.0
/dev18500/demods/2/sample.dio,279909787850752,8289,3222274112.0
/dev18500/demods/2/sample.dio,279909787909120,8290,1073750208.0
/dev18500/demods/2/sample.dio,279909787967488,8291,1073741824.0
/dev18500/demods/2/sample.dio,279909788025856,8292,0.0
/dev18500/demods/2/sample.dio,279909788084224,8293,16384.0
/dev18500/demods/2/sample.dio,279909788142592,8294,3222274240.0
/dev18500/demods/2/sample.dio,279909788200960,8295,3221225664.0
/dev18500/demods/2/sample.dio,279909788259328,8296,0.0
/dev18500/demods/2/sample.dio,279909788317696,8297,0.0
/dev18500/demods/2/sample.dio,279909788376064,8298,1048576.0
/dev18500/demods/2/sample.dio,279909788434432,8299,3221225664.0
/dev18500/demods/2/sample.dio,279909788492800,8300,1073741824.0
/dev18500/demods/2/sample.dio,279909788551168,8301,0.0
/dev18500/demods/2/sample.dio,279909788609536,8302,0.0
/dev18500/demods/2/sample.dio,279909788667904,8303,0.0
/dev18500/demods/2/sample.dio,279909788726272,8304,3221225664.0
/dev18500/demods/2/sample.dio,279909788784640,8305,1073741888.0
/dev18500/demods/2/sample.dio,279909788843008,8306,0.0
/dev18500/demods/2/sample.dio,279909788901376,8307,0.0
/dev18500/demods/2/sample.dio,279909788959744,8308,3222274048.0
/dev18500/demods/2/sample.dio,279909789018112,8309,3221225664.0
/dev18500/demods/2/sample.dio,279909789076480,8310,1073741824.0
/dev18500/demods/2/sample.dio,279909789134848,8311,0.0
/dev18500/demods/2/sample.dio,279909789193216,8312,0.0
/dev18500/demods/2/sample.dio,279909789251584,8313,1048576.0
/dev18500/demods/2/sample.dio,279909789309952,8314,3221225664.0
/dev18500/demods/2/sample.dio,279909789368320,8315,1073741824.0
/dev18500/demods/2/sample.dio,279909789426688,8316,0.0
/dev18500/demods/2/sample.dio,279909789485056,8317,0.0
/dev18500/demods/2/sample.dio,279909789543424,8318,3221225664.0
/dev18500/demods/2/sample.dio,279909789601792,8319,3221225664.0
/dev18500/demods/2/sample.dio,279909789660160,8320,1073750016.0
/dev18500/demods/2/sample.dio,279909789718528,8321,0.0
/dev18500/demods/2/sample.dio,279909789776896,8322,0.0
/dev18500/demods/2/sample.dio,279909789835264,8323,3221225664.0
/dev18500/demods/2/sample.dio,279909789893632,8324,1073742016.0
/dev18500/demods/2/sample.dio,279909789952000,8325,1073750016.0
/dev18500/demods/2/sample.dio,279909790010368,8326,0.0
/dev18500/demods/2/sample.dio,279909790068736,8327,0.0
/dev18500/demods/2/sample.dio,279909790127104,8328,3221225664.0
/dev18500/demods/2/sample.dio,279909790185472,8329,1073750208.0
/dev18500/demods/2/sample.dio,279909790243840,8330,0.0
/dev18500/demods/2/sample.dio,279909790302208,8331,0.0
/dev18500/demods/2/sample.dio,279909790360576,8332,1073758208.0
/dev18500/demods/2/sample.dio,279909790418944,8333,3221225664.0
/dev18500/demods/2/sample.dio,279909790477312,8334,1073741824.0
/dev18500/demods/2/sample.dio,279909790535680,8335,0.0
/dev18500/demods/2/sample.dio,279909790594048,8336,0.0
/dev18500/demods/2/sample.dio,279909790652416,8337,1048576.0
/dev18500/demods/2/sample.dio,279909790710784,8338,3221233856.0
/dev18500/demods/2/sample.dio,279909790769152,8339,1073741824.0
/dev18500/demods/2/sample.dio,279909790827520,8340,0.0
/dev18500/demods/2/sample.dio,279909790885888,8341,0.0
/dev18500/demods/2/sample.dio,279909790944256,8342,3222274112.0
/dev18500/demods/2/sample.dio,279909791002624,8343,3221225664.0
/dev18500/demods/2/sample.dio,279909791060992,8344,1073741824.0
/dev18500/demods/2/sample.dio,279909791119360,8345,0.0
/dev18500/demods/2/sample.dio,279909791177728,8346,0.0
/dev18500/demods/2/sample.dio,279909791236096,8347,3222290432.0
/dev18500/demods/2/sample.dio,279909791294464,8348,1073742016.0
/dev18500/demods/2/sample.dio,279909791352832,8349,1073741824.0
/dev18500/demods/2/sample.dio,279909791411200,8350,0.0
/dev18500/demods/2/sample.dio,279909791469568,8351,0.0
/dev18500/demods/2/sample.dio,279909791527936,8352,3221225664.0
/dev18500/demods/2/sample.dio,279909791586304,8353,3221225664.0
/dev18500/demods/2/sample.dio,279909791644672,8354,0.0
/dev18500/demods/2/sample.dio,279909791703040,8355,0.0
/dev18500/demods/2/sample.dio,279909791761408,8356,1064960.0
/dev18500/demods/2/sample.dio,279909791819776,8357,3222274240.0
/dev18500/demods/2/sample.dio,279909791878144,8358,1073741824.0
/dev18500/demods/2/sample.dio,279909791936512,8359,1073741824.0
/dev18500/demods/2/sample.dio,279909791994880,8360,0.0
/dev18500/demods/2/sample.dio,279909792053248,8361,0.0
/dev18500/demods/2/sample.dio,279909792111616,8362,3221225664.0
/dev18500/demods/2/sample.dio,279909792169984,8363,1073742016.0
/dev18500/demods/2/sample.dio,279909792228352,8364,0.0
/dev18500/demods/2/sample.dio,279909792286720,8365,0.0
/dev18500/demods/2/sample.dio,279909792345088,8366,3222290432.0
/dev18500/demods/2/sample.dio,279909792403456,8367,3221225664.0
/dev18500/demods/2/sample.dio,279909792461824,8368,1073741824.0
/dev18500/demods/2/sample.dio,279909792520192,8369,0.0
/dev18500/demods/2/sample.dio,279909792578560,8370,0.0
/dev18500/demods/2/sample.dio,279909792636928,8371,3222274048.0
/dev18500/demods/2/sample.dio,279909792695296,8372,3221233856.0
/dev18500/demods/2/sample.dio,279909792753664,8373,1073750016.0
/dev18500/demods/2/sample.dio,279909792812032,8374,0.0
/dev18500/demods/2/sample.dio,279909792870400,8375,0.0
/dev18500/demods/2/sample.dio,279909792928768,8376,3222274112.0
/dev18500/demods/2/sample.dio,279909792987136,8377,3221225664.0
/dev18500/demods/2/sample.dio,279909793045504,8378,1073741824.0
/dev18500/demods/2/sample.dio,279909793103872,8379,0.0
/dev18500/demods/2/sample.dio,279909793162240,8380,0.0
/dev18500/demods/2/sample.dio,279909793220608,8381,3222274240.0
/dev18500/demods/2/sample.dio,279909793278976,8382,1073741888.0
/dev18500/demods/2/sample.dio,279909793337344,8383,1073741824.0
/dev18500/demods/2/sample.dio,279909793395712,8384,0.0
/dev18500/demods/2/sample.dio,279909793454080,8385,0.0
/dev18500/demods/2/sample.dio,279909793512448,8386,3222274240.0
/dev18500/demods/2/sample.dio,279909793570816,8387,3221225664.0
/dev18500/demods/2/sample.dio,279909793629184,8388,0.0
/dev18500/demods/2/sample.dio,279909793687552,8389,0.0
/dev18500/demods/2/sample.dio,279909793745920,8390,1074790400.0
/dev18500/demods/2/sample.dio,279909793804288,8391,3221225664.0
/dev18500/demods/2/sample.dio,279909793862656,8392,1073741824.0
/dev18500/demods/2/sample.dio,279909793921024,8393,0.0
/dev18500/demods/2/sample.dio,279909793979392,8394,0.0
/dev18500/demods/2/sample.dio,279909794037760,8395,1048576.0
/dev18500/demods/2/sample.dio,279909794096128,8396,3221225664.0
/dev18500/demods/2/sample.dio,279909794154496,8397,1073741824.0
/dev18500/demods/2/sample.dio,279909794212864,8398,0.0
/dev18500/demods/2/sample.dio,279909794271232,8399,0.0
/dev18500/demods/2/sample.dio,279909794329600,8400,3222274048.0
/dev18500/demods/2/sample.dio,279909794387968,8401,3221225664.0
/dev18500/demods/2/sample.dio,279909794446336,8402,1073741824.0
/dev18500/demods/2/sample.dio,279909794504704,8403,0.0
/dev18500/demods/2/sample.dio,279909794563072,8404,0.0
/dev18500/demods/2/sample.dio,279909794621440,8405,3222274048.0
/dev18500/demods/2/sample.dio,279909794679808,8406,1073750208.0
/dev18500/demods/2/sample.dio,279909794738176,8407,1073741824.0
/dev18500/demods/2/sample.dio,279909794796544,8408,0.0
/dev18500/demods/2/sample.dio,279909794854912,8409,0.0
/dev18500/demods/2/sample.dio,279909794913280,8410,3222274240.0
/dev18500/demods/2/sample.dio,279909794971648,8411,3221225664.0
/dev18500/demods/2/sample.dio,279909795030016,8412,0.0
/dev18500/demods/2/sample.dio,279909795088384,8413,0.0
/dev18500/demods/2/sample.dio,279909795146752,8414,1048576.0
/dev18500/demods/2/sample.dio,279909795205120,8415,3222274240.0
/dev18500/demods/2/sample.dio,279909795263488,8416,1073741888.0
/dev18500/demods/2/sample.dio,279909795321856,8417,0.0
/dev18500/demods/2/sample.dio,279909795380224,8418,0.0
/dev18500/demods/2/sample.dio,279909795438592,8419,0.0
/dev18500/demods/2/sample.dio,279909795496960,8420,3221242048.0
/dev18500/demods/2/sample.dio,279909795555328,8421,1073750016.0
/dev18500/demods/2/sample.dio,279909795613696,8422,0.0
/dev18500/demods/2/sample.dio,279909795672064,8423,0.0
/dev18500/demods/2/sample.dio,279909795730432,8424,1048576.0
/dev18500/demods/2/sample.dio,279909795788800,8425,3221225664.0
/dev18500/demods/2/sample.dio,279909795847168,8426,1073741824.0
/dev18500/demods/2/sample.dio,279909795905536,8427,0.0
/dev18500/demods/2/sample.dio,279909795963904,8428,0.0
/dev18500/demods/2/sample.dio,279909796022272,8429,1074790400.0
/dev18500/demods/2/sample.dio,279909796080640,8430,3221225664.0
/dev18500/demods/2/sample.dio,279909796139008,8431,1073741824.0
/dev18500/demods/2/sample.dio,279909796197376,8432,0.0
/dev18500/demods/2/sample.dio,279909796255744,8433,0.0
/dev18500/demods/2/sample.dio,279909796314112,8434,3222290624.0
/dev18500/demods/2/sample.dio,279909796372480,8435,3221225664.0
/dev18500/demods/2/sample.dio,279909796430848,8436,1073750016.0
/dev18500/demods/2/sample.dio,279909796489216,8437,0.0
/dev18500/demods/2/sample.dio,279909796547584,8438,0.0
/dev18500/demods/2/sample.dio,279909796605952,8439,3222290624.0
/dev18500/demods/2/sample.dio,279909796664320,8440,3221225664.0
/dev18500/demods/2/sample.dio,279909796722688,8441,1073750016.0
/dev18500/demods/2/sample.dio,279909796781056,8442,0.0
/dev18500/demods/2/sample.dio,279909796839424,8443,0.0
/dev18500/demods/2/sample.dio,279909796897792,8444,3221225664.0
/dev18500/demods/2/sample.dio,279909796956160,8445,1073742016.0
/dev18500/demods/2/sample.dio,279909797014528,8446,0.0
/dev18500/demods/2/sample.dio,279909797072896,8447,0.0
/dev18500/demods/2/sample.dio,279909797131264,8448,1064960.0
/dev18500/demods/2/sample.dio,279909797189632,8449,3221225664.0
/dev18500/demods/2/sample.dio,279909797248000,8450,1073741824.0
/dev18500/demods/2/sample.dio,279909797306368,8451,0.0
/dev18500/demods/2/sample.dio,279909797364736,8452,0.0
/dev18500/demods/2/sample.dio,279909797423104,8453,1048576.0
/dev18500/demods/2/sample.dio,279909797481472,8454,3221225664.0
/dev18500/demods/2/sample.dio,279909797539840,8455,1073741824.0
/dev18500/demods/2/sample.dio,279909797598208,8456,0.0
/dev18500/demods/2/sample.dio,279909797656576,8457,0.0
/dev18500/demods/2/sample.dio,279909797714944,8458,3222274048.0
/dev18500/demods/2/sample.dio,279909797773312,8459,3221225664.0
/dev18500/demods/2/sample.dio,279909797831680,8460,1073741824.0
/dev18500/demods/2/sample.dio,279909797890048,8461,0.0
/dev18500/demods/2/sample.dio,279909797948416,8462,0.0
/dev18500/demods/2/sample.dio,279909798006784,8463,3222274112.0
/dev18500/demods/2/sample.dio,279909798065152,8464,3221225664.0
/dev18500/demods/2/sample.dio,279909798123520,8465,1073750016.0
/dev18500/demods/2/sample.dio,279909798181888,8466,0.0
/dev18500/demods/2/sample.dio,279909798240256,8467,0.0
/dev18500/demods/2/sample.dio,279909798298624,8468,3222274240.0
/dev18500/demods/2/sample.dio,279909798356992,8469,3221225664.0
/dev18500/demods/2/sample.dio,279909798415360,8470,0.0
/dev18500/demods/2/sample.dio,279909798473728,8471,0.0
/dev18500/demods/2/sample.dio,279909798532096,8472,1048576.0
/dev18500/demods/2/sample.dio,279909798590464,8473,3221225664.0
/dev18500/demods/2/sample.dio,279909798648832,8474,1073741888.0
/dev18500/demods/2/sample.dio,279909798707200,8475,0.0
/dev18500/demods/2/sample.dio,279909798765568,8476,0.0
/dev18500/demods/2/sample.dio,279909798823936,8477,16384.0
/dev18500/demods/2/sample.dio,279909798882304,8478,3221225664.0
/dev18500/demods/2/sample.dio,279909798940672,8479,1073742016.0
/dev18500/demods/2/sample.dio,279909798999040,8480,0.0
/dev18500/demods/2/sample.dio,279909799057408,8481,0.0
/dev18500/demods/2/sample.dio,279909799115776,8482,3222274048.0
/dev18500/demods/2/sample.dio,279909799174144,8483,3221225664.0
/dev18500/demods/2/sample.dio,279909799232512,8484,1073741824.0
/dev18500/demods/2/sample.dio,279909799290880,8485,0.0
/dev18500/demods/2/sample.dio,279909799349248,8486,0.0
/dev18500/demods/2/sample.dio,279909799407616,8487,1074790400.0
/dev18500/demods/2/sample.dio,279909799465984,8488,3221225664.0
/dev18500/demods/2/sample.dio,279909799524352,8489,1073741824.0
/dev18500/demods/2/sample.dio,279909799582720,8490,0.0
/dev18500/demods/2/sample.dio,279909799641088,8491,0.0
/dev18500/demods/2/sample.dio,279909799699456,8492,3222274240.0
/dev18500/demods/2/sample.dio,279909799757824,8493,3221225664.0
/dev18500/demods/2/sample.dio,279909799816192,8494,1073741824.0
/dev18500/demods/2/sample.dio,279909799874560,8495,0.0
/dev18500/demods/2/sample.dio,279909799932928,8496,0.0
/dev18500/demods/2/sample.dio,279909799991296,8497,3221225472.0
/dev18500/demods/2/sample.dio,279909800049664,8498,1073742016.0
/dev18500/demods/2/sample.dio,279909800108032,8499,1073750016.0
/dev18500/demods/2/sample.dio,279909800166400,8500,0.0
/dev18500/demods/2/sample.dio,279909800224768,8501,0.0
/dev18500/demods/2/sample.dio,279909800283136,8502,3222274240.0
/dev18500/demods/2/sample.dio,279909800341504,8503,1073742016.0
/dev18500/demods/2/sample.dio,279909800399872,8504,0.0
/dev18500/demods/2/sample.dio,279909800458240,8505,0.0
/dev18500/demods/2/sample.dio,279909800516608,8506,1048576.0
/dev18500/demods/2/sample.dio,279909800574976,8507,3221225664.0
/dev18500/demods/2/sample.dio,279909800633344,8508,1073750016.0
/dev18500/demods/2/sample.dio,279909800691712,8509,8192.0
/dev18500/demods/2/sample.dio,279909800750080,8510,0.0
/dev18500/demods/2/sample.dio,279909800808448,8511,1048576.0
/dev18500/demods/2/sample.dio,279909800866816,8512,3221225664.0
/dev18500/demods/2/sample.dio,279909800925184,8513,1073750016.0
/dev18500/demods/2/sample.dio,279909800983552,8514,0.0
/dev18500/demods/2/sample.dio,279909801041920,8515,0.0
/dev18500/demods/2/sample.dio,279909801100288,8516,3222274048.0
/dev18500/demods/2/sample.dio,279909801158656,8517,3221225664.0
/dev18500/demods/2/sample.dio,279909801217024,8518,1073741824.0
/dev18500/demods/2/sample.dio,279909801275392,8519,0.0
/dev18500/demods/2/sample.dio,279909801333760,8520,0.0
/dev18500/demods/2/sample.dio,279909801392128,8521,3222274112.0
/dev18500/demods/2/sample.dio,279909801450496,8522,3221225664.0
/dev18500/demods/2/sample.dio,279909801508864,8523,1073741824.0
/dev18500/demods/2/sample.dio,279909801567232,8524,0.0
/dev18500/demods/2/sample.dio,279909801625600,8525,0.0
/dev18500/demods/2/sample.dio,279909801683968,8526,3222274240.0
/dev18500/demods/2/sample.dio,279909801742336,8527,3221225664.0
/dev18500/demods/2/sample.dio,279909801800704,8528,0.0
/dev18500/demods/2/sample.dio,279909801859072,8529,0.0
/dev18500/demods/2/sample.dio,279909801917440,8530,1048576.0
/dev18500/demods/2/sample.dio,279909801975808,8531,3222274240.0
/dev18500/demods/2/sample.dio,279909802034176,8532,1073741888.0
/dev18500/demods/2/sample.dio,279909802092544,8533,1073741824.0
/dev18500/demods/2/sample.dio,279909802150912,8534,0.0
/dev18500/demods/2/sample.dio,279909802209280,8535,0.0
/dev18500/demods/2/sample.dio,279909802267648,8536,3221225664.0
/dev18500/demods/2/sample.dio,279909802326016,8537,1073741888.0
/dev18500/demods/2/sample.dio,279909802384384,8538,0.0
/dev18500/demods/2/sample.dio,279909802442752,8539,0.0
/dev18500/demods/2/sample.dio,279909802501120,8540,1048576.0
/dev18500/demods/2/sample.dio,279909802559488,8541,3222274240.0
/dev18500/demods/2/sample.dio,279909802617856,8542,1073741824.0
/dev18500/demods/2/sample.dio,279909802676224,8543,0.0
/dev18500/demods/2/sample.dio,279909802734592,8544,0.0
/dev18500/demods/2/sample.dio,279909802792960,8545,1074790400.0
/dev18500/demods/2/sample.dio,279909802851328,8546,3221225664.0
/dev18500/demods/2/sample.dio,279909802909696,8547,1073741824.0
/dev18500/demods/2/sample.dio,279909802968064,8548,0.0
/dev18500/demods/2/sample.dio,279909803026432,8549,0.0
/dev18500/demods/2/sample.dio,279909803084800,8550,3221225664.0
/dev18500/demods/2/sample.dio,279909803143168,8551,3221225664.0
/dev18500/demods/2/sample.dio,279909803201536,8552,1073750016.0
/dev18500/demods/2/sample.dio,279909803259904,8553,0.0
/dev18500/demods/2/sample.dio,279909803318272,8554,0.0
/dev18500/demods/2/sample.dio,279909803376640,8555,3222274240.0
/dev18500/demods/2/sample.dio,279909803435008,8556,1073742016.0
/dev18500/demods/2/sample.dio,279909803493376,8557,1073741824.0
/dev18500/demods/2/sample.dio,279909803551744,8558,0.0
/dev18500/demods/2/sample.dio,279909803610112,8559,0.0
/dev18500/demods/2/sample.dio,279909803668480,8560,3221225664.0
/dev18500/demods/2/sample.dio,279909803726848,8561,1073742016.0
/dev18500/demods/2/sample.dio,279909803785216,8562,0.0
/dev18500/demods/2/sample.dio,279909803843584,8563,0.0
/dev18500/demods/2/sample.dio,279909803901952,8564,16384.0
/dev18500/demods/2/sample.dio,279909803960320,8565,3221242048.0
/dev18500/demods/2/sample.dio,279909804018688,8566,1073750016.0
/dev18500/demods/2/sample.dio,279909804077056,8567,0.0
/dev18500/demods/2/sample.dio,279909804135424,8568,0.0
/dev18500/demods/2/sample.dio,279909804193792,8569,0.0
/dev18500/demods/2/sample.dio,279909804252160,8570,3221225664.0
/dev18500/demods/2/sample.dio,279909804310528,8571,1073741888.0
/dev18500/demods/2/sample.dio,279909804368896,8572,0.0
/dev18500/demods/2/sample.dio,279909804427264,8573,0.0
/dev18500/demods/2/sample.dio,279909804485632,8574,3221225472.0
/dev18500/demods/2/sample.dio,279909804544000,8575,3221225664.0
/dev18500/demods/2/sample.dio,279909804602368,8576,1073750016.0
/dev18500/demods/2/sample.dio,279909804660736,8577,0.0
/dev18500/demods/2/sample.dio,279909804719104,8578,0.0
/dev18500/demods/2/sample.dio,279909804777472,8579,3222274048.0
/dev18500/demods/2/sample.dio,279909804835840,8580,3221225664.0
/dev18500/demods/2/sample.dio,279909804894208,8581,1073741824.0
/dev18500/demods/2/sample.dio,279909804952576,8582,0.0
/dev18500/demods/2/sample.dio,279909805010944,8583,0.0
/dev18500/demods/2/sample.dio,279909805069312,8584,3222274240.0
/dev18500/demods/2/sample.dio,279909805127680,8585,3221225664.0
/dev18500/demods/2/sample.dio,279909805186048,8586,0.0
/dev18500/demods/2/sample.dio,279909805244416,8587,0.0
/dev18500/demods/2/sample.dio,279909805302784,8588,1048576.0
/dev18500/demods/2/sample.dio,279909805361152,8589,3221225664.0
/dev18500/demods/2/sample.dio,279909805419520,8590,1073741888.0
/dev18500/demods/2/sample.dio,279909805477888,8591,1073741824.0
/dev18500/demods/2/sample.dio,279909805536256,8592,0.0
/dev18500/demods/2/sample.dio,279909805594624,8593,0.0
/dev18500/demods/2/sample.dio,279909805652992,8594,3221225664.0
/dev18500/demods/2/sample.dio,279909805711360,8595,1073742016.0
/dev18500/demods/2/sample.dio,279909805769728,8596,0.0
/dev18500/demods/2/sample.dio,279909805828096,8597,0.0
/dev18500/demods/2/sample.dio,279909805886464,8598,1074790400.0
/dev18500/demods/2/sample.dio,279909805944832,8599,3221225664.0
/dev18500/demods/2/sample.dio,279909806003200,8600,1073741824.0
/dev18500/demods/2/sample.dio,279909806061568,8601,0.0
/dev18500/demods/2/sample.dio,279909806119936,8602,0.0
/dev18500/demods/2/sample.dio,279909806178304,8603,1074790400.0
/dev18500/demods/2/sample.dio,279909806236672,8604,3221225664.0
/dev18500/demods/2/sample.dio,279909806295040,8605,1073741824.0
/dev18500/demods/2/sample.dio,279909806353408,8606,0.0
/dev18500/demods/2/sample.dio,279909806411776,8607,0.0
/dev18500/demods/2/sample.dio,279909806470144,8608,3222274112.0
/dev18500/demods/2/sample.dio,279909806528512,8609,3221225664.0
/dev18500/demods/2/sample.dio,279909806586880,8610,1073741824.0
/dev18500/demods/2/sample.dio,279909806645248,8611,0.0
/dev18500/demods/2/sample.dio,279909806703616,8612,0.0
/dev18500/demods/2/sample.dio,279909806761984,8613,3222290496.0
/dev18500/demods/2/sample.dio,279909806820352,8614,1073742016.0
/dev18500/demods/2/sample.dio,279909806878720,8615,1073741824.0
/dev18500/demods/2/sample.dio,279909806937088,8616,0.0
/dev18500/demods/2/sample.dio,279909806995456,8617,0.0
/dev18500/demods/2/sample.dio,279909807053824,8618,3222274240.0
/dev18500/demods/2/sample.dio,279909807112192,8619,3221225664.0
/dev18500/demods/2/sample.dio,279909807170560,8620,0.0
/dev18500/demods/2/sample.dio,279909807228928,8621,0.0
/dev18500/demods/2/sample.dio,279909807287296,8622,1048576.0
/dev18500/demods/2/sample.dio,279909807345664,8623,3222274240.0
/dev18500/demods/2/sample.dio,279909807404032,8624,1073750016.0
/dev18500/demods/2/sample.dio,279909807462400,8625,0.0
/dev18500/demods/2/sample.dio,279909807520768,8626,0.0
/dev18500/demods/2/sample.dio,279909807579136,8627,1048576.0
/dev18500/demods/2/sample.dio,279909807637504,8628,3221225664.0
/dev18500/demods/2/sample.dio,279909807695872,8629,1073750080.0
/dev18500/demods/2/sample.dio,279909807754240,8630,0.0
/dev18500/demods/2/sample.dio,279909807812608,8631,0.0
/dev18500/demods/2/sample.dio,279909807870976,8632,3222274048.0
/dev18500/demods/2/sample.dio,279909807929344,8633,3221225664.0
/dev18500/demods/2/sample.dio,279909807987712,8634,1073741824.0
/dev18500/demods/2/sample.dio,279909808046080,8635,0.0
/dev18500/demods/2/sample.dio,279909808104448,8636,0.0
/dev18500/demods/2/sample.dio,279909808162816,8637,0.0
/dev18500/demods/2/sample.dio,279909808221184,8638,3221225664.0
/dev18500/demods/2/sample.dio,279909808279552,8639,1073741824.0
/dev18500/demods/2/sample.dio,279909808337920,8640,0.0
/dev18500/demods/2/sample.dio,279909808396288,8641,0.0
/dev18500/demods/2/sample.dio,279909808454656,8642,3222290624.0
/dev18500/demods/2/sample.dio,279909808513024,8643,3221225664.0
/dev18500/demods/2/sample.dio,279909808571392,8644,0.0
/dev18500/demods/2/sample.dio,279909808629760,8645,0.0
/dev18500/demods/2/sample.dio,279909808688128,8646,0.0
/dev18500/demods/2/sample.dio,279909808746496,8647,3222274240.0
/dev18500/demods/2/sample.dio,279909808804864,8648,3221225664.0
/dev18500/demods/2/sample.dio,279909808863232,8649,1073741824.0
/dev18500/demods/2/sample.dio,279909808921600,8650,0.0
/dev18500/demods/2/sample.dio,279909808979968,8651,0.0
/dev18500/demods/2/sample.dio,279909809038336,8652,3221225664.0
/dev18500/demods/2/sample.dio,279909809096704,8653,1073742016.0
/dev18500/demods/2/sample.dio,279909809155072,8654,0.0
/dev18500/demods/2/sample.dio,279909809213440,8655,0.0
/dev18500/demods/2/sample.dio,279909809271808,8656,1074790400.0
/dev18500/demods/2/sample.dio,279909809330176,8657,3222274240.0
/dev18500/demods/2/sample.dio,279909809388544,8658,1073741824.0
/dev18500/demods/2/sample.dio,279909809446912,8659,0.0
/dev18500/demods/2/sample.dio,279909809505280,8660,0.0
/dev18500/demods/2/sample.dio,279909809563648,8661,1074790400.0
/dev18500/demods/2/sample.dio,279909809622016,8662,3221225664.0
/dev18500/demods/2/sample.dio,279909809680384,8663,1073741824.0
/dev18500/demods/2/sample.dio,279909809738752,8664,0.0
/dev18500/demods/2/sample.dio,279909809797120,8665,0.0
/dev18500/demods/2/sample.dio,279909809855488,8666,3222274048.0
/dev18500/demods/2/sample.dio,279909809913856,8667,3221233856.0
/dev18500/demods/2/sample.dio,279909809972224,8668,1073741824.0
/dev18500/demods/2/sample.dio,279909810030592,8669,0.0
/dev18500/demods/2/sample.dio,279909810088960,8670,0.0
/dev18500/demods/2/sample.dio,279909810147328,8671,3222274048.0
/dev18500/demods/2/sample.dio,279909810205696,8672,1073742016.0
/dev18500/demods/2/sample.dio,279909810264064,8673,1073741824.0
/dev18500/demods/2/sample.dio,279909810322432,8674,0.0
/dev18500/demods/2/sample.dio,279909810380800,8675,0.0
/dev18500/demods/2/sample.dio,279909810439168,8676,3222290624.0
/dev18500/demods/2/sample.dio,279909810497536,8677,3221225664.0
/dev18500/demods/2/sample.dio,279909810555904,8678,0.0
/dev18500/demods/2/sample.dio,279909810614272,8679,0.0
/dev18500/demods/2/sample.dio,279909810672640,8680,1048576.0
/dev18500/demods/2/sample.dio,279909810731008,8681,3222274240.0
/dev18500/demods/2/sample.dio,279909810789376,8682,1073741824.0
/dev18500/demods/2/sample.dio,279909810847744,8683,0.0
/dev18500/demods/2/sample.dio,279909810906112,8684,0.0
/dev18500/demods/2/sample.dio,279909810964480,8685,1048576.0
/dev18500/demods/2/sample.dio,279909811022848,8686,3221225664.0
/dev18500/demods/2/sample.dio,279909811081216,8687,1073741888.0
/dev18500/demods/2/sample.dio,279909811139584,8688,0.0
/dev18500/demods/2/sample.dio,279909811197952,8689,0.0
/dev18500/demods/2/sample.dio,279909811256320,8690,3221225472.0
/dev18500/demods/2/sample.dio,279909811314688,8691,3221225664.0
/dev18500/demods/2/sample.dio,279909811373056,8692,1073741824.0
/dev18500/demods/2/sample.dio,279909811431424,8693,0.0
/dev18500/demods/2/sample.dio,279909811489792,8694,0.0
/dev18500/demods/2/sample.dio,279909811548160,8695,1074790400.0
/dev18500/demods/2/sample.dio,279909811606528,8696,3221225664.0
/dev18500/demods/2/sample.dio,279909811664896,8697,1073741824.0
/dev18500/demods/2/sample.dio,279909811723264,8698,0.0
/dev18500/demods/2/sample.dio,279909811781632,8699,0.0
/dev18500/demods/2/sample.dio,279909811840000,8700,3222274240.0
/dev18500/demods/2/sample.dio,279909811898368,8701,3221225664.0
/dev18500/demods/2/sample.dio,279909811956736,8702,1073741824.0
/dev18500/demods/2/sample.dio,279909812015104,8703,0.0
/dev18500/demods/2/sample.dio,279909812073472,8704,16384.0
/dev18500/demods/2/sample.dio,279909812131840,8705,3222274240.0
/dev18500/demods/2/sample.dio,279909812190208,8706,3221225664.0
/dev18500/demods/2/sample.dio,279909812248576,8707,1073741824.0
/dev18500/demods/2/sample.dio,279909812306944,8708,0.0
/dev18500/demods/2/sample.dio,279909812365312,8709,0.0
/dev18500/demods/2/sample.dio,279909812423680,8710,3222274240.0
/dev18500/demods/2/sample.dio,279909812482048,8711,1073742016.0
/dev18500/demods/2/sample.dio,279909812540416,8712,0.0
/dev18500/demods/2/sample.dio,279909812598784,8713,0.0
/dev18500/demods/2/sample.dio,279909812657152,8714,1064960.0
/dev18500/demods/2/sample.dio,279909812715520,8715,3222274240.0
/dev18500/demods/2/sample.dio,279909812773888,8716,1073750016.0
/dev18500/demods/2/sample.dio,279909812832256,8717,0.0
/dev18500/demods/2/sample.dio,279909812890624,8718,0.0
/dev18500/demods/2/sample.dio,279909812948992,8719,1048576.0
/dev18500/demods/2/sample.dio,279909813007360,8720,3221225664.0
/dev18500/demods/2/sample.dio,279909813065728,8721,1073741824.0
/dev18500/demods/2/sample.dio,279909813124096,8722,0.0
/dev18500/demods/2/sample.dio,279909813182464,8723,0.0
/dev18500/demods/2/sample.dio,279909813240832,8724,3222274048.0
/dev18500/demods/2/sample.dio,279909813299200,8725,3221225664.0
/dev18500/demods/2/sample.dio,279909813357568,8726,1073741824.0
/dev18500/demods/2/sample.dio,279909813415936,8727,0.0
/dev18500/demods/2/sample.dio,279909813474304,8728,0.0
/dev18500/demods/2/sample.dio,279909813532672,8729,3222274048.0
/dev18500/demods/2/sample.dio,279909813591040,8730,3221225664.0
/dev18500/demods/2/sample.dio,279909813649408,8731,1073741824.0
/dev18500/demods/2/sample.dio,279909813707776,8732,0.0
/dev18500/demods/2/sample.dio,279909813766144,8733,0.0
/dev18500/demods/2/sample.dio,279909813824512,8734,3222274240.0
/dev18500/demods/2/sample.dio,279909813882880,8735,3221225664.0
/dev18500/demods/2/sample.dio,279909813941248,8736,0.0
/dev18500/demods/2/sample.dio,279909813999616,8737,0.0
/dev18500/demods/2/sample.dio,279909814057984,8738,1048576.0
/dev18500/demods/2/sample.dio,279909814116352,8739,3222290624.0
/dev18500/demods/2/sample.dio,279909814174720,8740,1073741888.0
/dev18500/demods/2/sample.dio,279909814233088,8741,0.0
/dev18500/demods/2/sample.dio,279909814291456,8742,0.0
/dev18500/demods/2/sample.dio,279909814349824,8743,1048576.0
/dev18500/demods/2/sample.dio,279909814408192,8744,3221225664.0
/dev18500/demods/2/sample.dio,279909814466560,8745,1073741888.0
/dev18500/demods/2/sample.dio,279909814524928,8746,0.0
/dev18500/demods/2/sample.dio,279909814583296,8747,0.0
/dev18500/demods/2/sample.dio,279909814641664,8748,3222274048.0
/dev18500/demods/2/sample.dio,279909814700032,8749,3221225664.0
/dev18500/demods/2/sample.dio,279909814758400,8750,1073750016.0
/dev18500/demods/2/sample.dio,279909814816768,8751,0.0
/dev18500/demods/2/sample.dio,279909814875136,8752,0.0
/dev18500/demods/2/sample.dio,279909814933504,8753,0.0
/dev18500/demods/2/sample.dio,279909814991872,8754,3221225664.0
/dev18500/demods/2/sample.dio,279909815050240,8755,1073741824.0
/dev18500/demods/2/sample.dio,279909815108608,8756,0.0
/dev18500/demods/2/sample.dio,279909815166976,8757,0.0
/dev18500/demods/2/sample.dio,279909815225344,8758,3222274240.0
/dev18500/demods/2/sample.dio,279909815283712,8759,3221233856.0
/dev18500/demods/2/sample.dio,279909815342080,8760,1073741824.0
/dev18500/demods/2/sample.dio,279909815400448,8761,0.0
/dev18500/demods/2/sample.dio,279909815458816,8762,0.0
/dev18500/demods/2/sample.dio,279909815517184,8763,3222290496.0
/dev18500/demods/2/sample.dio,279909815575552,8764,3221225664.0
/dev18500/demods/2/sample.dio,279909815633920,8765,1073741824.0
/dev18500/demods/2/sample.dio,279909815692288,8766,0.0
/dev18500/demods/2/sample.dio,279909815750656,8767,0.0
/dev18500/demods/2/sample.dio,279909815809024,8768,3222274240.0
/dev18500/demods/2/sample.dio,279909815867392,8769,3221225664.0
/dev18500/demods/2/sample.dio,279909815925760,8770,0.0
/dev18500/demods/2/sample.dio,279909815984128,8771,0.0
/dev18500/demods/2/sample.dio,279909816042496,8772,1048576.0
/dev18500/demods/2/sample.dio,279909816100864,8773,3222274240.0
/dev18500/demods/2/sample.dio,279909816159232,8774,1073741824.0
/dev18500/demods/2/sample.dio,279909816217600,8775,0.0
/dev18500/demods/2/sample.dio,279909816275968,8776,0.0
/dev18500/demods/2/sample.dio,279909816334336,8777,1048576.0
/dev18500/demods/2/sample.dio,279909816392704,8778,3221225664.0
/dev18500/demods/2/sample.dio,279909816451072,8779,1073741824.0
/dev18500/demods/2/sample.dio,279909816509440,8780,0.0
/dev18500/demods/2/sample.dio,279909816567808,8781,0.0
/dev18500/demods/2/sample.dio,279909816626176,8782,1074790400.0
/dev18500/demods/2/sample.dio,279909816684544,8783,3221225664.0
/dev18500/demods/2/sample.dio,279909816742912,8784,1073741824.0
/dev18500/demods/2/sample.dio,279909816801280,8785,0.0
/dev18500/demods/2/sample.dio,279909816859648,8786,0.0
/dev18500/demods/2/sample.dio,279909816918016,8787,3222274048.0
/dev18500/demods/2/sample.dio,279909816976384,8788,1073742016.0
/dev18500/demods/2/sample.dio,279909817034752,8789,1073750016.0
/dev18500/demods/2/sample.dio,279909817093120,8790,0.0
/dev18500/demods/2/sample.dio,279909817151488,8791,0.0
/dev18500/demods/2/sample.dio,279909817209856,8792,3222274240.0
/dev18500/demods/2/sample.dio,279909817268224,8793,3221225664.0
/dev18500/demods/2/sample.dio,279909817326592,8794,0.0
/dev18500/demods/2/sample.dio,279909817384960,8795,0.0
/dev18500/demods/2/sample.dio,279909817443328,8796,0.0
/dev18500/demods/2/sample.dio,279909817501696,8797,3222274240.0
/dev18500/demods/2/sample.dio,279909817560064,8798,1073741888.0
/dev18500/demods/2/sample.dio,279909817618432,8799,0.0
/dev18500/demods/2/sample.dio,279909817676800,8800,0.0
/dev18500/demods/2/sample.dio,279909817735168,8801,1048576.0
/dev18500/demods/2/sample.dio,279909817793536,8802,3221225664.0
/dev18500/demods/2/sample.dio,279909817851904,8803,1073741888.0
/dev18500/demods/2/sample.dio,279909817910272,8804,0.0
/dev18500/demods/2/sample.dio,279909817968640,8805,0.0
/dev18500/demods/2/sample.dio,279909818027008,8806,1048576.0
/dev18500/demods/2/sample.dio,279909818085376,8807,3221242048.0
/dev18500/demods/2/sample.dio,279909818143744,8808,1073741824.0
/dev18500/demods/2/sample.dio,279909818202112,8809,8192.0
/dev18500/demods/2/sample.dio,279909818260480,8810,0.0
/dev18500/demods/2/sample.dio,279909818318848,8811,1074790400.0
/dev18500/demods/2/sample.dio,279909818377216,8812,3221225664.0
/dev18500/demods/2/sample.dio,279909818435584,8813,1073741824.0
/dev18500/demods/2/sample.dio,279909818493952,8814,0.0
/dev18500/demods/2/sample.dio,279909818552320,8815,0.0
/dev18500/demods/2/sample.dio,279909818610688,8816,3222274112.0
/dev18500/demods/2/sample.dio,279909818669056,8817,3221225664.0
/dev18500/demods/2/sample.dio,279909818727424,8818,1073750016.0
/dev18500/demods/2/sample.dio,279909818785792,8819,0.0
/dev18500/demods/2/sample.dio,279909818844160,8820,16384.0
/dev18500/demods/2/sample.dio,279909818902528,8821,3222274112.0
/dev18500/demods/2/sample.dio,279909818960896,8822,1073750208.0
/dev18500/demods/2/sample.dio,279909819019264,8823,1073741824.0
/dev18500/demods/2/sample.dio,279909819077632,8824,0.0
/dev18500/demods/2/sample.dio,279909819136000,8825,0.0
/dev18500/demods/2/sample.dio,279909819194368,8826,3222274240.0
/dev18500/demods/2/sample.dio,279909819252736,8827,1073742016.0
/dev18500/demods/2/sample.dio,279909819311104,8828,0.0
/dev18500/demods/2/sample.dio,279909819369472,8829,0.0
/dev18500/demods/2/sample.dio,279909819427840,8830,1048576.0
/dev18500/demods/2/sample.dio,279909819486208,8831,3222274240.0
/dev18500/demods/2/sample.dio,279909819544576,8832,1073741824.0
/dev18500/demods/2/sample.dio,279909819602944,8833,0.0
/dev18500/demods/2/sample.dio,279909819661312,8834,0.0
/dev18500/demods/2/sample.dio,279909819719680,8835,0.0
/dev18500/demods/2/sample.dio,279909819778048,8836,3221225664.0
/dev18500/demods/2/sample.dio,279909819836416,8837,1073741824.0
/dev18500/demods/2/sample.dio,279909819894784,8838,0.0
/dev18500/demods/2/sample.dio,279909819953152,8839,0.0
/dev18500/demods/2/sample.dio,279909820011520,8840,3222274048.0
/dev18500/demods/2/sample.dio,279909820069888,8841,3221225664.0
/dev18500/demods/2/sample.dio,279909820128256,8842,1073741824.0
/dev18500/demods/2/sample.dio,279909820186624,8843,0.0
/dev18500/demods/2/sample.dio,279909820244992,8844,0.0
/dev18500/demods/2/sample.dio,279909820303360,8845,3222274048.0
/dev18500/demods/2/sample.dio,279909820361728,8846,3221225664.0
/dev18500/demods/2/sample.dio,279909820420096,8847,1073741824.0
/dev18500/demods/2/sample.dio,279909820478464,8848,0.0
/dev18500/demods/2/sample.dio,279909820536832,8849,0.0
/dev18500/demods/2/sample.dio,279909820595200,8850,3222274240.0
/dev18500/demods/2/sample.dio,279909820653568,8851,3221225664.0
/dev18500/demods/2/sample.dio,279909820711936,8852,1073741824.0
/dev18500/demods/2/sample.dio,279909820770304,8853,0.0
/dev18500/demods/2/sample.dio,279909820828672,8854,0.0
/dev18500/demods/2/sample.dio,279909820887040,8855,3222274240.0
/dev18500/demods/2/sample.dio,279909820945408,8856,1073741888.0
/dev18500/demods/2/sample.dio,279909821003776,8857,1073741824.0
/dev18500/demods/2/sample.dio,279909821062144,8858,0.0
/dev18500/demods/2/sample.dio,279909821120512,8859,0.0
/dev18500/demods/2/sample.dio,279909821178880,8860,3221225664.0
/dev18500/demods/2/sample.dio,279909821237248,8861,1073742016.0
/dev18500/demods/2/sample.dio,279909821295616,8862,0.0
/dev18500/demods/2/sample.dio,279909821353984,8863,0.0
/dev18500/demods/2/sample.dio,279909821412352,8864,1074790400.0
/dev18500/demods/2/sample.dio,279909821470720,8865,3222274240.0
/dev18500/demods/2/sample.dio,279909821529088,8866,1073750016.0
/dev18500/demods/2/sample.dio,279909821587456,8867,0.0
/dev18500/demods/2/sample.dio,279909821645824,8868,0.0
/dev18500/demods/2/sample.dio,279909821704192,8869,1073741824.0
/dev18500/demods/2/sample.dio,279909821762560,8870,3221225664.0
/dev18500/demods/2/sample.dio,279909821820928,8871,1073741824.0
/dev18500/demods/2/sample.dio,279909821879296,8872,0.0
/dev18500/demods/2/sample.dio,279909821937664,8873,0.0
/dev18500/demods/2/sample.dio,279909821996032,8874,3222274112.0
/dev18500/demods/2/sample.dio,279909822054400,8875,3221225664.0
/dev18500/demods/2/sample.dio,279909822112768,8876,1073741824.0
/dev18500/demods/2/sample.dio,279909822171136,8877,0.0
/dev18500/demods/2/sample.dio,279909822229504,8878,0.0
/dev18500/demods/2/sample.dio,279909822287872,8879,3222274112.0
/dev18500/demods/2/sample.dio,279909822346240,8880,1073742016.0
/dev18500/demods/2/sample.dio,279909822404608,8881,1073741824.0
/dev18500/demods/2/sample.dio,279909822462976,8882,0.0
/dev18500/demods/2/sample.dio,279909822521344,8883,0.0
/dev18500/demods/2/sample.dio,279909822579712,8884,3222274240.0
/dev18500/demods/2/sample.dio,279909822638080,8885,3221225664.0
/dev18500/demods/2/sample.dio,279909822696448,8886,0.0
/dev18500/demods/2/sample.dio,279909822754816,8887,0.0
/dev18500/demods/2/sample.dio,279909822813184,8888,1048576.0
/dev18500/demods/2/sample.dio,279909822871552,8889,3222274240.0
/dev18500/demods/2/sample.dio,279909822929920,8890,1073741824.0
/dev18500/demods/2/sample.dio,279909822988288,8891,0.0
/dev18500/demods/2/sample.dio,279909823046656,8892,0.0
/dev18500/demods/2/sample.dio,279909823105024,8893,1048576.0
/dev18500/demods/2/sample.dio,279909823163392,8894,3221225664.0
/dev18500/demods/2/sample.dio,279909823221760,8895,1073741824.0
/dev18500/demods/2/sample.dio,279909823280128,8896,0.0
/dev18500/demods/2/sample.dio,279909823338496,8897,0.0
/dev18500/demods/2/sample.dio,279909823396864,8898,1074790400.0
/dev18500/demods/2/sample.dio,279909823455232,8899,3221225664.0
/dev18500/demods/2/sample.dio,279909823513600,8900,1073741824.0
/dev18500/demods/2/sample.dio,279909823571968,8901,0.0
/dev18500/demods/2/sample.dio,279909823630336,8902,0.0
/dev18500/demods/2/sample.dio,279909823688704,8903,3222290432.0
/dev18500/demods/2/sample.dio,279909823747072,8904,3221225664.0
/dev18500/demods/2/sample.dio,279909823805440,8905,1073741824.0
/dev18500/demods/2/sample.dio,279909823863808,8906,0.0
/dev18500/demods/2/sample.dio,279909823922176,8907,0.0
/dev18500/demods/2/sample.dio,279909823980544,8908,3222274240.0
/dev18500/demods/2/sample.dio,279909824038912,8909,3221225664.0
/dev18500/demods/2/sample.dio,279909824097280,8910,0.0
/dev18500/demods/2/sample.dio,279909824155648,8911,0.0
/dev18500/demods/2/sample.dio,279909824214016,8912,1064960.0
/dev18500/demods/2/sample.dio,279909824272384,8913,3222274112.0
/dev18500/demods/2/sample.dio,279909824330752,8914,1073741888.0
/dev18500/demods/2/sample.dio,279909824389120,8915,0.0
/dev18500/demods/2/sample.dio,279909824447488,8916,0.0
/dev18500/demods/2/sample.dio,279909824505856,8917,1048576.0
/dev18500/demods/2/sample.dio,279909824564224,8918,3222274240.0
/dev18500/demods/2/sample.dio,279909824622592,8919,1073741888.0
/dev18500/demods/2/sample.dio,279909824680960,8920,0.0
/dev18500/demods/2/sample.dio,279909824739328,8921,0.0
/dev18500/demods/2/sample.dio,279909824797696,8922,1073741824.0
/dev18500/demods/2/sample.dio,279909824856064,8923,3222274240.0
/dev18500/demods/2/sample.dio,279909824914432,8924,1073741824.0
/dev18500/demods/2/sample.dio,279909824972800,8925,0.0
/dev18500/demods/2/sample.dio,279909825031168,8926,0.0
/dev18500/demods/2/sample.dio,279909825089536,8927,1073758208.0
/dev18500/demods/2/sample.dio,279909825147904,8928,3221233856.0
/dev18500/demods/2/sample.dio,279909825206272,8929,1073741824.0
/dev18500/demods/2/sample.dio,279909825264640,8930,0.0
/dev18500/demods/2/sample.dio,279909825323008,8931,0.0
/dev18500/demods/2/sample.dio,279909825381376,8932,3222274240.0
/dev18500/demods/2/sample.dio,279909825439744,8933,3221225664.0
/dev18500/demods/2/sample.dio,279909825498112,8934,1073741824.0
/dev18500/demods/2/sample.dio,279909825556480,8935,0.0
/dev18500/demods/2/sample.dio,279909825614848,8936,0.0
/dev18500/demods/2/sample.dio,279909825673216,8937,3222274112.0
/dev18500/demods/2/sample.dio,279909825731584,8938,1073742016.0
/dev18500/demods/2/sample.dio,279909825789952,8939,1073741824.0
/dev18500/demods/2/sample.dio,279909825848320,8940,0.0
/dev18500/demods/2/sample.dio,279909825906688,8941,0.0
/dev18500/demods/2/sample.dio,279909825965056,8942,3222274240.0
/dev18500/demods/2/sample.dio,279909826023424,8943,1073742016.0
/dev18500/demods/2/sample.dio,279909826081792,8944,0.0
/dev18500/demods/2/sample.dio,279909826140160,8945,0.0
/dev18500/demods/2/sample.dio,279909826198528,8946,1048576.0
/dev18500/demods/2/sample.dio,279909826256896,8947,3222274240.0
/dev18500/demods/2/sample.dio,279909826315264,8948,1073741824.0
/dev18500/demods/2/sample.dio,279909826373632,8949,0.0
/dev18500/demods/2/sample.dio,279909826432000,8950,0.0
/dev18500/demods/2/sample.dio,279909826490368,8951,1048576.0
/dev18500/demods/2/sample.dio,279909826548736,8952,3221225664.0
/dev18500/demods/2/sample.dio,279909826607104,8953,1073742016.0
/dev18500/demods/2/sample.dio,279909826665472,8954,0.0
/dev18500/demods/2/sample.dio,279909826723840,8955,0.0
/dev18500/demods/2/sample.dio,279909826782208,8956,3222274048.0
/dev18500/demods/2/sample.dio,279909826840576,8957,3221225664.0
/dev18500/demods/2/sample.dio,279909826898944,8958,1073741824.0
/dev18500/demods/2/sample.dio,279909826957312,8959,0.0
/dev18500/demods/2/sample.dio,279909827015680,8960,0.0
/dev18500/demods/2/sample.dio,279909827074048,8961,3222274048.0
/dev18500/demods/2/sample.dio,279909827132416,8962,3221225664.0
/dev18500/demods/2/sample.dio,279909827190784,8963,1073741824.0
/dev18500/demods/2/sample.dio,279909827249152,8964,0.0
/dev18500/demods/2/sample.dio,279909827307520,8965,0.0
/dev18500/demods/2/sample.dio,279909827365888,8966,3222290624.0
/dev18500/demods/2/sample.dio,279909827424256,8967,3221225664.0
/dev18500/demods/2/sample.dio,279909827482624,8968,0.0
/dev18500/demods/2/sample.dio,279909827540992,8969,0.0
/dev18500/demods/2/sample.dio,279909827599360,8970,1048576.0
/dev18500/demods/2/sample.dio,279909827657728,8971,3222274240.0
/dev18500/demods/2/sample.dio,279909827716096,8972,1073741888.0
/dev18500/demods/2/sample.dio,279909827774464,8973,1073741824.0
/dev18500/demods/2/sample.dio,279909827832832,8974,0.0
/dev18500/demods/2/sample.dio,279909827891200,8975,0.0
/dev18500/demods/2/sample.dio,279909827949568,8976,3221225664.0
/dev18500/demods/2/sample.dio,279909828007936,8977,1073742016.0
/dev18500/demods/2/sample.dio,279909828066304,8978,0.0
/dev18500/demods/2/sample.dio,279909828124672,8979,0.0
/dev18500/demods/2/sample.dio,279909828183040,8980,1074790400.0
/dev18500/demods/2/sample.dio,279909828241408,8981,3221225664.0
/dev18500/demods/2/sample.dio,279909828299776,8982,1073741824.0
/dev18500/demods/2/sample.dio,279909828358144,8983,0.0
/dev18500/demods/2/sample.dio,279909828416512,8984,0.0
/dev18500/demods/2/sample.dio,279909828474880,8985,1074790400.0
/dev18500/demods/2/sample.dio,279909828533248,8986,3221233856.0
/dev18500/demods/2/sample.dio,279909828591616,8987,1073750016.0
/dev18500/demods/2/sample.dio,279909828649984,8988,0.0
/dev18500/demods/2/sample.dio,279909828708352,8989,0.0
/dev18500/demods/2/sample.dio,279909828766720,8990,3222274240.0
/dev18500/demods/2/sample.dio,279909828825088,8991,3221225664.0
/dev18500/demods/2/sample.dio,279909828883456,8992,1073741824.0
/dev18500/demods/2/sample.dio,279909828941824,8993,0.0
/dev18500/demods/2/sample.dio,279909829000192,8994,0.0
/dev18500/demods/2/sample.dio,279909829058560,8995,3222274048.0
/dev18500/demods/2/sample.dio,279909829116928,8996,1073742016.0
/dev18500/demods/2/sample.dio,279909829175296,8997,1073741824.0
/dev18500/demods/2/sample.dio,279909829233664,8998,0.0
/dev18500/demods/2/sample.dio,279909829292032,8999,0.0
/dev18500/demods/2/sample.dio,279909829350400,9000,3222274240.0
/dev18500/demods/2/sample.dio,279909829408768,9001,1073750208.0
/dev18500/demods/2/sample.dio,279909829467136,9002,0.0
/dev18500/demods/2/sample.dio,279909829525504,9003,0.0
/dev18500/demods/2/sample.dio,279909829583872,9004,1048576.0
/dev18500/demods/2/sample.dio,279909829642240,9005,3222274240.0
/dev18500/demods/2/sample.dio,279909829700608,9006,1073741824.0
/dev18500/demods/2/sample.dio,279909829758976,9007,0.0
/dev18500/demods/2/sample.dio,279909829817344,9008,0.0
/dev18500/demods/2/sample.dio,279909829875712,9009,1048576.0
/dev18500/demods/2/sample.dio,279909829934080,9010,3221225664.0
/dev18500/demods/2/sample.dio,279909829992448,9011,1073741824.0
/dev18500/demods/2/sample.dio,279909830050816,9012,0.0
/dev18500/demods/2/sample.dio,279909830109184,9013,0.0
/dev18500/demods/2/sample.dio,279909830167552,9014,3222274112.0
/dev18500/demods/2/sample.dio,279909830225920,9015,3221225664.0
/dev18500/demods/2/sample.dio,279909830284288,9016,1073741824.0
/dev18500/demods/2/sample.dio,279909830342656,9017,0.0
/dev18500/demods/2/sample.dio,279909830401024,9018,0.0
/dev18500/demods/2/sample.dio,279909830459392,9019,1074790400.0
/dev18500/demods/2/sample.dio,279909830517760,9020,3221225664.0
/dev18500/demods/2/sample.dio,279909830576128,9021,1073741824.0
/dev18500/demods/2/sample.dio,279909830634496,9022,0.0
/dev18500/demods/2/sample.dio,279909830692864,9023,0.0
/dev18500/demods/2/sample.dio,279909830751232,9024,3222274240.0
/dev18500/demods/2/sample.dio,279909830809600,9025,3221225664.0
/dev18500/demods/2/sample.dio,279909830867968,9026,1073741824.0
/dev18500/demods/2/sample.dio,279909830926336,9027,0.0
/dev18500/demods/2/sample.dio,279909830984704,9028,0.0
/dev18500/demods/2/sample.dio,279909831043072,9029,3222274240.0
/dev18500/demods/2/sample.dio,279909831101440,9030,1073741824.0
/dev18500/demods/2/sample.dio,279909831159808,9031,1073741824.0
/dev18500/demods/2/sample.dio,279909831218176,9032,0.0
/dev18500/demods/2/sample.dio,279909831276544,9033,1048576.0
/dev18500/demods/2/sample.dio,279909831334912,9034,3221225664.0
/dev18500/demods/2/sample.dio,279909831393280,9035,1073742016.0
/dev18500/demods/2/sample.dio,279909831451648,9036,0.0
/dev18500/demods/2/sample.dio,279909831510016,9037,0.0
/dev18500/demods/2/sample.dio,279909831568384,9038,3222274048.0
/dev18500/demods/2/sample.dio,279909831626752,9039,3221225664.0
/dev18500/demods/2/sample.dio,279909831685120,9040,1073741824.0
/dev18500/demods/2/sample.dio,279909831743488,9041,0.0
/dev18500/demods/2/sample.dio,279909831801856,9042,0.0
/dev18500/demods/2/sample.dio,279909831860224,9043,3221225472.0
/dev18500/demods/2/sample.dio,279909831918592,9044,3221225664.0
/dev18500/demods/2/sample.dio,279909831976960,9045,1073741824.0
/dev18500/demods/2/sample.dio,279909832035328,9046,0.0
/dev18500/demods/2/sample.dio,279909832093696,9047,16384.0
/dev18500/demods/2/sample.dio,279909832152064,9048,3221225536.0
/dev18500/demods/2/sample.dio,279909832210432,9049,3221233856.0
/dev18500/demods/2/sample.dio,279909832268800,9050,1073741824.0
/dev18500/demods/2/sample.dio,279909832327168,9051,0.0
/dev18500/demods/2/sample.dio,279909832385536,9052,0.0
/dev18500/demods/2/sample.dio,279909832443904,9053,3221225536.0
/dev18500/demods/2/sample.dio,279909832502272,9054,1073742016.0
/dev18500/demods/2/sample.dio,279909832560640,9055,1073741824.0
/dev18500/demods/2/sample.dio,279909832619008,9056,0.0
/dev18500/demods/2/sample.dio,279909832677376,9057,0.0
/dev18500/demods/2/sample.dio,279909832735744,9058,3222274240.0
/dev18500/demods/2/sample.dio,279909832794112,9059,3221225664.0
/dev18500/demods/2/sample.dio,279909832852480,9060,8192.0
/dev18500/demods/2/sample.dio,279909832910848,9061,0.0
/dev18500/demods/2/sample.dio,279909832969216,9062,1048576.0
/dev18500/demods/2/sample.dio,279909833027584,9063,3222274240.0
/dev18500/demods/2/sample.dio,279909833085952,9064,1073750016.0
/dev18500/demods/2/sample.dio,279909833144320,9065,0.0
/dev18500/demods/2/sample.dio,279909833202688,9066,0.0
/dev18500/demods/2/sample.dio,279909833261056,9067,16384.0
/dev18500/demods/2/sample.dio,279909833319424,9068,3221225664.0
/dev18500/demods/2/sample.dio,279909833377792,9069,1073741824.0
/dev18500/demods/2/sample.dio,279909833436160,9070,0.0
/dev18500/demods/2/sample.dio,279909833494528,9071,0.0
/dev18500/demods/2/sample.dio,279909833552896,9072,3222274112.0
/dev18500/demods/2/sample.dio,279909833611264,9073,3221225664.0
/dev18500/demods/2/sample.dio,279909833669632,9074,1073741824.0
/dev18500/demods/2/sample.dio,279909833728000,9075,0.0
/dev18500/demods/2/sample.dio,279909833786368,9076,0.0
/dev18500/demods/2/sample.dio,279909833844736,9077,3222274112.0
/dev18500/demods/2/sample.dio,279909833903104,9078,3221225664.0
/dev18500/demods/2/sample.dio,279909833961472,9079,1073741824.0
/dev18500/demods/2/sample.dio,279909834019840,9080,0.0
/dev18500/demods/2/sample.dio,279909834078208,9081,0.0
/dev18500/demods/2/sample.dio,279909834136576,9082,3222274240.0
/dev18500/demods/2/sample.dio,279909834194944,9083,3221225664.0
/dev18500/demods/2/sample.dio,279909834253312,9084,1073741824.0
/dev18500/demods/2/sample.dio,279909834311680,9085,0.0
/dev18500/demods/2/sample.dio,279909834370048,9086,0.0
/dev18500/demods/2/sample.dio,279909834428416,9087,3222274240.0
/dev18500/demods/2/sample.dio,279909834486784,9088,1073741824.0
/dev18500/demods/2/sample.dio,279909834545152,9089,0.0
/dev18500/demods/2/sample.dio,279909834603520,9090,0.0
/dev18500/demods/2/sample.dio,279909834661888,9091,1048576.0
/dev18500/demods/2/sample.dio,279909834720256,9092,3221225664.0
/dev18500/demods/2/sample.dio,279909834778624,9093,1073741888.0
/dev18500/demods/2/sample.dio,279909834836992,9094,0.0
/dev18500/demods/2/sample.dio,279909834895360,9095,0.0
/dev18500/demods/2/sample.dio,279909834953728,9096,3222274048.0
/dev18500/demods/2/sample.dio,279909835012096,9097,3222274240.0
/dev18500/demods/2/sample.dio,279909835070464,9098,1073741824.0
/dev18500/demods/2/sample.dio,279909835128832,9099,0.0
/dev18500/demods/2/sample.dio,279909835187200,9100,0.0
/dev18500/demods/2/sample.dio,279909835245568,9101,3222290432.0
/dev18500/demods/2/sample.dio,279909835303936,9102,3221225664.0
/dev18500/demods/2/sample.dio,279909835362304,9103,1073750016.0
/dev18500/demods/2/sample.dio,279909835420672,9104,0.0
/dev18500/demods/2/sample.dio,279909835479040,9105,0.0
/dev18500/demods/2/sample.dio,279909835537408,9106,3222290624.0
/dev18500/demods/2/sample.dio,279909835595776,9107,3221225664.0
/dev18500/demods/2/sample.dio,279909835654144,9108,1073741824.0
/dev18500/demods/2/sample.dio,279909835712512,9109,0.0
/dev18500/demods/2/sample.dio,279909835770880,9110,1048576.0
/dev18500/demods/2/sample.dio,279909835829248,9111,3222274240.0
/dev18500/demods/2/sample.dio,279909835887616,9112,1073742016.0
/dev18500/demods/2/sample.dio,279909835945984,9113,1073741824.0
/dev18500/demods/2/sample.dio,279909836004352,9114,0.0
/dev18500/demods/2/sample.dio,279909836062720,9115,0.0
/dev18500/demods/2/sample.dio,279909836121088,9116,3222274240.0
/dev18500/demods/2/sample.dio,279909836179456,9117,3221225664.0
/dev18500/demods/2/sample.dio,279909836237824,9118,0.0
/dev18500/demods/2/sample.dio,279909836296192,9119,0.0
/dev18500/demods/2/sample.dio,279909836354560,9120,1048576.0
/dev18500/demods/2/sample.dio,279909836412928,9121,3222274240.0
/dev18500/demods/2/sample.dio,279909836471296,9122,1073750016.0
/dev18500/demods/2/sample.dio,279909836529664,9123,0.0
/dev18500/demods/2/sample.dio,279909836588032,9124,0.0
/dev18500/demods/2/sample.dio,279909836646400,9125,1048576.0
/dev18500/demods/2/sample.dio,279909836704768,9126,3221225664.0
/dev18500/demods/2/sample.dio,279909836763136,9127,1073741824.0
/dev18500/demods/2/sample.dio,279909836821504,9128,0.0
/dev18500/demods/2/sample.dio,279909836879872,9129,0.0
/dev18500/demods/2/sample.dio,279909836938240,9130,3222274240.0
/dev18500/demods/2/sample.dio,279909836996608,9131,3221225664.0
/dev18500/demods/2/sample.dio,279909837054976,9132,1073741824.0
/dev18500/demods/2/sample.dio,279909837113344,9133,0.0
/dev18500/demods/2/sample.dio,279909837171712,9134,0.0
/dev18500/demods/2/sample.dio,279909837230080,9135,3222274048.0
/dev18500/demods/2/sample.dio,279909837288448,9136,3221225664.0
/dev18500/demods/2/sample.dio,279909837346816,9137,1073741824.0
/dev18500/demods/2/sample.dio,279909837405184,9138,0.0
/dev18500/demods/2/sample.dio,279909837463552,9139,0.0
/dev18500/demods/2/sample.dio,279909837521920,9140,3222274240.0
/dev18500/demods/2/sample.dio,279909837580288,9141,3221225664.0
/dev18500/demods/2/sample.dio,279909837638656,9142,0.0
/dev18500/demods/2/sample.dio,279909837697024,9143,0.0
/dev18500/demods/2/sample.dio,279909837755392,9144,0.0
/dev18500/demods/2/sample.dio,279909837813760,9145,3221225664.0
/dev18500/demods/2/sample.dio,279909837872128,9146,1073741888.0
/dev18500/demods/2/sample.dio,279909837930496,9147,0.0
/dev18500/demods/2/sample.dio,279909837988864,9148,0.0
/dev18500/demods/2/sample.dio,279909838047232,9149,0.0
/dev18500/demods/2/sample.dio,279909838105600,9150,3221225664.0
/dev18500/demods/2/sample.dio,279909838163968,9151,1073741888.0
/dev18500/demods/2/sample.dio,279909838222336,9152,0.0
/dev18500/demods/2/sample.dio,279909838280704,9153,0.0
/dev18500/demods/2/sample.dio,279909838339072,9154,3222290432.0
/dev18500/demods/2/sample.dio,279909838397440,9155,3222274240.0
/dev18500/demods/2/sample.dio,279909838455808,9156,1073741824.0
/dev18500/demods/2/sample.dio,279909838514176,9157,0.0
/dev18500/demods/2/sample.dio,279909838572544,9158,0.0
/dev18500/demods/2/sample.dio,279909838630912,9159,3221225472.0
/dev18500/demods/2/sample.dio,279909838689280,9160,3221225664.0
/dev18500/demods/2/sample.dio,279909838747648,9161,1073741824.0
/dev18500/demods/2/sample.dio,279909838806016,9162,0.0
/dev18500/demods/2/sample.dio,279909838864384,9163,0.0
/dev18500/demods/2/sample.dio,279909838922752,9164,3222274112.0
/dev18500/demods/2/sample.dio,279909838981120,9165,3221233856.0
/dev18500/demods/2/sample.dio,279909839039488,9166,1073750016.0
/dev18500/demods/2/sample.dio,279909839097856,9167,0.0
/dev18500/demods/2/sample.dio,279909839156224,9168,0.0
/dev18500/demods/2/sample.dio,279909839214592,9169,3221225664.0
/dev18500/demods/2/sample.dio,279909839272960,9170,1073750080.0
/dev18500/demods/2/sample.dio,279909839331328,9171,1073750016.0
/dev18500/demods/2/sample.dio,279909839389696,9172,0.0
/dev18500/demods/2/sample.dio,279909839448064,9173,0.0
/dev18500/demods/2/sample.dio,279909839506432,9174,3221225664.0
/dev18500/demods/2/sample.dio,279909839564800,9175,1073742016.0
/dev18500/demods/2/sample.dio,279909839623168,9176,0.0
/dev18500/demods/2/sample.dio,279909839681536,9177,0.0
/dev18500/demods/2/sample.dio,279909839739904,9178,1074790400.0
/dev18500/demods/2/sample.dio,279909839798272,9179,3222274240.0
/dev18500/demods/2/sample.dio,279909839856640,9180,1073741824.0
/dev18500/demods/2/sample.dio,279909839915008,9181,0.0
/dev18500/demods/2/sample.dio,279909839973376,9182,0.0
/dev18500/demods/2/sample.dio,279909840031744,9183,1074790400.0
/dev18500/demods/2/sample.dio,279909840090112,9184,3221225664.0
/dev18500/demods/2/sample.dio,279909840148480,9185,1073741824.0
/dev18500/demods/2/sample.dio,279909840206848,9186,0.0
/dev18500/demods/2/sample.dio,279909840265216,9187,0.0
/dev18500/demods/2/sample.dio,279909840323584,9188,3222274240.0
/dev18500/demods/2/sample.dio,279909840381952,9189,3221225664.0
/dev18500/demods/2/sample.dio,279909840440320,9190,1073741824.0
/dev18500/demods/2/sample.dio,279909840498688,9191,0.0
/dev18500/demods/2/sample.dio,279909840557056,9192,0.0
/dev18500/demods/2/sample.dio,279909840615424,9193,3222274112.0
/dev18500/demods/2/sample.dio,279909840673792,9194,1073742016.0
/dev18500/demods/2/sample.dio,279909840732160,9195,1073741824.0
/dev18500/demods/2/sample.dio,279909840790528,9196,0.0
/dev18500/demods/2/sample.dio,279909840848896,9197,0.0
/dev18500/demods/2/sample.dio,279909840907264,9198,3222274240.0
/dev18500/demods/2/sample.dio,279909840965632,9199,1073742016.0
/dev18500/demods/2/sample.dio,279909841024000,9200,0.0
/dev18500/demods/2/sample.dio,279909841082368,9201,0.0
/dev18500/demods/2/sample.dio,279909841140736,9202,0.0
/dev18500/demods/2/sample.dio,279909841199104,9203,3222274240.0
/dev18500/demods/2/sample.dio,279909841257472,9204,1073741888.0
/dev18500/demods/2/sample.dio,279909841315840,9205,0.0
/dev18500/demods/2/sample.dio,279909841374208,9206,0.0
/dev18500/demods/2/sample.dio,279909841432576,9207,1048576.0
/dev18500/demods/2/sample.dio,279909841490944,9208,3221225664.0
/dev18500/demods/2/sample.dio,279909841549312,9209,1073741824.0
/dev18500/demods/2/sample.dio,279909841607680,9210,0.0
/dev18500/demods/2/sample.dio,279909841666048,9211,0.0
/dev18500/demods/2/sample.dio,279909841724416,9212,3222274112.0
/dev18500/demods/2/sample.dio,279909841782784,9213,3221225664.0
/dev18500/demods/2/sample.dio,279909841841152,9214,1073741824.0
/dev18500/demods/2/sample.dio,279909841899520,9215,0.0
/dev18500/demods/2/sample.dio,279909841957888,9216,0.0
/dev18500/demods/2/sample.dio,279909842016256,9217,3222274112.0
/dev18500/demods/2/sample.dio,279909842074624,9218,3221225664.0
/dev18500/demods/2/sample.dio,279909842132992,9219,1073741824.0
/dev18500/demods/2/sample.dio,279909842191360,9220,0.0
/dev18500/demods/2/sample.dio,279909842249728,9221,0.0
/dev18500/demods/2/sample.dio,279909842308096,9222,3222274240.0
/dev18500/demods/2/sample.dio,279909842366464,9223,3221225664.0
/dev18500/demods/2/sample.dio,279909842424832,9224,0.0
/dev18500/demods/2/sample.dio,279909842483200,9225,0.0
/dev18500/demods/2/sample.dio,279909842541568,9226,0.0
/dev18500/demods/2/sample.dio,279909842599936,9227,3221225664.0
/dev18500/demods/2/sample.dio,279909842658304,9228,1073750080.0
/dev18500/demods/2/sample.dio,279909842716672,9229,1073741824.0
/dev18500/demods/2/sample.dio,279909842775040,9230,0.0
/dev18500/demods/2/sample.dio,279909842833408,9231,0.0
/dev18500/demods/2/sample.dio,279909842891776,9232,3221225664.0
/dev18500/demods/2/sample.dio,279909842950144,9233,1073742016.0
/dev18500/demods/2/sample.dio,279909843008512,9234,0.0
/dev18500/demods/2/sample.dio,279909843066880,9235,0.0
/dev18500/demods/2/sample.dio,279909843125248,9236,3222274048.0
/dev18500/demods/2/sample.dio,279909843183616,9237,3222274240.0
/dev18500/demods/2/sample.dio,279909843241984,9238,1073741824.0
/dev18500/demods/2/sample.dio,279909843300352,9239,0.0
/dev18500/demods/2/sample.dio,279909843358720,9240,0.0
/dev18500/demods/2/sample.dio,279909843417088,9241,1074790400.0
/dev18500/demods/2/sample.dio,279909843475456,9242,3221225664.0
/dev18500/demods/2/sample.dio,279909843533824,9243,1073750016.0
/dev18500/demods/2/sample.dio,279909843592192,9244,0.0
/dev18500/demods/2/sample.dio,279909843650560,9245,0.0
/dev18500/demods/2/sample.dio,279909843708928,9246,3221225664.0
/dev18500/demods/2/sample.dio,279909843767296,9247,3221225664.0
/dev18500/demods/2/sample.dio,279909843825664,9248,1073741824.0
/dev18500/demods/2/sample.dio,279909843884032,9249,0.0
/dev18500/demods/2/sample.dio,279909843942400,9250,0.0
/dev18500/demods/2/sample.dio,279909844000768,9251,3222274240.0
/dev18500/demods/2/sample.dio,279909844059136,9252,1073742016.0
/dev18500/demods/2/sample.dio,279909844117504,9253,1073741824.0
/dev18500/demods/2/sample.dio,279909844175872,9254,0.0
/dev18500/demods/2/sample.dio,279909844234240,9255,0.0
/dev18500/demods/2/sample.dio,279909844292608,9256,3222274240.0
/dev18500/demods/2/sample.dio,279909844350976,9257,1073742016.0
/dev18500/demods/2/sample.dio,279909844409344,9258,0.0
/dev18500/demods/2/sample.dio,279909844467712,9259,0.0
/dev18500/demods/2/sample.dio,279909844526080,9260,0.0
/dev18500/demods/2/sample.dio,279909844584448,9261,3222274240.0
/dev18500/demods/2/sample.dio,279909844642816,9262,1073741824.0
/dev18500/demods/2/sample.dio,279909844701184,9263,0.0
/dev18500/demods/2/sample.dio,279909844759552,9264,0.0
/dev18500/demods/2/sample.dio,279909844817920,9265,0.0
/dev18500/demods/2/sample.dio,279909844876288,9266,3221225664.0
/dev18500/demods/2/sample.dio,279909844934656,9267,1073741824.0
/dev18500/demods/2/sample.dio,279909844993024,9268,0.0
/dev18500/demods/2/sample.dio,279909845051392,9269,0.0
/dev18500/demods/2/sample.dio,279909845109760,9270,3222274112.0
/dev18500/demods/2/sample.dio,279909845168128,9271,3221225664.0
/dev18500/demods/2/sample.dio,279909845226496,9272,1073741824.0
/dev18500/demods/2/sample.dio,279909845284864,9273,0.0
/dev18500/demods/2/sample.dio,279909845343232,9274,0.0
/dev18500/demods/2/sample.dio,279909845401600,9275,3222274048.0
/dev18500/demods/2/sample.dio,279909845459968,9276,3221225664.0
/dev18500/demods/2/sample.dio,279909845518336,9277,1073741824.0
/dev18500/demods/2/sample.dio,279909845576704,9278,0.0
/dev18500/demods/2/sample.dio,279909845635072,9279,0.0
/dev18500/demods/2/sample.dio,279909845693440,9280,3221225664.0
/dev18500/demods/2/sample.dio,279909845751808,9281,3221225664.0
/dev18500/demods/2/sample.dio,279909845810176,9282,0.0
/dev18500/demods/2/sample.dio,279909845868544,9283,0.0
/dev18500/demods/2/sample.dio,279909845926912,9284,1064960.0
/dev18500/demods/2/sample.dio,279909845985280,9285,3221242048.0
/dev18500/demods/2/sample.dio,279909846043648,9286,1073741888.0
/dev18500/demods/2/sample.dio,279909846102016,9287,1073741824.0
/dev18500/demods/2/sample.dio,279909846160384,9288,0.0
/dev18500/demods/2/sample.dio,279909846218752,9289,1048576.0
/dev18500/demods/2/sample.dio,279909846277120,9290,3221225664.0
/dev18500/demods/2/sample.dio,279909846335488,9291,1073741888.0
/dev18500/demods/2/sample.dio,279909846393856,9292,0.0
/dev18500/demods/2/sample.dio,279909846452224,9293,0.0
/dev18500/demods/2/sample.dio,279909846510592,9294,3222274048.0
/dev18500/demods/2/sample.dio,279909846568960,9295,3222274240.0
/dev18500/demods/2/sample.dio,279909846627328,9296,1073750016.0
/dev18500/demods/2/sample.dio,279909846685696,9297,0.0
/dev18500/demods/2/sample.dio,279909846744064,9298,0.0
/dev18500/demods/2/sample.dio,279909846802432,9299,3221225472.0
/dev18500/demods/2/sample.dio,279909846860800,9300,3221225664.0
/dev18500/demods/2/sample.dio,279909846919168,9301,1073741824.0
/dev18500/demods/2/sample.dio,279909846977536,9302,0.0
/dev18500/demods/2/sample.dio,279909847035904,9303,0.0
/dev18500/demods/2/sample.dio,279909847094272,9304,3221225664.0
/dev18500/demods/2/sample.dio,279909847152640,9305,3221225664.0
/dev18500/demods/2/sample.dio,279909847211008,9306,0.0
/dev18500/demods/2/sample.dio,279909847269376,9307,0.0
/dev18500/demods/2/sample.dio,279909847327744,9308,0.0
/dev18500/demods/2/sample.dio,279909847386112,9309,3222274112.0
/dev18500/demods/2/sample.dio,279909847444480,9310,1073742016.0
/dev18500/demods/2/sample.dio,279909847502848,9311,1073741824.0
/dev18500/demods/2/sample.dio,279909847561216,9312,0.0
/dev18500/demods/2/sample.dio,279909847619584,9313,0.0
/dev18500/demods/2/sample.dio,279909847677952,9314,3221225664.0
/dev18500/demods/2/sample.dio,279909847736320,9315,3221225664.0
/dev18500/demods/2/sample.dio,279909847794688,9316,0.0
/dev18500/demods/2/sample.dio,279909847853056,9317,0.0
/dev18500/demods/2/sample.dio,279909847911424,9318,1048576.0
/dev18500/demods/2/sample.dio,279909847969792,9319,3221225664.0
/dev18500/demods/2/sample.dio,279909848028160,9320,1073741824.0
/dev18500/demods/2/sample.dio,279909848086528,9321,0.0
/dev18500/demods/2/sample.dio,279909848144896,9322,0.0
/dev18500/demods/2/sample.dio,279909848203264,9323,1048576.0
/dev18500/demods/2/sample.dio,279909848261632,9324,3221225664.0
/dev18500/demods/2/sample.dio,279909848320000,9325,1073741824.0
/dev18500/demods/2/sample.dio,279909848378368,9326,0.0
/dev18500/demods/2/sample.dio,279909848436736,9327,0.0
/dev18500/demods/2/sample.dio,279909848495104,9328,3222274048.0
/dev18500/demods/2/sample.dio,279909848553472,9329,3221225664.0
/dev18500/demods/2/sample.dio,279909848611840,9330,1073741824.0
/dev18500/demods/2/sample.dio,279909848670208,9331,0.0
/dev18500/demods/2/sample.dio,279909848728576,9332,0.0
/dev18500/demods/2/sample.dio,279909848786944,9333,3222274048.0
/dev18500/demods/2/sample.dio,279909848845312,9334,1073742016.0
/dev18500/demods/2/sample.dio,279909848903680,9335,1073741824.0
/dev18500/demods/2/sample.dio,279909848962048,9336,0.0
/dev18500/demods/2/sample.dio,279909849020416,9337,0.0
/dev18500/demods/2/sample.dio,279909849078784,9338,3222274240.0
/dev18500/demods/2/sample.dio,279909849137152,9339,3221225664.0
/dev18500/demods/2/sample.dio,279909849195520,9340,0.0
/dev18500/demods/2/sample.dio,279909849253888,9341,0.0
/dev18500/demods/2/sample.dio,279909849312256,9342,1048576.0
/dev18500/demods/2/sample.dio,279909849370624,9343,3221225664.0
/dev18500/demods/2/sample.dio,279909849428992,9344,1073741824.0
/dev18500/demods/2/sample.dio,279909849487360,9345,0.0
/dev18500/demods/2/sample.dio,279909849545728,9346,0.0
/dev18500/demods/2/sample.dio,279909849604096,9347,1048576.0
/dev18500/demods/2/sample.dio,279909849662464,9348,3221225664.0
/dev18500/demods/2/sample.dio,279909849720832,9349,1073741888.0
/dev18500/demods/2/sample.dio,279909849779200,9350,0.0
/dev18500/demods/2/sample.dio,279909849837568,9351,0.0
/dev18500/demods/2/sample.dio,279909849895936,9352,1074790400.0
/dev18500/demods/2/sample.dio,279909849954304,9353,3221225664.0
/dev18500/demods/2/sample.dio,279909850012672,9354,1073741824.0
/dev18500/demods/2/sample.dio,279909850071040,9355,0.0
/dev18500/demods/2/sample.dio,279909850129408,9356,0.0
/dev18500/demods/2/sample.dio,279909850187776,9357,3222274048.0
/dev18500/demods/2/sample.dio,279909850246144,9358,3221225664.0
/dev18500/demods/2/sample.dio,279909850304512,9359,1073750016.0
/dev18500/demods/2/sample.dio,279909850362880,9360,0.0
/dev18500/demods/2/sample.dio,279909850421248,9361,0.0
/dev18500/demods/2/sample.dio,279909850479616,9362,3222274240.0
/dev18500/demods/2/sample.dio,279909850537984,9363,3221225664.0
/dev18500/demods/2/sample.dio,279909850596352,9364,1073741824.0
/dev18500/demods/2/sample.dio,279909850654720,9365,0.0
/dev18500/demods/2/sample.dio,279909850713088,9366,1048576.0
/dev18500/demods/2/sample.dio,279909850771456,9367,3222290624.0
/dev18500/demods/2/sample.dio,279909850829824,9368,1073742016.0
/dev18500/demods/2/sample.dio,279909850888192,9369,1073741824.0
/dev18500/demods/2/sample.dio,279909850946560,9370,0.0
/dev18500/demods/2/sample.dio,279909851004928,9371,0.0
/dev18500/demods/2/sample.dio,279909851063296,9372,3221225664.0
/dev18500/demods/2/sample.dio,279909851121664,9373,1073742016.0
/dev18500/demods/2/sample.dio,279909851180032,9374,0.0
/dev18500/demods/2/sample.dio,279909851238400,9375,0.0
/dev18500/demods/2/sample.dio,279909851296768,9376,1074790400.0
/dev18500/demods/2/sample.dio,279909851355136,9377,3222274240.0
/dev18500/demods/2/sample.dio,279909851413504,9378,1073741824.0
/dev18500/demods/2/sample.dio,279909851471872,9379,0.0
/dev18500/demods/2/sample.dio,279909851530240,9380,0.0
/dev18500/demods/2/sample.dio,279909851588608,9381,1048576.0
/dev18500/demods/2/sample.dio,279909851646976,9382,3221225664.0
/dev18500/demods/2/sample.dio,279909851705344,9383,1073741888.0
/dev18500/demods/2/sample.dio,279909851763712,9384,0.0
/dev18500/demods/2/sample.dio,279909851822080,9385,0.0
/dev18500/demods/2/sample.dio,279909851880448,9386,3222274112.0
/dev18500/demods/2/sample.dio,279909851938816,9387,3221233856.0
/dev18500/demods/2/sample.dio,279909851997184,9388,1073741824.0
/dev18500/demods/2/sample.dio,279909852055552,9389,0.0
/dev18500/demods/2/sample.dio,279909852113920,9390,0.0
/dev18500/demods/2/sample.dio,279909852172288,9391,3222274112.0
/dev18500/demods/2/sample.dio,279909852230656,9392,3221225664.0
/dev18500/demods/2/sample.dio,279909852289024,9393,1073741824.0
/dev18500/demods/2/sample.dio,279909852347392,9394,0.0
/dev18500/demods/2/sample.dio,279909852405760,9395,0.0
/dev18500/demods/2/sample.dio,279909852464128,9396,3222274240.0
/dev18500/demods/2/sample.dio,279909852522496,9397,3221225664.0
/dev18500/demods/2/sample.dio,279909852580864,9398,0.0
/dev18500/demods/2/sample.dio,279909852639232,9399,0.0
/dev18500/demods/2/sample.dio,279909852697600,9400,1048576.0
/dev18500/demods/2/sample.dio,279909852755968,9401,3221225664.0
/dev18500/demods/2/sample.dio,279909852814336,9402,1073741888.0
/dev18500/demods/2/sample.dio,279909852872704,9403,0.0
/dev18500/demods/2/sample.dio,279909852931072,9404,0.0
/dev18500/demods/2/sample.dio,279909852989440,9405,0.0
/dev18500/demods/2/sample.dio,279909853047808,9406,3221225664.0
/dev18500/demods/2/sample.dio,279909853106176,9407,1073750080.0
/dev18500/demods/2/sample.dio,279909853164544,9408,0.0
/dev18500/demods/2/sample.dio,279909853222912,9409,0.0
/dev18500/demods/2/sample.dio,279909853281280,9410,3222290432.0
/dev18500/demods/2/sample.dio,279909853339648,9411,3221225664.0
/dev18500/demods/2/sample.dio,279909853398016,9412,1073741824.0
/dev18500/demods/2/sample.dio,279909853456384,9413,0.0
/dev18500/demods/2/sample.dio,279909853514752,9414,0.0
/dev18500/demods/2/sample.dio,279909853573120,9415,3222274048.0
/dev18500/demods/2/sample.dio,279909853631488,9416,3221225664.0
/dev18500/demods/2/sample.dio,279909853689856,9417,1073741824.0
/dev18500/demods/2/sample.dio,279909853748224,9418,0.0
/dev18500/demods/2/sample.dio,279909853806592,9419,0.0
/dev18500/demods/2/sample.dio,279909853864960,9420,3222274240.0
/dev18500/demods/2/sample.dio,279909853923328,9421,3221225664.0
/dev18500/demods/2/sample.dio,279909853981696,9422,8192.0
/dev18500/demods/2/sample.dio,279909854040064,9423,0.0
/dev18500/demods/2/sample.dio,279909854098432,9424,1064960.0
/dev18500/demods/2/sample.dio,279909854156800,9425,3222274112.0
/dev18500/demods/2/sample.dio,279909854215168,9426,1073742016.0
/dev18500/demods/2/sample.dio,279909854273536,9427,1073741824.0
/dev18500/demods/2/sample.dio,279909854331904,9428,0.0
/dev18500/demods/2/sample.dio,279909854390272,9429,0.0
/dev18500/demods/2/sample.dio,279909854448640,9430,3222274240.0
/dev18500/demods/2/sample.dio,279909854507008,9431,1073741888.0
/dev18500/demods/2/sample.dio,279909854565376,9432,0.0
/dev18500/demods/2/sample.dio,279909854623744,9433,0.0
/dev18500/demods/2/sample.dio,279909854682112,9434,1074790400.0
/dev18500/demods/2/sample.dio,279909854740480,9435,3222290624.0
/dev18500/demods/2/sample.dio,279909854798848,9436,1073741824.0
/dev18500/demods/2/sample.dio,279909854857216,9437,0.0
/dev18500/demods/2/sample.dio,279909854915584,9438,0.0
/dev18500/demods/2/sample.dio,279909854973952,9439,1048576.0
/dev18500/demods/2/sample.dio,279909855032320,9440,3221225664.0
/dev18500/demods/2/sample.dio,279909855090688,9441,1073741824.0
/dev18500/demods/2/sample.dio,279909855149056,9442,0.0
/dev18500/demods/2/sample.dio,279909855207424,9443,0.0
/dev18500/demods/2/sample.dio,279909855265792,9444,3222290624.0
/dev18500/demods/2/sample.dio,279909855324160,9445,3221225664.0
/dev18500/demods/2/sample.dio,279909855382528,9446,1073741824.0
/dev18500/demods/2/sample.dio,279909855440896,9447,0.0
/dev18500/demods/2/sample.dio,279909855499264,9448,0.0
/dev18500/demods/2/sample.dio,279909855557632,9449,3222274048.0
/dev18500/demods/2/sample.dio,279909855616000,9450,1073742016.0
/dev18500/demods/2/sample.dio,279909855674368,9451,1073741824.0
/dev18500/demods/2/sample.dio,279909855732736,9452,0.0
/dev18500/demods/2/sample.dio,279909855791104,9453,0.0
/dev18500/demods/2/sample.dio,279909855849472,9454,3222274240.0
/dev18500/demods/2/sample.dio,279909855907840,9455,1073742016.0
/dev18500/demods/2/sample.dio,279909855966208,9456,0.0
/dev18500/demods/2/sample.dio,279909856024576,9457,0.0
/dev18500/demods/2/sample.dio,279909856082944,9458,0.0
/dev18500/demods/2/sample.dio,279909856141312,9459,3221225664.0
/dev18500/demods/2/sample.dio,279909856199680,9460,1073741824.0
/dev18500/demods/2/sample.dio,279909856258048,9461,0.0
/dev18500/demods/2/sample.dio,279909856316416,9462,0.0
/dev18500/demods/2/sample.dio,279909856374784,9463,0.0
/dev18500/demods/2/sample.dio,279909856433152,9464,3221225664.0
/dev18500/demods/2/sample.dio,279909856491520,9465,1073750080.0
/dev18500/demods/2/sample.dio,279909856549888,9466,0.0
/dev18500/demods/2/sample.dio,279909856608256,9467,0.0
/dev18500/demods/2/sample.dio,279909856666624,9468,3222290496.0
/dev18500/demods/2/sample.dio,279909856724992,9469,3221225664.0
/dev18500/demods/2/sample.dio,279909856783360,9470,1073741824.0
/dev18500/demods/2/sample.dio,279909856841728,9471,8192.0
/dev18500/demods/2/sample.dio,279909856900096,9472,0.0
/dev18500/demods/2/sample.dio,279909856958464,9473,3222274048.0
/dev18500/demods/2/sample.dio,279909857016832,9474,3221225664.0
/dev18500/demods/2/sample.dio,279909857075200,9475,1073741824.0
/dev18500/demods/2/sample.dio,279909857133568,9476,0.0
/dev18500/demods/2/sample.dio,279909857191936,9477,0.0
/dev18500/demods/2/sample.dio,279909857250304,9478,3221225664.0
/dev18500/demods/2/sample.dio,279909857308672,9479,3221225664.0
/dev18500/demods/2/sample.dio,279909857367040,9480,8192.0
/dev18500/demods/2/sample.dio,279909857425408,9481,0.0
/dev18500/demods/2/sample.dio,279909857483776,9482,1048576.0
/dev18500/demods/2/sample.dio,279909857542144,9483,3222274240.0
/dev18500/demods/2/sample.dio,279909857600512,9484,1073741888.0
/dev18500/demods/2/sample.dio,279909857658880,9485,1073741824.0
/dev18500/demods/2/sample.dio,279909857717248,9486,0.0
/dev18500/demods/2/sample.dio,279909857775616,9487,0.0
/dev18500/demods/2/sample.dio,279909857833984,9488,3222274240.0
/dev18500/demods/2/sample.dio,279909857892352,9489,1073742016.0
/dev18500/demods/2/sample.dio,279909857950720,9490,0.0
/dev18500/demods/2/sample.dio,279909858009088,9491,0.0
/dev18500/demods/2/sample.dio,279909858067456,9492,1073741824.0
/dev18500/demods/2/sample.dio,279909858125824,9493,3221225664.0
/dev18500/demods/2/sample.dio,279909858184192,9494,1073741824.0
/dev18500/demods/2/sample.dio,279909858242560,9495,0.0
/dev18500/demods/2/sample.dio,279909858300928,9496,0.0
/dev18500/demods/2/sample.dio,279909858359296,9497,0.0
/dev18500/demods/2/sample.dio,279909858417664,9498,3221225664.0
/dev18500/demods/2/sample.dio,279909858476032,9499,1073741824.0
/dev18500/demods/2/sample.dio,279909858534400,9500,0.0
/dev18500/demods/2/sample.dio,279909858592768,9501,0.0
/dev18500/demods/2/sample.dio,279909858651136,9502,3222274112.0
/dev18500/demods/2/sample.dio,279909858709504,9503,3221225664.0
/dev18500/demods/2/sample.dio,279909858767872,9504,1073741824.0
/dev18500/demods/2/sample.dio,279909858826240,9505,0.0
/dev18500/demods/2/sample.dio,279909858884608,9506,0.0
/dev18500/demods/2/sample.dio,279909858942976,9507,3222274048.0
/dev18500/demods/2/sample.dio,279909859001344,9508,1073742016.0
/dev18500/demods/2/sample.dio,279909859059712,9509,1073741824.0
/dev18500/demods/2/sample.dio,279909859118080,9510,0.0
/dev18500/demods/2/sample.dio,279909859176448,9511,0.0
/dev18500/demods/2/sample.dio,279909859234816,9512,3222274240.0
/dev18500/demods/2/sample.dio,279909859293184,9513,3221225664.0
/dev18500/demods/2/sample.dio,279909859351552,9514,0.0
/dev18500/demods/2/sample.dio,279909859409920,9515,0.0
/dev18500/demods/2/sample.dio,279909859468288,9516,1048576.0
/dev18500/demods/2/sample.dio,279909859526656,9517,3221225664.0
/dev18500/demods/2/sample.dio,279909859585024,9518,1073742016.0
/dev18500/demods/2/sample.dio,279909859643392,9519,0.0
/dev18500/demods/2/sample.dio,279909859701760,9520,0.0
/dev18500/demods/2/sample.dio,279909859760128,9521,1048576.0
/dev18500/demods/2/sample.dio,279909859818496,9522,3222274240.0
/dev18500/demods/2/sample.dio,279909859876864,9523,1073741888.0
/dev18500/demods/2/sample.dio,279909859935232,9524,0.0
/dev18500/demods/2/sample.dio,279909859993600,9525,0.0
/dev18500/demods/2/sample.dio,279909860051968,9526,1074790400.0
/dev18500/demods/2/sample.dio,279909860110336,9527,3221225664.0
/dev18500/demods/2/sample.dio,279909860168704,9528,1073741824.0
/dev18500/demods/2/sample.dio,279909860227072,9529,0.0
/dev18500/demods/2/sample.dio,279909860285440,9530,0.0
/dev18500/demods/2/sample.dio,279909860343808,9531,3221225472.0
/dev18500/demods/2/sample.dio,279909860402176,9532,3221225664.0
/dev18500/demods/2/sample.dio,279909860460544,9533,1073741824.0
/dev18500/demods/2/sample.dio,279909860518912,9534,0.0
/dev18500/demods/2/sample.dio,279909860577280,9535,0.0
/dev18500/demods/2/sample.dio,279909860635648,9536,3222274240.0
/dev18500/demods/2/sample.dio,279909860694016,9537,3221225664.0
/dev18500/demods/2/sample.dio,279909860752384,9538,1073741824.0
/dev18500/demods/2/sample.dio,279909860810752,9539,0.0
/dev18500/demods/2/sample.dio,279909860869120,9540,0.0
/dev18500/demods/2/sample.dio,279909860927488,9541,3222274240.0
/dev18500/demods/2/sample.dio,279909860985856,9542,1073742016.0
/dev18500/demods/2/sample.dio,279909861044224,9543,1073741824.0
/dev18500/demods/2/sample.dio,279909861102592,9544,0.0
/dev18500/demods/2/sample.dio,279909861160960,9545,0.0
/dev18500/demods/2/sample.dio,279909861219328,9546,3222274240.0
/dev18500/demods/2/sample.dio,279909861277696,9547,1073742016.0
/dev18500/demods/2/sample.dio,279909861336064,9548,0.0
/dev18500/demods/2/sample.dio,279909861394432,9549,0.0
/dev18500/demods/2/sample.dio,279909861452800,9550,1073741824.0
/dev18500/demods/2/sample.dio,279909861511168,9551,3222274240.0
/dev18500/demods/2/sample.dio,279909861569536,9552,1073741824.0
/dev18500/demods/2/sample.dio,279909861627904,9553,0.0
/dev18500/demods/2/sample.dio,279909861686272,9554,0.0
/dev18500/demods/2/sample.dio,279909861744640,9555,1048576.0
/dev18500/demods/2/sample.dio,279909861803008,9556,3221225664.0
/dev18500/demods/2/sample.dio,279909861861376,9557,1073741888.0
/dev18500/demods/2/sample.dio,279909861919744,9558,0.0
/dev18500/demods/2/sample.dio,279909861978112,9559,0.0
/dev18500/demods/2/sample.dio,279909862036480,9560,3222274112.0
/dev18500/demods/2/sample.dio,279909862094848,9561,3221225664.0
/dev18500/demods/2/sample.dio,279909862153216,9562,1073741824.0
/dev18500/demods/2/sample.dio,279909862211584,9563,0.0
/dev18500/demods/2/sample.dio,279909862269952,9564,0.0
/dev18500/demods/2/sample.dio,279909862328320,9565,3222274112.0
/dev18500/demods/2/sample.dio,279909862386688,9566,3221233856.0
/dev18500/demods/2/sample.dio,279909862445056,9567,1073741824.0
/dev18500/demods/2/sample.dio,279909862503424,9568,0.0
/dev18500/demods/2/sample.dio,279909862561792,9569,0.0
/dev18500/demods/2/sample.dio,279909862620160,9570,3222274240.0
/dev18500/demods/2/sample.dio,279909862678528,9571,3221225664.0
/dev18500/demods/2/sample.dio,279909862736896,9572,0.0
/dev18500/demods/2/sample.dio,279909862795264,9573,0.0
/dev18500/demods/2/sample.dio,279909862853632,9574,1048576.0
/dev18500/demods/2/sample.dio,279909862912000,9575,3222274240.0
/dev18500/demods/2/sample.dio,279909862970368,9576,1073741888.0
/dev18500/demods/2/sample.dio,279909863028736,9577,0.0
/dev18500/demods/2/sample.dio,279909863087104,9578,0.0
/dev18500/demods/2/sample.dio,279909863145472,9579,1048576.0
/dev18500/demods/2/sample.dio,279909863203840,9580,3221225664.0
/dev18500/demods/2/sample.dio,279909863262208,9581,1073750080.0
/dev18500/demods/2/sample.dio,279909863320576,9582,0.0
/dev18500/demods/2/sample.dio,279909863378944,9583,0.0
/dev18500/demods/2/sample.dio,279909863437312,9584,1048576.0
/dev18500/demods/2/sample.dio,279909863495680,9585,3221242048.0
/dev18500/demods/2/sample.dio,279909863554048,9586,1073741824.0
/dev18500/demods/2/sample.dio,279909863612416,9587,0.0
/dev18500/demods/2/sample.dio,279909863670784,9588,0.0
/dev18500/demods/2/sample.dio,279909863729152,9589,1074790400.0
/dev18500/demods/2/sample.dio,279909863787520,9590,3221233856.0
/dev18500/demods/2/sample.dio,279909863845888,9591,1073741824.0
/dev18500/demods/2/sample.dio,279909863904256,9592,0.0
/dev18500/demods/2/sample.dio,279909863962624,9593,0.0
/dev18500/demods/2/sample.dio,279909864020992,9594,3222274240.0
/dev18500/demods/2/sample.dio,279909864079360,9595,3221225664.0
/dev18500/demods/2/sample.dio,279909864137728,9596,1073741824.0
/dev18500/demods/2/sample.dio,279909864196096,9597,0.0
/dev18500/demods/2/sample.dio,279909864254464,9598,1048576.0
/dev18500/demods/2/sample.dio,279909864312832,9599,3222274240.0
/dev18500/demods/2/sample.dio,279909864371200,9600,1073742016.0
/dev18500/demods/2/sample.dio,279909864429568,9601,1073741824.0
/dev18500/demods/2/sample.dio,279909864487936,9602,0.0
/dev18500/demods/2/sample.dio,279909864546304,9603,0.0
/dev18500/demods/2/sample.dio,279909864604672,9604,3222290624.0
/dev18500/demods/2/sample.dio,279909864663040,9605,1073750208.0
/dev18500/demods/2/sample.dio,279909864721408,9606,0.0
/dev18500/demods/2/sample.dio,279909864779776,9607,0.0
/dev18500/demods/2/sample.dio,279909864838144,9608,1048576.0
/dev18500/demods/2/sample.dio,279909864896512,9609,3222274240.0
/dev18500/demods/2/sample.dio,279909864954880,9610,1073741824.0
/dev18500/demods/2/sample.dio,279909865013248,9611,0.0
/dev18500/demods/2/sample.dio,279909865071616,9612,0.0
/dev18500/demods/2/sample.dio,279909865129984,9613,1048576.0
/dev18500/demods/2/sample.dio,279909865188352,9614,3221225664.0
/dev18500/demods/2/sample.dio,279909865246720,9615,1073742016.0
/dev18500/demods/2/sample.dio,279909865305088,9616,0.0
/dev18500/demods/2/sample.dio,279909865363456,9617,0.0
/dev18500/demods/2/sample.dio,279909865421824,9618,3221225536.0
/dev18500/demods/2/sample.dio,279909865480192,9619,3221225664.0
/dev18500/demods/2/sample.dio,279909865538560,9620,1073741824.0
/dev18500/demods/2/sample.dio,279909865596928,9621,0.0
/dev18500/demods/2/sample.dio,279909865655296,9622,0.0
/dev18500/demods/2/sample.dio,279909865713664,9623,3222274048.0
/dev18500/demods/2/sample.dio,279909865772032,9624,3221225664.0
/dev18500/demods/2/sample.dio,279909865830400,9625,1073741824.0
/dev18500/demods/2/sample.dio,279909865888768,9626,0.0
/dev18500/demods/2/sample.dio,279909865947136,9627,0.0
/dev18500/demods/2/sample.dio,279909866005504,9628,3222274240.0
/dev18500/demods/2/sample.dio,279909866063872,9629,3221225664.0
/dev18500/demods/2/sample.dio,279909866122240,9630,0.0
/dev18500/demods/2/sample.dio,279909866180608,9631,0.0
/dev18500/demods/2/sample.dio,279909866238976,9632,1048576.0
/dev18500/demods/2/sample.dio,279909866297344,9633,3222274240.0
/dev18500/demods/2/sample.dio,279909866355712,9634,1073741888.0
/dev18500/demods/2/sample.dio,279909866414080,9635,0.0
/dev18500/demods/2/sample.dio,279909866472448,9636,0.0
/dev18500/demods/2/sample.dio,279909866530816,9637,0.0
/dev18500/demods/2/sample.dio,279909866589184,9638,3221225664.0
/dev18500/demods/2/sample.dio,279909866647552,9639,1073742016.0
/dev18500/demods/2/sample.dio,279909866705920,9640,0.0
/dev18500/demods/2/sample.dio,279909866764288,9641,0.0
/dev18500/demods/2/sample.dio,279909866822656,9642,3221225472.0
/dev18500/demods/2/sample.dio,279909866881024,9643,3221225664.0
/dev18500/demods/2/sample.dio,279909866939392,9644,1073741824.0
/dev18500/demods/2/sample.dio,279909866997760,9645,0.0
/dev18500/demods/2/sample.dio,279909867056128,9646,0.0
/dev18500/demods/2/sample.dio,279909867114496,9647,1073741824.0
/dev18500/demods/2/sample.dio,279909867172864,9648,3221233856.0
/dev18500/demods/2/sample.dio,279909867231232,9649,1073750016.0
/dev18500/demods/2/sample.dio,279909867289600,9650,0.0
/dev18500/demods/2/sample.dio,279909867347968,9651,0.0
/dev18500/demods/2/sample.dio,279909867406336,9652,3221225536.0
/dev18500/demods/2/sample.dio,279909867464704,9653,3221225664.0
/dev18500/demods/2/sample.dio,279909867523072,9654,1073741824.0
/dev18500/demods/2/sample.dio,279909867581440,9655,0.0
/dev18500/demods/2/sample.dio,279909867639808,9656,0.0
/dev18500/demods/2/sample.dio,279909867698176,9657,3222274112.0
/dev18500/demods/2/sample.dio,279909867756544,9658,1073742016.0
/dev18500/demods/2/sample.dio,279909867814912,9659,1073741824.0
/dev18500/demods/2/sample.dio,279909867873280,9660,0.0
/dev18500/demods/2/sample.dio,279909867931648,9661,0.0
/dev18500/demods/2/sample.dio,279909867990016,9662,3222274240.0
/dev18500/demods/2/sample.dio,279909868048384,9663,1073742016.0
/dev18500/demods/2/sample.dio,279909868106752,9664,8192.0
/dev18500/demods/2/sample.dio,279909868165120,9665,0.0
/dev18500/demods/2/sample.dio,279909868223488,9666,1048576.0
/dev18500/demods/2/sample.dio,279909868281856,9667,3222274240.0
/dev18500/demods/2/sample.dio,279909868340224,9668,1073741824.0
/dev18500/demods/2/sample.dio,279909868398592,9669,0.0
/dev18500/demods/2/sample.dio,279909868456960,9670,0.0
/dev18500/demods/2/sample.dio,279909868515328,9671,1048576.0
/dev18500/demods/2/sample.dio,279909868573696,9672,3221225664.0
/dev18500/demods/2/sample.dio,279909868632064,9673,1073741888.0
/dev18500/demods/2/sample.dio,279909868690432,9674,0.0
/dev18500/demods/2/sample.dio,279909868748800,9675,0.0
/dev18500/demods/2/sample.dio,279909868807168,9676,3222274112.0
/dev18500/demods/2/sample.dio,279909868865536,9677,3221225664.0
/dev18500/demods/2/sample.dio,279909868923904,9678,1073741824.0
/dev18500/demods/2/sample.dio,279909868982272,9679,0.0
/dev18500/demods/2/sample.dio,279909869040640,9680,0.0
/dev18500/demods/2/sample.dio,279909869099008,9681,3222274048.0
/dev18500/demods/2/sample.dio,279909869157376,9682,3221225664.0
/dev18500/demods/2/sample.dio,279909869215744,9683,1073741824.0
/dev18500/demods/2/sample.dio,279909869274112,9684,0.0
/dev18500/demods/2/sample.dio,279909869332480,9685,0.0
/dev18500/demods/2/sample.dio,279909869390848,9686,3222274240.0
/dev18500/demods/2/sample.dio,279909869449216,9687,3221225664.0
/dev18500/demods/2/sample.dio,279909869507584,9688,1073741824.0
/dev18500/demods/2/sample.dio,279909869565952,9689,0.0
/dev18500/demods/2/sample.dio,279909869624320,9690,0.0
/dev18500/demods/2/sample.dio,279909869682688,9691,3222274240.0
/dev18500/demods/2/sample.dio,279909869741056,9692,1073750080.0
/dev18500/demods/2/sample.dio,279909869799424,9693,1073741824.0
/dev18500/demods/2/sample.dio,279909869857792,9694,0.0
/dev18500/demods/2/sample.dio,279909869916160,9695,1048576.0
/dev18500/demods/2/sample.dio,279909869974528,9696,3221225664.0
/dev18500/demods/2/sample.dio,279909870032896,9697,3221225664.0
/dev18500/demods/2/sample.dio,279909870091264,9698,0.0
/dev18500/demods/2/sample.dio,279909870149632,9699,0.0
/dev18500/demods/2/sample.dio,279909870208000,9700,1074790400.0
/dev18500/demods/2/sample.dio,279909870266368,9701,3222274240.0
/dev18500/demods/2/sample.dio,279909870324736,9702,1073741824.0
/dev18500/demods/2/sample.dio,279909870383104,9703,0.0
/dev18500/demods/2/sample.dio,279909870441472,9704,0.0
/dev18500/demods/2/sample.dio,279909870499840,9705,1074790400.0
/dev18500/demods/2/sample.dio,279909870558208,9706,3221233856.0
/dev18500/demods/2/sample.dio,279909870616576,9707,1073741824.0
/dev18500/demods/2/sample.dio,279909870674944,9708,0.0
/dev18500/demods/2/sample.dio,279909870733312,9709,0.0
/dev18500/demods/2/sample.dio,279909870791680,9710,3221225536.0
/dev18500/demods/2/sample.dio,279909870850048,9711,3221225664.0
/dev18500/demods/2/sample.dio,279909870908416,9712,1073741824.0
/dev18500/demods/2/sample.dio,279909870966784,9713,0.0
/dev18500/demods/2/sample.dio,279909871025152,9714,0.0
/dev18500/demods/2/sample.dio,279909871083520,9715,3222274112.0
/dev18500/demods/2/sample.dio,279909871141888,9716,1073742016.0
/dev18500/demods/2/sample.dio,279909871200256,9717,1073741824.0
/dev18500/demods/2/sample.dio,279909871258624,9718,0.0
/dev18500/demods/2/sample.dio,279909871316992,9719,0.0
/dev18500/demods/2/sample.dio,279909871375360,9720,3222274240.0
/dev18500/demods/2/sample.dio,279909871433728,9721,3221225664.0
/dev18500/demods/2/sample.dio,279909871492096,9722,0.0
/dev18500/demods/2/sample.dio,279909871550464,9723,0.0
/dev18500/demods/2/sample.dio,279909871608832,9724,1048576.0
/dev18500/demods/2/sample.dio,279909871667200,9725,3222274240.0
/dev18500/demods/2/sample.dio,279909871725568,9726,1073741824.0
/dev18500/demods/2/sample.dio,279909871783936,9727,0.0
/dev18500/demods/2/sample.dio,279909871842304,9728,0.0
/dev18500/demods/2/sample.dio,279909871900672,9729,1048576.0
/dev18500/demods/2/sample.dio,279909871959040,9730,3221225664.0
/dev18500/demods/2/sample.dio,279909872017408,9731,1073741824.0
/dev18500/demods/2/sample.dio,279909872075776,9732,0.0
/dev18500/demods/2/sample.dio,279909872134144,9733,0.0
/dev18500/demods/2/sample.dio,279909872192512,9734,1074790400.0
/dev18500/demods/2/sample.dio,279909872250880,9735,3221225664.0
/dev18500/demods/2/sample.dio,279909872309248,9736,1073741824.0
/dev18500/demods/2/sample.dio,279909872367616,9737,0.0
/dev18500/demods/2/sample.dio,279909872425984,9738,0.0
/dev18500/demods/2/sample.dio,279909872484352,9739,3222274048.0
/dev18500/demods/2/sample.dio,279909872542720,9740,3221225664.0
/dev18500/demods/2/sample.dio,279909872601088,9741,1073741824.0
/dev18500/demods/2/sample.dio,279909872659456,9742,0.0
/dev18500/demods/2/sample.dio,279909872717824,9743,0.0
/dev18500/demods/2/sample.dio,279909872776192,9744,3222274240.0
/dev18500/demods/2/sample.dio,279909872834560,9745,3221225664.0
/dev18500/demods/2/sample.dio,279909872892928,9746,0.0
/dev18500/demods/2/sample.dio,279909872951296,9747,0.0
/dev18500/demods/2/sample.dio,279909873009664,9748,0.0
/dev18500/demods/2/sample.dio,279909873068032,9749,3222274112.0
/dev18500/demods/2/sample.dio,279909873126400,9750,1073741888.0
/dev18500/demods/2/sample.dio,279909873184768,9751,1073741824.0
/dev18500/demods/2/sample.dio,279909873243136,9752,0.0
/dev18500/demods/2/sample.dio,279909873301504,9753,0.0
/dev18500/demods/2/sample.dio,279909873359872,9754,3222274240.0
/dev18500/demods/2/sample.dio,279909873418240,9755,3221225664.0
/dev18500/demods/2/sample.dio,279909873476608,9756,0.0
/dev18500/demods/2/sample.dio,279909873534976,9757,0.0
/dev18500/demods/2/sample.dio,279909873593344,9758,1074790400.0
/dev18500/demods/2/sample.dio,279909873651712,9759,3222274240.0
/dev18500/demods/2/sample.dio,279909873710080,9760,1073741824.0
/dev18500/demods/2/sample.dio,279909873768448,9761,0.0
/dev18500/demods/2/sample.dio,279909873826816,9762,0.0
/dev18500/demods/2/sample.dio,279909873885184,9763,16384.0
/dev18500/demods/2/sample.dio,279909873943552,9764,3221233856.0
/dev18500/demods/2/sample.dio,279909874001920,9765,1073741824.0
/dev18500/demods/2/sample.dio,279909874060288,9766,0.0
/dev18500/demods/2/sample.dio,279909874118656,9767,0.0
/dev18500/demods/2/sample.dio,279909874177024,9768,3222274048.0
/dev18500/demods/2/sample.dio,279909874235392,9769,3221225664.0
/dev18500/demods/2/sample.dio,279909874293760,9770,1073741824.0
/dev18500/demods/2/sample.dio,279909874352128,9771,0.0
/dev18500/demods/2/sample.dio,279909874410496,9772,0.0
/dev18500/demods/2/sample.dio,279909874468864,9773,3222274112.0
/dev18500/demods/2/sample.dio,279909874527232,9774,3221225664.0
/dev18500/demods/2/sample.dio,279909874585600,9775,1073741824.0
/dev18500/demods/2/sample.dio,279909874643968,9776,0.0
/dev18500/demods/2/sample.dio,279909874702336,9777,0.0
/dev18500/demods/2/sample.dio,279909874760704,9778,3222274240.0
/dev18500/demods/2/sample.dio,279909874819072,9779,3221233856.0
/dev18500/demods/2/sample.dio,279909874877440,9780,0.0
/dev18500/demods/2/sample.dio,279909874935808,9781,0.0
/dev18500/demods/2/sample.dio,279909874994176,9782,1048576.0
/dev18500/demods/2/sample.dio,279909875052544,9783,3222274240.0
/dev18500/demods/2/sample.dio,279909875110912,9784,1073750016.0
/dev18500/demods/2/sample.dio,279909875169280,9785,0.0
/dev18500/demods/2/sample.dio,279909875227648,9786,0.0
/dev18500/demods/2/sample.dio,279909875286016,9787,1048576.0
/dev18500/demods/2/sample.dio,279909875344384,9788,3221225664.0
/dev18500/demods/2/sample.dio,279909875402752,9789,1073741824.0
/dev18500/demods/2/sample.dio,279909875461120,9790,0.0
/dev18500/demods/2/sample.dio,279909875519488,9791,0.0
/dev18500/demods/2/sample.dio,279909875577856,9792,1074790400.0
/dev18500/demods/2/sample.dio,279909875636224,9793,3221225664.0
/dev18500/demods/2/sample.dio,279909875694592,9794,1073741824.0
/dev18500/demods/2/sample.dio,279909875752960,9795,0.0
/dev18500/demods/2/sample.dio,279909875811328,9796,0.0
/dev18500/demods/2/sample.dio,279909875869696,9797,3222274048.0
/dev18500/demods/2/sample.dio,279909875928064,9798,3221225664.0
/dev18500/demods/2/sample.dio,279909875986432,9799,1073750016.0
/dev18500/demods/2/sample.dio,279909876044800,9800,0.0
/dev18500/demods/2/sample.dio,279909876103168,9801,0.0
/dev18500/demods/2/sample.dio,279909876161536,9802,3222274240.0
/dev18500/demods/2/sample.dio,279909876219904,9803,3221225664.0
/dev18500/demods/2/sample.dio,279909876278272,9804,0.0
/dev18500/demods/2/sample.dio,279909876336640,9805,0.0
/dev18500/demods/2/sample.dio,279909876395008,9806,0.0
/dev18500/demods/2/sample.dio,279909876453376,9807,3222274112.0
/dev18500/demods/2/sample.dio,279909876511744,9808,1073742016.0
/dev18500/demods/2/sample.dio,279909876570112,9809,0.0
/dev18500/demods/2/sample.dio,279909876628480,9810,0.0
/dev18500/demods/2/sample.dio,279909876686848,9811,0.0
/dev18500/demods/2/sample.dio,279909876745216,9812,3222274240.0
/dev18500/demods/2/sample.dio,279909876803584,9813,1073742016.0
/dev18500/demods/2/sample.dio,279909876861952,9814,0.0
/dev18500/demods/2/sample.dio,279909876920320,9815,0.0
/dev18500/demods/2/sample.dio,279909876978688,9816,1064960.0
/dev18500/demods/2/sample.dio,279909877037056,9817,3221225664.0
/dev18500/demods/2/sample.dio,279909877095424,9818,1073741824.0
/dev18500/demods/2/sample.dio,279909877153792,9819,0.0
/dev18500/demods/2/sample.dio,279909877212160,9820,0.0
/dev18500/demods/2/sample.dio,279909877270528,9821,1048576.0
/dev18500/demods/2/sample.dio,279909877328896,9822,3221225664.0
/dev18500/demods/2/sample.dio,279909877387264,9823,1073741824.0
/dev18500/demods/2/sample.dio,279909877445632,9824,0.0
/dev18500/demods/2/sample.dio,279909877504000,9825,0.0
/dev18500/demods/2/sample.dio,279909877562368,9826,3222290496.0
/dev18500/demods/2/sample.dio,279909877620736,9827,3221225664.0
/dev18500/demods/2/sample.dio,279909877679104,9828,1073741824.0
/dev18500/demods/2/sample.dio,279909877737472,9829,0.0
/dev18500/demods/2/sample.dio,279909877795840,9830,0.0
/dev18500/demods/2/sample.dio,279909877854208,9831,3221225536.0
/dev18500/demods/2/sample.dio,279909877912576,9832,3221233856.0
/dev18500/demods/2/sample.dio,279909877970944,9833,1073741824.0
/dev18500/demods/2/sample.dio,279909878029312,9834,0.0
/dev18500/demods/2/sample.dio,279909878087680,9835,0.0
/dev18500/demods/2/sample.dio,279909878146048,9836,3221225664.0
/dev18500/demods/2/sample.dio,279909878204416,9837,3221225664.0
/dev18500/demods/2/sample.dio,279909878262784,9838,0.0
/dev18500/demods/2/sample.dio,279909878321152,9839,0.0
/dev18500/demods/2/sample.dio,279909878379520,9840,0.0
/dev18500/demods/2/sample.dio,279909878437888,9841,3222274240.0
/dev18500/demods/2/sample.dio,279909878496256,9842,1073741824.0
/dev18500/demods/2/sample.dio,279909878554624,9843,8192.0
/dev18500/demods/2/sample.dio,279909878612992,9844,0.0
/dev18500/demods/2/sample.dio,279909878671360,9845,1048576.0
/dev18500/demods/2/sample.dio,279909878729728,9846,3221225664.0
/dev18500/demods/2/sample.dio,279909878788096,9847,1073742016.0
/dev18500/demods/2/sample.dio,279909878846464,9848,0.0
/dev18500/demods/2/sample.dio,279909878904832,9849,0.0
/dev18500/demods/2/sample.dio,279909878963200,9850,3221225472.0
/dev18500/demods/2/sample.dio,279909879021568,9851,3221225664.0
/dev18500/demods/2/sample.dio,279909879079936,9852,1073741824.0
/dev18500/demods/2/sample.dio,279909879138304,9853,0.0
/dev18500/demods/2/sample.dio,279909879196672,9854,0.0
/dev18500/demods/2/sample.dio,279909879255040,9855,3222274048.0
/dev18500/demods/2/sample.dio,279909879313408,9856,3221225664.0
/dev18500/demods/2/sample.dio,279909879371776,9857,1073741824.0
/dev18500/demods/2/sample.dio,279909879430144,9858,0.0
/dev18500/demods/2/sample.dio,279909879488512,9859,0.0
/dev18500/demods/2/sample.dio,279909879546880,9860,3222274240.0
/dev18500/demods/2/sample.dio,279909879605248,9861,3221225664.0
/dev18500/demods/2/sample.dio,279909879663616,9862,0.0
/dev18500/demods/2/sample.dio,279909879721984,9863,0.0
/dev18500/demods/2/sample.dio,279909879780352,9864,1048576.0
/dev18500/demods/2/sample.dio,279909879838720,9865,3222290624.0
/dev18500/demods/2/sample.dio,279909879897088,9866,1073741888.0
/dev18500/demods/2/sample.dio,279909879955456,9867,1073750016.0
/dev18500/demods/2/sample.dio,279909880013824,9868,0.0
/dev18500/demods/2/sample.dio,279909880072192,9869,1048576.0
/dev18500/demods/2/sample.dio,279909880130560,9870,3221225664.0
/dev18500/demods/2/sample.dio,279909880188928,9871,1073742016.0
/dev18500/demods/2/sample.dio,279909880247296,9872,0.0
/dev18500/demods/2/sample.dio,279909880305664,9873,0.0
/dev18500/demods/2/sample.dio,279909880364032,9874,1074790400.0
/dev18500/demods/2/sample.dio,279909880422400,9875,3222274240.0
/dev18500/demods/2/sample.dio,279909880480768,9876,1073741824.0
/dev18500/demods/2/sample.dio,279909880539136,9877,0.0
/dev18500/demods/2/sample.dio,279909880597504,9878,0.0
/dev18500/demods/2/sample.dio,279909880655872,9879,1074790400.0
/dev18500/demods/2/sample.dio,279909880714240,9880,3221225664.0
/dev18500/demods/2/sample.dio,279909880772608,9881,1073741824.0
/dev18500/demods/2/sample.dio,279909880830976,9882,0.0
/dev18500/demods/2/sample.dio,279909880889344,9883,0.0
/dev18500/demods/2/sample.dio,279909880947712,9884,3221242048.0
/dev18500/demods/2/sample.dio,279909881006080,9885,3221225664.0
/dev18500/demods/2/sample.dio,279909881064448,9886,1073741824.0
/dev18500/demods/2/sample.dio,279909881122816,9887,0.0
/dev18500/demods/2/sample.dio,279909881181184,9888,16384.0
/dev18500/demods/2/sample.dio,279909881239552,9889,3221241920.0
/dev18500/demods/2/sample.dio,279909881297920,9890,1073742016.0
/dev18500/demods/2/sample.dio,279909881356288,9891,1073750016.0
/dev18500/demods/2/sample.dio,279909881414656,9892,0.0
/dev18500/demods/2/sample.dio,279909881473024,9893,0.0
/dev18500/demods/2/sample.dio,279909881531392,9894,3222274240.0
/dev18500/demods/2/sample.dio,279909881589760,9895,3221233856.0
/dev18500/demods/2/sample.dio,279909881648128,9896,0.0
/dev18500/demods/2/sample.dio,279909881706496,9897,0.0
/dev18500/demods/2/sample.dio,279909881764864,9898,1048576.0
/dev18500/demods/2/sample.dio,279909881823232,9899,3222274240.0
/dev18500/demods/2/sample.dio,279909881881600,9900,1073741888.0
/dev18500/demods/2/sample.dio,279909881939968,9901,8192.0
/dev18500/demods/2/sample.dio,279909881998336,9902,0.0
/dev18500/demods/2/sample.dio,279909882056704,9903,1048576.0
/dev18500/demods/2/sample.dio,279909882115072,9904,3221225664.0
/dev18500/demods/2/sample.dio,279909882173440,9905,1073741824.0
/dev18500/demods/2/sample.dio,279909882231808,9906,0.0
/dev18500/demods/2/sample.dio,279909882290176,9907,0.0
/dev18500/demods/2/sample.dio,279909882348544,9908,3222274048.0
/dev18500/demods/2/sample.dio,279909882406912,9909,3221225664.0
/dev18500/demods/2/sample.dio,279909882465280,9910,1073741824.0
/dev18500/demods/2/sample.dio,279909882523648,9911,0.0
/dev18500/demods/2/sample.dio,279909882582016,9912,0.0
/dev18500/demods/2/sample.dio,279909882640384,9913,3222274048.0
/dev18500/demods/2/sample.dio,279909882698752,9914,3221225664.0
/dev18500/demods/2/sample.dio,279909882757120,9915,1073741824.0
/dev18500/demods/2/sample.dio,279909882815488,9916,0.0
/dev18500/demods/2/sample.dio,279909882873856,9917,0.0
/dev18500/demods/2/sample.dio,279909882932224,9918,3222274112.0
/dev18500/demods/2/sample.dio,279909882990592,9919,3221233856.0
/dev18500/demods/2/sample.dio,279909883048960,9920,0.0
/dev18500/demods/2/sample.dio,279909883107328,9921,0.0
/dev18500/demods/2/sample.dio,279909883165696,9922,1048576.0
/dev18500/demods/2/sample.dio,279909883224064,9923,3222274240.0
/dev18500/demods/2/sample.dio,279909883282432,9924,1073741888.0
/dev18500/demods/2/sample.dio,279909883340800,9925,1073741824.0
/dev18500/demods/2/sample.dio,279909883399168,9926,0.0
/dev18500/demods/2/sample.dio,279909883457536,9927,0.0
/dev18500/demods/2/sample.dio,279909883515904,9928,3221225664.0
/dev18500/demods/2/sample.dio,279909883574272,9929,3221225664.0
/dev18500/demods/2/sample.dio,279909883632640,9930,0.0
/dev18500/demods/2/sample.dio,279909883691008,9931,0.0
/dev18500/demods/2/sample.dio,279909883749376,9932,3222274048.0
/dev18500/demods/2/sample.dio,279909883807744,9933,3221225664.0
/dev18500/demods/2/sample.dio,279909883866112,9934,1073741824.0
/dev18500/demods/2/sample.dio,279909883924480,9935,0.0
/dev18500/demods/2/sample.dio,279909883982848,9936,0.0
/dev18500/demods/2/sample.dio,279909884041216,9937,3222274048.0
/dev18500/demods/2/sample.dio,279909884099584,9938,3221225664.0
/dev18500/demods/2/sample.dio,279909884157952,9939,1073741824.0
/dev18500/demods/2/sample.dio,279909884216320,9940,0.0
/dev18500/demods/2/sample.dio,279909884274688,9941,0.0
/dev18500/demods/2/sample.dio,279909884333056,9942,3221225664.0
/dev18500/demods/2/sample.dio,279909884391424,9943,3221225664.0
/dev18500/demods/2/sample.dio,279909884449792,9944,1073741824.0
/dev18500/demods/2/sample.dio,279909884508160,9945,0.0
/dev18500/demods/2/sample.dio,279909884566528,9946,1048576.0
/dev18500/demods/2/sample.dio,279909884624896,9947,3222274048.0
/dev18500/demods/2/sample.dio,279909884683264,9948,1073742016.0
/dev18500/demods/2/sample.dio,279909884741632,9949,1073741824.0
/dev18500/demods/2/sample.dio,279909884800000,9950,0.0
/dev18500/demods/2/sample.dio,279909884858368,9951,1048576.0
/dev18500/demods/2/sample.dio,279909884916736,9952,3222274240.0
/dev18500/demods/2/sample.dio,279909884975104,9953,1073742016.0
/dev18500/demods/2/sample.dio,279909885033472,9954,0.0
/dev18500/demods/2/sample.dio,279909885091840,9955,0.0
/dev18500/demods/2/sample.dio,279909885150208,9956,1048576.0
/dev18500/demods/2/sample.dio,279909885208576,9957,3222274240.0
/dev18500/demods/2/sample.dio,279909885266944,9958,1073741824.0
/dev18500/demods/2/sample.dio,279909885325312,9959,0.0
/dev18500/demods/2/sample.dio,279909885383680,9960,0.0
/dev18500/demods/2/sample.dio,279909885442048,9961,1048576.0
/dev18500/demods/2/sample.dio,279909885500416,9962,3221225664.0
/dev18500/demods/2/sample.dio,279909885558784,9963,1073741888.0
/dev18500/demods/2/sample.dio,279909885617152,9964,0.0
/dev18500/demods/2/sample.dio,279909885675520,9965,0.0
/dev18500/demods/2/sample.dio,279909885733888,9966,3222274112.0
/dev18500/demods/2/sample.dio,279909885792256,9967,3221225664.0
/dev18500/demods/2/sample.dio,279909885850624,9968,1073741824.0
/dev18500/demods/2/sample.dio,279909885908992,9969,0.0
/dev18500/demods/2/sample.dio,279909885967360,9970,0.0
/dev18500/demods/2/sample.dio,279909886025728,9971,3222274048.0
/dev18500/demods/2/sample.dio,279909886084096,9972,3221225664.0
/dev18500/demods/2/sample.dio,279909886142464,9973,1073741824.0
/dev18500/demods/2/sample.dio,279909886200832,9974,0.0
/dev18500/demods/2/sample.dio,279909886259200,9975,0.0
/dev18500/demods/2/sample.dio,279909886317568,9976,3221225664.0
/dev18500/demods/2/sample.dio,279909886375936,9977,3221225664.0
/dev18500/demods/2/sample.dio,279909886434304,9978,1073741824.0
/dev18500/demods/2/sample.dio,279909886492672,9979,0.0
/dev18500/demods/2/sample.dio,279909886551040,9980,0.0
/dev18500/demods/2/sample.dio,279909886609408,9981,3222274240.0
/dev18500/demods/2/sample.dio,279909886667776,9982,1073741888.0
/dev18500/demods/2/sample.dio,279909886726144,9983,0.0
/dev18500/demods/2/sample.dio,279909886784512,9984,0.0
/dev18500/demods/2/sample.dio,279909886842880,9985,1048576.0
/dev18500/demods/2/sample.dio,279909886901248,9986,3221225664.0
/dev18500/demods/2/sample.dio,279909886959616,9987,1073742016.0
/dev18500/demods/2/sample.dio,279909887017984,9988,0.0
/dev18500/demods/2/sample.dio,279909887076352,9989,0.0
/dev18500/demods/2/sample.dio,279909887134720,9990,3222274048.0
/dev18500/demods/2/sample.dio,279909887193088,9991,3221225664.0
/dev18500/demods/2/sample.dio,279909887251456,9992,1073741824.0
/dev18500/demods/2/sample.dio,279909887309824,9993,0.0
/dev18500/demods/2/sample.dio,279909887368192,9994,0.0
/dev18500/demods/2/sample.dio,279909887426560,9995,3222274048.0
/dev18500/demods/2/sample.dio,279909887484928,9996,3221225664.0
/dev18500/demods/2/sample.dio,279909887543296,9997,1073741824.0
/dev18500/demods/2/sample.dio,279909887601664,9998,0.0
/dev18500/demods/2/sample.dio,279909887660032,9999,0.0
/dev18500/demods/2/sample.dio,279909887718400,10000,3222274240.0
/dev18500/demods/2/sample.dio,279909887776768,10001,3221225664.0
/dev18500/demods/2/sample.dio,279909887835136,10002,0.0
/dev18500/demods/2/sample.dio,279909887893504,10003,0.0
/dev18500/demods/2/sample.dio,279909887951872,10004,1048576.0
/dev18500/demods/2/sample.dio,279909888010240,10005,3222290496.0
/dev18500/demods/2/sample.dio,279909888068608,10006,1073742016.0
/dev18500/demods/2/sample.dio,279909888126976,10007,1073750016.0
/dev18500/demods/2/sample.dio,279909888185344,10008,0.0
/dev18500/demods/2/sample.dio,279909888243712,10009,0.0
/dev18500/demods/2/sample.dio,279909888302080,10010,3221225664.0
/dev18500/demods/2/sample.dio,279909888360448,10011,3221225664.0
/dev18500/demods/2/sample.dio,279909888418816,10012,0.0
/dev18500/demods/2/sample.dio,279909888477184,10013,0.0
/dev18500/demods/2/sample.dio,279909888535552,10014,1048576.0
/dev18500/demods/2/sample.dio,279909888593920,10015,3222290624.0
/dev18500/demods/2/sample.dio,279909888652288,10016,1073741824.0
/dev18500/demods/2/sample.dio,279909888710656,10017,0.0
/dev18500/demods/2/sample.dio,279909888769024,10018,0.0
/dev18500/demods/2/sample.dio,279909888827392,10019,1048576.0
/dev18500/demods/2/sample.dio,279909888885760,10020,3221225664.0
/dev18500/demods/2/sample.dio,279909888944128,10021,1073741824.0
/dev18500/demods/2/sample.dio,279909889002496,10022,0.0
/dev18500/demods/2/sample.dio,279909889060864,10023,0.0
/dev18500/demods/2/sample.dio,279909889119232,10024,3222274240.0
/dev18500/demods/2/sample.dio,279909889177600,10025,3221225664.0
/dev18500/demods/2/sample.dio,279909889235968,10026,1073750016.0
/dev18500/demods/2/sample.dio,279909889294336,10027,0.0
/dev18500/demods/2/sample.dio,279909889352704,10028,16384.0
/dev18500/demods/2/sample.dio,279909889411072,10029,3222274048.0
/dev18500/demods/2/sample.dio,279909889469440,10030,1073742016.0
/dev18500/demods/2/sample.dio,279909889527808,10031,1073741824.0
/dev18500/demods/2/sample.dio,279909889586176,10032,0.0
/dev18500/demods/2/sample.dio,279909889644544,10033,0.0
/dev18500/demods/2/sample.dio,279909889702912,10034,3222274240.0
/dev18500/demods/2/sample.dio,279909889761280,10035,3221225664.0
/dev18500/demods/2/sample.dio,279909889819648,10036,0.0
/dev18500/demods/2/sample.dio,279909889878016,10037,0.0
/dev18500/demods/2/sample.dio,279909889936384,10038,1048576.0
/dev18500/demods/2/sample.dio,279909889994752,10039,3222274240.0
/dev18500/demods/2/sample.dio,279909890053120,10040,1073742016.0
/dev18500/demods/2/sample.dio,279909890111488,10041,8192.0
/dev18500/demods/2/sample.dio,279909890169856,10042,0.0
/dev18500/demods/2/sample.dio,279909890228224,10043,1048576.0
/dev18500/demods/2/sample.dio,279909890286592,10044,3221225664.0
/dev18500/demods/2/sample.dio,279909890344960,10045,1073741824.0
/dev18500/demods/2/sample.dio,279909890403328,10046,0.0
/dev18500/demods/2/sample.dio,279909890461696,10047,0.0
/dev18500/demods/2/sample.dio,279909890520064,10048,3221225472.0
/dev18500/demods/2/sample.dio,279909890578432,10049,3221225664.0
/dev18500/demods/2/sample.dio,279909890636800,10050,1073741824.0
/dev18500/demods/2/sample.dio,279909890695168,10051,0.0
/dev18500/demods/2/sample.dio,279909890753536,10052,0.0
/dev18500/demods/2/sample.dio,279909890811904,10053,3222274048.0
/dev18500/demods/2/sample.dio,279909890870272,10054,3221225664.0
/dev18500/demods/2/sample.dio,279909890928640,10055,1073741824.0
/dev18500/demods/2/sample.dio,279909890987008,10056,0.0
/dev18500/demods/2/sample.dio,279909891045376,10057,0.0
/dev18500/demods/2/sample.dio,279909891103744,10058,3222274112.0
/dev18500/demods/2/sample.dio,279909891162112,10059,3221225664.0
/dev18500/demods/2/sample.dio,279909891220480,10060,1073741824.0
/dev18500/demods/2/sample.dio,279909891278848,10061,0.0
/dev18500/demods/2/sample.dio,279909891337216,10062,1048576.0
/dev18500/demods/2/sample.dio,279909891395584,10063,3221225664.0
/dev18500/demods/2/sample.dio,279909891453952,10064,1073742016.0
/dev18500/demods/2/sample.dio,279909891512320,10065,0.0
/dev18500/demods/2/sample.dio,279909891570688,10066,0.0
/dev18500/demods/2/sample.dio,279909891629056,10067,0.0
/dev18500/demods/2/sample.dio,279909891687424,10068,3221225664.0
/dev18500/demods/2/sample.dio,279909891745792,10069,1073742016.0
/dev18500/demods/2/sample.dio,279909891804160,10070,0.0
/dev18500/demods/2/sample.dio,279909891862528,10071,0.0
/dev18500/demods/2/sample.dio,279909891920896,10072,1073741824.0
/dev18500/demods/2/sample.dio,279909891979264,10073,3221225664.0
/dev18500/demods/2/sample.dio,279909892037632,10074,1073741824.0
/dev18500/demods/2/sample.dio,279909892096000,10075,0.0
/dev18500/demods/2/sample.dio,279909892154368,10076,0.0
/dev18500/demods/2/sample.dio,279909892212736,10077,1048576.0
/dev18500/demods/2/sample.dio,279909892271104,10078,3221233856.0
/dev18500/demods/2/sample.dio,279909892329472,10079,1073741824.0
/dev18500/demods/2/sample.dio,279909892387840,10080,0.0
/dev18500/demods/2/sample.dio,279909892446208,10081,0.0
/dev18500/demods/2/sample.dio,279909892504576,10082,3222274240.0
/dev18500/demods/2/sample.dio,279909892562944,10083,3221225664.0
/dev18500/demods/2/sample.dio,279909892621312,10084,1073741824.0
/dev18500/demods/2/sample.dio,279909892679680,10085,0.0
/dev18500/demods/2/sample.dio,279909892738048,10086,0.0
/dev18500/demods/2/sample.dio,279909892796416,10087,3221225536.0
/dev18500/demods/2/sample.dio,279909892854784,10088,1073742016.0
/dev18500/demods/2/sample.dio,279909892913152,10089,1073741824.0
/dev18500/demods/2/sample.dio,279909892971520,10090,0.0
/dev18500/demods/2/sample.dio,279909893029888,10091,0.0
/dev18500/demods/2/sample.dio,279909893088256,10092,3222274240.0
/dev18500/demods/2/sample.dio,279909893146624,10093,3221225664.0
/dev18500/demods/2/sample.dio,279909893204992,10094,0.0
/dev18500/demods/2/sample.dio,279909893263360,10095,0.0
/dev18500/demods/2/sample.dio,279909893321728,10096,1048576.0
/dev18500/demods/2/sample.dio,279909893380096,10097,3222274240.0
/dev18500/demods/2/sample.dio,279909893438464,10098,1073741824.0
/dev18500/demods/2/sample.dio,279909893496832,10099,0.0
/dev18500/demods/2/sample.dio,279909893555200,10100,0.0
/dev18500/demods/2/sample.dio,279909893613568,10101,1048576.0
/dev18500/demods/2/sample.dio,279909893671936,10102,3221225664.0
/dev18500/demods/2/sample.dio,279909893730304,10103,1073741824.0
/dev18500/demods/2/sample.dio,279909893788672,10104,0.0
/dev18500/demods/2/sample.dio,279909893847040,10105,0.0
/dev18500/demods/2/sample.dio,279909893905408,10106,3222274048.0
/dev18500/demods/2/sample.dio,279909893963776,10107,3221225664.0
/dev18500/demods/2/sample.dio,279909894022144,10108,1073741824.0
/dev18500/demods/2/sample.dio,279909894080512,10109,0.0
/dev18500/demods/2/sample.dio,279909894138880,10110,0.0
/dev18500/demods/2/sample.dio,279909894197248,10111,3222274048.0
/dev18500/demods/2/sample.dio,279909894255616,10112,3221225664.0
/dev18500/demods/2/sample.dio,279909894313984,10113,1073741824.0
/dev18500/demods/2/sample.dio,279909894372352,10114,0.0
/dev18500/demods/2/sample.dio,279909894430720,10115,0.0
/dev18500/demods/2/sample.dio,279909894489088,10116,3222274240.0
/dev18500/demods/2/sample.dio,279909894547456,10117,3221225664.0
/dev18500/demods/2/sample.dio,279909894605824,10118,0.0
/dev18500/demods/2/sample.dio,279909894664192,10119,0.0
/dev18500/demods/2/sample.dio,279909894722560,10120,1048576.0
/dev18500/demods/2/sample.dio,279909894780928,10121,3221225664.0
/dev18500/demods/2/sample.dio,279909894839296,10122,1073750080.0
/dev18500/demods/2/sample.dio,279909894897664,10123,0.0
/dev18500/demods/2/sample.dio,279909894956032,10124,0.0
/dev18500/demods/2/sample.dio,279909895014400,10125,0.0
/dev18500/demods/2/sample.dio,279909895072768,10126,3221225664.0
/dev18500/demods/2/sample.dio,279909895131136,10127,1073742016.0
/dev18500/demods/2/sample.dio,279909895189504,10128,0.0
/dev18500/demods/2/sample.dio,279909895247872,10129,0.0
/dev18500/demods/2/sample.dio,279909895306240,10130,3222290432.0
/dev18500/demods/2/sample.dio,279909895364608,10131,3221225664.0
/dev18500/demods/2/sample.dio,279909895422976,10132,1073741824.0
/dev18500/demods/2/sample.dio,279909895481344,10133,0.0
/dev18500/demods/2/sample.dio,279909895539712,10134,0.0
/dev18500/demods/2/sample.dio,279909895598080,10135,1048576.0
/dev18500/demods/2/sample.dio,279909895656448,10136,3221225664.0
/dev18500/demods/2/sample.dio,279909895714816,10137,1073750016.0
/dev18500/demods/2/sample.dio,279909895773184,10138,0.0
/dev18500/demods/2/sample.dio,279909895831552,10139,0.0
/dev18500/demods/2/sample.dio,279909895889920,10140,3221225664.0
/dev18500/demods/2/sample.dio,279909895948288,10141,3221225664.0
/dev18500/demods/2/sample.dio,279909896006656,10142,1073741824.0
/dev18500/demods/2/sample.dio,279909896065024,10143,0.0
/dev18500/demods/2/sample.dio,279909896123392,10144,0.0
/dev18500/demods/2/sample.dio,279909896181760,10145,3222274240.0
/dev18500/demods/2/sample.dio,279909896240128,10146,3221225664.0
/dev18500/demods/2/sample.dio,279909896298496,10147,1073741824.0
/dev18500/demods/2/sample.dio,279909896356864,10148,0.0
/dev18500/demods/2/sample.dio,279909896415232,10149,0.0
/dev18500/demods/2/sample.dio,279909896473600,10150,3222274240.0
/dev18500/demods/2/sample.dio,279909896531968,10151,1073742016.0
/dev18500/demods/2/sample.dio,279909896590336,10152,0.0
/dev18500/demods/2/sample.dio,279909896648704,10153,0.0
/dev18500/demods/2/sample.dio,279909896707072,10154,1048576.0
/dev18500/demods/2/sample.dio,279909896765440,10155,3222274240.0
/dev18500/demods/2/sample.dio,279909896823808,10156,1073741824.0
/dev18500/demods/2/sample.dio,279909896882176,10157,0.0
/dev18500/demods/2/sample.dio,279909896940544,10158,0.0
/dev18500/demods/2/sample.dio,279909896998912,10159,1064960.0
/dev18500/demods/2/sample.dio,279909897057280,10160,3221225664.0
/dev18500/demods/2/sample.dio,279909897115648,10161,1073741824.0
/dev18500/demods/2/sample.dio,279909897174016,10162,0.0
/dev18500/demods/2/sample.dio,279909897232384,10163,0.0
/dev18500/demods/2/sample.dio,279909897290752,10164,3222274112.0
/dev18500/demods/2/sample.dio,279909897349120,10165,3221225664.0
/dev18500/demods/2/sample.dio,279909897407488,10166,1073741824.0
/dev18500/demods/2/sample.dio,279909897465856,10167,0.0
/dev18500/demods/2/sample.dio,279909897524224,10168,0.0
/dev18500/demods/2/sample.dio,279909897582592,10169,3222274112.0
/dev18500/demods/2/sample.dio,279909897640960,10170,3221225664.0
/dev18500/demods/2/sample.dio,279909897699328,10171,1073741824.0
/dev18500/demods/2/sample.dio,279909897757696,10172,0.0
/dev18500/demods/2/sample.dio,279909897816064,10173,0.0
/dev18500/demods/2/sample.dio,279909897874432,10174,3221225664.0
/dev18500/demods/2/sample.dio,279909897932800,10175,3221225664.0
/dev18500/demods/2/sample.dio,279909897991168,10176,0.0
/dev18500/demods/2/sample.dio,279909898049536,10177,0.0
/dev18500/demods/2/sample.dio,279909898107904,10178,1048576.0
/dev18500/demods/2/sample.dio,279909898166272,10179,3221225664.0
/dev18500/demods/2/sample.dio,279909898224640,10180,1073741888.0
/dev18500/demods/2/sample.dio,279909898283008,10181,0.0
/dev18500/demods/2/sample.dio,279909898341376,10182,0.0
/dev18500/demods/2/sample.dio,279909898399744,10183,1048576.0
/dev18500/demods/2/sample.dio,279909898458112,10184,3221225664.0
/dev18500/demods/2/sample.dio,279909898516480,10185,1073750016.0
/dev18500/demods/2/sample.dio,279909898574848,10186,0.0
/dev18500/demods/2/sample.dio,279909898633216,10187,0.0
/dev18500/demods/2/sample.dio,279909898691584,10188,3221225472.0
/dev18500/demods/2/sample.dio,279909898749952,10189,3221225664.0
/dev18500/demods/2/sample.dio,279909898808320,10190,1073741824.0
/dev18500/demods/2/sample.dio,279909898866688,10191,0.0
/dev18500/demods/2/sample.dio,279909898925056,10192,0.0
/dev18500/demods/2/sample.dio,279909898983424,10193,3221225472.0
/dev18500/demods/2/sample.dio,279909899041792,10194,3221225664.0
/dev18500/demods/2/sample.dio,279909899100160,10195,1073741824.0
/dev18500/demods/2/sample.dio,279909899158528,10196,0.0
/dev18500/demods/2/sample.dio,279909899216896,10197,0.0
/dev18500/demods/2/sample.dio,279909899275264,10198,3222274240.0
/dev18500/demods/2/sample.dio,279909899333632,10199,3221225664.0
/dev18500/demods/2/sample.dio,279909899392000,10200,0.0
/dev18500/demods/2/sample.dio,279909899450368,10201,0.0
/dev18500/demods/2/sample.dio,279909899508736,10202,0.0
/dev18500/demods/2/sample.dio,279909899567104,10203,3222274240.0
/dev18500/demods/2/sample.dio,279909899625472,10204,1073742016.0
/dev18500/demods/2/sample.dio,279909899683840,10205,0.0
/dev18500/demods/2/sample.dio,279909899742208,10206,0.0
/dev18500/demods/2/sample.dio,279909899800576,10207,1048576.0
/dev18500/demods/2/sample.dio,279909899858944,10208,3221225664.0
/dev18500/demods/2/sample.dio,279909899917312,10209,1073742016.0
/dev18500/demods/2/sample.dio,279909899975680,10210,0.0
/dev18500/demods/2/sample.dio,279909900034048,10211,0.0
/dev18500/demods/2/sample.dio,279909900092416,10212,1048576.0
/dev18500/demods/2/sample.dio,279909900150784,10213,3221225664.0
/dev18500/demods/2/sample.dio,279909900209152,10214,1073741824.0
/dev18500/demods/2/sample.dio,279909900267520,10215,0.0
/dev18500/demods/2/sample.dio,279909900325888,10216,0.0
/dev18500/demods/2/sample.dio,279909900384256,10217,1048576.0
/dev18500/demods/2/sample.dio,279909900442624,10218,3221225664.0
/dev18500/demods/2/sample.dio,279909900500992,10219,1073741824.0
/dev18500/demods/2/sample.dio,279909900559360,10220,0.0
/dev18500/demods/2/sample.dio,279909900617728,10221,0.0
/dev18500/demods/2/sample.dio,279909900676096,10222,3222274240.0
/dev18500/demods/2/sample.dio,279909900734464,10223,3221225664.0
/dev18500/demods/2/sample.dio,279909900792832,10224,1073741824.0
/dev18500/demods/2/sample.dio,279909900851200,10225,0.0
/dev18500/demods/2/sample.dio,279909900909568,10226,16384.0
/dev18500/demods/2/sample.dio,279909900967936,10227,3221225536.0
/dev18500/demods/2/sample.dio,279909901026304,10228,1073742016.0
/dev18500/demods/2/sample.dio,279909901084672,10229,1073741824.0
/dev18500/demods/2/sample.dio,279909901143040,10230,0.0
/dev18500/demods/2/sample.dio,279909901201408,10231,0.0
/dev18500/demods/2/sample.dio,279909901259776,10232,3222274240.0
/dev18500/demods/2/sample.dio,279909901318144,10233,1073742016.0
/dev18500/demods/2/sample.dio,279909901376512,10234,0.0
/dev18500/demods/2/sample.dio,279909901434880,10235,0.0
/dev18500/demods/2/sample.dio,279909901493248,10236,1048576.0
/dev18500/demods/2/sample.dio,279909901551616,10237,3222274240.0
/dev18500/demods/2/sample.dio,279909901609984,10238,1073741824.0
/dev18500/demods/2/sample.dio,279909901668352,10239,0.0
/dev18500/demods/2/sample.dio,279909901726720,10240,0.0
/dev18500/demods/2/sample.dio,279909901785088,10241,0.0
/dev18500/demods/2/sample.dio,279909901843456,10242,3221233856.0
/dev18500/demods/2/sample.dio,279909901901824,10243,1073741888.0
/dev18500/demods/2/sample.dio,279909901960192,10244,0.0
/dev18500/demods/2/sample.dio,279909902018560,10245,0.0
/dev18500/demods/2/sample.dio,279909902076928,10246,3221225472.0
/dev18500/demods/2/sample.dio,279909902135296,10247,3221225664.0
/dev18500/demods/2/sample.dio,279909902193664,10248,1073750016.0
/dev18500/demods/2/sample.dio,279909902252032,10249,0.0
/dev18500/demods/2/sample.dio,279909902310400,10250,0.0
/dev18500/demods/2/sample.dio,279909902368768,10251,3222290432.0
/dev18500/demods/2/sample.dio,279909902427136,10252,3221225664.0
/dev18500/demods/2/sample.dio,279909902485504,10253,1073741824.0
/dev18500/demods/2/sample.dio,279909902543872,10254,0.0
/dev18500/demods/2/sample.dio,279909902602240,10255,0.0
/dev18500/demods/2/sample.dio,279909902660608,10256,3222274240.0
/dev18500/demods/2/sample.dio,279909902718976,10257,3221233856.0
/dev18500/demods/2/sample.dio,279909902777344,10258,0.0
/dev18500/demods/2/sample.dio,279909902835712,10259,0.0
/dev18500/demods/2/sample.dio,279909902894080,10260,1048576.0
/dev18500/demods/2/sample.dio,279909902952448,10261,3222274240.0
/dev18500/demods/2/sample.dio,279909903010816,10262,1073741888.0
/dev18500/demods/2/sample.dio,279909903069184,10263,1073741824.0
/dev18500/demods/2/sample.dio,279909903127552,10264,0.0
/dev18500/demods/2/sample.dio,279909903185920,10265,1048576.0
/dev18500/demods/2/sample.dio,279909903244288,10266,3221225664.0
/dev18500/demods/2/sample.dio,279909903302656,10267,1073741888.0
/dev18500/demods/2/sample.dio,279909903361024,10268,0.0
/dev18500/demods/2/sample.dio,279909903419392,10269,0.0
/dev18500/demods/2/sample.dio,279909903477760,10270,3222274048.0
/dev18500/demods/2/sample.dio,279909903536128,10271,3222274240.0
/dev18500/demods/2/sample.dio,279909903594496,10272,1073741824.0
/dev18500/demods/2/sample.dio,279909903652864,10273,0.0
/dev18500/demods/2/sample.dio,279909903711232,10274,0.0
/dev18500/demods/2/sample.dio,279909903769600,10275,3222274048.0
/dev18500/demods/2/sample.dio,279909903827968,10276,3221225664.0
/dev18500/demods/2/sample.dio,279909903886336,10277,1073741824.0
/dev18500/demods/2/sample.dio,279909903944704,10278,0.0
/dev18500/demods/2/sample.dio,279909904003072,10279,0.0
/dev18500/demods/2/sample.dio,279909904061440,10280,3221225664.0
/dev18500/demods/2/sample.dio,279909904119808,10281,3221225664.0
/dev18500/demods/2/sample.dio,279909904178176,10282,1073741824.0
/dev18500/demods/2/sample.dio,279909904236544,10283,0.0
/dev18500/demods/2/sample.dio,279909904294912,10284,0.0
/dev18500/demods/2/sample.dio,279909904353280,10285,3222274240.0
/dev18500/demods/2/sample.dio,279909904411648,10286,1073750080.0
/dev18500/demods/2/sample.dio,279909904470016,10287,1073741824.0
/dev18500/demods/2/sample.dio,279909904528384,10288,0.0
/dev18500/demods/2/sample.dio,279909904586752,10289,0.0
/dev18500/demods/2/sample.dio,279909904645120,10290,3221225664.0
/dev18500/demods/2/sample.dio,279909904703488,10291,1073742016.0
/dev18500/demods/2/sample.dio,279909904761856,10292,0.0
/dev18500/demods/2/sample.dio,279909904820224,10293,0.0
/dev18500/demods/2/sample.dio,279909904878592,10294,1064960.0
/dev18500/demods/2/sample.dio,279909904936960,10295,3222274240.0
/dev18500/demods/2/sample.dio,279909904995328,10296,1073741888.0
/dev18500/demods/2/sample.dio,279909905053696,10297,0.0
/dev18500/demods/2/sample.dio,279909905112064,10298,0.0
/dev18500/demods/2/sample.dio,279909905170432,10299,1064960.0
/dev18500/demods/2/sample.dio,279909905228800,10300,3221225664.0
/dev18500/demods/2/sample.dio,279909905287168,10301,1073750016.0
/dev18500/demods/2/sample.dio,279909905345536,10302,0.0
/dev18500/demods/2/sample.dio,279909905403904,10303,0.0
/dev18500/demods/2/sample.dio,279909905462272,10304,3221225536.0
/dev18500/demods/2/sample.dio,279909905520640,10305,3221225664.0
/dev18500/demods/2/sample.dio,279909905579008,10306,1073741824.0
/dev18500/demods/2/sample.dio,279909905637376,10307,0.0
/dev18500/demods/2/sample.dio,279909905695744,10308,0.0
/dev18500/demods/2/sample.dio,279909905754112,10309,3221225472.0
/dev18500/demods/2/sample.dio,279909905812480,10310,3221225664.0
/dev18500/demods/2/sample.dio,279909905870848,10311,1073741824.0
/dev18500/demods/2/sample.dio,279909905929216,10312,0.0
/dev18500/demods/2/sample.dio,279909905987584,10313,0.0
/dev18500/demods/2/sample.dio,279909906045952,10314,3222274240.0
/dev18500/demods/2/sample.dio,279909906104320,10315,3221225664.0
/dev18500/demods/2/sample.dio,279909906162688,10316,8192.0
/dev18500/demods/2/sample.dio,279909906221056,10317,0.0
/dev18500/demods/2/sample.dio,279909906279424,10318,1048576.0
/dev18500/demods/2/sample.dio,279909906337792,10319,3222274240.0
/dev18500/demods/2/sample.dio,279909906396160,10320,1073741824.0
/dev18500/demods/2/sample.dio,279909906454528,10321,0.0
/dev18500/demods/2/sample.dio,279909906512896,10322,0.0
/dev18500/demods/2/sample.dio,279909906571264,10323,1048576.0
/dev18500/demods/2/sample.dio,279909906629632,10324,3221225664.0
/dev18500/demods/2/sample.dio,279909906688000,10325,1073742016.0
/dev18500/demods/2/sample.dio,279909906746368,10326,0.0
/dev18500/demods/2/sample.dio,279909906804736,10327,0.0
/dev18500/demods/2/sample.dio,279909906863104,10328,3222274048.0
/dev18500/demods/2/sample.dio,279909906921472,10329,3222274240.0
/dev18500/demods/2/sample.dio,279909906979840,10330,1073741824.0
/dev18500/demods/2/sample.dio,279909907038208,10331,0.0
/dev18500/demods/2/sample.dio,279909907096576,10332,0.0
/dev18500/demods/2/sample.dio,279909907154944,10333,3222274048.0
/dev18500/demods/2/sample.dio,279909907213312,10334,3221225664.0
/dev18500/demods/2/sample.dio,279909907271680,10335,1073741824.0
/dev18500/demods/2/sample.dio,279909907330048,10336,0.0
/dev18500/demods/2/sample.dio,279909907388416,10337,0.0
/dev18500/demods/2/sample.dio,279909907446784,10338,3222274240.0
/dev18500/demods/2/sample.dio,279909907505152,10339,3221225664.0
/dev18500/demods/2/sample.dio,279909907563520,10340,0.0
/dev18500/demods/2/sample.dio,279909907621888,10341,0.0
/dev18500/demods/2/sample.dio,279909907680256,10342,1048576.0
/dev18500/demods/2/sample.dio,279909907738624,10343,3222274112.0
/dev18500/demods/2/sample.dio,279909907796992,10344,1073741888.0
/dev18500/demods/2/sample.dio,279909907855360,10345,1073741824.0
/dev18500/demods/2/sample.dio,279909907913728,10346,0.0
/dev18500/demods/2/sample.dio,279909907972096,10347,1048576.0
/dev18500/demods/2/sample.dio,279909908030464,10348,3221225664.0
/dev18500/demods/2/sample.dio,279909908088832,10349,1073742016.0
/dev18500/demods/2/sample.dio,279909908147200,10350,0.0
/dev18500/demods/2/sample.dio,279909908205568,10351,0.0
/dev18500/demods/2/sample.dio,279909908263936,10352,1048576.0
/dev18500/demods/2/sample.dio,279909908322304,10353,3222274240.0
/dev18500/demods/2/sample.dio,279909908380672,10354,1073741824.0
/dev18500/demods/2/sample.dio,279909908439040,10355,0.0
/dev18500/demods/2/sample.dio,279909908497408,10356,0.0
/dev18500/demods/2/sample.dio,279909908555776,10357,1048576.0
/dev18500/demods/2/sample.dio,279909908614144,10358,3221225664.0
/dev18500/demods/2/sample.dio,279909908672512,10359,1073741824.0
/dev18500/demods/2/sample.dio,279909908730880,10360,0.0
/dev18500/demods/2/sample.dio,279909908789248,10361,0.0
/dev18500/demods/2/sample.dio,279909908847616,10362,3222274240.0
/dev18500/demods/2/sample.dio,279909908905984,10363,3221225664.0
/dev18500/demods/2/sample.dio,279909908964352,10364,1073741824.0
/dev18500/demods/2/sample.dio,279909909022720,10365,0.0
/dev18500/demods/2/sample.dio,279909909081088,10366,0.0
/dev18500/demods/2/sample.dio,279909909139456,10367,3222274048.0
/dev18500/demods/2/sample.dio,279909909197824,10368,1073742016.0
/dev18500/demods/2/sample.dio,279909909256192,10369,1073741824.0
/dev18500/demods/2/sample.dio,279909909314560,10370,0.0
/dev18500/demods/2/sample.dio,279909909372928,10371,0.0
/dev18500/demods/2/sample.dio,279909909431296,10372,3222274240.0
/dev18500/demods/2/sample.dio,279909909489664,10373,1073742016.0
/dev18500/demods/2/sample.dio,279909909548032,10374,0.0
/dev18500/demods/2/sample.dio,279909909606400,10375,0.0
/dev18500/demods/2/sample.dio,279909909664768,10376,1048576.0
/dev18500/demods/2/sample.dio,279909909723136,10377,3222274240.0
/dev18500/demods/2/sample.dio,279909909781504,10378,1073750080.0
/dev18500/demods/2/sample.dio,279909909839872,10379,8192.0
/dev18500/demods/2/sample.dio,279909909898240,10380,0.0
/dev18500/demods/2/sample.dio,279909909956608,10381,1048576.0
/dev18500/demods/2/sample.dio,279909910014976,10382,3221225664.0
/dev18500/demods/2/sample.dio,279909910073344,10383,1073741888.0
/dev18500/demods/2/sample.dio,279909910131712,10384,0.0
/dev18500/demods/2/sample.dio,279909910190080,10385,0.0
/dev18500/demods/2/sample.dio,279909910248448,10386,3222274112.0
/dev18500/demods/2/sample.dio,279909910306816,10387,3221225664.0
/dev18500/demods/2/sample.dio,279909910365184,10388,1073741824.0
/dev18500/demods/2/sample.dio,279909910423552,10389,0.0
/dev18500/demods/2/sample.dio,279909910481920,10390,0.0
/dev18500/demods/2/sample.dio,279909910540288,10391,1048576.0
/dev18500/demods/2/sample.dio,279909910598656,10392,3221225664.0
/dev18500/demods/2/sample.dio,279909910657024,10393,1073741824.0
/dev18500/demods/2/sample.dio,279909910715392,10394,0.0
/dev18500/demods/2/sample.dio,279909910773760,10395,0.0
/dev18500/demods/2/sample.dio,279909910832128,10396,3222290624.0
/dev18500/demods/2/sample.dio,279909910890496,10397,3221233856.0
/dev18500/demods/2/sample.dio,279909910948864,10398,1073741824.0
/dev18500/demods/2/sample.dio,279909911007232,10399,0.0
/dev18500/demods/2/sample.dio,279909911065600,10400,1048576.0
/dev18500/demods/2/sample.dio,279909911123968,10401,3222274240.0
/dev18500/demods/2/sample.dio,279909911182336,10402,1073742016.0
/dev18500/demods/2/sample.dio,279909911240704,10403,1073741824.0
/dev18500/demods/2/sample.dio,279909911299072,10404,0.0
/dev18500/demods/2/sample.dio,279909911357440,10405,16384.0
/dev18500/demods/2/sample.dio,279909911415808,10406,3221225664.0
/dev18500/demods/2/sample.dio,279909911474176,10407,1073742016.0
/dev18500/demods/2/sample.dio,279909911532544,10408,0.0
/dev18500/demods/2/sample.dio,279909911590912,10409,0.0
/dev18500/demods/2/sample.dio,279909911649280,10410,3222274048.0
/dev18500/demods/2/sample.dio,279909911707648,10411,3221225664.0
/dev18500/demods/2/sample.dio,279909911766016,10412,1073741824.0
/dev18500/demods/2/sample.dio,279909911824384,10413,0.0
/dev18500/demods/2/sample.dio,279909911882752,10414,0.0
/dev18500/demods/2/sample.dio,279909911941120,10415,1048576.0
/dev18500/demods/2/sample.dio,279909911999488,10416,3221225664.0
/dev18500/demods/2/sample.dio,279909912057856,10417,1073741824.0
/dev18500/demods/2/sample.dio,279909912116224,10418,0.0
/dev18500/demods/2/sample.dio,279909912174592,10419,0.0
/dev18500/demods/2/sample.dio,279909912232960,10420,3222274112.0
/dev18500/demods/2/sample.dio,279909912291328,10421,3221225664.0
/dev18500/demods/2/sample.dio,279909912349696,10422,1073741824.0
/dev18500/demods/2/sample.dio,279909912408064,10423,0.0
/dev18500/demods/2/sample.dio,279909912466432,10424,0.0
/dev18500/demods/2/sample.dio,279909912524800,10425,3221241920.0
/dev18500/demods/2/sample.dio,279909912583168,10426,1073742016.0
/dev18500/demods/2/sample.dio,279909912641536,10427,1073741824.0
/dev18500/demods/2/sample.dio,279909912699904,10428,0.0
/dev18500/demods/2/sample.dio,279909912758272,10429,0.0
/dev18500/demods/2/sample.dio,279909912816640,10430,3222274240.0
/dev18500/demods/2/sample.dio,279909912875008,10431,1073750208.0
/dev18500/demods/2/sample.dio,279909912933376,10432,0.0
/dev18500/demods/2/sample.dio,279909912991744,10433,0.0
/dev18500/demods/2/sample.dio,279909913050112,10434,1048576.0
/dev18500/demods/2/sample.dio,279909913108480,10435,3222274240.0
/dev18500/demods/2/sample.dio,279909913166848,10436,1073741824.0
/dev18500/demods/2/sample.dio,279909913225216,10437,0.0
/dev18500/demods/2/sample.dio,279909913283584,10438,0.0
/dev18500/demods/2/sample.dio,279909913341952,10439,1048576.0
/dev18500/demods/2/sample.dio,279909913400320,10440,3221225664.0
/dev18500/demods/2/sample.dio,279909913458688,10441,1073742016.0
/dev18500/demods/2/sample.dio,279909913517056,10442,0.0
/dev18500/demods/2/sample.dio,279909913575424,10443,0.0
/dev18500/demods/2/sample.dio,279909913633792,10444,3222274048.0
/dev18500/demods/2/sample.dio,279909913692160,10445,3222274240.0
/dev18500/demods/2/sample.dio,279909913750528,10446,1073741824.0
/dev18500/demods/2/sample.dio,279909913808896,10447,0.0
/dev18500/demods/2/sample.dio,279909913867264,10448,0.0
/dev18500/demods/2/sample.dio,279909913925632,10449,3222274048.0
/dev18500/demods/2/sample.dio,279909913984000,10450,3221225664.0
/dev18500/demods/2/sample.dio,279909914042368,10451,1073741824.0
/dev18500/demods/2/sample.dio,279909914100736,10452,0.0
/dev18500/demods/2/sample.dio,279909914159104,10453,0.0
/dev18500/demods/2/sample.dio,279909914217472,10454,3222274240.0
/dev18500/demods/2/sample.dio,279909914275840,10455,3221225664.0
/dev18500/demods/2/sample.dio,279909914334208,10456,0.0
/dev18500/demods/2/sample.dio,279909914392576,10457,0.0
/dev18500/demods/2/sample.dio,279909914450944,10458,1048576.0
/dev18500/demods/2/sample.dio,279909914509312,10459,3221225664.0
/dev18500/demods/2/sample.dio,279909914567680,10460,1073741888.0
/dev18500/demods/2/sample.dio,279909914626048,10461,1073741824.0
/dev18500/demods/2/sample.dio,279909914684416,10462,0.0
/dev18500/demods/2/sample.dio,279909914742784,10463,0.0
/dev18500/demods/2/sample.dio,279909914801152,10464,3221225664.0
/dev18500/demods/2/sample.dio,279909914859520,10465,3221225664.0
/dev18500/demods/2/sample.dio,279909914917888,10466,0.0
/dev18500/demods/2/sample.dio,279909914976256,10467,0.0
/dev18500/demods/2/sample.dio,279909915034624,10468,1074790400.0
/dev18500/demods/2/sample.dio,279909915092992,10469,3222274240.0
/dev18500/demods/2/sample.dio,279909915151360,10470,1073741824.0
/dev18500/demods/2/sample.dio,279909915209728,10471,0.0
/dev18500/demods/2/sample.dio,279909915268096,10472,0.0
/dev18500/demods/2/sample.dio,279909915326464,10473,1074790400.0
/dev18500/demods/2/sample.dio,279909915384832,10474,3221225664.0
/dev18500/demods/2/sample.dio,279909915443200,10475,1073741824.0
/dev18500/demods/2/sample.dio,279909915501568,10476,0.0
/dev18500/demods/2/sample.dio,279909915559936,10477,0.0
/dev18500/demods/2/sample.dio,279909915618304,10478,3222274240.0
/dev18500/demods/2/sample.dio,279909915676672,10479,3221225664.0
/dev18500/demods/2/sample.dio,279909915735040,10480,1073741824.0
/dev18500/demods/2/sample.dio,279909915793408,10481,0.0
/dev18500/demods/2/sample.dio,279909915851776,10482,0.0
/dev18500/demods/2/sample.dio,279909915910144,10483,3222274048.0
/dev18500/demods/2/sample.dio,279909915968512,10484,1073742016.0
/dev18500/demods/2/sample.dio,279909916026880,10485,1073741824.0
/dev18500/demods/2/sample.dio,279909916085248,10486,0.0
/dev18500/demods/2/sample.dio,279909916143616,10487,0.0
/dev18500/demods/2/sample.dio,279909916201984,10488,3221225664.0
/dev18500/demods/2/sample.dio,279909916260352,10489,1073742016.0
/dev18500/demods/2/sample.dio,279909916318720,10490,0.0
/dev18500/demods/2/sample.dio,279909916377088,10491,0.0
/dev18500/demods/2/sample.dio,279909916435456,10492,16384.0
/dev18500/demods/2/sample.dio,279909916493824,10493,3222274240.0
/dev18500/demods/2/sample.dio,279909916552192,10494,1073750016.0
/dev18500/demods/2/sample.dio,279909916610560,10495,0.0
/dev18500/demods/2/sample.dio,279909916668928,10496,0.0
/dev18500/demods/2/sample.dio,279909916727296,10497,1048576.0
/dev18500/demods/2/sample.dio,279909916785664,10498,3221225664.0
/dev18500/demods/2/sample.dio,279909916844032,10499,1073741824.0
/dev18500/demods/2/sample.dio,279909916902400,10500,0.0
/dev18500/demods/2/sample.dio,279909916960768,10501,0.0
/dev18500/demods/2/sample.dio,279909917019136,10502,3222274112.0
/dev18500/demods/2/sample.dio,279909917077504,10503,3221225664.0
/dev18500/demods/2/sample.dio,279909917135872,10504,1073741824.0
/dev18500/demods/2/sample.dio,279909917194240,10505,0.0
/dev18500/demods/2/sample.dio,279909917252608,10506,0.0
/dev18500/demods/2/sample.dio,279909917310976,10507,1074790400.0
/dev18500/demods/2/sample.dio,279909917369344,10508,3221225664.0
/dev18500/demods/2/sample.dio,279909917427712,10509,1073741824.0
/dev18500/demods/2/sample.dio,279909917486080,10510,0.0
/dev18500/demods/2/sample.dio,279909917544448,10511,0.0
/dev18500/demods/2/sample.dio,279909917602816,10512,3221225664.0
/dev18500/demods/2/sample.dio,279909917661184,10513,3221225664.0
/dev18500/demods/2/sample.dio,279909917719552,10514,0.0
/dev18500/demods/2/sample.dio,279909917777920,10515,0.0
/dev18500/demods/2/sample.dio,279909917836288,10516,1048576.0
/dev18500/demods/2/sample.dio,279909917894656,10517,3222274240.0
/dev18500/demods/2/sample.dio,279909917953024,10518,1073742016.0
/dev18500/demods/2/sample.dio,279909918011392,10519,0.0
/dev18500/demods/2/sample.dio,279909918069760,10520,0.0
/dev18500/demods/2/sample.dio,279909918128128,10521,0.0
/dev18500/demods/2/sample.dio,279909918186496,10522,3221225664.0
/dev18500/demods/2/sample.dio,279909918244864,10523,1073741888.0
/dev18500/demods/2/sample.dio,279909918303232,10524,0.0
/dev18500/demods/2/sample.dio,279909918361600,10525,0.0
/dev18500/demods/2/sample.dio,279909918419968,10526,3222274048.0
/dev18500/demods/2/sample.dio,279909918478336,10527,3222274240.0
/dev18500/demods/2/sample.dio,279909918536704,10528,1073741824.0
/dev18500/demods/2/sample.dio,279909918595072,10529,0.0
/dev18500/demods/2/sample.dio,279909918653440,10530,0.0
/dev18500/demods/2/sample.dio,279909918711808,10531,1074790400.0
/dev18500/demods/2/sample.dio,279909918770176,10532,3221233856.0
/dev18500/demods/2/sample.dio,279909918828544,10533,1073741824.0
/dev18500/demods/2/sample.dio,279909918886912,10534,0.0
/dev18500/demods/2/sample.dio,279909918945280,10535,0.0
/dev18500/demods/2/sample.dio,279909919003648,10536,3222274240.0
/dev18500/demods/2/sample.dio,279909919062016,10537,3221225664.0
/dev18500/demods/2/sample.dio,279909919120384,10538,1073741824.0
/dev18500/demods/2/sample.dio,279909919178752,10539,0.0
/dev18500/demods/2/sample.dio,279909919237120,10540,0.0
/dev18500/demods/2/sample.dio,279909919295488,10541,3221225472.0
/dev18500/demods/2/sample.dio,279909919353856,10542,1073750208.0
/dev18500/demods/2/sample.dio,279909919412224,10543,1073741824.0
/dev18500/demods/2/sample.dio,279909919470592,10544,0.0
/dev18500/demods/2/sample.dio,279909919528960,10545,16384.0
/dev18500/demods/2/sample.dio,279909919587328,10546,3222274240.0
/dev18500/demods/2/sample.dio,279909919645696,10547,1073742016.0
/dev18500/demods/2/sample.dio,279909919704064,10548,0.0
/dev18500/demods/2/sample.dio,279909919762432,10549,0.0
/dev18500/demods/2/sample.dio,279909919820800,10550,0.0
/dev18500/demods/2/sample.dio,279909919879168,10551,3221225664.0
/dev18500/demods/2/sample.dio,279909919937536,10552,1073741888.0
/dev18500/demods/2/sample.dio,279909919995904,10553,0.0
/dev18500/demods/2/sample.dio,279909920054272,10554,0.0
/dev18500/demods/2/sample.dio,279909920112640,10555,1048576.0
/dev18500/demods/2/sample.dio,279909920171008,10556,3221225664.0
/dev18500/demods/2/sample.dio,279909920229376,10557,1073741888.0
/dev18500/demods/2/sample.dio,279909920287744,10558,0.0
/dev18500/demods/2/sample.dio,279909920346112,10559,0.0
/dev18500/demods/2/sample.dio,279909920404480,10560,3222274048.0
/dev18500/demods/2/sample.dio,279909920462848,10561,3221225664.0
/dev18500/demods/2/sample.dio,279909920521216,10562,1073741824.0
/dev18500/demods/2/sample.dio,279909920579584,10563,0.0
/dev18500/demods/2/sample.dio,279909920637952,10564,0.0
/dev18500/demods/2/sample.dio,279909920696320,10565,3222274048.0
/dev18500/demods/2/sample.dio,279909920754688,10566,3221225664.0
/dev18500/demods/2/sample.dio,279909920813056,10567,1073750016.0
/dev18500/demods/2/sample.dio,279909920871424,10568,0.0
/dev18500/demods/2/sample.dio,279909920929792,10569,0.0
/dev18500/demods/2/sample.dio,279909920988160,10570,3222274240.0
/dev18500/demods/2/sample.dio,279909921046528,10571,3221233856.0
/dev18500/demods/2/sample.dio,279909921104896,10572,0.0
/dev18500/demods/2/sample.dio,279909921163264,10573,0.0
/dev18500/demods/2/sample.dio,279909921221632,10574,1048576.0
/dev18500/demods/2/sample.dio,279909921280000,10575,3222274112.0
/dev18500/demods/2/sample.dio,279909921338368,10576,1073741888.0
/dev18500/demods/2/sample.dio,279909921396736,10577,1073741824.0
/dev18500/demods/2/sample.dio,279909921455104,10578,0.0
/dev18500/demods/2/sample.dio,279909921513472,10579,0.0
/dev18500/demods/2/sample.dio,279909921571840,10580,3222274240.0
/dev18500/demods/2/sample.dio,279909921630208,10581,1073741888.0
/dev18500/demods/2/sample.dio,279909921688576,10582,0.0
/dev18500/demods/2/sample.dio,279909921746944,10583,0.0
/dev18500/demods/2/sample.dio,279909921805312,10584,3222274048.0
/dev18500/demods/2/sample.dio,279909921863680,10585,3221225664.0
/dev18500/demods/2/sample.dio,279909921922048,10586,1073741824.0
/dev18500/demods/2/sample.dio,279909921980416,10587,0.0
/dev18500/demods/2/sample.dio,279909922038784,10588,0.0
/dev18500/demods/2/sample.dio,279909922097152,10589,1048576.0
/dev18500/demods/2/sample.dio,279909922155520,10590,3221225664.0
/dev18500/demods/2/sample.dio,279909922213888,10591,1073741824.0
/dev18500/demods/2/sample.dio,279909922272256,10592,0.0
/dev18500/demods/2/sample.dio,279909922330624,10593,0.0
/dev18500/demods/2/sample.dio,279909922388992,10594,3222274240.0
/dev18500/demods/2/sample.dio,279909922447360,10595,3221225664.0
/dev18500/demods/2/sample.dio,279909922505728,10596,1073741824.0
/dev18500/demods/2/sample.dio,279909922564096,10597,0.0
/dev18500/demods/2/sample.dio,279909922622464,10598,1048576.0
/dev18500/demods/2/sample.dio,279909922680832,10599,3222274240.0
/dev18500/demods/2/sample.dio,279909922739200,10600,1073742016.0
/dev18500/demods/2/sample.dio,279909922797568,10601,1073741824.0
/dev18500/demods/2/sample.dio,279909922855936,10602,0.0
/dev18500/demods/2/sample.dio,279909922914304,10603,16384.0
/dev18500/demods/2/sample.dio,279909922972672,10604,3221233856.0
/dev18500/demods/2/sample.dio,279909923031040,10605,1073742016.0
/dev18500/demods/2/sample.dio,279909923089408,10606,0.0
/dev18500/demods/2/sample.dio,279909923147776,10607,0.0
/dev18500/demods/2/sample.dio,279909923206144,10608,1048576.0
/dev18500/demods/2/sample.dio,279909923264512,10609,3222274240.0
/dev18500/demods/2/sample.dio,279909923322880,10610,1073741824.0
/dev18500/demods/2/sample.dio,279909923381248,10611,0.0
/dev18500/demods/2/sample.dio,279909923439616,10612,0.0
/dev18500/demods/2/sample.dio,279909923497984,10613,1048576.0
/dev18500/demods/2/sample.dio,279909923556352,10614,3221225664.0
/dev18500/demods/2/sample.dio,279909923614720,10615,1073750016.0
/dev18500/demods/2/sample.dio,279909923673088,10616,0.0
/dev18500/demods/2/sample.dio,279909923731456,10617,0.0
/dev18500/demods/2/sample.dio,279909923789824,10618,3222274112.0
/dev18500/demods/2/sample.dio,279909923848192,10619,3221225664.0
/dev18500/demods/2/sample.dio,279909923906560,10620,1073750016.0
/dev18500/demods/2/sample.dio,279909923964928,10621,0.0
/dev18500/demods/2/sample.dio,279909924023296,10622,0.0
/dev18500/demods/2/sample.dio,279909924081664,10623,3222274112.0
/dev18500/demods/2/sample.dio,279909924140032,10624,3221225664.0
/dev18500/demods/2/sample.dio,279909924198400,10625,1073741824.0
/dev18500/demods/2/sample.dio,279909924256768,10626,0.0
/dev18500/demods/2/sample.dio,279909924315136,10627,0.0
/dev18500/demods/2/sample.dio,279909924373504,10628,3222274240.0
/dev18500/demods/2/sample.dio,279909924431872,10629,3221225664.0
/dev18500/demods/2/sample.dio,279909924490240,10630,0.0
/dev18500/demods/2/sample.dio,279909924548608,10631,0.0
/dev18500/demods/2/sample.dio,279909924606976,10632,1048576.0
/dev18500/demods/2/sample.dio,279909924665344,10633,3222274240.0
/dev18500/demods/2/sample.dio,279909924723712,10634,1073741888.0
/dev18500/demods/2/sample.dio,279909924782080,10635,0.0
/dev18500/demods/2/sample.dio,279909924840448,10636,0.0
/dev18500/demods/2/sample.dio,279909924898816,10637,0.0
/dev18500/demods/2/sample.dio,279909924957184,10638,3221225664.0
/dev18500/demods/2/sample.dio,279909925015552,10639,1073742016.0
/dev18500/demods/2/sample.dio,279909925073920,10640,0.0
/dev18500/demods/2/sample.dio,279909925132288,10641,0.0
/dev18500/demods/2/sample.dio,279909925190656,10642,1074790400.0
/dev18500/demods/2/sample.dio,279909925249024,10643,3221225664.0
/dev18500/demods/2/sample.dio,279909925307392,10644,1073741824.0
/dev18500/demods/2/sample.dio,279909925365760,10645,0.0
/dev18500/demods/2/sample.dio,279909925424128,10646,0.0
/dev18500/demods/2/sample.dio,279909925482496,10647,3222274048.0
/dev18500/demods/2/sample.dio,279909925540864,10648,3221225664.0
/dev18500/demods/2/sample.dio,279909925599232,10649,1073741824.0
/dev18500/demods/2/sample.dio,279909925657600,10650,0.0
/dev18500/demods/2/sample.dio,279909925715968,10651,0.0
/dev18500/demods/2/sample.dio,279909925774336,10652,3222274240.0
/dev18500/demods/2/sample.dio,279909925832704,10653,3221225664.0
/dev18500/demods/2/sample.dio,279909925891072,10654,1073741824.0
/dev18500/demods/2/sample.dio,279909925949440,10655,0.0
/dev18500/demods/2/sample.dio,279909926007808,10656,0.0
/dev18500/demods/2/sample.dio,279909926066176,10657,3222274240.0
/dev18500/demods/2/sample.dio,279909926124544,10658,1073742016.0
/dev18500/demods/2/sample.dio,279909926182912,10659,1073741824.0
/dev18500/demods/2/sample.dio,279909926241280,10660,0.0
/dev18500/demods/2/sample.dio,279909926299648,10661,0.0
/dev18500/demods/2/sample.dio,279909926358016,10662,3221225664.0
/dev18500/demods/2/sample.dio,279909926416384,10663,1073742016.0
/dev18500/demods/2/sample.dio,279909926474752,10664,0.0
/dev18500/demods/2/sample.dio,279909926533120,10665,0.0
/dev18500/demods/2/sample.dio,279909926591488,10666,0.0
/dev18500/demods/2/sample.dio,279909926649856,10667,3221242048.0
/dev18500/demods/2/sample.dio,279909926708224,10668,1073741824.0
/dev18500/demods/2/sample.dio,279909926766592,10669,0.0
/dev18500/demods/2/sample.dio,279909926824960,10670,0.0
/dev18500/demods/2/sample.dio,279909926883328,10671,0.0
/dev18500/demods/2/sample.dio,279909926941696,10672,3221233856.0
/dev18500/demods/2/sample.dio,279909927000064,10673,1073741824.0
/dev18500/demods/2/sample.dio,279909927058432,10674,0.0
/dev18500/demods/2/sample.dio,279909927116800,10675,0.0
/dev18500/demods/2/sample.dio,279909927175168,10676,3222290496.0
/dev18500/demods/2/sample.dio,279909927233536,10677,3221225664.0
/dev18500/demods/2/sample.dio,279909927291904,10678,1073741824.0
/dev18500/demods/2/sample.dio,279909927350272,10679,0.0
/dev18500/demods/2/sample.dio,279909927408640,10680,0.0
/dev18500/demods/2/sample.dio,279909927467008,10681,3222274048.0
/dev18500/demods/2/sample.dio,279909927525376,10682,3221225664.0
/dev18500/demods/2/sample.dio,279909927583744,10683,1073741824.0
/dev18500/demods/2/sample.dio,279909927642112,10684,0.0
/dev18500/demods/2/sample.dio,279909927700480,10685,0.0
/dev18500/demods/2/sample.dio,279909927758848,10686,3222274240.0
/dev18500/demods/2/sample.dio,279909927817216,10687,3221225664.0
/dev18500/demods/2/sample.dio,279909927875584,10688,0.0
/dev18500/demods/2/sample.dio,279909927933952,10689,0.0
/dev18500/demods/2/sample.dio,279909927992320,10690,1048576.0
/dev18500/demods/2/sample.dio,279909928050688,10691,3221225664.0
/dev18500/demods/2/sample.dio,279909928109056,10692,1073741824.0
/dev18500/demods/2/sample.dio,279909928167424,10693,0.0
/dev18500/demods/2/sample.dio,279909928225792,10694,0.0
/dev18500/demods/2/sample.dio,279909928284160,10695,0.0
/dev18500/demods/2/sample.dio,279909928342528,10696,3221225664.0
/dev18500/demods/2/sample.dio,279909928400896,10697,1073742016.0
/dev18500/demods/2/sample.dio,279909928459264,10698,0.0
/dev18500/demods/2/sample.dio,279909928517632,10699,0.0
/dev18500/demods/2/sample.dio,279909928576000,10700,3222274048.0
/dev18500/demods/2/sample.dio,279909928634368,10701,3221225664.0
/dev18500/demods/2/sample.dio,279909928692736,10702,1073750016.0
/dev18500/demods/2/sample.dio,279909928751104,10703,0.0
/dev18500/demods/2/sample.dio,279909928809472,10704,0.0
/dev18500/demods/2/sample.dio,279909928867840,10705,3222274048.0
/dev18500/demods/2/sample.dio,279909928926208,10706,3221225664.0
/dev18500/demods/2/sample.dio,279909928984576,10707,1073741824.0
/dev18500/demods/2/sample.dio,279909929042944,10708,0.0
/dev18500/demods/2/sample.dio,279909929101312,10709,0.0
/dev18500/demods/2/sample.dio,279909929159680,10710,3222274112.0
/dev18500/demods/2/sample.dio,279909929218048,10711,3221225664.0
/dev18500/demods/2/sample.dio,279909929276416,10712,1073741824.0
/dev18500/demods/2/sample.dio,279909929334784,10713,0.0
/dev18500/demods/2/sample.dio,279909929393152,10714,0.0
/dev18500/demods/2/sample.dio,279909929451520,10715,3222274240.0
/dev18500/demods/2/sample.dio,279909929509888,10716,1073741888.0
/dev18500/demods/2/sample.dio,279909929568256,10717,1073741824.0
/dev18500/demods/2/sample.dio,279909929626624,10718,0.0
/dev18500/demods/2/sample.dio,279909929684992,10719,0.0
/dev18500/demods/2/sample.dio,279909929743360,10720,3221225664.0
/dev18500/demods/2/sample.dio,279909929801728,10721,1073750208.0
/dev18500/demods/2/sample.dio,279909929860096,10722,0.0
/dev18500/demods/2/sample.dio,279909929918464,10723,0.0
/dev18500/demods/2/sample.dio,279909929976832,10724,1073758208.0
/dev18500/demods/2/sample.dio,279909930035200,10725,3221225664.0
/dev18500/demods/2/sample.dio,279909930093568,10726,1073750016.0
/dev18500/demods/2/sample.dio,279909930151936,10727,0.0
/dev18500/demods/2/sample.dio,279909930210304,10728,0.0
/dev18500/demods/2/sample.dio,279909930268672,10729,1048576.0
/dev18500/demods/2/sample.dio,279909930327040,10730,3221225664.0
/dev18500/demods/2/sample.dio,279909930385408,10731,1073741824.0
/dev18500/demods/2/sample.dio,279909930443776,10732,0.0
/dev18500/demods/2/sample.dio,279909930502144,10733,0.0
/dev18500/demods/2/sample.dio,279909930560512,10734,3222274112.0
/dev18500/demods/2/sample.dio,279909930618880,10735,3221225664.0
/dev18500/demods/2/sample.dio,279909930677248,10736,1073741824.0
/dev18500/demods/2/sample.dio,279909930735616,10737,0.0
/dev18500/demods/2/sample.dio,279909930793984,10738,0.0
/dev18500/demods/2/sample.dio,279909930852352,10739,3222274112.0
/dev18500/demods/2/sample.dio,279909930910720,10740,3221233856.0
/dev18500/demods/2/sample.dio,279909930969088,10741,1073741824.0
/dev18500/demods/2/sample.dio,279909931027456,10742,0.0
/dev18500/demods/2/sample.dio,279909931085824,10743,16384.0
/dev18500/demods/2/sample.dio,279909931144192,10744,3221225664.0
/dev18500/demods/2/sample.dio,279909931202560,10745,3221225664.0
/dev18500/demods/2/sample.dio,279909931260928,10746,0.0
/dev18500/demods/2/sample.dio,279909931319296,10747,0.0
/dev18500/demods/2/sample.dio,279909931377664,10748,1048576.0
/dev18500/demods/2/sample.dio,279909931436032,10749,3222274240.0
/dev18500/demods/2/sample.dio,279909931494400,10750,1073741824.0
/dev18500/demods/2/sample.dio,279909931552768,10751,1073741824.0
/dev18500/demods/2/sample.dio,279909931611136,10752,0.0
/dev18500/demods/2/sample.dio,279909931669504,10753,1048576.0
/dev18500/demods/2/sample.dio,279909931727872,10754,3221225664.0
/dev18500/demods/2/sample.dio,279909931786240,10755,1073741824.0
/dev18500/demods/2/sample.dio,279909931844608,10756,0.0
/dev18500/demods/2/sample.dio,279909931902976,10757,0.0
/dev18500/demods/2/sample.dio,279909931961344,10758,3221225472.0
/dev18500/demods/2/sample.dio,279909932019712,10759,3221225664.0
/dev18500/demods/2/sample.dio,279909932078080,10760,1073741824.0
/dev18500/demods/2/sample.dio,279909932136448,10761,0.0
/dev18500/demods/2/sample.dio,279909932194816,10762,0.0
/dev18500/demods/2/sample.dio,279909932253184,10763,3222274048.0
/dev18500/demods/2/sample.dio,279909932311552,10764,3221225664.0
/dev18500/demods/2/sample.dio,279909932369920,10765,1073750016.0
/dev18500/demods/2/sample.dio,279909932428288,10766,0.0
/dev18500/demods/2/sample.dio,279909932486656,10767,0.0
/dev18500/demods/2/sample.dio,279909932545024,10768,3222274240.0
/dev18500/demods/2/sample.dio,279909932603392,10769,3221225664.0
/dev18500/demods/2/sample.dio,279909932661760,10770,0.0
/dev18500/demods/2/sample.dio,279909932720128,10771,0.0
/dev18500/demods/2/sample.dio,279909932778496,10772,1064960.0
/dev18500/demods/2/sample.dio,279909932836864,10773,3222274240.0
/dev18500/demods/2/sample.dio,279909932895232,10774,1073741888.0
/dev18500/demods/2/sample.dio,279909932953600,10775,0.0
/dev18500/demods/2/sample.dio,279909933011968,10776,0.0
/dev18500/demods/2/sample.dio,279909933070336,10777,0.0
/dev18500/demods/2/sample.dio,279909933128704,10778,3221225664.0
/dev18500/demods/2/sample.dio,279909933187072,10779,1073741888.0
/dev18500/demods/2/sample.dio,279909933245440,10780,0.0
/dev18500/demods/2/sample.dio,279909933303808,10781,0.0
/dev18500/demods/2/sample.dio,279909933362176,10782,0.0
/dev18500/demods/2/sample.dio,279909933420544,10783,3221225664.0
/dev18500/demods/2/sample.dio,279909933478912,10784,1073741824.0
/dev18500/demods/2/sample.dio,279909933537280,10785,0.0
/dev18500/demods/2/sample.dio,279909933595648,10786,0.0
/dev18500/demods/2/sample.dio,279909933654016,10787,3221225472.0
/dev18500/demods/2/sample.dio,279909933712384,10788,3221233856.0
/dev18500/demods/2/sample.dio,279909933770752,10789,1073741824.0
/dev18500/demods/2/sample.dio,279909933829120,10790,0.0
/dev18500/demods/2/sample.dio,279909933887488,10791,0.0
/dev18500/demods/2/sample.dio,279909933945856,10792,3222274240.0
/dev18500/demods/2/sample.dio,279909934004224,10793,3221225664.0
/dev18500/demods/2/sample.dio,279909934062592,10794,1073741824.0
/dev18500/demods/2/sample.dio,279909934120960,10795,0.0
/dev18500/demods/2/sample.dio,279909934179328,10796,0.0
/dev18500/demods/2/sample.dio,279909934237696,10797,3222274240.0
/dev18500/demods/2/sample.dio,279909934296064,10798,3221225664.0
/dev18500/demods/2/sample.dio,279909934354432,10799,1073741824.0
/dev18500/demods/2/sample.dio,279909934412800,10800,0.0
/dev18500/demods/2/sample.dio,279909934471168,10801,0.0
/dev18500/demods/2/sample.dio,279909934529536,10802,3222274240.0
/dev18500/demods/2/sample.dio,279909934587904,10803,3221225664.0
/dev18500/demods/2/sample.dio,279909934646272,10804,0.0
/dev18500/demods/2/sample.dio,279909934704640,10805,0.0
/dev18500/demods/2/sample.dio,279909934763008,10806,1048576.0
/dev18500/demods/2/sample.dio,279909934821376,10807,3222274240.0
/dev18500/demods/2/sample.dio,279909934879744,10808,1073741824.0
/dev18500/demods/2/sample.dio,279909934938112,10809,0.0
/dev18500/demods/2/sample.dio,279909934996480,10810,0.0
/dev18500/demods/2/sample.dio,279909935054848,10811,1048576.0
/dev18500/demods/2/sample.dio,279909935113216,10812,3221225664.0
/dev18500/demods/2/sample.dio,279909935171584,10813,1073750016.0
/dev18500/demods/2/sample.dio,279909935229952,10814,0.0
/dev18500/demods/2/sample.dio,279909935288320,10815,0.0
/dev18500/demods/2/sample.dio,279909935346688,10816,3222274112.0
/dev18500/demods/2/sample.dio,279909935405056,10817,3221225664.0
/dev18500/demods/2/sample.dio,279909935463424,10818,1073750016.0
/dev18500/demods/2/sample.dio,279909935521792,10819,0.0
/dev18500/demods/2/sample.dio,279909935580160,10820,0.0
/dev18500/demods/2/sample.dio,279909935638528,10821,3222274048.0
/dev18500/demods/2/sample.dio,279909935696896,10822,3221233856.0
/dev18500/demods/2/sample.dio,279909935755264,10823,1073741824.0
/dev18500/demods/2/sample.dio,279909935813632,10824,0.0
/dev18500/demods/2/sample.dio,279909935872000,10825,0.0
/dev18500/demods/2/sample.dio,279909935930368,10826,3222274240.0
/dev18500/demods/2/sample.dio,279909935988736,10827,3221225664.0
/dev18500/demods/2/sample.dio,279909936047104,10828,0.0
/dev18500/demods/2/sample.dio,279909936105472,10829,0.0
/dev18500/demods/2/sample.dio,279909936163840,10830,1048576.0
/dev18500/demods/2/sample.dio,279909936222208,10831,3222274240.0
/dev18500/demods/2/sample.dio,279909936280576,10832,1073741824.0
/dev18500/demods/2/sample.dio,279909936338944,10833,8192.0
/dev18500/demods/2/sample.dio,279909936397312,10834,0.0
/dev18500/demods/2/sample.dio,279909936455680,10835,1064960.0
/dev18500/demods/2/sample.dio,279909936514048,10836,3221225664.0
/dev18500/demods/2/sample.dio,279909936572416,10837,1073741824.0
/dev18500/demods/2/sample.dio,279909936630784,10838,0.0
/dev18500/demods/2/sample.dio,279909936689152,10839,0.0
/dev18500/demods/2/sample.dio,279909936747520,10840,3221225536.0
/dev18500/demods/2/sample.dio,279909936805888,10841,3221225664.0
/dev18500/demods/2/sample.dio,279909936864256,10842,1073741824.0
/dev18500/demods/2/sample.dio,279909936922624,10843,0.0
/dev18500/demods/2/sample.dio,279909936980992,10844,0.0
/dev18500/demods/2/sample.dio,279909937039360,10845,1074790400.0
/dev18500/demods/2/sample.dio,279909937097728,10846,3221233856.0
/dev18500/demods/2/sample.dio,279909937156096,10847,1073741824.0
/dev18500/demods/2/sample.dio,279909937214464,10848,0.0
/dev18500/demods/2/sample.dio,279909937272832,10849,0.0
/dev18500/demods/2/sample.dio,279909937331200,10850,3221242048.0
/dev18500/demods/2/sample.dio,279909937389568,10851,3221225664.0
/dev18500/demods/2/sample.dio,279909937447936,10852,8192.0
/dev18500/demods/2/sample.dio,279909937506304,10853,0.0
/dev18500/demods/2/sample.dio,279909937564672,10854,0.0
/dev18500/demods/2/sample.dio,279909937623040,10855,3222274240.0
/dev18500/demods/2/sample.dio,279909937681408,10856,1073741888.0
/dev18500/demods/2/sample.dio,279909937739776,10857,1073741824.0
/dev18500/demods/2/sample.dio,279909937798144,10858,0.0
/dev18500/demods/2/sample.dio,279909937856512,10859,0.0
/dev18500/demods/2/sample.dio,279909937914880,10860,3221225664.0
/dev18500/demods/2/sample.dio,279909937973248,10861,3221233856.0
/dev18500/demods/2/sample.dio,279909938031616,10862,0.0
/dev18500/demods/2/sample.dio,279909938089984,10863,0.0
/dev18500/demods/2/sample.dio,279909938148352,10864,1074806784.0
/dev18500/demods/2/sample.dio,279909938206720,10865,3222274240.0
/dev18500/demods/2/sample.dio,279909938265088,10866,1073741824.0
/dev18500/demods/2/sample.dio,279909938323456,10867,0.0
/dev18500/demods/2/sample.dio,279909938381824,10868,0.0
/dev18500/demods/2/sample.dio,279909938440192,10869,3222274048.0
/dev18500/demods/2/sample.dio,279909938498560,10870,3221225664.0
/dev18500/demods/2/sample.dio,279909938556928,10871,1073741824.0
/dev18500/demods/2/sample.dio,279909938615296,10872,0.0
/dev18500/demods/2/sample.dio,279909938673664,10873,0.0
/dev18500/demods/2/sample.dio,279909938732032,10874,3222274240.0
/dev18500/demods/2/sample.dio,279909938790400,10875,3221225664.0
/dev18500/demods/2/sample.dio,279909938848768,10876,0.0
/dev18500/demods/2/sample.dio,279909938907136,10877,0.0
/dev18500/demods/2/sample.dio,279909938965504,10878,0.0
/dev18500/demods/2/sample.dio,279909939023872,10879,3222274112.0
/dev18500/demods/2/sample.dio,279909939082240,10880,1073742016.0
/dev18500/demods/2/sample.dio,279909939140608,10881,1073741824.0
/dev18500/demods/2/sample.dio,279909939198976,10882,0.0
/dev18500/demods/2/sample.dio,279909939257344,10883,0.0
/dev18500/demods/2/sample.dio,279909939315712,10884,3221225664.0
/dev18500/demods/2/sample.dio,279909939374080,10885,3221225664.0
/dev18500/demods/2/sample.dio,279909939432448,10886,0.0
/dev18500/demods/2/sample.dio,279909939490816,10887,0.0
/dev18500/demods/2/sample.dio,279909939549184,10888,1048576.0
/dev18500/demods/2/sample.dio,279909939607552,10889,3222274240.0
/dev18500/demods/2/sample.dio,279909939665920,10890,1073741824.0
/dev18500/demods/2/sample.dio,279909939724288,10891,0.0
/dev18500/demods/2/sample.dio,279909939782656,10892,0.0
/dev18500/demods/2/sample.dio,279909939841024,10893,1048576.0
/dev18500/demods/2/sample.dio,279909939899392,10894,3221225664.0
/dev18500/demods/2/sample.dio,279909939957760,10895,1073741824.0
/dev18500/demods/2/sample.dio,279909940016128,10896,0.0
/dev18500/demods/2/sample.dio,279909940074496,10897,0.0
/dev18500/demods/2/sample.dio,279909940132864,10898,3222274112.0
/dev18500/demods/2/sample.dio,279909940191232,10899,3221225664.0
/dev18500/demods/2/sample.dio,279909940249600,10900,1073741824.0
/dev18500/demods/2/sample.dio,279909940307968,10901,0.0
/dev18500/demods/2/sample.dio,279909940366336,10902,0.0
/dev18500/demods/2/sample.dio,279909940424704,10903,3221241920.0
/dev18500/demods/2/sample.dio,279909940483072,10904,3221225664.0
/dev18500/demods/2/sample.dio,279909940541440,10905,1073741824.0
/dev18500/demods/2/sample.dio,279909940599808,10906,0.0
/dev18500/demods/2/sample.dio,279909940658176,10907,0.0
/dev18500/demods/2/sample.dio,279909940716544,10908,3222290624.0
/dev18500/demods/2/sample.dio,279909940774912,10909,3221233856.0
/dev18500/demods/2/sample.dio,279909940833280,10910,0.0
/dev18500/demods/2/sample.dio,279909940891648,10911,0.0
/dev18500/demods/2/sample.dio,279909940950016,10912,0.0
/dev18500/demods/2/sample.dio,279909941008384,10913,3222274240.0
/dev18500/demods/2/sample.dio,279909941066752,10914,1073741824.0
/dev18500/demods/2/sample.dio,279909941125120,10915,0.0
/dev18500/demods/2/sample.dio,279909941183488,10916,0.0
/dev18500/demods/2/sample.dio,279909941241856,10917,0.0
/dev18500/demods/2/sample.dio,279909941300224,10918,3221225664.0
/dev18500/demods/2/sample.dio,279909941358592,10919,1073741824.0
/dev18500/demods/2/sample.dio,279909941416960,10920,0.0
/dev18500/demods/2/sample.dio,279909941475328,10921,0.0
/dev18500/demods/2/sample.dio,279909941533696,10922,1074790400.0
/dev18500/demods/2/sample.dio,279909941592064,10923,3221225664.0
/dev18500/demods/2/sample.dio,279909941650432,10924,1073741824.0
/dev18500/demods/2/sample.dio,279909941708800,10925,0.0
/dev18500/demods/2/sample.dio,279909941767168,10926,0.0
/dev18500/demods/2/sample.dio,279909941825536,10927,3222274048.0
/dev18500/demods/2/sample.dio,279909941883904,10928,3221225664.0
/dev18500/demods/2/sample.dio,279909941942272,10929,1073741824.0
/dev18500/demods/2/sample.dio,279909942000640,10930,0.0
/dev18500/demods/2/sample.dio,279909942059008,10931,0.0
/dev18500/demods/2/sample.dio,279909942117376,10932,3222274240.0
/dev18500/demods/2/sample.dio,279909942175744,10933,3221225664.0
/dev18500/demods/2/sample.dio,279909942234112,10934,0.0
/dev18500/demods/2/sample.dio,279909942292480,10935,0.0
/dev18500/demods/2/sample.dio,279909942350848,10936,1048576.0
/dev18500/demods/2/sample.dio,279909942409216,10937,3222274112.0
/dev18500/demods/2/sample.dio,279909942467584,10938,1073741888.0
/dev18500/demods/2/sample.dio,279909942525952,10939,1073741824.0
/dev18500/demods/2/sample.dio,279909942584320,10940,0.0
/dev18500/demods/2/sample.dio,279909942642688,10941,1048576.0
/dev18500/demods/2/sample.dio,279909942701056,10942,3221225664.0
/dev18500/demods/2/sample.dio,279909942759424,10943,1073741888.0
/dev18500/demods/2/sample.dio,279909942817792,10944,0.0
/dev18500/demods/2/sample.dio,279909942876160,10945,0.0
/dev18500/demods/2/sample.dio,279909942934528,10946,1048576.0
/dev18500/demods/2/sample.dio,279909942992896,10947,3222274240.0
/dev18500/demods/2/sample.dio,279909943051264,10948,1073741824.0
/dev18500/demods/2/sample.dio,279909943109632,10949,0.0
/dev18500/demods/2/sample.dio,279909943168000,10950,0.0
/dev18500/demods/2/sample.dio,279909943226368,10951,1048576.0
/dev18500/demods/2/sample.dio,279909943284736,10952,3221225664.0
/dev18500/demods/2/sample.dio,279909943343104,10953,1073741824.0
/dev18500/demods/2/sample.dio,279909943401472,10954,0.0
/dev18500/demods/2/sample.dio,279909943459840,10955,0.0
/dev18500/demods/2/sample.dio,279909943518208,10956,3222274240.0
/dev18500/demods/2/sample.dio,279909943576576,10957,3221225664.0
/dev18500/demods/2/sample.dio,279909943634944,10958,1073741824.0
/dev18500/demods/2/sample.dio,279909943693312,10959,0.0
/dev18500/demods/2/sample.dio,279909943751680,10960,0.0
/dev18500/demods/2/sample.dio,279909943810048,10961,3221225664.0
/dev18500/demods/2/sample.dio,279909943868416,10962,1073742016.0
/dev18500/demods/2/sample.dio,279909943926784,10963,1073741824.0
/dev18500/demods/2/sample.dio,279909943985152,10964,0.0
/dev18500/demods/2/sample.dio,279909944043520,10965,1048576.0
/dev18500/demods/2/sample.dio,279909944101888,10966,3221225664.0
/dev18500/demods/2/sample.dio,279909944160256,10967,1073742016.0
/dev18500/demods/2/sample.dio,279909944218624,10968,0.0
/dev18500/demods/2/sample.dio,279909944276992,10969,0.0
/dev18500/demods/2/sample.dio,279909944335360,10970,16384.0
/dev18500/demods/2/sample.dio,279909944393728,10971,3221225664.0
/dev18500/demods/2/sample.dio,279909944452096,10972,1073741824.0
/dev18500/demods/2/sample.dio,279909944510464,10973,0.0
/dev18500/demods/2/sample.dio,279909944568832,10974,0.0
/dev18500/demods/2/sample.dio,279909944627200,10975,0.0
/dev18500/demods/2/sample.dio,279909944685568,10976,3221225664.0
/dev18500/demods/2/sample.dio,279909944743936,10977,1073741824.0
/dev18500/demods/2/sample.dio,279909944802304,10978,0.0
/dev18500/demods/2/sample.dio,279909944860672,10979,0.0
/dev18500/demods/2/sample.dio,279909944919040,10980,3222274048.0
/dev18500/demods/2/sample.dio,279909944977408,10981,3221233856.0
/dev18500/demods/2/sample.dio,279909945035776,10982,1073741824.0
/dev18500/demods/2/sample.dio,279909945094144,10983,0.0
/dev18500/demods/2/sample.dio,279909945152512,10984,0.0
/dev18500/demods/2/sample.dio,279909945210880,10985,3222274112.0
/dev18500/demods/2/sample.dio,279909945269248,10986,3221225664.0
/dev18500/demods/2/sample.dio,279909945327616,10987,1073741824.0
/dev18500/demods/2/sample.dio,279909945385984,10988,0.0
/dev18500/demods/2/sample.dio,279909945444352,10989,0.0
/dev18500/demods/2/sample.dio,279909945502720,10990,3222274240.0
/dev18500/demods/2/sample.dio,279909945561088,10991,3221225664.0
/dev18500/demods/2/sample.dio,279909945619456,10992,0.0
/dev18500/demods/2/sample.dio,279909945677824,10993,0.0
/dev18500/demods/2/sample.dio,279909945736192,10994,1064960.0
/dev18500/demods/2/sample.dio,279909945794560,10995,3221225664.0
/dev18500/demods/2/sample.dio,279909945852928,10996,1073750080.0
/dev18500/demods/2/sample.dio,279909945911296,10997,0.0
/dev18500/demods/2/sample.dio,279909945969664,10998,0.0
/dev18500/demods/2/sample.dio,279909946028032,10999,1048576.0
/dev18500/demods/2/sample.dio,279909946086400,11000,3221225664.0
/dev18500/demods/2/sample.dio,279909946144768,11001,1073741888.0
/dev18500/demods/2/sample.dio,279909946203136,11002,0.0
/dev18500/demods/2/sample.dio,279909946261504,11003,0.0
/dev18500/demods/2/sample.dio,279909946319872,11004,1048576.0
/dev18500/demods/2/sample.dio,279909946378240,11005,3221225664.0
/dev18500/demods/2/sample.dio,279909946436608,11006,1073741824.0
/dev18500/demods/2/sample.dio,279909946494976,11007,0.0
/dev18500/demods/2/sample.dio,279909946553344,11008,0.0
/dev18500/demods/2/sample.dio,279909946611712,11009,3221225472.0
/dev18500/demods/2/sample.dio,279909946670080,11010,3221225664.0
/dev18500/demods/2/sample.dio,279909946728448,11011,1073741824.0
/dev18500/demods/2/sample.dio,279909946786816,11012,0.0
/dev18500/demods/2/sample.dio,279909946845184,11013,0.0
/dev18500/demods/2/sample.dio,279909946903552,11014,3222274240.0
/dev18500/demods/2/sample.dio,279909946961920,11015,3221225664.0
/dev18500/demods/2/sample.dio,279909947020288,11016,0.0
/dev18500/demods/2/sample.dio,279909947078656,11017,0.0
/dev18500/demods/2/sample.dio,279909947137024,11018,0.0
/dev18500/demods/2/sample.dio,279909947195392,11019,3222274240.0
/dev18500/demods/2/sample.dio,279909947253760,11020,1073742016.0
/dev18500/demods/2/sample.dio,279909947312128,11021,1073741824.0
/dev18500/demods/2/sample.dio,279909947370496,11022,0.0
/dev18500/demods/2/sample.dio,279909947428864,11023,1048576.0
/dev18500/demods/2/sample.dio,279909947487232,11024,3222274240.0
/dev18500/demods/2/sample.dio,279909947545600,11025,1073742016.0
/dev18500/demods/2/sample.dio,279909947603968,11026,0.0
/dev18500/demods/2/sample.dio,279909947662336,11027,0.0
/dev18500/demods/2/sample.dio,279909947720704,11028,1073741824.0
/dev18500/demods/2/sample.dio,279909947779072,11029,3221242048.0
/dev18500/demods/2/sample.dio,279909947837440,11030,1073741824.0
/dev18500/demods/2/sample.dio,279909947895808,11031,0.0
/dev18500/demods/2/sample.dio,279909947954176,11032,0.0
/dev18500/demods/2/sample.dio,279909948012544,11033,1048576.0
/dev18500/demods/2/sample.dio,279909948070912,11034,3221225664.0
/dev18500/demods/2/sample.dio,279909948129280,11035,1073741824.0
/dev18500/demods/2/sample.dio,279909948187648,11036,0.0
/dev18500/demods/2/sample.dio,279909948246016,11037,0.0
/dev18500/demods/2/sample.dio,279909948304384,11038,3222274240.0
/dev18500/demods/2/sample.dio,279909948362752,11039,3221225664.0
/dev18500/demods/2/sample.dio,279909948421120,11040,1073741824.0
/dev18500/demods/2/sample.dio,279909948479488,11041,0.0
/dev18500/demods/2/sample.dio,279909948537856,11042,0.0
/dev18500/demods/2/sample.dio,279909948596224,11043,3222274112.0
/dev18500/demods/2/sample.dio,279909948654592,11044,3221225664.0
/dev18500/demods/2/sample.dio,279909948712960,11045,1073741824.0
/dev18500/demods/2/sample.dio,279909948771328,11046,0.0
/dev18500/demods/2/sample.dio,279909948829696,11047,0.0
/dev18500/demods/2/sample.dio,279909948888064,11048,3222274240.0
/dev18500/demods/2/sample.dio,279909948946432,11049,3221225664.0
/dev18500/demods/2/sample.dio,279909949004800,11050,0.0
/dev18500/demods/2/sample.dio,279909949063168,11051,0.0
/dev18500/demods/2/sample.dio,279909949121536,11052,1074790400.0
/dev18500/demods/2/sample.dio,279909949179904,11053,3222274240.0
/dev18500/demods/2/sample.dio,279909949238272,11054,1073741824.0
/dev18500/demods/2/sample.dio,279909949296640,11055,0.0
/dev18500/demods/2/sample.dio,279909949355008,11056,0.0
/dev18500/demods/2/sample.dio,279909949413376,11057,1048576.0
/dev18500/demods/2/sample.dio,279909949471744,11058,3221225664.0
/dev18500/demods/2/sample.dio,279909949530112,11059,1073741824.0
/dev18500/demods/2/sample.dio,279909949588480,11060,0.0
/dev18500/demods/2/sample.dio,279909949646848,11061,0.0
/dev18500/demods/2/sample.dio,279909949705216,11062,3222274112.0
/dev18500/demods/2/sample.dio,279909949763584,11063,3221225664.0
/dev18500/demods/2/sample.dio,279909949821952,11064,1073741824.0
/dev18500/demods/2/sample.dio,279909949880320,11065,0.0
/dev18500/demods/2/sample.dio,279909949938688,11066,0.0
/dev18500/demods/2/sample.dio,279909949997056,11067,3221225536.0
/dev18500/demods/2/sample.dio,279909950055424,11068,3221233856.0
/dev18500/demods/2/sample.dio,279909950113792,11069,1073741824.0
/dev18500/demods/2/sample.dio,279909950172160,11070,0.0
/dev18500/demods/2/sample.dio,279909950230528,11071,0.0
/dev18500/demods/2/sample.dio,279909950288896,11072,3222274240.0
/dev18500/demods/2/sample.dio,279909950347264,11073,3221225664.0
/dev18500/demods/2/sample.dio,279909950405632,11074,0.0
/dev18500/demods/2/sample.dio,279909950464000,11075,0.0
/dev18500/demods/2/sample.dio,279909950522368,11076,0.0
/dev18500/demods/2/sample.dio,279909950580736,11077,3221225536.0
/dev18500/demods/2/sample.dio,279909950639104,11078,1073741888.0
/dev18500/demods/2/sample.dio,279909950697472,11079,0.0
/dev18500/demods/2/sample.dio,279909950755840,11080,0.0
/dev18500/demods/2/sample.dio,279909950814208,11081,0.0
/dev18500/demods/2/sample.dio,279909950872576,11082,3221225664.0
/dev18500/demods/2/sample.dio,279909950930944,11083,1073741888.0
/dev18500/demods/2/sample.dio,279909950989312,11084,0.0
/dev18500/demods/2/sample.dio,279909951047680,11085,0.0
/dev18500/demods/2/sample.dio,279909951106048,11086,0.0
/dev18500/demods/2/sample.dio,279909951164416,11087,3221225664.0
/dev18500/demods/2/sample.dio,279909951222784,11088,1073741824.0
/dev18500/demods/2/sample.dio,279909951281152,11089,0.0
/dev18500/demods/2/sample.dio,279909951339520,11090,0.0
/dev18500/demods/2/sample.dio,279909951397888,11091,1073741824.0
/dev18500/demods/2/sample.dio,279909951456256,11092,3221225664.0
/dev18500/demods/2/sample.dio,279909951514624,11093,1073741824.0
/dev18500/demods/2/sample.dio,279909951572992,11094,0.0
/dev18500/demods/2/sample.dio,279909951631360,11095,0.0
/dev18500/demods/2/sample.dio,279909951689728,11096,3222274240.0
/dev18500/demods/2/sample.dio,279909951748096,11097,3221225664.0
/dev18500/demods/2/sample.dio,279909951806464,11098,1073741824.0
/dev18500/demods/2/sample.dio,279909951864832,11099,0.0
/dev18500/demods/2/sample.dio,279909951923200,11100,0.0
/dev18500/demods/2/sample.dio,279909951981568,11101,3222290624.0
/dev18500/demods/2/sample.dio,279909952039936,11102,1073742016.0
/dev18500/demods/2/sample.dio,279909952098304,11103,1073741824.0
/dev18500/demods/2/sample.dio,279909952156672,11104,0.0
/dev18500/demods/2/sample.dio,279909952215040,11105,16384.0
/dev18500/demods/2/sample.dio,279909952273408,11106,3222274240.0
/dev18500/demods/2/sample.dio,279909952331776,11107,1073742016.0
/dev18500/demods/2/sample.dio,279909952390144,11108,0.0
/dev18500/demods/2/sample.dio,279909952448512,11109,0.0
/dev18500/demods/2/sample.dio,279909952506880,11110,1074790400.0
/dev18500/demods/2/sample.dio,279909952565248,11111,3222274240.0
/dev18500/demods/2/sample.dio,279909952623616,11112,1073741824.0
/dev18500/demods/2/sample.dio,279909952681984,11113,0.0
/dev18500/demods/2/sample.dio,279909952740352,11114,0.0
/dev18500/demods/2/sample.dio,279909952798720,11115,1048576.0
/dev18500/demods/2/sample.dio,279909952857088,11116,3221225664.0
/dev18500/demods/2/sample.dio,279909952915456,11117,1073741824.0
/dev18500/demods/2/sample.dio,279909952973824,11118,0.0
/dev18500/demods/2/sample.dio,279909953032192,11119,0.0
/dev18500/demods/2/sample.dio,279909953090560,11120,3222274112.0
/dev18500/demods/2/sample.dio,279909953148928,11121,3221225664.0
/dev18500/demods/2/sample.dio,279909953207296,11122,1073741824.0
/dev18500/demods/2/sample.dio,279909953265664,11123,0.0
/dev18500/demods/2/sample.dio,279909953324032,11124,0.0
/dev18500/demods/2/sample.dio,279909953382400,11125,3222290432.0
/dev18500/demods/2/sample.dio,279909953440768,11126,1073742016.0
/dev18500/demods/2/sample.dio,279909953499136,11127,1073750016.0
/dev18500/demods/2/sample.dio,279909953557504,11128,0.0
/dev18500/demods/2/sample.dio,279909953615872,11129,0.0
/dev18500/demods/2/sample.dio,279909953674240,11130,3222274240.0
/dev18500/demods/2/sample.dio,279909953732608,11131,3221225664.0
/dev18500/demods/2/sample.dio,279909953790976,11132,0.0
/dev18500/demods/2/sample.dio,279909953849344,11133,0.0
/dev18500/demods/2/sample.dio,279909953907712,11134,1048576.0
/dev18500/demods/2/sample.dio,279909953966080,11135,3221225664.0
/dev18500/demods/2/sample.dio,279909954024448,11136,1073741824.0
/dev18500/demods/2/sample.dio,279909954082816,11137,0.0
/dev18500/demods/2/sample.dio,279909954141184,11138,0.0
/dev18500/demods/2/sample.dio,279909954199552,11139,1048576.0
/dev18500/demods/2/sample.dio,279909954257920,11140,3221225664.0
/dev18500/demods/2/sample.dio,279909954316288,11141,1073741888.0
/dev18500/demods/2/sample.dio,279909954374656,11142,0.0
/dev18500/demods/2/sample.dio,279909954433024,11143,0.0
/dev18500/demods/2/sample.dio,279909954491392,11144,1074790400.0
/dev18500/demods/2/sample.dio,279909954549760,11145,3221225664.0
/dev18500/demods/2/sample.dio,279909954608128,11146,1073741824.0
/dev18500/demods/2/sample.dio,279909954666496,11147,0.0
/dev18500/demods/2/sample.dio,279909954724864,11148,0.0
/dev18500/demods/2/sample.dio,279909954783232,11149,3222274048.0
/dev18500/demods/2/sample.dio,279909954841600,11150,3221225664.0
/dev18500/demods/2/sample.dio,279909954899968,11151,1073750016.0
/dev18500/demods/2/sample.dio,279909954958336,11152,0.0
/dev18500/demods/2/sample.dio,279909955016704,11153,0.0
/dev18500/demods/2/sample.dio,279909955075072,11154,3222274240.0
/dev18500/demods/2/sample.dio,279909955133440,11155,3221225664.0
/dev18500/demods/2/sample.dio,279909955191808,11156,0.0
/dev18500/demods/2/sample.dio,279909955250176,11157,0.0
/dev18500/demods/2/sample.dio,279909955308544,11158,16384.0
/dev18500/demods/2/sample.dio,279909955366912,11159,3222274240.0
/dev18500/demods/2/sample.dio,279909955425280,11160,1073750080.0
/dev18500/demods/2/sample.dio,279909955483648,11161,8192.0
/dev18500/demods/2/sample.dio,279909955542016,11162,0.0
/dev18500/demods/2/sample.dio,279909955600384,11163,0.0
/dev18500/demods/2/sample.dio,279909955658752,11164,3222274240.0
/dev18500/demods/2/sample.dio,279909955717120,11165,1073742016.0
/dev18500/demods/2/sample.dio,279909955775488,11166,0.0
/dev18500/demods/2/sample.dio,279909955833856,11167,0.0
/dev18500/demods/2/sample.dio,279909955892224,11168,3222274048.0
/dev18500/demods/2/sample.dio,279909955950592,11169,3221225664.0
/dev18500/demods/2/sample.dio,279909956008960,11170,1073741824.0
/dev18500/demods/2/sample.dio,279909956067328,11171,0.0
/dev18500/demods/2/sample.dio,279909956125696,11172,0.0
/dev18500/demods/2/sample.dio,279909956184064,11173,1074790400.0
/dev18500/demods/2/sample.dio,279909956242432,11174,3221225664.0
/dev18500/demods/2/sample.dio,279909956300800,11175,1073741824.0
/dev18500/demods/2/sample.dio,279909956359168,11176,0.0
/dev18500/demods/2/sample.dio,279909956417536,11177,0.0
/dev18500/demods/2/sample.dio,279909956475904,11178,3222274240.0
/dev18500/demods/2/sample.dio,279909956534272,11179,3221225664.0
/dev18500/demods/2/sample.dio,279909956592640,11180,1073741824.0
/dev18500/demods/2/sample.dio,279909956651008,11181,0.0
/dev18500/demods/2/sample.dio,279909956709376,11182,1048576.0
/dev18500/demods/2/sample.dio,279909956767744,11183,3222274240.0
/dev18500/demods/2/sample.dio,279909956826112,11184,3221225664.0
/dev18500/demods/2/sample.dio,279909956884480,11185,1073741824.0
/dev18500/demods/2/sample.dio,279909956942848,11186,0.0
/dev18500/demods/2/sample.dio,279909957001216,11187,0.0
/dev18500/demods/2/sample.dio,279909957059584,11188,3221225664.0
/dev18500/demods/2/sample.dio,279909957117952,11189,1073742016.0
/dev18500/demods/2/sample.dio,279909957176320,11190,0.0
/dev18500/demods/2/sample.dio,279909957234688,11191,0.0
/dev18500/demods/2/sample.dio,279909957293056,11192,1048576.0
/dev18500/demods/2/sample.dio,279909957351424,11193,3222274240.0
/dev18500/demods/2/sample.dio,279909957409792,11194,1073741824.0
/dev18500/demods/2/sample.dio,279909957468160,11195,0.0
/dev18500/demods/2/sample.dio,279909957526528,11196,0.0
/dev18500/demods/2/sample.dio,279909957584896,11197,1048576.0
/dev18500/demods/2/sample.dio,279909957643264,11198,3221225664.0
/dev18500/demods/2/sample.dio,279909957701632,11199,1073750016.0
/dev18500/demods/2/sample.dio,279909957760000,11200,0.0
/dev18500/demods/2/sample.dio,279909957818368,11201,0.0
/dev18500/demods/2/sample.dio,279909957876736,11202,3221225536.0
/dev18500/demods/2/sample.dio,279909957935104,11203,3221233856.0
/dev18500/demods/2/sample.dio,279909957993472,11204,1073741824.0
/dev18500/demods/2/sample.dio,279909958051840,11205,0.0
/dev18500/demods/2/sample.dio,279909958110208,11206,0.0
/dev18500/demods/2/sample.dio,279909958168576,11207,3222274112.0
/dev18500/demods/2/sample.dio,279909958226944,11208,3221225664.0
/dev18500/demods/2/sample.dio,279909958285312,11209,1073741824.0
/dev18500/demods/2/sample.dio,279909958343680,11210,0.0
/dev18500/demods/2/sample.dio,279909958402048,11211,0.0
/dev18500/demods/2/sample.dio,279909958460416,11212,3222290624.0
/dev18500/demods/2/sample.dio,279909958518784,11213,3221225664.0
/dev18500/demods/2/sample.dio,279909958577152,11214,0.0
/dev18500/demods/2/sample.dio,279909958635520,11215,0.0
/dev18500/demods/2/sample.dio,279909958693888,11216,1048576.0
/dev18500/demods/2/sample.dio,279909958752256,11217,3222274240.0
/dev18500/demods/2/sample.dio,279909958810624,11218,1073741824.0
/dev18500/demods/2/sample.dio,279909958868992,11219,0.0
/dev18500/demods/2/sample.dio,279909958927360,11220,0.0
/dev18500/demods/2/sample.dio,279909958985728,11221,1048576.0
/dev18500/demods/2/sample.dio,279909959044096,11222,3221225664.0
/dev18500/demods/2/sample.dio,279909959102464,11223,1073741824.0
/dev18500/demods/2/sample.dio,279909959160832,11224,0.0
/dev18500/demods/2/sample.dio,279909959219200,11225,0.0
/dev18500/demods/2/sample.dio,279909959277568,11226,3222274048.0
/dev18500/demods/2/sample.dio,279909959335936,11227,3221225664.0
/dev18500/demods/2/sample.dio,279909959394304,11228,1073741824.0
/dev18500/demods/2/sample.dio,279909959452672,11229,0.0
/dev18500/demods/2/sample.dio,279909959511040,11230,0.0
/dev18500/demods/2/sample.dio,279909959569408,11231,3222274048.0
/dev18500/demods/2/sample.dio,279909959627776,11232,3221225664.0
/dev18500/demods/2/sample.dio,279909959686144,11233,1073741824.0
/dev18500/demods/2/sample.dio,279909959744512,11234,0.0
/dev18500/demods/2/sample.dio,279909959802880,11235,0.0
/dev18500/demods/2/sample.dio,279909959861248,11236,3222274240.0
/dev18500/demods/2/sample.dio,279909959919616,11237,3221225664.0
/dev18500/demods/2/sample.dio,279909959977984,11238,0.0
/dev18500/demods/2/sample.dio,279909960036352,11239,0.0
/dev18500/demods/2/sample.dio,279909960094720,11240,0.0
/dev18500/demods/2/sample.dio,279909960153088,11241,3222274240.0
/dev18500/demods/2/sample.dio,279909960211456,11242,1073741888.0
/dev18500/demods/2/sample.dio,279909960269824,11243,1073750016.0
/dev18500/demods/2/sample.dio,279909960328192,11244,0.0
/dev18500/demods/2/sample.dio,279909960386560,11245,0.0
/dev18500/demods/2/sample.dio,279909960444928,11246,3221225664.0
/dev18500/demods/2/sample.dio,279909960503296,11247,1073750208.0
/dev18500/demods/2/sample.dio,279909960561664,11248,0.0
/dev18500/demods/2/sample.dio,279909960620032,11249,0.0
/dev18500/demods/2/sample.dio,279909960678400,11250,3222274048.0
/dev18500/demods/2/sample.dio,279909960736768,11251,3221225664.0
/dev18500/demods/2/sample.dio,279909960795136,11252,1073741824.0
/dev18500/demods/2/sample.dio,279909960853504,11253,0.0
/dev18500/demods/2/sample.dio,279909960911872,11254,0.0
/dev18500/demods/2/sample.dio,279909960970240,11255,1048576.0
/dev18500/demods/2/sample.dio,279909961028608,11256,3221225664.0
/dev18500/demods/2/sample.dio,279909961086976,11257,1073741824.0
/dev18500/demods/2/sample.dio,279909961145344,11258,0.0
/dev18500/demods/2/sample.dio,279909961203712,11259,0.0
/dev18500/demods/2/sample.dio,279909961262080,11260,3221241856.0
/dev18500/demods/2/sample.dio,279909961320448,11261,3221225664.0
/dev18500/demods/2/sample.dio,279909961378816,11262,1073741824.0
/dev18500/demods/2/sample.dio,279909961437184,11263,0.0
/dev18500/demods/2/sample.dio,279909961495552,11264,1048576.0
/dev18500/demods/2/sample.dio,279909961553920,11265,3222274048.0
/dev18500/demods/2/sample.dio,279909961612288,11266,1073742016.0
/dev18500/demods/2/sample.dio,279909961670656,11267,1073741824.0
/dev18500/demods/2/sample.dio,279909961729024,11268,0.0
/dev18500/demods/2/sample.dio,279909961787392,11269,0.0
/dev18500/demods/2/sample.dio,279909961845760,11270,3221225664.0
/dev18500/demods/2/sample.dio,279909961904128,11271,1073742016.0
/dev18500/demods/2/sample.dio,279909961962496,11272,0.0
/dev18500/demods/2/sample.dio,279909962020864,11273,0.0
/dev18500/demods/2/sample.dio,279909962079232,11274,0.0
/dev18500/demods/2/sample.dio,279909962137600,11275,3222274240.0
/dev18500/demods/2/sample.dio,279909962195968,11276,1073741824.0
/dev18500/demods/2/sample.dio,279909962254336,11277,0.0
/dev18500/demods/2/sample.dio,279909962312704,11278,0.0
/dev18500/demods/2/sample.dio,279909962371072,11279,1048576.0
/dev18500/demods/2/sample.dio,279909962429440,11280,3221225664.0
/dev18500/demods/2/sample.dio,279909962487808,11281,1073741824.0
/dev18500/demods/2/sample.dio,279909962546176,11282,0.0
/dev18500/demods/2/sample.dio,279909962604544,11283,0.0
/dev18500/demods/2/sample.dio,279909962662912,11284,3222274112.0
/dev18500/demods/2/sample.dio,279909962721280,11285,3221225664.0
/dev18500/demods/2/sample.dio,279909962779648,11286,1073741824.0
/dev18500/demods/2/sample.dio,279909962838016,11287,0.0
/dev18500/demods/2/sample.dio,279909962896384,11288,0.0
/dev18500/demods/2/sample.dio,279909962954752,11289,3222274048.0
/dev18500/demods/2/sample.dio,279909963013120,11290,3221225664.0
/dev18500/demods/2/sample.dio,279909963071488,11291,1073741824.0
/dev18500/demods/2/sample.dio,279909963129856,11292,0.0
/dev18500/demods/2/sample.dio,279909963188224,11293,0.0
/dev18500/demods/2/sample.dio,279909963246592,11294,3222274240.0
/dev18500/demods/2/sample.dio,279909963304960,11295,3221225664.0
/dev18500/demods/2/sample.dio,279909963363328,11296,0.0
/dev18500/demods/2/sample.dio,279909963421696,11297,0.0
/dev18500/demods/2/sample.dio,279909963480064,11298,0.0
/dev18500/demods/2/sample.dio,279909963538432,11299,3222274240.0
/dev18500/demods/2/sample.dio,279909963596800,11300,1073742016.0
/dev18500/demods/2/sample.dio,279909963655168,11301,0.0
/dev18500/demods/2/sample.dio,279909963713536,11302,0.0
/dev18500/demods/2/sample.dio,279909963771904,11303,1048576.0
/dev18500/demods/2/sample.dio,279909963830272,11304,3221225664.0
/dev18500/demods/2/sample.dio,279909963888640,11305,1073742016.0
/dev18500/demods/2/sample.dio,279909963947008,11306,0.0
/dev18500/demods/2/sample.dio,279909964005376,11307,0.0
/dev18500/demods/2/sample.dio,279909964063744,11308,3222274048.0
/dev18500/demods/2/sample.dio,279909964122112,11309,3221225664.0
/dev18500/demods/2/sample.dio,279909964180480,11310,1073741824.0
/dev18500/demods/2/sample.dio,279909964238848,11311,0.0
/dev18500/demods/2/sample.dio,279909964297216,11312,0.0
/dev18500/demods/2/sample.dio,279909964355584,11313,3222274048.0
/dev18500/demods/2/sample.dio,279909964413952,11314,3221225664.0
/dev18500/demods/2/sample.dio,279909964472320,11315,1073741824.0
/dev18500/demods/2/sample.dio,279909964530688,11316,0.0
/dev18500/demods/2/sample.dio,279909964589056,11317,0.0
/dev18500/demods/2/sample.dio,279909964647424,11318,3222274112.0
/dev18500/demods/2/sample.dio,279909964705792,11319,3221225664.0
/dev18500/demods/2/sample.dio,279909964764160,11320,1073741824.0
/dev18500/demods/2/sample.dio,279909964822528,11321,0.0
/dev18500/demods/2/sample.dio,279909964880896,11322,0.0
/dev18500/demods/2/sample.dio,279909964939264,11323,3221225664.0
/dev18500/demods/2/sample.dio,279909964997632,11324,1073750208.0
/dev18500/demods/2/sample.dio,279909965056000,11325,1073741824.0
/dev18500/demods/2/sample.dio,279909965114368,11326,0.0
/dev18500/demods/2/sample.dio,279909965172736,11327,0.0
/dev18500/demods/2/sample.dio,279909965231104,11328,3221225664.0
/dev18500/demods/2/sample.dio,279909965289472,11329,1073742016.0
/dev18500/demods/2/sample.dio,279909965347840,11330,0.0
/dev18500/demods/2/sample.dio,279909965406208,11331,0.0
/dev18500/demods/2/sample.dio,279909965464576,11332,1048576.0
/dev18500/demods/2/sample.dio,279909965522944,11333,3221225664.0
/dev18500/demods/2/sample.dio,279909965581312,11334,1073741824.0
/dev18500/demods/2/sample.dio,279909965639680,11335,0.0
/dev18500/demods/2/sample.dio,279909965698048,11336,0.0
/dev18500/demods/2/sample.dio,279909965756416,11337,1064960.0
/dev18500/demods/2/sample.dio,279909965814784,11338,3221225664.0
/dev18500/demods/2/sample.dio,279909965873152,11339,1073741824.0
/dev18500/demods/2/sample.dio,279909965931520,11340,0.0
/dev18500/demods/2/sample.dio,279909965989888,11341,0.0
/dev18500/demods/2/sample.dio,279909966048256,11342,3222274112.0
/dev18500/demods/2/sample.dio,279909966106624,11343,3221225664.0
/dev18500/demods/2/sample.dio,279909966164992,11344,1073741824.0
/dev18500/demods/2/sample.dio,279909966223360,11345,0.0
/dev18500/demods/2/sample.dio,279909966281728,11346,0.0
/dev18500/demods/2/sample.dio,279909966340096,11347,3222274048.0
/dev18500/demods/2/sample.dio,279909966398464,11348,1073742016.0
/dev18500/demods/2/sample.dio,279909966456832,11349,1073741824.0
/dev18500/demods/2/sample.dio,279909966515200,11350,0.0
/dev18500/demods/2/sample.dio,279909966573568,11351,0.0
/dev18500/demods/2/sample.dio,279909966631936,11352,3222274240.0
/dev18500/demods/2/sample.dio,279909966690304,11353,3221225664.0
/dev18500/demods/2/sample.dio,279909966748672,11354,0.0
/dev18500/demods/2/sample.dio,279909966807040,11355,0.0
/dev18500/demods/2/sample.dio,279909966865408,11356,1048576.0
/dev18500/demods/2/sample.dio,279909966923776,11357,3222274240.0
/dev18500/demods/2/sample.dio,279909966982144,11358,1073741824.0
/dev18500/demods/2/sample.dio,279909967040512,11359,0.0
/dev18500/demods/2/sample.dio,279909967098880,11360,0.0
/dev18500/demods/2/sample.dio,279909967157248,11361,1048576.0
/dev18500/demods/2/sample.dio,279909967215616,11362,3221225664.0
/dev18500/demods/2/sample.dio,279909967273984,11363,1073741824.0
/dev18500/demods/2/sample.dio,279909967332352,11364,0.0
/dev18500/demods/2/sample.dio,279909967390720,11365,0.0
/dev18500/demods/2/sample.dio,279909967449088,11366,1074790400.0
/dev18500/demods/2/sample.dio,279909967507456,11367,3221225664.0
/dev18500/demods/2/sample.dio,279909967565824,11368,1073741824.0
/dev18500/demods/2/sample.dio,279909967624192,11369,0.0
/dev18500/demods/2/sample.dio,279909967682560,11370,0.0
/dev18500/demods/2/sample.dio,279909967740928,11371,3222274048.0
/dev18500/demods/2/sample.dio,279909967799296,11372,3221225664.0
/dev18500/demods/2/sample.dio,279909967857664,11373,1073741824.0
/dev18500/demods/2/sample.dio,279909967916032,11374,0.0
/dev18500/demods/2/sample.dio,279909967974400,11375,0.0
/dev18500/demods/2/sample.dio,279909968032768,11376,3222274240.0
/dev18500/demods/2/sample.dio,279909968091136,11377,3221225664.0
/dev18500/demods/2/sample.dio,279909968149504,11378,0.0
/dev18500/demods/2/sample.dio,279909968207872,11379,0.0
/dev18500/demods/2/sample.dio,279909968266240,11380,1048576.0
/dev18500/demods/2/sample.dio,279909968324608,11381,3222274240.0
/dev18500/demods/2/sample.dio,279909968382976,11382,1073750080.0
/dev18500/demods/2/sample.dio,279909968441344,11383,0.0
/dev18500/demods/2/sample.dio,279909968499712,11384,0.0
/dev18500/demods/2/sample.dio,279909968558080,11385,16384.0
/dev18500/demods/2/sample.dio,279909968616448,11386,3221225664.0
/dev18500/demods/2/sample.dio,279909968674816,11387,1073741888.0
/dev18500/demods/2/sample.dio,279909968733184,11388,0.0
/dev18500/demods/2/sample.dio,279909968791552,11389,0.0
/dev18500/demods/2/sample.dio,279909968849920,11390,3222274048.0
/dev18500/demods/2/sample.dio,279909968908288,11391,3221225664.0
/dev18500/demods/2/sample.dio,279909968966656,11392,1073741824.0
/dev18500/demods/2/sample.dio,279909969025024,11393,0.0
/dev18500/demods/2/sample.dio,279909969083392,11394,0.0
/dev18500/demods/2/sample.dio,279909969141760,11395,1048576.0
/dev18500/demods/2/sample.dio,279909969200128,11396,3221225664.0
/dev18500/demods/2/sample.dio,279909969258496,11397,1073741824.0
/dev18500/demods/2/sample.dio,279909969316864,11398,0.0
/dev18500/demods/2/sample.dio,279909969375232,11399,0.0
/dev18500/demods/2/sample.dio,279909969433600,11400,3222274112.0
/dev18500/demods/2/sample.dio,279909969491968,11401,3221225664.0
/dev18500/demods/2/sample.dio,279909969550336,11402,1073741824.0
/dev18500/demods/2/sample.dio,279909969608704,11403,0.0
/dev18500/demods/2/sample.dio,279909969667072,11404,0.0
/dev18500/demods/2/sample.dio,279909969725440,11405,3222274112.0
/dev18500/demods/2/sample.dio,279909969783808,11406,3221225664.0
/dev18500/demods/2/sample.dio,279909969842176,11407,1073741824.0
/dev18500/demods/2/sample.dio,279909969900544,11408,0.0
/dev18500/demods/2/sample.dio,279909969958912,11409,0.0
/dev18500/demods/2/sample.dio,279909970017280,11410,3222274240.0
/dev18500/demods/2/sample.dio,279909970075648,11411,1073742016.0
/dev18500/demods/2/sample.dio,279909970134016,11412,0.0
/dev18500/demods/2/sample.dio,279909970192384,11413,0.0
/dev18500/demods/2/sample.dio,279909970250752,11414,1048576.0
/dev18500/demods/2/sample.dio,279909970309120,11415,3222274240.0
/dev18500/demods/2/sample.dio,279909970367488,11416,1073741824.0
/dev18500/demods/2/sample.dio,279909970425856,11417,0.0
/dev18500/demods/2/sample.dio,279909970484224,11418,0.0
/dev18500/demods/2/sample.dio,279909970542592,11419,0.0
/dev18500/demods/2/sample.dio,279909970600960,11420,3221225664.0
/dev18500/demods/2/sample.dio,279909970659328,11421,1073741888.0
/dev18500/demods/2/sample.dio,279909970717696,11422,0.0
/dev18500/demods/2/sample.dio,279909970776064,11423,0.0
/dev18500/demods/2/sample.dio,279909970834432,11424,3222274112.0
/dev18500/demods/2/sample.dio,279909970892800,11425,3221225664.0
/dev18500/demods/2/sample.dio,279909970951168,11426,1073741824.0
/dev18500/demods/2/sample.dio,279909971009536,11427,0.0
/dev18500/demods/2/sample.dio,279909971067904,11428,0.0
/dev18500/demods/2/sample.dio,279909971126272,11429,3222274112.0
/dev18500/demods/2/sample.dio,279909971184640,11430,3221225664.0
/dev18500/demods/2/sample.dio,279909971243008,11431,1073741824.0
/dev18500/demods/2/sample.dio,279909971301376,11432,0.0
/dev18500/demods/2/sample.dio,279909971359744,11433,0.0
/dev18500/demods/2/sample.dio,279909971418112,11434,3222274240.0
/dev18500/demods/2/sample.dio,279909971476480,11435,3221225664.0
/dev18500/demods/2/sample.dio,279909971534848,11436,0.0
/dev18500/demods/2/sample.dio,279909971593216,11437,0.0
/dev18500/demods/2/sample.dio,279909971651584,11438,1048576.0
/dev18500/demods/2/sample.dio,279909971709952,11439,3221225664.0
/dev18500/demods/2/sample.dio,279909971768320,11440,1073741888.0
/dev18500/demods/2/sample.dio,279909971826688,11441,0.0
/dev18500/demods/2/sample.dio,279909971885056,11442,0.0
/dev18500/demods/2/sample.dio,279909971943424,11443,1048576.0
/dev18500/demods/2/sample.dio,279909972001792,11444,3221225664.0
/dev18500/demods/2/sample.dio,279909972060160,11445,1073741888.0
/dev18500/demods/2/sample.dio,279909972118528,11446,0.0
/dev18500/demods/2/sample.dio,279909972176896,11447,0.0
/dev18500/demods/2/sample.dio,279909972235264,11448,3222274048.0
/dev18500/demods/2/sample.dio,279909972293632,11449,3221225664.0
/dev18500/demods/2/sample.dio,279909972352000,11450,1073741824.0
/dev18500/demods/2/sample.dio,279909972410368,11451,0.0
/dev18500/demods/2/sample.dio,279909972468736,11452,0.0
/dev18500/demods/2/sample.dio,279909972527104,11453,1048576.0
/dev18500/demods/2/sample.dio,279909972585472,11454,3221225664.0
/dev18500/demods/2/sample.dio,279909972643840,11455,1073741824.0
/dev18500/demods/2/sample.dio,279909972702208,11456,0.0
/dev18500/demods/2/sample.dio,279909972760576,11457,0.0
/dev18500/demods/2/sample.dio,279909972818944,11458,3222274240.0
/dev18500/demods/2/sample.dio,279909972877312,11459,3221225664.0
/dev18500/demods/2/sample.dio,279909972935680,11460,1073741824.0
/dev18500/demods/2/sample.dio,279909972994048,11461,0.0
/dev18500/demods/2/sample.dio,279909973052416,11462,0.0
/dev18500/demods/2/sample.dio,279909973110784,11463,3222274240.0
/dev18500/demods/2/sample.dio,279909973169152,11464,3221225664.0
/dev18500/demods/2/sample.dio,279909973227520,11465,1073741824.0
/dev18500/demods/2/sample.dio,279909973285888,11466,0.0
/dev18500/demods/2/sample.dio,279909973344256,11467,0.0
/dev18500/demods/2/sample.dio,279909973402624,11468,3221225664.0
/dev18500/demods/2/sample.dio,279909973460992,11469,1073742016.0
/dev18500/demods/2/sample.dio,279909973519360,11470,0.0
/dev18500/demods/2/sample.dio,279909973577728,11471,0.0
/dev18500/demods/2/sample.dio,279909973636096,11472,1074790400.0
/dev18500/demods/2/sample.dio,279909973694464,11473,3222274240.0
/dev18500/demods/2/sample.dio,279909973752832,11474,1073741824.0
/dev18500/demods/2/sample.dio,279909973811200,11475,0.0
/dev18500/demods/2/sample.dio,279909973869568,11476,0.0
/dev18500/demods/2/sample.dio,279909973927936,11477,1048576.0
/dev18500/demods/2/sample.dio,279909973986304,11478,3221225664.0
/dev18500/demods/2/sample.dio,279909974044672,11479,1073741888.0
/dev18500/demods/2/sample.dio,279909974103040,11480,0.0
/dev18500/demods/2/sample.dio,279909974161408,11481,0.0
/dev18500/demods/2/sample.dio,279909974219776,11482,3222274112.0
/dev18500/demods/2/sample.dio,279909974278144,11483,3221225664.0
/dev18500/demods/2/sample.dio,279909974336512,11484,1073741824.0
/dev18500/demods/2/sample.dio,279909974394880,11485,0.0
/dev18500/demods/2/sample.dio,279909974453248,11486,0.0
/dev18500/demods/2/sample.dio,279909974511616,11487,3222274112.0
/dev18500/demods/2/sample.dio,279909974569984,11488,3221225664.0
/dev18500/demods/2/sample.dio,279909974628352,11489,1073741824.0
/dev18500/demods/2/sample.dio,279909974686720,11490,0.0
/dev18500/demods/2/sample.dio,279909974745088,11491,2097152.0
/dev18500/demods/2/sample.dio,279909974803456,11492,3221225664.0
/dev18500/demods/2/sample.dio,279909974861824,11493,3221225664.0
/dev18500/demods/2/sample.dio,279909974920192,11494,0.0
/dev18500/demods/2/sample.dio,279909974978560,11495,0.0
/dev18500/demods/2/sample.dio,279909975036928,11496,1048576.0
/dev18500/demods/2/sample.dio,279909975095296,11497,3222274240.0
/dev18500/demods/2/sample.dio,279909975153664,11498,1073741824.0
/dev18500/demods/2/sample.dio,279909975212032,11499,0.0
/dev18500/demods/2/sample.dio,279909975270400,11500,0.0
/dev18500/demods/2/sample.dio,279909975328768,11501,0.0
/dev18500/demods/2/sample.dio,279909975387136,11502,3221225664.0
/dev18500/demods/2/sample.dio,279909975445504,11503,1073741824.0
/dev18500/demods/2/sample.dio,279909975503872,11504,0.0
/dev18500/demods/2/sample.dio,279909975562240,11505,0.0
/dev18500/demods/2/sample.dio,279909975620608,11506,3221225472.0
/dev18500/demods/2/sample.dio,279909975678976,11507,3221225664.0
/dev18500/demods/2/sample.dio,279909975737344,11508,1073741824.0
/dev18500/demods/2/sample.dio,279909975795712,11509,0.0
/dev18500/demods/2/sample.dio,279909975854080,11510,0.0
/dev18500/demods/2/sample.dio,279909975912448,11511,3222274048.0
/dev18500/demods/2/sample.dio,279909975970816,11512,3221225664.0
/dev18500/demods/2/sample.dio,279909976029184,11513,1073741824.0
/dev18500/demods/2/sample.dio,279909976087552,11514,0.0
/dev18500/demods/2/sample.dio,279909976145920,11515,0.0
/dev18500/demods/2/sample.dio,279909976204288,11516,3222274240.0
/dev18500/demods/2/sample.dio,279909976262656,11517,3221225664.0
/dev18500/demods/2/sample.dio,279909976321024,11518,0.0
/dev18500/demods/2/sample.dio,279909976379392,11519,0.0
/dev18500/demods/2/sample.dio,279909976437760,11520,1064960.0
/dev18500/demods/2/sample.dio,279909976496128,11521,3222274112.0
/dev18500/demods/2/sample.dio,279909976554496,11522,1073750080.0
/dev18500/demods/2/sample.dio,279909976612864,11523,1073741824.0
/dev18500/demods/2/sample.dio,279909976671232,11524,0.0
/dev18500/demods/2/sample.dio,279909976729600,11525,1048576.0
/dev18500/demods/2/sample.dio,279909976787968,11526,3221225664.0
/dev18500/demods/2/sample.dio,279909976846336,11527,1073750080.0
/dev18500/demods/2/sample.dio,279909976904704,11528,0.0
/dev18500/demods/2/sample.dio,279909976963072,11529,0.0
/dev18500/demods/2/sample.dio,279909977021440,11530,1048576.0
/dev18500/demods/2/sample.dio,279909977079808,11531,3221225664.0
/dev18500/demods/2/sample.dio,279909977138176,11532,1073741824.0
/dev18500/demods/2/sample.dio,279909977196544,11533,0.0
/dev18500/demods/2/sample.dio,279909977254912,11534,0.0
/dev18500/demods/2/sample.dio,279909977313280,11535,1048576.0
/dev18500/demods/2/sample.dio,279909977371648,11536,3221225664.0
/dev18500/demods/2/sample.dio,279909977430016,11537,1073750016.0
/dev18500/demods/2/sample.dio,279909977488384,11538,0.0
/dev18500/demods/2/sample.dio,279909977546752,11539,0.0
/dev18500/demods/2/sample.dio,279909977605120,11540,3222274240.0
/dev18500/demods/2/sample.dio,279909977663488,11541,3221225664.0
/dev18500/demods/2/sample.dio,279909977721856,11542,1073741824.0
/dev18500/demods/2/sample.dio,279909977780224,11543,0.0
/dev18500/demods/2/sample.dio,279909977838592,11544,0.0
/dev18500/demods/2/sample.dio,279909977896960,11545,3222274112.0
/dev18500/demods/2/sample.dio,279909977955328,11546,1073742016.0
/dev18500/demods/2/sample.dio,279909978013696,11547,1073741824.0
/dev18500/demods/2/sample.dio,279909978072064,11548,0.0
/dev18500/demods/2/sample.dio,279909978130432,11549,0.0
/dev18500/demods/2/sample.dio,279909978188800,11550,3222274240.0
/dev18500/demods/2/sample.dio,279909978247168,11551,1073742016.0
/dev18500/demods/2/sample.dio,279909978305536,11552,0.0
/dev18500/demods/2/sample.dio,279909978363904,11553,0.0
/dev18500/demods/2/sample.dio,279909978422272,11554,1048576.0
/dev18500/demods/2/sample.dio,279909978480640,11555,3221225664.0
/dev18500/demods/2/sample.dio,279909978539008,11556,1073741824.0
/dev18500/demods/2/sample.dio,279909978597376,11557,0.0
/dev18500/demods/2/sample.dio,279909978655744,11558,0.0
/dev18500/demods/2/sample.dio,279909978714112,11559,1064960.0
/dev18500/demods/2/sample.dio,279909978772480,11560,3221225664.0
/dev18500/demods/2/sample.dio,279909978830848,11561,1073750016.0
/dev18500/demods/2/sample.dio,279909978889216,11562,0.0
/dev18500/demods/2/sample.dio,279909978947584,11563,0.0
/dev18500/demods/2/sample.dio,279909979005952,11564,3222290496.0
/dev18500/demods/2/sample.dio,279909979064320,11565,3221225664.0
/dev18500/demods/2/sample.dio,279909979122688,11566,1073750016.0
/dev18500/demods/2/sample.dio,279909979181056,11567,0.0
/dev18500/demods/2/sample.dio,279909979239424,11568,0.0
/dev18500/demods/2/sample.dio,279909979297792,11569,3221225472.0
/dev18500/demods/2/sample.dio,279909979356160,11570,3221233856.0
/dev18500/demods/2/sample.dio,279909979414528,11571,1073741824.0
/dev18500/demods/2/sample.dio,279909979472896,11572,0.0
/dev18500/demods/2/sample.dio,279909979531264,11573,0.0
/dev18500/demods/2/sample.dio,279909979589632,11574,3222274240.0
/dev18500/demods/2/sample.dio,279909979648000,11575,3221225664.0
/dev18500/demods/2/sample.dio,279909979706368,11576,1073741824.0
/dev18500/demods/2/sample.dio,279909979764736,11577,0.0
/dev18500/demods/2/sample.dio,279909979823104,11578,0.0
/dev18500/demods/2/sample.dio,279909979881472,11579,3222274240.0
/dev18500/demods/2/sample.dio,279909979939840,11580,1073750080.0
/dev18500/demods/2/sample.dio,279909979998208,11581,8192.0
/dev18500/demods/2/sample.dio,279909980056576,11582,0.0
/dev18500/demods/2/sample.dio,279909980114944,11583,0.0
/dev18500/demods/2/sample.dio,279909980173312,11584,3221225664.0
/dev18500/demods/2/sample.dio,279909980231680,11585,1073742016.0
/dev18500/demods/2/sample.dio,279909980290048,11586,0.0
/dev18500/demods/2/sample.dio,279909980348416,11587,0.0
/dev18500/demods/2/sample.dio,279909980406784,11588,3222274048.0
/dev18500/demods/2/sample.dio,279909980465152,11589,3222274240.0
/dev18500/demods/2/sample.dio,279909980523520,11590,1073741824.0
/dev18500/demods/2/sample.dio,279909980581888,11591,0.0
/dev18500/demods/2/sample.dio,279909980640256,11592,0.0
/dev18500/demods/2/sample.dio,279909980698624,11593,1074790400.0
/dev18500/demods/2/sample.dio,279909980756992,11594,3221225664.0
/dev18500/demods/2/sample.dio,279909980815360,11595,1073741824.0
/dev18500/demods/2/sample.dio,279909980873728,11596,0.0
/dev18500/demods/2/sample.dio,279909980932096,11597,0.0
/dev18500/demods/2/sample.dio,279909980990464,11598,3222274240.0
/dev18500/demods/2/sample.dio,279909981048832,11599,3221225664.0
/dev18500/demods/2/sample.dio,279909981107200,11600,1073741824.0
/dev18500/demods/2/sample.dio,279909981165568,11601,0.0
/dev18500/demods/2/sample.dio,279909981223936,11602,0.0
/dev18500/demods/2/sample.dio,279909981282304,11603,3222274240.0
/dev18500/demods/2/sample.dio,279909981340672,11604,1073742016.0
/dev18500/demods/2/sample.dio,279909981399040,11605,1073741824.0
/dev18500/demods/2/sample.dio,279909981457408,11606,0.0
/dev18500/demods/2/sample.dio,279909981515776,11607,0.0
/dev18500/demods/2/sample.dio,279909981574144,11608,3221225664.0
/dev18500/demods/2/sample.dio,279909981632512,11609,1073742016.0
/dev18500/demods/2/sample.dio,279909981690880,11610,0.0
/dev18500/demods/2/sample.dio,279909981749248,11611,0.0
/dev18500/demods/2/sample.dio,279909981807616,11612,1048576.0
/dev18500/demods/2/sample.dio,279909981865984,11613,3222274240.0
/dev18500/demods/2/sample.dio,279909981924352,11614,1073741824.0
/dev18500/demods/2/sample.dio,279909981982720,11615,0.0
/dev18500/demods/2/sample.dio,279909982041088,11616,0.0
/dev18500/demods/2/sample.dio,279909982099456,11617,1048576.0
/dev18500/demods/2/sample.dio,279909982157824,11618,3221225664.0
/dev18500/demods/2/sample.dio,279909982216192,11619,1073741888.0
/dev18500/demods/2/sample.dio,279909982274560,11620,0.0
/dev18500/demods/2/sample.dio,279909982332928,11621,0.0
/dev18500/demods/2/sample.dio,279909982391296,11622,3222274048.0
/dev18500/demods/2/sample.dio,279909982449664,11623,3221233856.0
/dev18500/demods/2/sample.dio,279909982508032,11624,1073750016.0
/dev18500/demods/2/sample.dio,279909982566400,11625,0.0
/dev18500/demods/2/sample.dio,279909982624768,11626,0.0
/dev18500/demods/2/sample.dio,279909982683136,11627,3221225536.0
/dev18500/demods/2/sample.dio,279909982741504,11628,3221225664.0
/dev18500/demods/2/sample.dio,279909982799872,11629,1073741824.0
/dev18500/demods/2/sample.dio,279909982858240,11630,0.0
/dev18500/demods/2/sample.dio,279909982916608,11631,0.0
/dev18500/demods/2/sample.dio,279909982974976,11632,3221225664.0
/dev18500/demods/2/sample.dio,279909983033344,11633,3221225664.0
/dev18500/demods/2/sample.dio,279909983091712,11634,0.0
/dev18500/demods/2/sample.dio,279909983150080,11635,0.0
/dev18500/demods/2/sample.dio,279909983208448,11636,1048576.0
/dev18500/demods/2/sample.dio,279909983266816,11637,3222290496.0
/dev18500/demods/2/sample.dio,279909983325184,11638,1073741824.0
/dev18500/demods/2/sample.dio,279909983383552,11639,1073741824.0
/dev18500/demods/2/sample.dio,279909983441920,11640,0.0
/dev18500/demods/2/sample.dio,279909983500288,11641,1048576.0
/dev18500/demods/2/sample.dio,279909983558656,11642,3221225664.0
/dev18500/demods/2/sample.dio,279909983617024,11643,1073741888.0
/dev18500/demods/2/sample.dio,279909983675392,11644,0.0
/dev18500/demods/2/sample.dio,279909983733760,11645,0.0
/dev18500/demods/2/sample.dio,279909983792128,11646,1048576.0
/dev18500/demods/2/sample.dio,279909983850496,11647,3222274240.0
/dev18500/demods/2/sample.dio,279909983908864,11648,1073741824.0
/dev18500/demods/2/sample.dio,279909983967232,11649,0.0
/dev18500/demods/2/sample.dio,279909984025600,11650,0.0
/dev18500/demods/2/sample.dio,279909984083968,11651,1073741824.0
/dev18500/demods/2/sample.dio,279909984142336,11652,3221225664.0
/dev18500/demods/2/sample.dio,279909984200704,11653,1073750016.0
/dev18500/demods/2/sample.dio,279909984259072,11654,0.0
/dev18500/demods/2/sample.dio,279909984317440,11655,0.0
/dev18500/demods/2/sample.dio,279909984375808,11656,3222274240.0
/dev18500/demods/2/sample.dio,279909984434176,11657,3221225664.0
/dev18500/demods/2/sample.dio,279909984492544,11658,1073741824.0
/dev18500/demods/2/sample.dio,279909984550912,11659,0.0
/dev18500/demods/2/sample.dio,279909984609280,11660,0.0
/dev18500/demods/2/sample.dio,279909984667648,11661,3222274112.0
/dev18500/demods/2/sample.dio,279909984726016,11662,1073742016.0
/dev18500/demods/2/sample.dio,279909984784384,11663,1073741824.0
/dev18500/demods/2/sample.dio,279909984842752,11664,0.0
/dev18500/demods/2/sample.dio,279909984901120,11665,0.0
/dev18500/demods/2/sample.dio,279909984959488,11666,3221225664.0
/dev18500/demods/2/sample.dio,279909985017856,11667,1073742016.0
/dev18500/demods/2/sample.dio,279909985076224,11668,0.0
/dev18500/demods/2/sample.dio,279909985134592,11669,0.0
/dev18500/demods/2/sample.dio,279909985192960,11670,1048576.0
/dev18500/demods/2/sample.dio,279909985251328,11671,3221225664.0
/dev18500/demods/2/sample.dio,279909985309696,11672,1073741824.0
/dev18500/demods/2/sample.dio,279909985368064,11673,0.0
/dev18500/demods/2/sample.dio,279909985426432,11674,0.0
/dev18500/demods/2/sample.dio,279909985484800,11675,1048576.0
/dev18500/demods/2/sample.dio,279909985543168,11676,3221225664.0
/dev18500/demods/2/sample.dio,279909985601536,11677,1073741824.0
/dev18500/demods/2/sample.dio,279909985659904,11678,0.0
/dev18500/demods/2/sample.dio,279909985718272,11679,0.0
/dev18500/demods/2/sample.dio,279909985776640,11680,3221225536.0
/dev18500/demods/2/sample.dio,279909985835008,11681,3221225664.0
/dev18500/demods/2/sample.dio,279909985893376,11682,1073741824.0
/dev18500/demods/2/sample.dio,279909985951744,11683,0.0
/dev18500/demods/2/sample.dio,279909986010112,11684,0.0
/dev18500/demods/2/sample.dio,279909986068480,11685,3221241920.0
/dev18500/demods/2/sample.dio,279909986126848,11686,1073742016.0
/dev18500/demods/2/sample.dio,279909986185216,11687,1073741824.0
/dev18500/demods/2/sample.dio,279909986243584,11688,0.0
/dev18500/demods/2/sample.dio,279909986301952,11689,0.0
/dev18500/demods/2/sample.dio,279909986360320,11690,3222274240.0
/dev18500/demods/2/sample.dio,279909986418688,11691,3221225664.0
/dev18500/demods/2/sample.dio,279909986477056,11692,0.0
/dev18500/demods/2/sample.dio,279909986535424,11693,0.0
/dev18500/demods/2/sample.dio,279909986593792,11694,1048576.0
/dev18500/demods/2/sample.dio,279909986652160,11695,3222274240.0
/dev18500/demods/2/sample.dio,279909986710528,11696,1073741824.0
/dev18500/demods/2/sample.dio,279909986768896,11697,0.0
/dev18500/demods/2/sample.dio,279909986827264,11698,0.0
/dev18500/demods/2/sample.dio,279909986885632,11699,0.0
/dev18500/demods/2/sample.dio,279909986944000,11700,3221225664.0
/dev18500/demods/2/sample.dio,279909987002368,11701,1073750080.0
/dev18500/demods/2/sample.dio,279909987060736,11702,0.0
/dev18500/demods/2/sample.dio,279909987119104,11703,0.0
/dev18500/demods/2/sample.dio,279909987177472,11704,3222274048.0
/dev18500/demods/2/sample.dio,279909987235840,11705,3221225664.0
/dev18500/demods/2/sample.dio,279909987294208,11706,1073741824.0
/dev18500/demods/2/sample.dio,279909987352576,11707,0.0
/dev18500/demods/2/sample.dio,279909987410944,11708,0.0
/dev18500/demods/2/sample.dio,279909987469312,11709,3222274048.0
/dev18500/demods/2/sample.dio,279909987527680,11710,3221225664.0
/dev18500/demods/2/sample.dio,279909987586048,11711,1073741824.0
/dev18500/demods/2/sample.dio,279909987644416,11712,0.0
/dev18500/demods/2/sample.dio,279909987702784,11713,0.0
/dev18500/demods/2/sample.dio,279909987761152,11714,3222274240.0
/dev18500/demods/2/sample.dio,279909987819520,11715,3221225664.0
/dev18500/demods/2/sample.dio,279909987877888,11716,0.0
/dev18500/demods/2/sample.dio,279909987936256,11717,0.0
/dev18500/demods/2/sample.dio,279909987994624,11718,0.0
/dev18500/demods/2/sample.dio,279909988052992,11719,3222274048.0
/dev18500/demods/2/sample.dio,279909988111360,11720,1073750080.0
/dev18500/demods/2/sample.dio,279909988169728,11721,1073741824.0
/dev18500/demods/2/sample.dio,279909988228096,11722,0.0
/dev18500/demods/2/sample.dio,279909988286464,11723,0.0
/dev18500/demods/2/sample.dio,279909988344832,11724,3221225664.0
/dev18500/demods/2/sample.dio,279909988403200,11725,1073742016.0
/dev18500/demods/2/sample.dio,279909988461568,11726,0.0
/dev18500/demods/2/sample.dio,279909988519936,11727,0.0
/dev18500/demods/2/sample.dio,279909988578304,11728,1074790400.0
/dev18500/demods/2/sample.dio,279909988636672,11729,3222290624.0
/dev18500/demods/2/sample.dio,279909988695040,11730,1073741824.0
/dev18500/demods/2/sample.dio,279909988753408,11731,0.0
/dev18500/demods/2/sample.dio,279909988811776,11732,0.0
/dev18500/demods/2/sample.dio,279909988870144,11733,0.0
/dev18500/demods/2/sample.dio,279909988928512,11734,3221225664.0
/dev18500/demods/2/sample.dio,279909988986880,11735,1073741824.0
/dev18500/demods/2/sample.dio,279909989045248,11736,0.0
/dev18500/demods/2/sample.dio,279909989103616,11737,0.0
/dev18500/demods/2/sample.dio,279909989161984,11738,3221225536.0
/dev18500/demods/2/sample.dio,279909989220352,11739,3221225664.0
/dev18500/demods/2/sample.dio,279909989278720,11740,1073741824.0
/dev18500/demods/2/sample.dio,279909989337088,11741,0.0
/dev18500/demods/2/sample.dio,279909989395456,11742,0.0
/dev18500/demods/2/sample.dio,279909989453824,11743,3222274048.0
/dev18500/demods/2/sample.dio,279909989512192,11744,1073742016.0
/dev18500/demods/2/sample.dio,279909989570560,11745,1073741824.0
/dev18500/demods/2/sample.dio,279909989628928,11746,0.0
/dev18500/demods/2/sample.dio,279909989687296,11747,0.0
/dev18500/demods/2/sample.dio,279909989745664,11748,3222290624.0
/dev18500/demods/2/sample.dio,279909989804032,11749,3221225664.0
/dev18500/demods/2/sample.dio,279909989862400,11750,0.0
/dev18500/demods/2/sample.dio,279909989920768,11751,0.0
/dev18500/demods/2/sample.dio,279909989979136,11752,0.0
/dev18500/demods/2/sample.dio,279909990037504,11753,3222290624.0
/dev18500/demods/2/sample.dio,279909990095872,11754,1073741824.0
/dev18500/demods/2/sample.dio,279909990154240,11755,0.0
/dev18500/demods/2/sample.dio,279909990212608,11756,0.0
/dev18500/demods/2/sample.dio,279909990270976,11757,1048576.0
/dev18500/demods/2/sample.dio,279909990329344,11758,3221225664.0
/dev18500/demods/2/sample.dio,279909990387712,11759,1073741888.0
/dev18500/demods/2/sample.dio,279909990446080,11760,0.0
/dev18500/demods/2/sample.dio,279909990504448,11761,0.0
/dev18500/demods/2/sample.dio,279909990562816,11762,3222274048.0
/dev18500/demods/2/sample.dio,279909990621184,11763,3221225664.0
/dev18500/demods/2/sample.dio,279909990679552,11764,1073741824.0
/dev18500/demods/2/sample.dio,279909990737920,11765,0.0
/dev18500/demods/2/sample.dio,279909990796288,11766,0.0
/dev18500/demods/2/sample.dio,279909990854656,11767,3222274048.0
/dev18500/demods/2/sample.dio,279909990913024,11768,3221225664.0
/dev18500/demods/2/sample.dio,279909990971392,11769,1073741824.0
/dev18500/demods/2/sample.dio,279909991029760,11770,0.0
/dev18500/demods/2/sample.dio,279909991088128,11771,0.0
/dev18500/demods/2/sample.dio,279909991146496,11772,3222274112.0
/dev18500/demods/2/sample.dio,279909991204864,11773,3221225664.0
/dev18500/demods/2/sample.dio,279909991263232,11774,1073741824.0
/dev18500/demods/2/sample.dio,279909991321600,11775,0.0
/dev18500/demods/2/sample.dio,279909991379968,11776,0.0
/dev18500/demods/2/sample.dio,279909991438336,11777,3221225664.0
/dev18500/demods/2/sample.dio,279909991496704,11778,1073741888.0
/dev18500/demods/2/sample.dio,279909991555072,11779,1073741824.0
/dev18500/demods/2/sample.dio,279909991613440,11780,0.0
/dev18500/demods/2/sample.dio,279909991671808,11781,0.0
/dev18500/demods/2/sample.dio,279909991730176,11782,3222274240.0
/dev18500/demods/2/sample.dio,279909991788544,11783,1073742016.0
/dev18500/demods/2/sample.dio,279909991846912,11784,0.0
/dev18500/demods/2/sample.dio,279909991905280,11785,0.0
/dev18500/demods/2/sample.dio,279909991963648,11786,1074790400.0
/dev18500/demods/2/sample.dio,279909992022016,11787,3222274240.0
/dev18500/demods/2/sample.dio,279909992080384,11788,1073741824.0
/dev18500/demods/2/sample.dio,279909992138752,11789,0.0
/dev18500/demods/2/sample.dio,279909992197120,11790,0.0
/dev18500/demods/2/sample.dio,279909992255488,11791,1074790400.0
/dev18500/demods/2/sample.dio,279909992313856,11792,3221225664.0
/dev18500/demods/2/sample.dio,279909992372224,11793,1073741824.0
/dev18500/demods/2/sample.dio,279909992430592,11794,0.0
/dev18500/demods/2/sample.dio,279909992488960,11795,0.0
/dev18500/demods/2/sample.dio,279909992547328,11796,3222274240.0
/dev18500/demods/2/sample.dio,279909992605696,11797,3221225664.0
/dev18500/demods/2/sample.dio,279909992664064,11798,1073741824.0
/dev18500/demods/2/sample.dio,279909992722432,11799,0.0
/dev18500/demods/2/sample.dio,279909992780800,11800,0.0
/dev18500/demods/2/sample.dio,279909992839168,11801,3222274048.0
/dev18500/demods/2/sample.dio,279909992897536,11802,1073750208.0
/dev18500/demods/2/sample.dio,279909992955904,11803,1073750016.0
/dev18500/demods/2/sample.dio,279909993014272,11804,0.0
/dev18500/demods/2/sample.dio,279909993072640,11805,0.0
/dev18500/demods/2/sample.dio,279909993131008,11806,3221225664.0
/dev18500/demods/2/sample.dio,279909993189376,11807,3221225664.0
/dev18500/demods/2/sample.dio,279909993247744,11808,0.0
/dev18500/demods/2/sample.dio,279909993306112,11809,0.0
/dev18500/demods/2/sample.dio,279909993364480,11810,1048576.0
/dev18500/demods/2/sample.dio,279909993422848,11811,3222274240.0
/dev18500/demods/2/sample.dio,279909993481216,11812,1073741824.0
/dev18500/demods/2/sample.dio,279909993539584,11813,0.0
/dev18500/demods/2/sample.dio,279909993597952,11814,0.0
/dev18500/demods/2/sample.dio,279909993656320,11815,1048576.0
/dev18500/demods/2/sample.dio,279909993714688,11816,3221225664.0
/dev18500/demods/2/sample.dio,279909993773056,11817,1073750016.0
/dev18500/demods/2/sample.dio,279909993831424,11818,0.0
/dev18500/demods/2/sample.dio,279909993889792,11819,0.0
/dev18500/demods/2/sample.dio,279909993948160,11820,3222274048.0
/dev18500/demods/2/sample.dio,279909994006528,11821,3221225664.0
/dev18500/demods/2/sample.dio,279909994064896,11822,1073741824.0
/dev18500/demods/2/sample.dio,279909994123264,11823,0.0
/dev18500/demods/2/sample.dio,279909994181632,11824,0.0
/dev18500/demods/2/sample.dio,279909994240000,11825,3222274048.0
/dev18500/demods/2/sample.dio,279909994298368,11826,3221225664.0
/dev18500/demods/2/sample.dio,279909994356736,11827,1073741824.0
/dev18500/demods/2/sample.dio,279909994415104,11828,0.0
/dev18500/demods/2/sample.dio,279909994473472,11829,0.0
/dev18500/demods/2/sample.dio,279909994531840,11830,3222274112.0
/dev18500/demods/2/sample.dio,279909994590208,11831,3221225664.0
/dev18500/demods/2/sample.dio,279909994648576,11832,1073741824.0
/dev18500/demods/2/sample.dio,279909994706944,11833,0.0
/dev18500/demods/2/sample.dio,279909994765312,11834,1048576.0
/dev18500/demods/2/sample.dio,279909994823680,11835,3222274240.0
/dev18500/demods/2/sample.dio,279909994882048,11836,1073741888.0
/dev18500/demods/2/sample.dio,279909994940416,11837,1073741824.0
/dev18500/demods/2/sample.dio,279909994998784,11838,0.0
/dev18500/demods/2/sample.dio,279909995057152,11839,0.0
/dev18500/demods/2/sample.dio,279909995115520,11840,3222274240.0
/dev18500/demods/2/sample.dio,279909995173888,11841,1073742016.0
/dev18500/demods/2/sample.dio,279909995232256,11842,0.0
/dev18500/demods/2/sample.dio,279909995290624,11843,0.0
/dev18500/demods/2/sample.dio,279909995348992,11844,3222274048.0
/dev18500/demods/2/sample.dio,279909995407360,11845,3222274240.0
/dev18500/demods/2/sample.dio,279909995465728,11846,1073741824.0
/dev18500/demods/2/sample.dio,279909995524096,11847,0.0
/dev18500/demods/2/sample.dio,279909995582464,11848,0.0
/dev18500/demods/2/sample.dio,279909995640832,11849,1074790400.0
/dev18500/demods/2/sample.dio,279909995699200,11850,3221225664.0
/dev18500/demods/2/sample.dio,279909995757568,11851,1073750016.0
/dev18500/demods/2/sample.dio,279909995815936,11852,0.0
/dev18500/demods/2/sample.dio,279909995874304,11853,0.0
/dev18500/demods/2/sample.dio,279909995932672,11854,3222274240.0
/dev18500/demods/2/sample.dio,279909995991040,11855,3221225664.0
/dev18500/demods/2/sample.dio,279909996049408,11856,1073741824.0
/dev18500/demods/2/sample.dio,279909996107776,11857,0.0
/dev18500/demods/2/sample.dio,279909996166144,11858,0.0
/dev18500/demods/2/sample.dio,279909996224512,11859,3222274048.0
/dev18500/demods/2/sample.dio,279909996282880,11860,1073742016.0
/dev18500/demods/2/sample.dio,279909996341248,11861,1073741824.0
/dev18500/demods/2/sample.dio,279909996399616,11862,0.0
/dev18500/demods/2/sample.dio,279909996457984,11863,16384.0
/dev18500/demods/2/sample.dio,279909996516352,11864,3221225664.0
/dev18500/demods/2/sample.dio,279909996574720,11865,1073742016.0
/dev18500/demods/2/sample.dio,279909996633088,11866,8192.0
/dev18500/demods/2/sample.dio,279909996691456,11867,0.0
/dev18500/demods/2/sample.dio,279909996749824,11868,0.0
/dev18500/demods/2/sample.dio,279909996808192,11869,3222290624.0
/dev18500/demods/2/sample.dio,279909996866560,11870,1073741824.0
/dev18500/demods/2/sample.dio,279909996924928,11871,0.0
/dev18500/demods/2/sample.dio,279909996983296,11872,0.0
/dev18500/demods/2/sample.dio,279909997041664,11873,1048576.0
/dev18500/demods/2/sample.dio,279909997100032,11874,3221225664.0
/dev18500/demods/2/sample.dio,279909997158400,11875,1073742016.0
/dev18500/demods/2/sample.dio,279909997216768,11876,0.0
/dev18500/demods/2/sample.dio,279909997275136,11877,0.0
/dev18500/demods/2/sample.dio,279909997333504,11878,3222274048.0
/dev18500/demods/2/sample.dio,279909997391872,11879,3221225664.0
/dev18500/demods/2/sample.dio,279909997450240,11880,1073741824.0
/dev18500/demods/2/sample.dio,279909997508608,11881,0.0
/dev18500/demods/2/sample.dio,279909997566976,11882,0.0
/dev18500/demods/2/sample.dio,279909997625344,11883,3222274048.0
/dev18500/demods/2/sample.dio,279909997683712,11884,3221225664.0
/dev18500/demods/2/sample.dio,279909997742080,11885,1073741824.0
/dev18500/demods/2/sample.dio,279909997800448,11886,0.0
/dev18500/demods/2/sample.dio,279909997858816,11887,0.0
/dev18500/demods/2/sample.dio,279909997917184,11888,3222274240.0
/dev18500/demods/2/sample.dio,279909997975552,11889,3221225664.0
/dev18500/demods/2/sample.dio,279909998033920,11890,0.0
/dev18500/demods/2/sample.dio,279909998092288,11891,0.0
/dev18500/demods/2/sample.dio,279909998150656,11892,1048576.0
/dev18500/demods/2/sample.dio,279909998209024,11893,3222274112.0
/dev18500/demods/2/sample.dio,279909998267392,11894,1073741888.0
/dev18500/demods/2/sample.dio,279909998325760,11895,1073741824.0
/dev18500/demods/2/sample.dio,279909998384128,11896,0.0
/dev18500/demods/2/sample.dio,279909998442496,11897,16384.0
/dev18500/demods/2/sample.dio,279909998500864,11898,3221225664.0
/dev18500/demods/2/sample.dio,279909998559232,11899,1073741888.0
/dev18500/demods/2/sample.dio,279909998617600,11900,0.0
/dev18500/demods/2/sample.dio,279909998675968,11901,0.0
/dev18500/demods/2/sample.dio,279909998734336,11902,1048576.0
/dev18500/demods/2/sample.dio,279909998792704,11903,3221225664.0
/dev18500/demods/2/sample.dio,279909998851072,11904,1073741824.0
/dev18500/demods/2/sample.dio,279909998909440,11905,0.0
/dev18500/demods/2/sample.dio,279909998967808,11906,0.0
/dev18500/demods/2/sample.dio,279909999026176,11907,1074790400.0
/dev18500/demods/2/sample.dio,279909999084544,11908,3221225664.0
/dev18500/demods/2/sample.dio,279909999142912,11909,1073741824.0
/dev18500/demods/2/sample.dio,279909999201280,11910,0.0
/dev18500/demods/2/sample.dio,279909999259648,11911,0.0
/dev18500/demods/2/sample.dio,279909999318016,11912,3222290624.0
/dev18500/demods/2/sample.dio,279909999376384,11913,3221225664.0
/dev18500/demods/2/sample.dio,279909999434752,11914,1073741824.0
/dev18500/demods/2/sample.dio,279909999493120,11915,0.0
/dev18500/demods/2/sample.dio,279909999551488,11916,0.0
/dev18500/demods/2/sample.dio,279909999609856,11917,3222274240.0
/dev18500/demods/2/sample.dio,279909999668224,11918,1073742016.0
/dev18500/demods/2/sample.dio,279909999726592,11919,1073741824.0
/dev18500/demods/2/sample.dio,279909999784960,11920,0.0
/dev18500/demods/2/sample.dio,279909999843328,11921,0.0
/dev18500/demods/2/sample.dio,279909999901696,11922,3222274240.0
/dev18500/demods/2/sample.dio,279909999960064,11923,1073742016.0
/dev18500/demods/2/sample.dio,279910000018432,11924,0.0
/dev18500/demods/2/sample.dio,279910000076800,11925,0.0
/dev18500/demods/2/sample.dio,279910000135168,11926,1048576.0
/dev18500/demods/2/sample.dio,279910000193536,11927,3221225664.0
/dev18500/demods/2/sample.dio,279910000251904,11928,1073741824.0
/dev18500/demods/2/sample.dio,279910000310272,11929,0.0
/dev18500/demods/2/sample.dio,279910000368640,11930,0.0
/dev18500/demods/2/sample.dio,279910000427008,11931,1048576.0
/dev18500/demods/2/sample.dio,279910000485376,11932,3221225664.0
/dev18500/demods/2/sample.dio,279910000543744,11933,1073741888.0
/dev18500/demods/2/sample.dio,279910000602112,11934,0.0
/dev18500/demods/2/sample.dio,279910000660480,11935,0.0
/dev18500/demods/2/sample.dio,279910000718848,11936,3221241856.0
/dev18500/demods/2/sample.dio,279910000777216,11937,3221225664.0
/dev18500/demods/2/sample.dio,279910000835584,11938,1073741824.0
/dev18500/demods/2/sample.dio,279910000893952,11939,0.0
/dev18500/demods/2/sample.dio,279910000952320,11940,0.0
/dev18500/demods/2/sample.dio,279910001010688,11941,3222290432.0
/dev18500/demods/2/sample.dio,279910001069056,11942,3221225664.0
/dev18500/demods/2/sample.dio,279910001127424,11943,1073741824.0
/dev18500/demods/2/sample.dio,279910001185792,11944,0.0
/dev18500/demods/2/sample.dio,279910001244160,11945,0.0
/dev18500/demods/2/sample.dio,279910001302528,11946,3222274240.0
/dev18500/demods/2/sample.dio,279910001360896,11947,3221225664.0
/dev18500/demods/2/sample.dio,279910001419264,11948,0.0
/dev18500/demods/2/sample.dio,279910001477632,11949,0.0
/dev18500/demods/2/sample.dio,279910001536000,11950,1048576.0
/dev18500/demods/2/sample.dio,279910001594368,11951,3222274112.0
/dev18500/demods/2/sample.dio,279910001652736,11952,1073741824.0
/dev18500/demods/2/sample.dio,279910001711104,11953,0.0
/dev18500/demods/2/sample.dio,279910001769472,11954,0.0
/dev18500/demods/2/sample.dio,279910001827840,11955,1048576.0
/dev18500/demods/2/sample.dio,279910001886208,11956,3221225664.0
/dev18500/demods/2/sample.dio,279910001944576,11957,1073741888.0
/dev18500/demods/2/sample.dio,279910002002944,11958,0.0
/dev18500/demods/2/sample.dio,279910002061312,11959,0.0
/dev18500/demods/2/sample.dio,279910002119680,11960,1048576.0
/dev18500/demods/2/sample.dio,279910002178048,11961,3221225664.0
/dev18500/demods/2/sample.dio,279910002236416,11962,1073741824.0
/dev18500/demods/2/sample.dio,279910002294784,11963,0.0
/dev18500/demods/2/sample.dio,279910002353152,11964,0.0
/dev18500/demods/2/sample.dio,279910002411520,11965,3222274048.0
/dev18500/demods/2/sample.dio,279910002469888,11966,3221225664.0
/dev18500/demods/2/sample.dio,279910002528256,11967,1073741824.0
/dev18500/demods/2/sample.dio,279910002586624,11968,0.0
/dev18500/demods/2/sample.dio,279910002644992,11969,0.0
/dev18500/demods/2/sample.dio,279910002703360,11970,3221225664.0
/dev18500/demods/2/sample.dio,279910002761728,11971,3221225664.0
/dev18500/demods/2/sample.dio,279910002820096,11972,1073741824.0
/dev18500/demods/2/sample.dio,279910002878464,11973,0.0
/dev18500/demods/2/sample.dio,279910002936832,11974,0.0
/dev18500/demods/2/sample.dio,279910002995200,11975,3222274240.0
/dev18500/demods/2/sample.dio,279910003053568,11976,1073742016.0
/dev18500/demods/2/sample.dio,279910003111936,11977,1073741824.0
/dev18500/demods/2/sample.dio,279910003170304,11978,0.0
/dev18500/demods/2/sample.dio,279910003228672,11979,0.0
/dev18500/demods/2/sample.dio,279910003287040,11980,3221225664.0
/dev18500/demods/2/sample.dio,279910003345408,11981,1073742016.0
/dev18500/demods/2/sample.dio,279910003403776,11982,0.0
/dev18500/demods/2/sample.dio,279910003462144,11983,0.0
/dev18500/demods/2/sample.dio,279910003520512,11984,0.0
/dev18500/demods/2/sample.dio,279910003578880,11985,3221225664.0
/dev18500/demods/2/sample.dio,279910003637248,11986,1073750016.0
/dev18500/demods/2/sample.dio,279910003695616,11987,8192.0
/dev18500/demods/2/sample.dio,279910003753984,11988,0.0
/dev18500/demods/2/sample.dio,279910003812352,11989,16384.0
/dev18500/demods/2/sample.dio,279910003870720,11990,3221225664.0
/dev18500/demods/2/sample.dio,279910003929088,11991,1073741888.0
/dev18500/demods/2/sample.dio,279910003987456,11992,0.0
/dev18500/demods/2/sample.dio,279910004045824,11993,0.0
/dev18500/demods/2/sample.dio,279910004104192,11994,3222274112.0
/dev18500/demods/2/sample.dio,279910004162560,11995,3221225664.0
/dev18500/demods/2/sample.dio,279910004220928,11996,1073750016.0
/dev18500/demods/2/sample.dio,279910004279296,11997,0.0
/dev18500/demods/2/sample.dio,279910004337664,11998,0.0
/dev18500/demods/2/sample.dio,279910004396032,11999,3222274112.0
/dev18500/demods/2/sample.dio,279910004454400,12000,3221225664.0
/dev18500/demods/2/sample.dio,279910004512768,12001,1073750016.0
/dev18500/demods/2/sample.dio,279910004571136,12002,0.0
/dev18500/demods/2/sample.dio,279910004629504,12003,0.0
/dev18500/demods/2/sample.dio,279910004687872,12004,3222274240.0
/dev18500/demods/2/sample.dio,279910004746240,12005,3221225664.0
/dev18500/demods/2/sample.dio,279910004804608,12006,0.0
/dev18500/demods/2/sample.dio,279910004862976,12007,0.0
/dev18500/demods/2/sample.dio,279910004921344,12008,1048576.0
/dev18500/demods/2/sample.dio,279910004979712,12009,3222274240.0
/dev18500/demods/2/sample.dio,279910005038080,12010,1073741824.0
/dev18500/demods/2/sample.dio,279910005096448,12011,1073741824.0
/dev18500/demods/2/sample.dio,279910005154816,12012,0.0
/dev18500/demods/2/sample.dio,279910005213184,12013,1048576.0
/dev18500/demods/2/sample.dio,279910005271552,12014,3221225664.0
/dev18500/demods/2/sample.dio,279910005329920,12015,1073742016.0
/dev18500/demods/2/sample.dio,279910005388288,12016,0.0
/dev18500/demods/2/sample.dio,279910005446656,12017,0.0
/dev18500/demods/2/sample.dio,279910005505024,12018,3222274048.0
/dev18500/demods/2/sample.dio,279910005563392,12019,3221225664.0
/dev18500/demods/2/sample.dio,279910005621760,12020,1073741824.0
/dev18500/demods/2/sample.dio,279910005680128,12021,0.0
/dev18500/demods/2/sample.dio,279910005738496,12022,0.0
/dev18500/demods/2/sample.dio,279910005796864,12023,3222274048.0
/dev18500/demods/2/sample.dio,279910005855232,12024,3221225664.0
/dev18500/demods/2/sample.dio,279910005913600,12025,1073750016.0
/dev18500/demods/2/sample.dio,279910005971968,12026,0.0
/dev18500/demods/2/sample.dio,279910006030336,12027,0.0
/dev18500/demods/2/sample.dio,279910006088704,12028,3222274240.0
/dev18500/demods/2/sample.dio,279910006147072,12029,3221225664.0
/dev18500/demods/2/sample.dio,279910006205440,12030,8192.0
/dev18500/demods/2/sample.dio,279910006263808,12031,0.0
/dev18500/demods/2/sample.dio,279910006322176,12032,0.0
/dev18500/demods/2/sample.dio,279910006380544,12033,3222274240.0
/dev18500/demods/2/sample.dio,279910006438912,12034,1073741888.0
/dev18500/demods/2/sample.dio,279910006497280,12035,1073741824.0
/dev18500/demods/2/sample.dio,279910006555648,12036,0.0
/dev18500/demods/2/sample.dio,279910006614016,12037,0.0
/dev18500/demods/2/sample.dio,279910006672384,12038,3221225664.0
/dev18500/demods/2/sample.dio,279910006730752,12039,1073742016.0
/dev18500/demods/2/sample.dio,279910006789120,12040,0.0
/dev18500/demods/2/sample.dio,279910006847488,12041,0.0
/dev18500/demods/2/sample.dio,279910006905856,12042,3222274048.0
/dev18500/demods/2/sample.dio,279910006964224,12043,3221225664.0
/dev18500/demods/2/sample.dio,279910007022592,12044,1073750016.0
/dev18500/demods/2/sample.dio,279910007080960,12045,0.0
/dev18500/demods/2/sample.dio,279910007139328,12046,0.0
/dev18500/demods/2/sample.dio,279910007197696,12047,1074790400.0
/dev18500/demods/2/sample.dio,279910007256064,12048,3221225664.0
/dev18500/demods/2/sample.dio,279910007314432,12049,1073741824.0
/dev18500/demods/2/sample.dio,279910007372800,12050,0.0
/dev18500/demods/2/sample.dio,279910007431168,12051,0.0
/dev18500/demods/2/sample.dio,279910007489536,12052,3222274240.0
/dev18500/demods/2/sample.dio,279910007547904,12053,3221225664.0
/dev18500/demods/2/sample.dio,279910007606272,12054,1073741824.0
/dev18500/demods/2/sample.dio,279910007664640,12055,0.0
/dev18500/demods/2/sample.dio,279910007723008,12056,0.0
/dev18500/demods/2/sample.dio,279910007781376,12057,3222274048.0
/dev18500/demods/2/sample.dio,279910007839744,12058,1073742016.0
/dev18500/demods/2/sample.dio,279910007898112,12059,1073741824.0
/dev18500/demods/2/sample.dio,279910007956480,12060,0.0
/dev18500/demods/2/sample.dio,279910008014848,12061,16384.0
/dev18500/demods/2/sample.dio,279910008073216,12062,3222274240.0
/dev18500/demods/2/sample.dio,279910008131584,12063,1073742016.0
/dev18500/demods/2/sample.dio,279910008189952,12064,0.0
/dev18500/demods/2/sample.dio,279910008248320,12065,0.0
/dev18500/demods/2/sample.dio,279910008306688,12066,1048576.0
/dev18500/demods/2/sample.dio,279910008365056,12067,3222290624.0
/dev18500/demods/2/sample.dio,279910008423424,12068,1073741824.0
/dev18500/demods/2/sample.dio,279910008481792,12069,0.0
/dev18500/demods/2/sample.dio,279910008540160,12070,0.0
/dev18500/demods/2/sample.dio,279910008598528,12071,1048576.0
/dev18500/demods/2/sample.dio,279910008656896,12072,3221225664.0
/dev18500/demods/2/sample.dio,279910008715264,12073,1073741824.0
/dev18500/demods/2/sample.dio,279910008773632,12074,0.0
/dev18500/demods/2/sample.dio,279910008832000,12075,0.0
/dev18500/demods/2/sample.dio,279910008890368,12076,3222274112.0
/dev18500/demods/2/sample.dio,279910008948736,12077,3221225664.0
/dev18500/demods/2/sample.dio,279910009007104,12078,1073741824.0
/dev18500/demods/2/sample.dio,279910009065472,12079,0.0
/dev18500/demods/2/sample.dio,279910009123840,12080,0.0
/dev18500/demods/2/sample.dio,279910009182208,12081,3222274048.0
/dev18500/demods/2/sample.dio,279910009240576,12082,3221225664.0
/dev18500/demods/2/sample.dio,279910009298944,12083,1073750016.0
/dev18500/demods/2/sample.dio,279910009357312,12084,0.0
/dev18500/demods/2/sample.dio,279910009415680,12085,0.0
/dev18500/demods/2/sample.dio,279910009474048,12086,3222274240.0
/dev18500/demods/2/sample.dio,279910009532416,12087,3221225664.0
/dev18500/demods/2/sample.dio,279910009590784,12088,0.0
/dev18500/demods/2/sample.dio,279910009649152,12089,0.0
/dev18500/demods/2/sample.dio,279910009707520,12090,1048576.0
/dev18500/demods/2/sample.dio,279910009765888,12091,3222274240.0
/dev18500/demods/2/sample.dio,279910009824256,12092,1073741888.0
/dev18500/demods/2/sample.dio,279910009882624,12093,0.0
/dev18500/demods/2/sample.dio,279910009940992,12094,0.0
/dev18500/demods/2/sample.dio,279910009999360,12095,1048576.0
/dev18500/demods/2/sample.dio,279910010057728,12096,3221225664.0
/dev18500/demods/2/sample.dio,279910010116096,12097,1073741888.0
/dev18500/demods/2/sample.dio,279910010174464,12098,0.0
/dev18500/demods/2/sample.dio,279910010232832,12099,0.0
/dev18500/demods/2/sample.dio,279910010291200,12100,3222274048.0
/dev18500/demods/2/sample.dio,279910010349568,12101,3221242048.0
/dev18500/demods/2/sample.dio,279910010407936,12102,1073741824.0
/dev18500/demods/2/sample.dio,279910010466304,12103,0.0
/dev18500/demods/2/sample.dio,279910010524672,12104,0.0
/dev18500/demods/2/sample.dio,279910010583040,12105,0.0
/dev18500/demods/2/sample.dio,279910010641408,12106,3221225664.0
/dev18500/demods/2/sample.dio,279910010699776,12107,1073741824.0
/dev18500/demods/2/sample.dio,279910010758144,12108,0.0
/dev18500/demods/2/sample.dio,279910010816512,12109,0.0
/dev18500/demods/2/sample.dio,279910010874880,12110,3222274240.0
/dev18500/demods/2/sample.dio,279910010933248,12111,3221225664.0
/dev18500/demods/2/sample.dio,279910010991616,12112,1073741824.0
/dev18500/demods/2/sample.dio,279910011049984,12113,0.0
/dev18500/demods/2/sample.dio,279910011108352,12114,0.0
/dev18500/demods/2/sample.dio,279910011166720,12115,3222274240.0
/dev18500/demods/2/sample.dio,279910011225088,12116,3221225664.0
/dev18500/demods/2/sample.dio,279910011283456,12117,1073741824.0
/dev18500/demods/2/sample.dio,279910011341824,12118,0.0
/dev18500/demods/2/sample.dio,279910011400192,12119,0.0
/dev18500/demods/2/sample.dio,279910011458560,12120,3222290624.0
/dev18500/demods/2/sample.dio,279910011516928,12121,1073742016.0
/dev18500/demods/2/sample.dio,279910011575296,12122,0.0
/dev18500/demods/2/sample.dio,279910011633664,12123,0.0
/dev18500/demods/2/sample.dio,279910011692032,12124,1074790400.0
/dev18500/demods/2/sample.dio,279910011750400,12125,3222274240.0
/dev18500/demods/2/sample.dio,279910011808768,12126,1073741824.0
/dev18500/demods/2/sample.dio,279910011867136,12127,0.0
/dev18500/demods/2/sample.dio,279910011925504,12128,0.0
/dev18500/demods/2/sample.dio,279910011983872,12129,0.0
/dev18500/demods/2/sample.dio,279910012042240,12130,3221225664.0
/dev18500/demods/2/sample.dio,279910012100608,12131,1073741824.0
/dev18500/demods/2/sample.dio,279910012158976,12132,0.0
/dev18500/demods/2/sample.dio,279910012217344,12133,0.0
/dev18500/demods/2/sample.dio,279910012275712,12134,3222274048.0
/dev18500/demods/2/sample.dio,279910012334080,12135,3221225664.0
/dev18500/demods/2/sample.dio,279910012392448,12136,1073741824.0
/dev18500/demods/2/sample.dio,279910012450816,12137,0.0
/dev18500/demods/2/sample.dio,279910012509184,12138,0.0
/dev18500/demods/2/sample.dio,279910012567552,12139,3222274048.0
/dev18500/demods/2/sample.dio,279910012625920,12140,3221225664.0
/dev18500/demods/2/sample.dio,279910012684288,12141,1073741824.0
/dev18500/demods/2/sample.dio,279910012742656,12142,0.0
/dev18500/demods/2/sample.dio,279910012801024,12143,0.0
/dev18500/demods/2/sample.dio,279910012859392,12144,3222290624.0
/dev18500/demods/2/sample.dio,279910012917760,12145,3221225664.0
/dev18500/demods/2/sample.dio,279910012976128,12146,0.0
/dev18500/demods/2/sample.dio,279910013034496,12147,0.0
/dev18500/demods/2/sample.dio,279910013092864,12148,1048576.0
/dev18500/demods/2/sample.dio,279910013151232,12149,3222290624.0
/dev18500/demods/2/sample.dio,279910013209600,12150,1073742016.0
/dev18500/demods/2/sample.dio,279910013267968,12151,0.0
/dev18500/demods/2/sample.dio,279910013326336,12152,0.0
/dev18500/demods/2/sample.dio,279910013384704,12153,1048576.0
/dev18500/demods/2/sample.dio,279910013443072,12154,3221225664.0
/dev18500/demods/2/sample.dio,279910013501440,12155,1073741888.0
/dev18500/demods/2/sample.dio,279910013559808,12156,0.0
/dev18500/demods/2/sample.dio,279910013618176,12157,0.0
/dev18500/demods/2/sample.dio,279910013676544,12158,3222274048.0
/dev18500/demods/2/sample.dio,279910013734912,12159,3221225664.0
/dev18500/demods/2/sample.dio,279910013793280,12160,1073741824.0
/dev18500/demods/2/sample.dio,279910013851648,12161,0.0
/dev18500/demods/2/sample.dio,279910013910016,12162,0.0
/dev18500/demods/2/sample.dio,279910013968384,12163,1048576.0
/dev18500/demods/2/sample.dio,279910014026752,12164,3221233856.0
/dev18500/demods/2/sample.dio,279910014085120,12165,1073741824.0
/dev18500/demods/2/sample.dio,279910014143488,12166,0.0
/dev18500/demods/2/sample.dio,279910014201856,12167,0.0
/dev18500/demods/2/sample.dio,279910014260224,12168,3221242048.0
/dev18500/demods/2/sample.dio,279910014318592,12169,3221225664.0
/dev18500/demods/2/sample.dio,279910014376960,12170,1073741824.0
/dev18500/demods/2/sample.dio,279910014435328,12171,0.0
/dev18500/demods/2/sample.dio,279910014493696,12172,16384.0
/dev18500/demods/2/sample.dio,279910014552064,12173,3222274240.0
/dev18500/demods/2/sample.dio,279910014610432,12174,1073750080.0
/dev18500/demods/2/sample.dio,279910014668800,12175,1073741824.0
/dev18500/demods/2/sample.dio,279910014727168,12176,0.0
/dev18500/demods/2/sample.dio,279910014785536,12177,0.0
/dev18500/demods/2/sample.dio,279910014843904,12178,3222290624.0
/dev18500/demods/2/sample.dio,279910014902272,12179,3221225664.0
/dev18500/demods/2/sample.dio,279910014960640,12180,8192.0
/dev18500/demods/2/sample.dio,279910015019008,12181,0.0
/dev18500/demods/2/sample.dio,279910015077376,12182,1048576.0
/dev18500/demods/2/sample.dio,279910015135744,12183,3222274240.0
/dev18500/demods/2/sample.dio,279910015194112,12184,1073741824.0
/dev18500/demods/2/sample.dio,279910015252480,12185,0.0
/dev18500/demods/2/sample.dio,279910015310848,12186,0.0
/dev18500/demods/2/sample.dio,279910015369216,12187,1048576.0
/dev18500/demods/2/sample.dio,279910015427584,12188,3221225664.0
/dev18500/demods/2/sample.dio,279910015485952,12189,1073750016.0
/dev18500/demods/2/sample.dio,279910015544320,12190,0.0
/dev18500/demods/2/sample.dio,279910015602688,12191,0.0
/dev18500/demods/2/sample.dio,279910015661056,12192,3221225536.0
/dev18500/demods/2/sample.dio,279910015719424,12193,3221225664.0
/dev18500/demods/2/sample.dio,279910015777792,12194,1073741824.0
/dev18500/demods/2/sample.dio,279910015836160,12195,0.0
/dev18500/demods/2/sample.dio,279910015894528,12196,0.0
/dev18500/demods/2/sample.dio,279910015952896,12197,3222274112.0
/dev18500/demods/2/sample.dio,279910016011264,12198,3221225664.0
/dev18500/demods/2/sample.dio,279910016069632,12199,1073741824.0
/dev18500/demods/2/sample.dio,279910016128000,12200,0.0
/dev18500/demods/2/sample.dio,279910016186368,12201,0.0
/dev18500/demods/2/sample.dio,279910016244736,12202,3222274240.0
/dev18500/demods/2/sample.dio,279910016303104,12203,3221225664.0
/dev18500/demods/2/sample.dio,279910016361472,12204,0.0
/dev18500/demods/2/sample.dio,279910016419840,12205,0.0
/dev18500/demods/2/sample.dio,279910016478208,12206,1048576.0
/dev18500/demods/2/sample.dio,279910016536576,12207,3222274240.0
/dev18500/demods/2/sample.dio,279910016594944,12208,1073741888.0
/dev18500/demods/2/sample.dio,279910016653312,12209,0.0
/dev18500/demods/2/sample.dio,279910016711680,12210,0.0
/dev18500/demods/2/sample.dio,279910016770048,12211,1048576.0
/dev18500/demods/2/sample.dio,279910016828416,12212,3221225664.0
/dev18500/demods/2/sample.dio,279910016886784,12213,1073741888.0
/dev18500/demods/2/sample.dio,279910016945152,12214,0.0
/dev18500/demods/2/sample.dio,279910017003520,12215,0.0
/dev18500/demods/2/sample.dio,279910017061888,12216,3222274048.0
/dev18500/demods/2/sample.dio,279910017120256,12217,3222274240.0
/dev18500/demods/2/sample.dio,279910017178624,12218,1073741824.0
/dev18500/demods/2/sample.dio,279910017236992,12219,0.0
/dev18500/demods/2/sample.dio,279910017295360,12220,0.0
/dev18500/demods/2/sample.dio,279910017353728,12221,3221225472.0
/dev18500/demods/2/sample.dio,279910017412096,12222,3221225664.0
/dev18500/demods/2/sample.dio,279910017470464,12223,1073741824.0
/dev18500/demods/2/sample.dio,279910017528832,12224,0.0
/dev18500/demods/2/sample.dio,279910017587200,12225,0.0
/dev18500/demods/2/sample.dio,279910017645568,12226,3222274240.0
/dev18500/demods/2/sample.dio,279910017703936,12227,3221225664.0
/dev18500/demods/2/sample.dio,279910017762304,12228,1073741824.0
/dev18500/demods/2/sample.dio,279910017820672,12229,0.0
/dev18500/demods/2/sample.dio,279910017879040,12230,0.0
/dev18500/demods/2/sample.dio,279910017937408,12231,3222274240.0
/dev18500/demods/2/sample.dio,279910017995776,12232,1073742016.0
/dev18500/demods/2/sample.dio,279910018054144,12233,1073741824.0
/dev18500/demods/2/sample.dio,279910018112512,12234,0.0
/dev18500/demods/2/sample.dio,279910018170880,12235,0.0
/dev18500/demods/2/sample.dio,279910018229248,12236,3221225664.0
/dev18500/demods/2/sample.dio,279910018287616,12237,1073750208.0
/dev18500/demods/2/sample.dio,279910018345984,12238,0.0
/dev18500/demods/2/sample.dio,279910018404352,12239,0.0
/dev18500/demods/2/sample.dio,279910018462720,12240,1048576.0
/dev18500/demods/2/sample.dio,279910018521088,12241,3222274240.0
/dev18500/demods/2/sample.dio,279910018579456,12242,1073741824.0
/dev18500/demods/2/sample.dio,279910018637824,12243,0.0
/dev18500/demods/2/sample.dio,279910018696192,12244,0.0
/dev18500/demods/2/sample.dio,279910018754560,12245,1048576.0
/dev18500/demods/2/sample.dio,279910018812928,12246,3221225664.0
/dev18500/demods/2/sample.dio,279910018871296,12247,1073741824.0
/dev18500/demods/2/sample.dio,279910018929664,12248,0.0
/dev18500/demods/2/sample.dio,279910018988032,12249,0.0
/dev18500/demods/2/sample.dio,279910019046400,12250,3222274048.0
/dev18500/demods/2/sample.dio,279910019104768,12251,3221225664.0
/dev18500/demods/2/sample.dio,279910019163136,12252,1073741824.0
/dev18500/demods/2/sample.dio,279910019221504,12253,0.0
/dev18500/demods/2/sample.dio,279910019279872,12254,0.0
/dev18500/demods/2/sample.dio,279910019338240,12255,3222274048.0
/dev18500/demods/2/sample.dio,279910019396608,12256,1073742016.0
/dev18500/demods/2/sample.dio,279910019454976,12257,1073741824.0
/dev18500/demods/2/sample.dio,279910019513344,12258,0.0
/dev18500/demods/2/sample.dio,279910019571712,12259,0.0
/dev18500/demods/2/sample.dio,279910019630080,12260,3222274240.0
/dev18500/demods/2/sample.dio,279910019688448,12261,3221225664.0
/dev18500/demods/2/sample.dio,279910019746816,12262,0.0
/dev18500/demods/2/sample.dio,279910019805184,12263,0.0
/dev18500/demods/2/sample.dio,279910019863552,12264,1048576.0
/dev18500/demods/2/sample.dio,279910019921920,12265,3222274240.0
/dev18500/demods/2/sample.dio,279910019980288,12266,1073741888.0
/dev18500/demods/2/sample.dio,279910020038656,12267,0.0
/dev18500/demods/2/sample.dio,279910020097024,12268,0.0
/dev18500/demods/2/sample.dio,279910020155392,12269,1048576.0
/dev18500/demods/2/sample.dio,279910020213760,12270,3221225664.0
/dev18500/demods/2/sample.dio,279910020272128,12271,1073741888.0
/dev18500/demods/2/sample.dio,279910020330496,12272,0.0
/dev18500/demods/2/sample.dio,279910020388864,12273,0.0
/dev18500/demods/2/sample.dio,279910020447232,12274,3222274048.0
/dev18500/demods/2/sample.dio,279910020505600,12275,3221225664.0
/dev18500/demods/2/sample.dio,279910020563968,12276,1073741824.0
/dev18500/demods/2/sample.dio,279910020622336,12277,0.0
/dev18500/demods/2/sample.dio,279910020680704,12278,0.0
/dev18500/demods/2/sample.dio,279910020739072,12279,3222274048.0
/dev18500/demods/2/sample.dio,279910020797440,12280,3221225664.0
/dev18500/demods/2/sample.dio,279910020855808,12281,1073741824.0
/dev18500/demods/2/sample.dio,279910020914176,12282,0.0
/dev18500/demods/2/sample.dio,279910020972544,12283,0.0
/dev18500/demods/2/sample.dio,279910021030912,12284,3221225536.0
/dev18500/demods/2/sample.dio,279910021089280,12285,3221233856.0
/dev18500/demods/2/sample.dio,279910021147648,12286,1073741824.0
/dev18500/demods/2/sample.dio,279910021206016,12287,0.0
/dev18500/demods/2/sample.dio,279910021264384,12288,16384.0
/dev18500/demods/2/sample.dio,279910021322752,12289,3221242048.0
/dev18500/demods/2/sample.dio,279910021381120,12290,1073741888.0
/dev18500/demods/2/sample.dio,279910021439488,12291,1073750016.0
/dev18500/demods/2/sample.dio,279910021497856,12292,0.0
/dev18500/demods/2/sample.dio,279910021556224,12293,0.0
/dev18500/demods/2/sample.dio,279910021614592,12294,3222274240.0
/dev18500/demods/2/sample.dio,279910021672960,12295,3221225664.0
/dev18500/demods/2/sample.dio,279910021731328,12296,0.0
/dev18500/demods/2/sample.dio,279910021789696,12297,0.0
/dev18500/demods/2/sample.dio,279910021848064,12298,1074806784.0
/dev18500/demods/2/sample.dio,279910021906432,12299,3222274240.0
/dev18500/demods/2/sample.dio,279910021964800,12300,1073741824.0
/dev18500/demods/2/sample.dio,279910022023168,12301,8192.0
/dev18500/demods/2/sample.dio,279910022081536,12302,0.0
/dev18500/demods/2/sample.dio,279910022139904,12303,1048576.0
/dev18500/demods/2/sample.dio,279910022198272,12304,3221225664.0
/dev18500/demods/2/sample.dio,279910022256640,12305,1073750016.0
/dev18500/demods/2/sample.dio,279910022315008,12306,0.0
/dev18500/demods/2/sample.dio,279910022373376,12307,0.0
/dev18500/demods/2/sample.dio,279910022431744,12308,3222274240.0
/dev18500/demods/2/sample.dio,279910022490112,12309,3221225664.0
/dev18500/demods/2/sample.dio,279910022548480,12310,1073741824.0
/dev18500/demods/2/sample.dio,279910022606848,12311,0.0
/dev18500/demods/2/sample.dio,279910022665216,12312,0.0
/dev18500/demods/2/sample.dio,279910022723584,12313,3222274048.0
/dev18500/demods/2/sample.dio,279910022781952,12314,1073742016.0
/dev18500/demods/2/sample.dio,279910022840320,12315,1073741824.0
/dev18500/demods/2/sample.dio,279910022898688,12316,0.0
/dev18500/demods/2/sample.dio,279910022957056,12317,0.0
/dev18500/demods/2/sample.dio,279910023015424,12318,3222274240.0
/dev18500/demods/2/sample.dio,279910023073792,12319,3221225664.0
/dev18500/demods/2/sample.dio,279910023132160,12320,0.0
/dev18500/demods/2/sample.dio,279910023190528,12321,0.0
/dev18500/demods/2/sample.dio,279910023248896,12322,1048576.0
/dev18500/demods/2/sample.dio,279910023307264,12323,3222274240.0
/dev18500/demods/2/sample.dio,279910023365632,12324,1073742016.0
/dev18500/demods/2/sample.dio,279910023424000,12325,0.0
/dev18500/demods/2/sample.dio,279910023482368,12326,0.0
/dev18500/demods/2/sample.dio,279910023540736,12327,1064960.0
/dev18500/demods/2/sample.dio,279910023599104,12328,3221225664.0
/dev18500/demods/2/sample.dio,279910023657472,12329,1073750016.0
/dev18500/demods/2/sample.dio,279910023715840,12330,0.0
/dev18500/demods/2/sample.dio,279910023774208,12331,0.0
/dev18500/demods/2/sample.dio,279910023832576,12332,3222274048.0
/dev18500/demods/2/sample.dio,279910023890944,12333,3222274240.0
/dev18500/demods/2/sample.dio,279910023949312,12334,1073741824.0
/dev18500/demods/2/sample.dio,279910024007680,12335,0.0
/dev18500/demods/2/sample.dio,279910024066048,12336,0.0
/dev18500/demods/2/sample.dio,279910024124416,12337,3222274048.0
/dev18500/demods/2/sample.dio,279910024182784,12338,3221225664.0
/dev18500/demods/2/sample.dio,279910024241152,12339,1073741824.0
/dev18500/demods/2/sample.dio,279910024299520,12340,0.0
/dev18500/demods/2/sample.dio,279910024357888,12341,0.0
/dev18500/demods/2/sample.dio,279910024416256,12342,3221241920.0
/dev18500/demods/2/sample.dio,279910024474624,12343,3221233856.0
/dev18500/demods/2/sample.dio,279910024532992,12344,1073741824.0
/dev18500/demods/2/sample.dio,279910024591360,12345,0.0
/dev18500/demods/2/sample.dio,279910024649728,12346,0.0
/dev18500/demods/2/sample.dio,279910024708096,12347,3221242048.0
/dev18500/demods/2/sample.dio,279910024766464,12348,1073741888.0
/dev18500/demods/2/sample.dio,279910024824832,12349,1073741824.0
/dev18500/demods/2/sample.dio,279910024883200,12350,0.0
/dev18500/demods/2/sample.dio,279910024941568,12351,1048576.0
/dev18500/demods/2/sample.dio,279910024999936,12352,3222274240.0
/dev18500/demods/2/sample.dio,279910025058304,12353,3221225664.0
/dev18500/demods/2/sample.dio,279910025116672,12354,0.0
/dev18500/demods/2/sample.dio,279910025175040,12355,0.0
/dev18500/demods/2/sample.dio,279910025233408,12356,1048576.0
/dev18500/demods/2/sample.dio,279910025291776,12357,3221242048.0
/dev18500/demods/2/sample.dio,279910025350144,12358,1073741824.0
/dev18500/demods/2/sample.dio,279910025408512,12359,0.0
/dev18500/demods/2/sample.dio,279910025466880,12360,0.0
/dev18500/demods/2/sample.dio,279910025525248,12361,1048576.0
/dev18500/demods/2/sample.dio,279910025583616,12362,3221225664.0
/dev18500/demods/2/sample.dio,279910025641984,12363,1073741824.0
/dev18500/demods/2/sample.dio,279910025700352,12364,0.0
/dev18500/demods/2/sample.dio,279910025758720,12365,0.0
/dev18500/demods/2/sample.dio,279910025817088,12366,3222274240.0
/dev18500/demods/2/sample.dio,279910025875456,12367,3221225664.0
/dev18500/demods/2/sample.dio,279910025933824,12368,1073741824.0
/dev18500/demods/2/sample.dio,279910025992192,12369,0.0
/dev18500/demods/2/sample.dio,279910026050560,12370,0.0
/dev18500/demods/2/sample.dio,279910026108928,12371,3222274048.0
/dev18500/demods/2/sample.dio,279910026167296,12372,1073742016.0
/dev18500/demods/2/sample.dio,279910026225664,12373,1073741824.0
/dev18500/demods/2/sample.dio,279910026284032,12374,0.0
/dev18500/demods/2/sample.dio,279910026342400,12375,0.0
/dev18500/demods/2/sample.dio,279910026400768,12376,3222274240.0
/dev18500/demods/2/sample.dio,279910026459136,12377,1073742016.0
/dev18500/demods/2/sample.dio,279910026517504,12378,0.0
/dev18500/demods/2/sample.dio,279910026575872,12379,0.0
/dev18500/demods/2/sample.dio,279910026634240,12380,1048576.0
/dev18500/demods/2/sample.dio,279910026692608,12381,3222274240.0
/dev18500/demods/2/sample.dio,279910026750976,12382,1073742016.0
/dev18500/demods/2/sample.dio,279910026809344,12383,0.0
/dev18500/demods/2/sample.dio,279910026867712,12384,0.0
/dev18500/demods/2/sample.dio,279910026926080,12385,1048576.0
/dev18500/demods/2/sample.dio,279910026984448,12386,3221225664.0
/dev18500/demods/2/sample.dio,279910027042816,12387,1073741888.0
/dev18500/demods/2/sample.dio,279910027101184,12388,0.0
/dev18500/demods/2/sample.dio,279910027159552,12389,0.0
/dev18500/demods/2/sample.dio,279910027217920,12390,3222274048.0
/dev18500/demods/2/sample.dio,279910027276288,12391,3221225664.0
/dev18500/demods/2/sample.dio,279910027334656,12392,1073741824.0
/dev18500/demods/2/sample.dio,279910027393024,12393,0.0
/dev18500/demods/2/sample.dio,279910027451392,12394,0.0
/dev18500/demods/2/sample.dio,279910027509760,12395,3222274048.0
/dev18500/demods/2/sample.dio,279910027568128,12396,3221225664.0
/dev18500/demods/2/sample.dio,279910027626496,12397,1073741824.0
/dev18500/demods/2/sample.dio,279910027684864,12398,0.0
/dev18500/demods/2/sample.dio,279910027743232,12399,0.0
/dev18500/demods/2/sample.dio,279910027801600,12400,3221225664.0
/dev18500/demods/2/sample.dio,279910027859968,12401,3221225664.0
/dev18500/demods/2/sample.dio,279910027918336,12402,1073750016.0
/dev18500/demods/2/sample.dio,279910027976704,12403,0.0
/dev18500/demods/2/sample.dio,279910028035072,12404,0.0
/dev18500/demods/2/sample.dio,279910028093440,12405,3222274240.0
/dev18500/demods/2/sample.dio,279910028151808,12406,1073742016.0
/dev18500/demods/2/sample.dio,279910028210176,12407,1073741824.0
/dev18500/demods/2/sample.dio,279910028268544,12408,0.0
/dev18500/demods/2/sample.dio,279910028326912,12409,0.0
/dev18500/demods/2/sample.dio,279910028385280,12410,3221225664.0
/dev18500/demods/2/sample.dio,279910028443648,12411,3221225664.0
/dev18500/demods/2/sample.dio,279910028502016,12412,0.0
/dev18500/demods/2/sample.dio,279910028560384,12413,0.0
/dev18500/demods/2/sample.dio,279910028618752,12414,1074790400.0
/dev18500/demods/2/sample.dio,279910028677120,12415,3222274240.0
/dev18500/demods/2/sample.dio,279910028735488,12416,1073741824.0
/dev18500/demods/2/sample.dio,279910028793856,12417,0.0
/dev18500/demods/2/sample.dio,279910028852224,12418,0.0
/dev18500/demods/2/sample.dio,279910028910592,12419,1074790400.0
/dev18500/demods/2/sample.dio,279910028968960,12420,3221225664.0
/dev18500/demods/2/sample.dio,279910029027328,12421,1073750016.0
/dev18500/demods/2/sample.dio,279910029085696,12422,0.0
/dev18500/demods/2/sample.dio,279910029144064,12423,0.0
/dev18500/demods/2/sample.dio,279910029202432,12424,3222274048.0
/dev18500/demods/2/sample.dio,279910029260800,12425,3221225664.0
/dev18500/demods/2/sample.dio,279910029319168,12426,1073741824.0
/dev18500/demods/2/sample.dio,279910029377536,12427,0.0
/dev18500/demods/2/sample.dio,279910029435904,12428,0.0
/dev18500/demods/2/sample.dio,279910029494272,12429,3222274112.0
/dev18500/demods/2/sample.dio,279910029552640,12430,1073742016.0
/dev18500/demods/2/sample.dio,279910029611008,12431,1073750016.0
/dev18500/demods/2/sample.dio,279910029669376,12432,0.0
/dev18500/demods/2/sample.dio,279910029727744,12433,0.0
/dev18500/demods/2/sample.dio,279910029786112,12434,3221225664.0
/dev18500/demods/2/sample.dio,279910029844480,12435,3221225664.0
/dev18500/demods/2/sample.dio,279910029902848,12436,8192.0
/dev18500/demods/2/sample.dio,279910029961216,12437,0.0
/dev18500/demods/2/sample.dio,279910030019584,12438,1048576.0
/dev18500/demods/2/sample.dio,279910030077952,12439,3222274240.0
/dev18500/demods/2/sample.dio,279910030136320,12440,1073741824.0
/dev18500/demods/2/sample.dio,279910030194688,12441,0.0
/dev18500/demods/2/sample.dio,279910030253056,12442,0.0
/dev18500/demods/2/sample.dio,279910030311424,12443,1048576.0
/dev18500/demods/2/sample.dio,279910030369792,12444,3222274240.0
/dev18500/demods/2/sample.dio,279910030428160,12445,1073741824.0
/dev18500/demods/2/sample.dio,279910030486528,12446,0.0
/dev18500/demods/2/sample.dio,279910030544896,12447,0.0
/dev18500/demods/2/sample.dio,279910030603264,12448,3221225536.0
/dev18500/demods/2/sample.dio,279910030661632,12449,3221225664.0
/dev18500/demods/2/sample.dio,279910030720000,12450,1073741824.0
/dev18500/demods/2/sample.dio,279910030778368,12451,0.0
/dev18500/demods/2/sample.dio,279910030836736,12452,0.0
/dev18500/demods/2/sample.dio,279910030895104,12453,3222274048.0
/dev18500/demods/2/sample.dio,279910030953472,12454,3221225664.0
/dev18500/demods/2/sample.dio,279910031011840,12455,1073750016.0
/dev18500/demods/2/sample.dio,279910031070208,12456,0.0
/dev18500/demods/2/sample.dio,279910031128576,12457,0.0
/dev18500/demods/2/sample.dio,279910031186944,12458,3222274240.0
/dev18500/demods/2/sample.dio,279910031245312,12459,3221225664.0
/dev18500/demods/2/sample.dio,279910031303680,12460,1073741824.0
/dev18500/demods/2/sample.dio,279910031362048,12461,0.0
/dev18500/demods/2/sample.dio,279910031420416,12462,0.0
/dev18500/demods/2/sample.dio,279910031478784,12463,3221225664.0
/dev18500/demods/2/sample.dio,279910031537152,12464,1073742016.0
/dev18500/demods/2/sample.dio,279910031595520,12465,1073741824.0
/dev18500/demods/2/sample.dio,279910031653888,12466,0.0
/dev18500/demods/2/sample.dio,279910031712256,12467,0.0
/dev18500/demods/2/sample.dio,279910031770624,12468,3221225664.0
/dev18500/demods/2/sample.dio,279910031828992,12469,1073742016.0
/dev18500/demods/2/sample.dio,279910031887360,12470,0.0
/dev18500/demods/2/sample.dio,279910031945728,12471,0.0
/dev18500/demods/2/sample.dio,279910032004096,12472,1074790400.0
/dev18500/demods/2/sample.dio,279910032062464,12473,3222274240.0
/dev18500/demods/2/sample.dio,279910032120832,12474,1073741824.0
/dev18500/demods/2/sample.dio,279910032179200,12475,0.0
/dev18500/demods/2/sample.dio,279910032237568,12476,0.0
/dev18500/demods/2/sample.dio,279910032295936,12477,1073758208.0
/dev18500/demods/2/sample.dio,279910032354304,12478,3221225664.0
/dev18500/demods/2/sample.dio,279910032412672,12479,1073741824.0
/dev18500/demods/2/sample.dio,279910032471040,12480,0.0
/dev18500/demods/2/sample.dio,279910032529408,12481,0.0
/dev18500/demods/2/sample.dio,279910032587776,12482,3222274240.0
/dev18500/demods/2/sample.dio,279910032646144,12483,3221225664.0
/dev18500/demods/2/sample.dio,279910032704512,12484,1073741824.0
/dev18500/demods/2/sample.dio,279910032762880,12485,0.0
/dev18500/demods/2/sample.dio,279910032821248,12486,0.0
/dev18500/demods/2/sample.dio,279910032879616,12487,3222274048.0
/dev18500/demods/2/sample.dio,279910032937984,12488,1073742016.0
/dev18500/demods/2/sample.dio,279910032996352,12489,1073741824.0
/dev18500/demods/2/sample.dio,279910033054720,12490,0.0
/dev18500/demods/2/sample.dio,279910033113088,12491,0.0
/dev18500/demods/2/sample.dio,279910033171456,12492,3222290624.0
/dev18500/demods/2/sample.dio,279910033229824,12493,1073742016.0
/dev18500/demods/2/sample.dio,279910033288192,12494,0.0
/dev18500/demods/2/sample.dio,279910033346560,12495,0.0
/dev18500/demods/2/sample.dio,279910033404928,12496,1048576.0
/dev18500/demods/2/sample.dio,279910033463296,12497,3222274240.0
/dev18500/demods/2/sample.dio,279910033521664,12498,1073741824.0
/dev18500/demods/2/sample.dio,279910033580032,12499,0.0
/dev18500/demods/2/sample.dio,279910033638400,12500,0.0
/dev18500/demods/2/sample.dio,279910033696768,12501,1048576.0
/dev18500/demods/2/sample.dio,279910033755136,12502,3221225664.0
/dev18500/demods/2/sample.dio,279910033813504,12503,1073741824.0
/dev18500/demods/2/sample.dio,279910033871872,12504,0.0
/dev18500/demods/2/sample.dio,279910033930240,12505,0.0
/dev18500/demods/2/sample.dio,279910033988608,12506,3222274048.0
/dev18500/demods/2/sample.dio,279910034046976,12507,3221225664.0
/dev18500/demods/2/sample.dio,279910034105344,12508,1073741824.0
/dev18500/demods/2/sample.dio,279910034163712,12509,0.0
/dev18500/demods/2/sample.dio,279910034222080,12510,0.0
/dev18500/demods/2/sample.dio,279910034280448,12511,3222274048.0
/dev18500/demods/2/sample.dio,279910034338816,12512,3221225664.0
/dev18500/demods/2/sample.dio,279910034397184,12513,1073741824.0
/dev18500/demods/2/sample.dio,279910034455552,12514,0.0
/dev18500/demods/2/sample.dio,279910034513920,12515,0.0
/dev18500/demods/2/sample.dio,279910034572288,12516,3221225664.0
/dev18500/demods/2/sample.dio,279910034630656,12517,3221225664.0
/dev18500/demods/2/sample.dio,279910034689024,12518,0.0
/dev18500/demods/2/sample.dio,279910034747392,12519,0.0
/dev18500/demods/2/sample.dio,279910034805760,12520,0.0
/dev18500/demods/2/sample.dio,279910034864128,12521,3221225664.0
/dev18500/demods/2/sample.dio,279910034922496,12522,1073742016.0
/dev18500/demods/2/sample.dio,279910034980864,12523,0.0
/dev18500/demods/2/sample.dio,279910035039232,12524,0.0
/dev18500/demods/2/sample.dio,279910035097600,12525,0.0
/dev18500/demods/2/sample.dio,279910035155968,12526,3221225664.0
/dev18500/demods/2/sample.dio,279910035214336,12527,1073750208.0
/dev18500/demods/2/sample.dio,279910035272704,12528,0.0
/dev18500/demods/2/sample.dio,279910035331072,12529,0.0
/dev18500/demods/2/sample.dio,279910035389440,12530,1073741824.0
/dev18500/demods/2/sample.dio,279910035447808,12531,3222274240.0
/dev18500/demods/2/sample.dio,279910035506176,12532,1073741824.0
/dev18500/demods/2/sample.dio,279910035564544,12533,0.0
/dev18500/demods/2/sample.dio,279910035622912,12534,0.0
/dev18500/demods/2/sample.dio,279910035681280,12535,1048576.0
/dev18500/demods/2/sample.dio,279910035739648,12536,3221233856.0
/dev18500/demods/2/sample.dio,279910035798016,12537,1073741888.0
/dev18500/demods/2/sample.dio,279910035856384,12538,0.0
/dev18500/demods/2/sample.dio,279910035914752,12539,0.0
/dev18500/demods/2/sample.dio,279910035973120,12540,3222290496.0
/dev18500/demods/2/sample.dio,279910036031488,12541,3221225664.0
/dev18500/demods/2/sample.dio,279910036089856,12542,1073741824.0
/dev18500/demods/2/sample.dio,279910036148224,12543,0.0
/dev18500/demods/2/sample.dio,279910036206592,12544,0.0
/dev18500/demods/2/sample.dio,279910036264960,12545,3222290496.0
/dev18500/demods/2/sample.dio,279910036323328,12546,1073742016.0
/dev18500/demods/2/sample.dio,279910036381696,12547,1073741824.0
/dev18500/demods/2/sample.dio,279910036440064,12548,0.0
/dev18500/demods/2/sample.dio,279910036498432,12549,0.0
/dev18500/demods/2/sample.dio,279910036556800,12550,3222274240.0
/dev18500/demods/2/sample.dio,279910036615168,12551,3221225664.0
/dev18500/demods/2/sample.dio,279910036673536,12552,0.0
/dev18500/demods/2/sample.dio,279910036731904,12553,0.0
/dev18500/demods/2/sample.dio,279910036790272,12554,1048576.0
/dev18500/demods/2/sample.dio,279910036848640,12555,3222274240.0
/dev18500/demods/2/sample.dio,279910036907008,12556,1073741888.0
/dev18500/demods/2/sample.dio,279910036965376,12557,0.0
/dev18500/demods/2/sample.dio,279910037023744,12558,0.0
/dev18500/demods/2/sample.dio,279910037082112,12559,0.0
/dev18500/demods/2/sample.dio,279910037140480,12560,3221225664.0
/dev18500/demods/2/sample.dio,279910037198848,12561,1073741888.0
/dev18500/demods/2/sample.dio,279910037257216,12562,0.0
/dev18500/demods/2/sample.dio,279910037315584,12563,0.0
/dev18500/demods/2/sample.dio,279910037373952,12564,3221225472.0
/dev18500/demods/2/sample.dio,279910037432320,12565,3221225664.0
/dev18500/demods/2/sample.dio,279910037490688,12566,1073741824.0
/dev18500/demods/2/sample.dio,279910037549056,12567,0.0
/dev18500/demods/2/sample.dio,279910037607424,12568,0.0
/dev18500/demods/2/sample.dio,279910037665792,12569,1048576.0
/dev18500/demods/2/sample.dio,279910037724160,12570,3221225664.0
/dev18500/demods/2/sample.dio,279910037782528,12571,1073741824.0
/dev18500/demods/2/sample.dio,279910037840896,12572,0.0
/dev18500/demods/2/sample.dio,279910037899264,12573,0.0
/dev18500/demods/2/sample.dio,279910037957632,12574,3222274240.0
/dev18500/demods/2/sample.dio,279910038016000,12575,3221225664.0
/dev18500/demods/2/sample.dio,279910038074368,12576,1073741824.0
/dev18500/demods/2/sample.dio,279910038132736,12577,0.0
/dev18500/demods/2/sample.dio,279910038191104,12578,0.0
/dev18500/demods/2/sample.dio,279910038249472,12579,3221225664.0
/dev18500/demods/2/sample.dio,279910038307840,12580,1073742016.0
/dev18500/demods/2/sample.dio,279910038366208,12581,1073741824.0
/dev18500/demods/2/sample.dio,279910038424576,12582,0.0
/dev18500/demods/2/sample.dio,279910038482944,12583,1064960.0
/dev18500/demods/2/sample.dio,279910038541312,12584,3221225664.0
/dev18500/demods/2/sample.dio,279910038599680,12585,1073742016.0
/dev18500/demods/2/sample.dio,279910038658048,12586,0.0
/dev18500/demods/2/sample.dio,279910038716416,12587,0.0
/dev18500/demods/2/sample.dio,279910038774784,12588,1073741824.0
/dev18500/demods/2/sample.dio,279910038833152,12589,3221225664.0
/dev18500/demods/2/sample.dio,279910038891520,12590,1073750016.0
/dev18500/demods/2/sample.dio,279910038949888,12591,0.0
/dev18500/demods/2/sample.dio,279910039008256,12592,0.0
/dev18500/demods/2/sample.dio,279910039066624,12593,1048576.0
/dev18500/demods/2/sample.dio,279910039124992,12594,3221225664.0
/dev18500/demods/2/sample.dio,279910039183360,12595,1073741824.0
/dev18500/demods/2/sample.dio,279910039241728,12596,0.0
/dev18500/demods/2/sample.dio,279910039300096,12597,0.0
/dev18500/demods/2/sample.dio,279910039358464,12598,3222274048.0
/dev18500/demods/2/sample.dio,279910039416832,12599,3221225664.0
/dev18500/demods/2/sample.dio,279910039475200,12600,1073741824.0
/dev18500/demods/2/sample.dio,279910039533568,12601,0.0
/dev18500/demods/2/sample.dio,279910039591936,12602,0.0
/dev18500/demods/2/sample.dio,279910039650304,12603,3221225472.0
/dev18500/demods/2/sample.dio,279910039708672,12604,1073742016.0
/dev18500/demods/2/sample.dio,279910039767040,12605,1073741824.0
/dev18500/demods/2/sample.dio,279910039825408,12606,0.0
/dev18500/demods/2/sample.dio,279910039883776,12607,0.0
/dev18500/demods/2/sample.dio,279910039942144,12608,3222274240.0
/dev18500/demods/2/sample.dio,279910040000512,12609,3221225664.0
/dev18500/demods/2/sample.dio,279910040058880,12610,0.0
/dev18500/demods/2/sample.dio,279910040117248,12611,0.0
/dev18500/demods/2/sample.dio,279910040175616,12612,1048576.0
/dev18500/demods/2/sample.dio,279910040233984,12613,3222274240.0
/dev18500/demods/2/sample.dio,279910040292352,12614,1073741888.0
/dev18500/demods/2/sample.dio,279910040350720,12615,0.0
/dev18500/demods/2/sample.dio,279910040409088,12616,0.0
/dev18500/demods/2/sample.dio,279910040467456,12617,1048576.0
/dev18500/demods/2/sample.dio,279910040525824,12618,3221225664.0
/dev18500/demods/2/sample.dio,279910040584192,12619,1073741824.0
/dev18500/demods/2/sample.dio,279910040642560,12620,0.0
/dev18500/demods/2/sample.dio,279910040700928,12621,0.0
/dev18500/demods/2/sample.dio,279910040759296,12622,3222274048.0
/dev18500/demods/2/sample.dio,279910040817664,12623,3222274240.0
/dev18500/demods/2/sample.dio,279910040876032,12624,1073741824.0
/dev18500/demods/2/sample.dio,279910040934400,12625,0.0
/dev18500/demods/2/sample.dio,279910040992768,12626,0.0
/dev18500/demods/2/sample.dio,279910041051136,12627,1048576.0
/dev18500/demods/2/sample.dio,279910041109504,12628,3221225664.0
/dev18500/demods/2/sample.dio,279910041167872,12629,1073741824.0
/dev18500/demods/2/sample.dio,279910041226240,12630,0.0
/dev18500/demods/2/sample.dio,279910041284608,12631,0.0
/dev18500/demods/2/sample.dio,279910041342976,12632,3222274240.0
/dev18500/demods/2/sample.dio,279910041401344,12633,3221225664.0
/dev18500/demods/2/sample.dio,279910041459712,12634,1073741824.0
/dev18500/demods/2/sample.dio,279910041518080,12635,0.0
/dev18500/demods/2/sample.dio,279910041576448,12636,0.0
/dev18500/demods/2/sample.dio,279910041634816,12637,3222274240.0
/dev18500/demods/2/sample.dio,279910041693184,12638,1073742016.0
/dev18500/demods/2/sample.dio,279910041751552,12639,1073741824.0
/dev18500/demods/2/sample.dio,279910041809920,12640,0.0
/dev18500/demods/2/sample.dio,279910041868288,12641,0.0
/dev18500/demods/2/sample.dio,279910041926656,12642,3221225664.0
/dev18500/demods/2/sample.dio,279910041985024,12643,1073750208.0
/dev18500/demods/2/sample.dio,279910042043392,12644,0.0
/dev18500/demods/2/sample.dio,279910042101760,12645,0.0
/dev18500/demods/2/sample.dio,279910042160128,12646,16384.0
/dev18500/demods/2/sample.dio,279910042218496,12647,3221225664.0
/dev18500/demods/2/sample.dio,279910042276864,12648,1073741824.0
/dev18500/demods/2/sample.dio,279910042335232,12649,0.0
/dev18500/demods/2/sample.dio,279910042393600,12650,0.0
/dev18500/demods/2/sample.dio,279910042451968,12651,0.0
/dev18500/demods/2/sample.dio,279910042510336,12652,3221225664.0
/dev18500/demods/2/sample.dio,279910042568704,12653,1073741824.0
/dev18500/demods/2/sample.dio,279910042627072,12654,0.0
/dev18500/demods/2/sample.dio,279910042685440,12655,0.0
/dev18500/demods/2/sample.dio,279910042743808,12656,3222274048.0
/dev18500/demods/2/sample.dio,279910042802176,12657,3221225664.0
/dev18500/demods/2/sample.dio,279910042860544,12658,1073741824.0
/dev18500/demods/2/sample.dio,279910042918912,12659,0.0
/dev18500/demods/2/sample.dio,279910042977280,12660,0.0
/dev18500/demods/2/sample.dio,279910043035648,12661,3222274048.0
/dev18500/demods/2/sample.dio,279910043094016,12662,3221225664.0
/dev18500/demods/2/sample.dio,279910043152384,12663,1073741824.0
/dev18500/demods/2/sample.dio,279910043210752,12664,0.0
/dev18500/demods/2/sample.dio,279910043269120,12665,0.0
/dev18500/demods/2/sample.dio,279910043327488,12666,3222274240.0
/dev18500/demods/2/sample.dio,279910043385856,12667,3221225664.0
/dev18500/demods/2/sample.dio,279910043444224,12668,0.0
/dev18500/demods/2/sample.dio,279910043502592,12669,0.0
/dev18500/demods/2/sample.dio,279910043560960,12670,1048576.0
/dev18500/demods/2/sample.dio,279910043619328,12671,3221225664.0
/dev18500/demods/2/sample.dio,279910043677696,12672,1073742016.0
/dev18500/demods/2/sample.dio,279910043736064,12673,0.0
/dev18500/demods/2/sample.dio,279910043794432,12674,0.0
/dev18500/demods/2/sample.dio,279910043852800,12675,1048576.0
/dev18500/demods/2/sample.dio,279910043911168,12676,3222274240.0
/dev18500/demods/2/sample.dio,279910043969536,12677,1073742016.0
/dev18500/demods/2/sample.dio,279910044027904,12678,0.0
/dev18500/demods/2/sample.dio,279910044086272,12679,0.0
/dev18500/demods/2/sample.dio,279910044144640,12680,3222274048.0
/dev18500/demods/2/sample.dio,279910044203008,12681,3222274240.0
/dev18500/demods/2/sample.dio,279910044261376,12682,1073741824.0
/dev18500/demods/2/sample.dio,279910044319744,12683,0.0
/dev18500/demods/2/sample.dio,279910044378112,12684,0.0
/dev18500/demods/2/sample.dio,279910044436480,12685,1048576.0
/dev18500/demods/2/sample.dio,279910044494848,12686,3221233856.0
/dev18500/demods/2/sample.dio,279910044553216,12687,1073741824.0
/dev18500/demods/2/sample.dio,279910044611584,12688,0.0
/dev18500/demods/2/sample.dio,279910044669952,12689,0.0
/dev18500/demods/2/sample.dio,279910044728320,12690,3222274112.0
/dev18500/demods/2/sample.dio,279910044786688,12691,3221225664.0
/dev18500/demods/2/sample.dio,279910044845056,12692,1073741824.0
/dev18500/demods/2/sample.dio,279910044903424,12693,0.0
/dev18500/demods/2/sample.dio,279910044961792,12694,0.0
/dev18500/demods/2/sample.dio,279910045020160,12695,3222274112.0
/dev18500/demods/2/sample.dio,279910045078528,12696,3221225664.0
/dev18500/demods/2/sample.dio,279910045136896,12697,1073741824.0
/dev18500/demods/2/sample.dio,279910045195264,12698,0.0
/dev18500/demods/2/sample.dio,279910045253632,12699,0.0
/dev18500/demods/2/sample.dio,279910045312000,12700,3221274816.0
/dev18500/demods/2/sample.dio,279910045370368,12701,1073750208.0
/dev18500/demods/2/sample.dio,279910045428736,12702,0.0
/dev18500/demods/2/sample.dio,279910045487104,12703,0.0
/dev18500/demods/2/sample.dio,279910045545472,12704,1048576.0
/dev18500/demods/2/sample.dio,279910045603840,12705,3221225664.0
/dev18500/demods/2/sample.dio,279910045662208,12706,1073741824.0
/dev18500/demods/2/sample.dio,279910045720576,12707,8192.0
/dev18500/demods/2/sample.dio,279910045778944,12708,0.0
/dev18500/demods/2/sample.dio,279910045837312,12709,0.0
/dev18500/demods/2/sample.dio,279910045895680,12710,3221225664.0
/dev18500/demods/2/sample.dio,279910045954048,12711,1073742016.0
/dev18500/demods/2/sample.dio,279910046012416,12712,0.0
/dev18500/demods/2/sample.dio,279910046070784,12713,0.0
/dev18500/demods/2/sample.dio,279910046129152,12714,3222274048.0
/dev18500/demods/2/sample.dio,279910046187520,12715,3221225664.0
/dev18500/demods/2/sample.dio,279910046245888,12716,1073750016.0
/dev18500/demods/2/sample.dio,279910046304256,12717,0.0
/dev18500/demods/2/sample.dio,279910046362624,12718,0.0
/dev18500/demods/2/sample.dio,279910046420992,12719,3222274048.0
/dev18500/demods/2/sample.dio,279910046479360,12720,3221225664.0
/dev18500/demods/2/sample.dio,279910046537728,12721,1073741824.0
/dev18500/demods/2/sample.dio,279910046596096,12722,0.0
/dev18500/demods/2/sample.dio,279910046654464,12723,0.0
/dev18500/demods/2/sample.dio,279910046712832,12724,3222274112.0
/dev18500/demods/2/sample.dio,279910046771200,12725,3221233856.0
/dev18500/demods/2/sample.dio,279910046829568,12726,1073741824.0
/dev18500/demods/2/sample.dio,279910046887936,12727,0.0
/dev18500/demods/2/sample.dio,279910046946304,12728,0.0
/dev18500/demods/2/sample.dio,279910047004672,12729,3222274240.0
/dev18500/demods/2/sample.dio,279910047063040,12730,1073750080.0
/dev18500/demods/2/sample.dio,279910047121408,12731,1073741824.0
/dev18500/demods/2/sample.dio,279910047179776,12732,0.0
/dev18500/demods/2/sample.dio,279910047238144,12733,1048576.0
/dev18500/demods/2/sample.dio,279910047296512,12734,3221225664.0
/dev18500/demods/2/sample.dio,279910047354880,12735,1073742016.0
/dev18500/demods/2/sample.dio,279910047413248,12736,0.0
/dev18500/demods/2/sample.dio,279910047471616,12737,0.0
/dev18500/demods/2/sample.dio,279910047529984,12738,1074790400.0
/dev18500/demods/2/sample.dio,279910047588352,12739,3222290624.0
/dev18500/demods/2/sample.dio,279910047646720,12740,1073741824.0
/dev18500/demods/2/sample.dio,279910047705088,12741,0.0
/dev18500/demods/2/sample.dio,279910047763456,12742,0.0
/dev18500/demods/2/sample.dio,279910047821824,12743,1048576.0
/dev18500/demods/2/sample.dio,279910047880192,12744,3221225664.0
/dev18500/demods/2/sample.dio,279910047938560,12745,1073741888.0
/dev18500/demods/2/sample.dio,279910047996928,12746,0.0
/dev18500/demods/2/sample.dio,279910048055296,12747,0.0
/dev18500/demods/2/sample.dio,279910048113664,12748,3222274112.0
/dev18500/demods/2/sample.dio,279910048172032,12749,3221225664.0
/dev18500/demods/2/sample.dio,279910048230400,12750,1073741824.0
/dev18500/demods/2/sample.dio,279910048288768,12751,0.0
/dev18500/demods/2/sample.dio,279910048347136,12752,0.0
/dev18500/demods/2/sample.dio,279910048405504,12753,3222274112.0
/dev18500/demods/2/sample.dio,279910048463872,12754,3221233856.0
/dev18500/demods/2/sample.dio,279910048522240,12755,1073741824.0
/dev18500/demods/2/sample.dio,279910048580608,12756,0.0
/dev18500/demods/2/sample.dio,279910048638976,12757,0.0
/dev18500/demods/2/sample.dio,279910048697344,12758,3222274240.0
/dev18500/demods/2/sample.dio,279910048755712,12759,3221225664.0
/dev18500/demods/2/sample.dio,279910048814080,12760,0.0
/dev18500/demods/2/sample.dio,279910048872448,12761,0.0
/dev18500/demods/2/sample.dio,279910048930816,12762,1048576.0
/dev18500/demods/2/sample.dio,279910048989184,12763,3222290624.0
/dev18500/demods/2/sample.dio,279910049047552,12764,1073741824.0
/dev18500/demods/2/sample.dio,279910049105920,12765,1073741824.0
/dev18500/demods/2/sample.dio,279910049164288,12766,0.0
/dev18500/demods/2/sample.dio,279910049222656,12767,0.0
/dev18500/demods/2/sample.dio,279910049281024,12768,3221225664.0
/dev18500/demods/2/sample.dio,279910049339392,12769,1073741888.0
/dev18500/demods/2/sample.dio,279910049397760,12770,0.0
/dev18500/demods/2/sample.dio,279910049456128,12771,0.0
/dev18500/demods/2/sample.dio,279910049514496,12772,3222274048.0
/dev18500/demods/2/sample.dio,279910049572864,12773,3221225664.0
/dev18500/demods/2/sample.dio,279910049631232,12774,1073741824.0
/dev18500/demods/2/sample.dio,279910049689600,12775,0.0
/dev18500/demods/2/sample.dio,279910049747968,12776,0.0
/dev18500/demods/2/sample.dio,279910049806336,12777,3222274048.0
/dev18500/demods/2/sample.dio,279910049864704,12778,3221225664.0
/dev18500/demods/2/sample.dio,279910049923072,12779,1073741824.0
/dev18500/demods/2/sample.dio,279910049981440,12780,0.0
/dev18500/demods/2/sample.dio,279910050039808,12781,0.0
/dev18500/demods/2/sample.dio,279910050098176,12782,3222274240.0
/dev18500/demods/2/sample.dio,279910050156544,12783,3221225664.0
/dev18500/demods/2/sample.dio,279910050214912,12784,1073741824.0
/dev18500/demods/2/sample.dio,279910050273280,12785,0.0
/dev18500/demods/2/sample.dio,279910050331648,12786,0.0
/dev18500/demods/2/sample.dio,279910050390016,12787,3222274048.0
/dev18500/demods/2/sample.dio,279910050448384,12788,1073742016.0
/dev18500/demods/2/sample.dio,279910050506752,12789,1073741824.0
/dev18500/demods/2/sample.dio,279910050565120,12790,0.0
/dev18500/demods/2/sample.dio,279910050623488,12791,0.0
/dev18500/demods/2/sample.dio,279910050681856,12792,3222274240.0
/dev18500/demods/2/sample.dio,279910050740224,12793,1073742016.0
/dev18500/demods/2/sample.dio,279910050798592,12794,0.0
/dev18500/demods/2/sample.dio,279910050856960,12795,0.0
/dev18500/demods/2/sample.dio,279910050915328,12796,1048576.0
/dev18500/demods/2/sample.dio,279910050973696,12797,3222290624.0
/dev18500/demods/2/sample.dio,279910051032064,12798,1073741888.0
/dev18500/demods/2/sample.dio,279910051090432,12799,0.0
/dev18500/demods/2/sample.dio,279910051148800,12800,0.0
/dev18500/demods/2/sample.dio,279910051207168,12801,1048576.0
/dev18500/demods/2/sample.dio,279910051265536,12802,3222274240.0
/dev18500/demods/2/sample.dio,279910051323904,12803,1073741824.0
/dev18500/demods/2/sample.dio,279910051382272,12804,0.0
/dev18500/demods/2/sample.dio,279910051440640,12805,0.0
/dev18500/demods/2/sample.dio,279910051499008,12806,3222274112.0
/dev18500/demods/2/sample.dio,279910051557376,12807,3221225664.0
/dev18500/demods/2/sample.dio,279910051615744,12808,1073741824.0
/dev18500/demods/2/sample.dio,279910051674112,12809,0.0
/dev18500/demods/2/sample.dio,279910051732480,12810,0.0
/dev18500/demods/2/sample.dio,279910051790848,12811,1074790400.0
/dev18500/demods/2/sample.dio,279910051849216,12812,3221225664.0
/dev18500/demods/2/sample.dio,279910051907584,12813,1073741824.0
/dev18500/demods/2/sample.dio,279910051965952,12814,0.0
/dev18500/demods/2/sample.dio,279910052024320,12815,0.0
/dev18500/demods/2/sample.dio,279910052082688,12816,3222274240.0
/dev18500/demods/2/sample.dio,279910052141056,12817,3221225664.0
/dev18500/demods/2/sample.dio,279910052199424,12818,0.0
/dev18500/demods/2/sample.dio,279910052257792,12819,0.0
/dev18500/demods/2/sample.dio,279910052316160,12820,1048576.0
/dev18500/demods/2/sample.dio,279910052374528,12821,3222274240.0
/dev18500/demods/2/sample.dio,279910052432896,12822,3221225664.0
/dev18500/demods/2/sample.dio,279910052491264,12823,1073741824.0
/dev18500/demods/2/sample.dio,279910052549632,12824,0.0
/dev18500/demods/2/sample.dio,279910052608000,12825,0.0
/dev18500/demods/2/sample.dio,279910052666368,12826,3221225664.0
/dev18500/demods/2/sample.dio,279910052724736,12827,1073742016.0
/dev18500/demods/2/sample.dio,279910052783104,12828,0.0
/dev18500/demods/2/sample.dio,279910052841472,12829,0.0
/dev18500/demods/2/sample.dio,279910052899840,12830,1073741824.0
/dev18500/demods/2/sample.dio,279910052958208,12831,3221225664.0
/dev18500/demods/2/sample.dio,279910053016576,12832,1073741824.0
/dev18500/demods/2/sample.dio,279910053074944,12833,0.0
/dev18500/demods/2/sample.dio,279910053133312,12834,0.0
/dev18500/demods/2/sample.dio,279910053191680,12835,1074790400.0
/dev18500/demods/2/sample.dio,279910053250048,12836,3221225664.0
/dev18500/demods/2/sample.dio,279910053308416,12837,1073741824.0
/dev18500/demods/2/sample.dio,279910053366784,12838,0.0
/dev18500/demods/2/sample.dio,279910053425152,12839,0.0
/dev18500/demods/2/sample.dio,279910053483520,12840,3222274112.0
/dev18500/demods/2/sample.dio,279910053541888,12841,3221233856.0
/dev18500/demods/2/sample.dio,279910053600256,12842,1073741824.0
/dev18500/demods/2/sample.dio,279910053658624,12843,0.0
/dev18500/demods/2/sample.dio,279910053716992,12844,0.0
/dev18500/demods/2/sample.dio,279910053775360,12845,3221225536.0
/dev18500/demods/2/sample.dio,279910053833728,12846,1073742016.0
/dev18500/demods/2/sample.dio,279910053892096,12847,1073741824.0
/dev18500/demods/2/sample.dio,279910053950464,12848,0.0
/dev18500/demods/2/sample.dio,279910054008832,12849,0.0
/dev18500/demods/2/sample.dio,279910054067200,12850,3222274240.0
/dev18500/demods/2/sample.dio,279910054125568,12851,3221233856.0
/dev18500/demods/2/sample.dio,279910054183936,12852,0.0
/dev18500/demods/2/sample.dio,279910054242304,12853,0.0
/dev18500/demods/2/sample.dio,279910054300672,12854,1048576.0
/dev18500/demods/2/sample.dio,279910054359040,12855,3222274240.0
/dev18500/demods/2/sample.dio,279910054417408,12856,1073750080.0
/dev18500/demods/2/sample.dio,279910054475776,12857,0.0
/dev18500/demods/2/sample.dio,279910054534144,12858,0.0
/dev18500/demods/2/sample.dio,279910054592512,12859,1048576.0
/dev18500/demods/2/sample.dio,279910054650880,12860,3221225664.0
/dev18500/demods/2/sample.dio,279910054709248,12861,1073741888.0
/dev18500/demods/2/sample.dio,279910054767616,12862,0.0
/dev18500/demods/2/sample.dio,279910054825984,12863,0.0
/dev18500/demods/2/sample.dio,279910054884352,12864,3222274048.0
/dev18500/demods/2/sample.dio,279910054942720,12865,3221225664.0
/dev18500/demods/2/sample.dio,279910055001088,12866,1073741824.0
/dev18500/demods/2/sample.dio,279910055059456,12867,0.0
/dev18500/demods/2/sample.dio,279910055117824,12868,0.0
/dev18500/demods/2/sample.dio,279910055176192,12869,1074790400.0
/dev18500/demods/2/sample.dio,279910055234560,12870,3221225664.0
/dev18500/demods/2/sample.dio,279910055292928,12871,1073741824.0
/dev18500/demods/2/sample.dio,279910055351296,12872,0.0
/dev18500/demods/2/sample.dio,279910055409664,12873,0.0
/dev18500/demods/2/sample.dio,279910055468032,12874,3222274240.0
/dev18500/demods/2/sample.dio,279910055526400,12875,3221225664.0
/dev18500/demods/2/sample.dio,279910055584768,12876,0.0
/dev18500/demods/2/sample.dio,279910055643136,12877,0.0
/dev18500/demods/2/sample.dio,279910055701504,12878,16384.0
/dev18500/demods/2/sample.dio,279910055759872,12879,3222274240.0
/dev18500/demods/2/sample.dio,279910055818240,12880,1073742016.0
/dev18500/demods/2/sample.dio,279910055876608,12881,1073750016.0
/dev18500/demods/2/sample.dio,279910055934976,12882,0.0
/dev18500/demods/2/sample.dio,279910055993344,12883,0.0
/dev18500/demods/2/sample.dio,279910056051712,12884,3221225664.0
/dev18500/demods/2/sample.dio,279910056110080,12885,1073750208.0
/dev18500/demods/2/sample.dio,279910056168448,12886,0.0
/dev18500/demods/2/sample.dio,279910056226816,12887,0.0
/dev18500/demods/2/sample.dio,279910056285184,12888,1048576.0
/dev18500/demods/2/sample.dio,279910056343552,12889,3222274240.0
/dev18500/demods/2/sample.dio,279910056401920,12890,1073750016.0
/dev18500/demods/2/sample.dio,279910056460288,12891,0.0
/dev18500/demods/2/sample.dio,279910056518656,12892,0.0
/dev18500/demods/2/sample.dio,279910056577024,12893,1048576.0
/dev18500/demods/2/sample.dio,279910056635392,12894,3221225664.0
/dev18500/demods/2/sample.dio,279910056693760,12895,1073741888.0
/dev18500/demods/2/sample.dio,279910056752128,12896,0.0
/dev18500/demods/2/sample.dio,279910056810496,12897,0.0
/dev18500/demods/2/sample.dio,279910056868864,12898,3222290496.0
/dev18500/demods/2/sample.dio,279910056927232,12899,3221225664.0
/dev18500/demods/2/sample.dio,279910056985600,12900,1073741824.0
/dev18500/demods/2/sample.dio,279910057043968,12901,0.0
/dev18500/demods/2/sample.dio,279910057102336,12902,0.0
/dev18500/demods/2/sample.dio,279910057160704,12903,3222274112.0
/dev18500/demods/2/sample.dio,279910057219072,12904,3221225664.0
/dev18500/demods/2/sample.dio,279910057277440,12905,1073741824.0
/dev18500/demods/2/sample.dio,279910057335808,12906,0.0
/dev18500/demods/2/sample.dio,279910057394176,12907,0.0
/dev18500/demods/2/sample.dio,279910057452544,12908,3222274240.0
/dev18500/demods/2/sample.dio,279910057510912,12909,3221225664.0
/dev18500/demods/2/sample.dio,279910057569280,12910,0.0
/dev18500/demods/2/sample.dio,279910057627648,12911,0.0
/dev18500/demods/2/sample.dio,279910057686016,12912,0.0
/dev18500/demods/2/sample.dio,279910057744384,12913,3221225536.0
/dev18500/demods/2/sample.dio,279910057802752,12914,1073741888.0
/dev18500/demods/2/sample.dio,279910057861120,12915,1073741824.0
/dev18500/demods/2/sample.dio,279910057919488,12916,0.0
/dev18500/demods/2/sample.dio,279910057977856,12917,0.0
/dev18500/demods/2/sample.dio,279910058036224,12918,3221225664.0
/dev18500/demods/2/sample.dio,279910058094592,12919,1073741888.0
/dev18500/demods/2/sample.dio,279910058152960,12920,0.0
/dev18500/demods/2/sample.dio,279910058211328,12921,0.0
/dev18500/demods/2/sample.dio,279910058269696,12922,3222274048.0
/dev18500/demods/2/sample.dio,279910058328064,12923,3221225664.0
/dev18500/demods/2/sample.dio,279910058386432,12924,1073741824.0
/dev18500/demods/2/sample.dio,279910058444800,12925,0.0
/dev18500/demods/2/sample.dio,279910058503168,12926,0.0
/dev18500/demods/2/sample.dio,279910058561536,12927,1074790400.0
/dev18500/demods/2/sample.dio,279910058619904,12928,3221225664.0
/dev18500/demods/2/sample.dio,279910058678272,12929,1073741824.0
/dev18500/demods/2/sample.dio,279910058736640,12930,0.0
/dev18500/demods/2/sample.dio,279910058795008,12931,0.0
/dev18500/demods/2/sample.dio,279910058853376,12932,3221225664.0
/dev18500/demods/2/sample.dio,279910058911744,12933,3221225664.0
/dev18500/demods/2/sample.dio,279910058970112,12934,1073741824.0
/dev18500/demods/2/sample.dio,279910059028480,12935,0.0
/dev18500/demods/2/sample.dio,279910059086848,12936,0.0
/dev18500/demods/2/sample.dio,279910059145216,12937,3222274048.0
/dev18500/demods/2/sample.dio,279910059203584,12938,1073742016.0
/dev18500/demods/2/sample.dio,279910059261952,12939,1073741824.0
/dev18500/demods/2/sample.dio,279910059320320,12940,0.0
/dev18500/demods/2/sample.dio,279910059378688,12941,0.0
/dev18500/demods/2/sample.dio,279910059437056,12942,3222274240.0
/dev18500/demods/2/sample.dio,279910059495424,12943,1073742016.0
/dev18500/demods/2/sample.dio,279910059553792,12944,0.0
/dev18500/demods/2/sample.dio,279910059612160,12945,0.0
/dev18500/demods/2/sample.dio,279910059670528,12946,1048576.0
/dev18500/demods/2/sample.dio,279910059728896,12947,3222274240.0
/dev18500/demods/2/sample.dio,279910059787264,12948,1073741824.0
/dev18500/demods/2/sample.dio,279910059845632,12949,0.0
/dev18500/demods/2/sample.dio,279910059904000,12950,0.0
/dev18500/demods/2/sample.dio,279910059962368,12951,0.0
/dev18500/demods/2/sample.dio,279910060020736,12952,3221225664.0
/dev18500/demods/2/sample.dio,279910060079104,12953,1073741888.0
/dev18500/demods/2/sample.dio,279910060137472,12954,0.0
/dev18500/demods/2/sample.dio,279910060195840,12955,0.0
/dev18500/demods/2/sample.dio,279910060254208,12956,3222274112.0
/dev18500/demods/2/sample.dio,279910060312576,12957,3221225664.0
/dev18500/demods/2/sample.dio,279910060370944,12958,1073741824.0
/dev18500/demods/2/sample.dio,279910060429312,12959,0.0
/dev18500/demods/2/sample.dio,279910060487680,12960,0.0
/dev18500/demods/2/sample.dio,279910060546048,12961,1074790400.0
/dev18500/demods/2/sample.dio,279910060604416,12962,3221225664.0
/dev18500/demods/2/sample.dio,279910060662784,12963,1073741824.0
/dev18500/demods/2/sample.dio,279910060721152,12964,0.0
/dev18500/demods/2/sample.dio,279910060779520,12965,0.0
/dev18500/demods/2/sample.dio,279910060837888,12966,3222274240.0
/dev18500/demods/2/sample.dio,279910060896256,12967,3221225664.0
/dev18500/demods/2/sample.dio,279910060954624,12968,0.0
/dev18500/demods/2/sample.dio,279910061012992,12969,0.0
/dev18500/demods/2/sample.dio,279910061071360,12970,1048576.0
/dev18500/demods/2/sample.dio,279910061129728,12971,3222274112.0
/dev18500/demods/2/sample.dio,279910061188096,12972,1073741888.0
/dev18500/demods/2/sample.dio,279910061246464,12973,1073741824.0
/dev18500/demods/2/sample.dio,279910061304832,12974,0.0
/dev18500/demods/2/sample.dio,279910061363200,12975,1048576.0
/dev18500/demods/2/sample.dio,279910061421568,12976,3222274240.0
/dev18500/demods/2/sample.dio,279910061479936,12977,1073742016.0
/dev18500/demods/2/sample.dio,279910061538304,12978,0.0
/dev18500/demods/2/sample.dio,279910061596672,12979,0.0
/dev18500/demods/2/sample.dio,279910061655040,12980,3222274048.0
/dev18500/demods/2/sample.dio,279910061713408,12981,3222274240.0
/dev18500/demods/2/sample.dio,279910061771776,12982,1073741824.0
/dev18500/demods/2/sample.dio,279910061830144,12983,0.0
/dev18500/demods/2/sample.dio,279910061888512,12984,0.0
/dev18500/demods/2/sample.dio,279910061946880,12985,1048576.0
/dev18500/demods/2/sample.dio,279910062005248,12986,3221225664.0
/dev18500/demods/2/sample.dio,279910062063616,12987,1073750016.0
/dev18500/demods/2/sample.dio,279910062121984,12988,0.0
/dev18500/demods/2/sample.dio,279910062180352,12989,0.0
/dev18500/demods/2/sample.dio,279910062238720,12990,3222274112.0
/dev18500/demods/2/sample.dio,279910062297088,12991,3221225664.0
/dev18500/demods/2/sample.dio,279910062355456,12992,1073741824.0
/dev18500/demods/2/sample.dio,279910062413824,12993,0.0
/dev18500/demods/2/sample.dio,279910062472192,12994,0.0
/dev18500/demods/2/sample.dio,279910062530560,12995,3222274112.0
/dev18500/demods/2/sample.dio,279910062588928,12996,1073742016.0
/dev18500/demods/2/sample.dio,279910062647296,12997,1073741824.0
/dev18500/demods/2/sample.dio,279910062705664,12998,0.0
/dev18500/demods/2/sample.dio,279910062764032,12999,0.0
/dev18500/demods/2/sample.dio,279910062822400,13000,3222274240.0
/dev18500/demods/2/sample.dio,279910062880768,13001,3221225664.0
/dev18500/demods/2/sample.dio,279910062939136,13002,0.0
/dev18500/demods/2/sample.dio,279910062997504,13003,0.0
/dev18500/demods/2/sample.dio,279910063055872,13004,1048576.0
/dev18500/demods/2/sample.dio,279910063114240,13005,3221225664.0
/dev18500/demods/2/sample.dio,279910063172608,13006,1073750080.0
/dev18500/demods/2/sample.dio,279910063230976,13007,8192.0
/dev18500/demods/2/sample.dio,279910063289344,13008,0.0
/dev18500/demods/2/sample.dio,279910063347712,13009,1048576.0
/dev18500/demods/2/sample.dio,279910063406080,13010,3221225664.0
/dev18500/demods/2/sample.dio,279910063464448,13011,1073741888.0
/dev18500/demods/2/sample.dio,279910063522816,13012,0.0
/dev18500/demods/2/sample.dio,279910063581184,13013,0.0
/dev18500/demods/2/sample.dio,279910063639552,13014,3222274112.0
/dev18500/demods/2/sample.dio,279910063697920,13015,3221225664.0
/dev18500/demods/2/sample.dio,279910063756288,13016,1073741824.0
/dev18500/demods/2/sample.dio,279910063814656,13017,8192.0
/dev18500/demods/2/sample.dio,279910063873024,13018,0.0
/dev18500/demods/2/sample.dio,279910063931392,13019,1048576.0
/dev18500/demods/2/sample.dio,279910063989760,13020,3221225664.0
/dev18500/demods/2/sample.dio,279910064048128,13021,1073741824.0
/dev18500/demods/2/sample.dio,279910064106496,13022,0.0
/dev18500/demods/2/sample.dio,279910064164864,13023,0.0
/dev18500/demods/2/sample.dio,279910064223232,13024,3222274240.0
/dev18500/demods/2/sample.dio,279910064281600,13025,3221225664.0
/dev18500/demods/2/sample.dio,279910064339968,13026,1073741824.0
/dev18500/demods/2/sample.dio,279910064398336,13027,0.0
/dev18500/demods/2/sample.dio,279910064456704,13028,0.0
/dev18500/demods/2/sample.dio,279910064515072,13029,3222274240.0
/dev18500/demods/2/sample.dio,279910064573440,13030,1073742016.0
/dev18500/demods/2/sample.dio,279910064631808,13031,1073741824.0
/dev18500/demods/2/sample.dio,279910064690176,13032,0.0
/dev18500/demods/2/sample.dio,279910064748544,13033,0.0
/dev18500/demods/2/sample.dio,279910064806912,13034,3221225664.0
/dev18500/demods/2/sample.dio,279910064865280,13035,1073742016.0
/dev18500/demods/2/sample.dio,279910064923648,13036,0.0
/dev18500/demods/2/sample.dio,279910064982016,13037,0.0
/dev18500/demods/2/sample.dio,279910065040384,13038,1074790400.0
/dev18500/demods/2/sample.dio,279910065098752,13039,3221225664.0
/dev18500/demods/2/sample.dio,279910065157120,13040,1073750016.0
/dev18500/demods/2/sample.dio,279910065215488,13041,0.0
/dev18500/demods/2/sample.dio,279910065273856,13042,0.0
/dev18500/demods/2/sample.dio,279910065332224,13043,1048576.0
/dev18500/demods/2/sample.dio,279910065390592,13044,3221225664.0
/dev18500/demods/2/sample.dio,279910065448960,13045,1073741824.0
/dev18500/demods/2/sample.dio,279910065507328,13046,0.0
/dev18500/demods/2/sample.dio,279910065565696,13047,0.0
/dev18500/demods/2/sample.dio,279910065624064,13048,3222274048.0
/dev18500/demods/2/sample.dio,279910065682432,13049,3221225664.0
/dev18500/demods/2/sample.dio,279910065740800,13050,1073741824.0
/dev18500/demods/2/sample.dio,279910065799168,13051,0.0
/dev18500/demods/2/sample.dio,279910065857536,13052,0.0
/dev18500/demods/2/sample.dio,279910065915904,13053,3222274048.0
/dev18500/demods/2/sample.dio,279910065974272,13054,3221225664.0
/dev18500/demods/2/sample.dio,279910066032640,13055,1073741824.0
/dev18500/demods/2/sample.dio,279910066091008,13056,0.0
/dev18500/demods/2/sample.dio,279910066149376,13057,0.0
/dev18500/demods/2/sample.dio,279910066207744,13058,3222274240.0
/dev18500/demods/2/sample.dio,279910066266112,13059,3221233856.0
/dev18500/demods/2/sample.dio,279910066324480,13060,0.0
/dev18500/demods/2/sample.dio,279910066382848,13061,0.0
/dev18500/demods/2/sample.dio,279910066441216,13062,1048576.0
/dev18500/demods/2/sample.dio,279910066499584,13063,3222290624.0
/dev18500/demods/2/sample.dio,279910066557952,13064,1073742016.0
/dev18500/demods/2/sample.dio,279910066616320,13065,0.0
/dev18500/demods/2/sample.dio,279910066674688,13066,0.0
/dev18500/demods/2/sample.dio,279910066733056,13067,1048576.0
/dev18500/demods/2/sample.dio,279910066791424,13068,3221225664.0
/dev18500/demods/2/sample.dio,279910066849792,13069,1073741888.0
/dev18500/demods/2/sample.dio,279910066908160,13070,0.0
/dev18500/demods/2/sample.dio,279910066966528,13071,0.0
/dev18500/demods/2/sample.dio,279910067024896,13072,3222274048.0
/dev18500/demods/2/sample.dio,279910067083264,13073,3222274240.0
/dev18500/demods/2/sample.dio,279910067141632,13074,1073741824.0
/dev18500/demods/2/sample.dio,279910067200000,13075,0.0
/dev18500/demods/2/sample.dio,279910067258368,13076,0.0
/dev18500/demods/2/sample.dio,279910067316736,13077,1048576.0
/dev18500/demods/2/sample.dio,279910067375104,13078,3221225664.0
/dev18500/demods/2/sample.dio,279910067433472,13079,1073741824.0
/dev18500/demods/2/sample.dio,279910067491840,13080,0.0
/dev18500/demods/2/sample.dio,279910067550208,13081,0.0
/dev18500/demods/2/sample.dio,279910067608576,13082,3222274240.0
/dev18500/demods/2/sample.dio,279910067666944,13083,3221225664.0
/dev18500/demods/2/sample.dio,279910067725312,13084,1073741824.0
/dev18500/demods/2/sample.dio,279910067783680,13085,0.0
/dev18500/demods/2/sample.dio,279910067842048,13086,0.0
/dev18500/demods/2/sample.dio,279910067900416,13087,3222274112.0
/dev18500/demods/2/sample.dio,279910067958784,13088,1073742016.0
/dev18500/demods/2/sample.dio,279910068017152,13089,1073741824.0
/dev18500/demods/2/sample.dio,279910068075520,13090,0.0
/dev18500/demods/2/sample.dio,279910068133888,13091,0.0
/dev18500/demods/2/sample.dio,279910068192256,13092,3221242048.0
/dev18500/demods/2/sample.dio,279910068250624,13093,3221225664.0
/dev18500/demods/2/sample.dio,279910068308992,13094,0.0
/dev18500/demods/2/sample.dio,279910068367360,13095,0.0
/dev18500/demods/2/sample.dio,279910068425728,13096,1048576.0
/dev18500/demods/2/sample.dio,279910068484096,13097,3221225664.0
/dev18500/demods/2/sample.dio,279910068542464,13098,1073741824.0
/dev18500/demods/2/sample.dio,279910068600832,13099,0.0
/dev18500/demods/2/sample.dio,279910068659200,13100,0.0
/dev18500/demods/2/sample.dio,279910068717568,13101,1048576.0
/dev18500/demods/2/sample.dio,279910068775936,13102,3221225664.0
/dev18500/demods/2/sample.dio,279910068834304,13103,1073741824.0
/dev18500/demods/2/sample.dio,279910068892672,13104,0.0
/dev18500/demods/2/sample.dio,279910068951040,13105,0.0
/dev18500/demods/2/sample.dio,279910069009408,13106,1074790400.0
/dev18500/demods/2/sample.dio,279910069067776,13107,3221225664.0
/dev18500/demods/2/sample.dio,279910069126144,13108,1073741824.0
/dev18500/demods/2/sample.dio,279910069184512,13109,0.0
/dev18500/demods/2/sample.dio,279910069242880,13110,0.0
/dev18500/demods/2/sample.dio,279910069301248,13111,3222274048.0
/dev18500/demods/2/sample.dio,279910069359616,13112,3221225664.0
/dev18500/demods/2/sample.dio,279910069417984,13113,1073741824.0
/dev18500/demods/2/sample.dio,279910069476352,13114,0.0
/dev18500/demods/2/sample.dio,279910069534720,13115,0.0
/dev18500/demods/2/sample.dio,279910069593088,13116,3222274240.0
/dev18500/demods/2/sample.dio,279910069651456,13117,3221225664.0
/dev18500/demods/2/sample.dio,279910069709824,13118,8192.0
/dev18500/demods/2/sample.dio,279910069768192,13119,0.0
/dev18500/demods/2/sample.dio,279910069826560,13120,0.0
/dev18500/demods/2/sample.dio,279910069884928,13121,3221225664.0
/dev18500/demods/2/sample.dio,279910069943296,13122,1073741888.0
/dev18500/demods/2/sample.dio,279910070001664,13123,0.0
/dev18500/demods/2/sample.dio,279910070060032,13124,0.0
/dev18500/demods/2/sample.dio,279910070118400,13125,1064960.0
/dev18500/demods/2/sample.dio,279910070176768,13126,3221225664.0
/dev18500/demods/2/sample.dio,279910070235136,13127,1073750080.0
/dev18500/demods/2/sample.dio,279910070293504,13128,0.0
/dev18500/demods/2/sample.dio,279910070351872,13129,0.0
/dev18500/demods/2/sample.dio,279910070410240,13130,1048576.0
/dev18500/demods/2/sample.dio,279910070468608,13131,3221225664.0
/dev18500/demods/2/sample.dio,279910070526976,13132,1073741824.0
/dev18500/demods/2/sample.dio,279910070585344,13133,0.0
/dev18500/demods/2/sample.dio,279910070643712,13134,0.0
/dev18500/demods/2/sample.dio,279910070702080,13135,1074790400.0
/dev18500/demods/2/sample.dio,279910070760448,13136,3221225664.0
/dev18500/demods/2/sample.dio,279910070818816,13137,1073741824.0
/dev18500/demods/2/sample.dio,279910070877184,13138,0.0
/dev18500/demods/2/sample.dio,279910070935552,13139,0.0
/dev18500/demods/2/sample.dio,279910070993920,13140,3222290624.0
/dev18500/demods/2/sample.dio,279910071052288,13141,3221225664.0
/dev18500/demods/2/sample.dio,279910071110656,13142,1073741824.0
/dev18500/demods/2/sample.dio,279910071169024,13143,0.0
/dev18500/demods/2/sample.dio,279910071227392,13144,0.0
/dev18500/demods/2/sample.dio,279910071285760,13145,3222274048.0
/dev18500/demods/2/sample.dio,279910071344128,13146,1073742016.0
/dev18500/demods/2/sample.dio,279910071402496,13147,1073741824.0
/dev18500/demods/2/sample.dio,279910071460864,13148,0.0
/dev18500/demods/2/sample.dio,279910071519232,13149,0.0
/dev18500/demods/2/sample.dio,279910071577600,13150,3221225664.0
/dev18500/demods/2/sample.dio,279910071635968,13151,3221225664.0
/dev18500/demods/2/sample.dio,279910071694336,13152,0.0
/dev18500/demods/2/sample.dio,279910071752704,13153,0.0
/dev18500/demods/2/sample.dio,279910071811072,13154,1048576.0
/dev18500/demods/2/sample.dio,279910071869440,13155,3221242048.0
/dev18500/demods/2/sample.dio,279910071927808,13156,1073741824.0
/dev18500/demods/2/sample.dio,279910071986176,13157,0.0
/dev18500/demods/2/sample.dio,279910072044544,13158,0.0
/dev18500/demods/2/sample.dio,279910072102912,13159,1048576.0
/dev18500/demods/2/sample.dio,279910072161280,13160,3221225664.0
/dev18500/demods/2/sample.dio,279910072219648,13161,1073741824.0
/dev18500/demods/2/sample.dio,279910072278016,13162,0.0
/dev18500/demods/2/sample.dio,279910072336384,13163,0.0
/dev18500/demods/2/sample.dio,279910072394752,13164,3221225536.0
/dev18500/demods/2/sample.dio,279910072453120,13165,3221225664.0
/dev18500/demods/2/sample.dio,279910072511488,13166,1073741824.0
/dev18500/demods/2/sample.dio,279910072569856,13167,0.0
/dev18500/demods/2/sample.dio,279910072628224,13168,0.0
/dev18500/demods/2/sample.dio,279910072686592,13169,1074790400.0
/dev18500/demods/2/sample.dio,279910072744960,13170,3221225664.0
/dev18500/demods/2/sample.dio,279910072803328,13171,1073741824.0
/dev18500/demods/2/sample.dio,279910072861696,13172,0.0
/dev18500/demods/2/sample.dio,279910072920064,13173,0.0
/dev18500/demods/2/sample.dio,279910072978432,13174,3222274240.0
/dev18500/demods/2/sample.dio,279910073036800,13175,3221225664.0
/dev18500/demods/2/sample.dio,279910073095168,13176,0.0
/dev18500/demods/2/sample.dio,279910073153536,13177,0.0
/dev18500/demods/2/sample.dio,279910073211904,13178,1048576.0
/dev18500/demods/2/sample.dio,279910073270272,13179,3221225664.0
/dev18500/demods/2/sample.dio,279910073328640,13180,1073741888.0
/dev18500/demods/2/sample.dio,279910073387008,13181,0.0
/dev18500/demods/2/sample.dio,279910073445376,13182,0.0
/dev18500/demods/2/sample.dio,279910073503744,13183,0.0
/dev18500/demods/2/sample.dio,279910073562112,13184,3221225664.0
/dev18500/demods/2/sample.dio,279910073620480,13185,1073750080.0
/dev18500/demods/2/sample.dio,279910073678848,13186,8192.0
/dev18500/demods/2/sample.dio,279910073737216,13187,0.0
/dev18500/demods/2/sample.dio,279910073795584,13188,0.0
/dev18500/demods/2/sample.dio,279910073853952,13189,3221225664.0
/dev18500/demods/2/sample.dio,279910073912320,13190,1073741824.0
/dev18500/demods/2/sample.dio,279910073970688,13191,0.0
/dev18500/demods/2/sample.dio,279910074029056,13192,0.0
/dev18500/demods/2/sample.dio,279910074087424,13193,1074790400.0
/dev18500/demods/2/sample.dio,279910074145792,13194,3221225664.0
/dev18500/demods/2/sample.dio,279910074204160,13195,1073741824.0
/dev18500/demods/2/sample.dio,279910074262528,13196,0.0
/dev18500/demods/2/sample.dio,279910074320896,13197,0.0
/dev18500/demods/2/sample.dio,279910074379264,13198,3222274240.0
/dev18500/demods/2/sample.dio,279910074437632,13199,3221233856.0
/dev18500/demods/2/sample.dio,279910074496000,13200,1073741824.0
/dev18500/demods/2/sample.dio,279910074554368,13201,0.0
/dev18500/demods/2/sample.dio,279910074612736,13202,0.0
/dev18500/demods/2/sample.dio,279910074671104,13203,3222274112.0
/dev18500/demods/2/sample.dio,279910074729472,13204,1073742016.0
/dev18500/demods/2/sample.dio,279910074787840,13205,1073741824.0
/dev18500/demods/2/sample.dio,279910074846208,13206,0.0
/dev18500/demods/2/sample.dio,279910074904576,13207,0.0
/dev18500/demods/2/sample.dio,279910074962944,13208,3222274240.0
/dev18500/demods/2/sample.dio,279910075021312,13209,3221225664.0
/dev18500/demods/2/sample.dio,279910075079680,13210,0.0
/dev18500/demods/2/sample.dio,279910075138048,13211,0.0
/dev18500/demods/2/sample.dio,279910075196416,13212,1048576.0
/dev18500/demods/2/sample.dio,279910075254784,13213,3222274240.0
/dev18500/demods/2/sample.dio,279910075313152,13214,1073741824.0
/dev18500/demods/2/sample.dio,279910075371520,13215,1073741824.0
/dev18500/demods/2/sample.dio,279910075429888,13216,0.0
/dev18500/demods/2/sample.dio,279910075488256,13217,1048576.0
/dev18500/demods/2/sample.dio,279910075546624,13218,3221225664.0
/dev18500/demods/2/sample.dio,279910075604992,13219,1073741824.0
/dev18500/demods/2/sample.dio,279910075663360,13220,0.0
/dev18500/demods/2/sample.dio,279910075721728,13221,0.0
/dev18500/demods/2/sample.dio,279910075780096,13222,3222274048.0
/dev18500/demods/2/sample.dio,279910075838464,13223,3221225664.0
/dev18500/demods/2/sample.dio,279910075896832,13224,1073741824.0
/dev18500/demods/2/sample.dio,279910075955200,13225,0.0
/dev18500/demods/2/sample.dio,279910076013568,13226,0.0
/dev18500/demods/2/sample.dio,279910076071936,13227,3222274048.0
/dev18500/demods/2/sample.dio,279910076130304,13228,3221225664.0
/dev18500/demods/2/sample.dio,279910076188672,13229,1073741824.0
/dev18500/demods/2/sample.dio,279910076247040,13230,0.0
/dev18500/demods/2/sample.dio,279910076305408,13231,0.0
/dev18500/demods/2/sample.dio,279910076363776,13232,3222290624.0
/dev18500/demods/2/sample.dio,279910076422144,13233,3221225664.0
/dev18500/demods/2/sample.dio,279910076480512,13234,0.0
/dev18500/demods/2/sample.dio,279910076538880,13235,0.0
/dev18500/demods/2/sample.dio,279910076597248,13236,0.0
/dev18500/demods/2/sample.dio,279910076655616,13237,3222274240.0
/dev18500/demods/2/sample.dio,279910076713984,13238,1073742016.0
/dev18500/demods/2/sample.dio,279910076772352,13239,1073741824.0
/dev18500/demods/2/sample.dio,279910076830720,13240,0.0
/dev18500/demods/2/sample.dio,279910076889088,13241,1048576.0
/dev18500/demods/2/sample.dio,279910076947456,13242,3221242048.0
/dev18500/demods/2/sample.dio,279910077005824,13243,1073742016.0
/dev18500/demods/2/sample.dio,279910077064192,13244,0.0
/dev18500/demods/2/sample.dio,279910077122560,13245,0.0
/dev18500/demods/2/sample.dio,279910077180928,13246,1064960.0
/dev18500/demods/2/sample.dio,279910077239296,13247,3221225664.0
/dev18500/demods/2/sample.dio,279910077297664,13248,1073741824.0
/dev18500/demods/2/sample.dio,279910077356032,13249,0.0
/dev18500/demods/2/sample.dio,279910077414400,13250,0.0
/dev18500/demods/2/sample.dio,279910077472768,13251,1048576.0
/dev18500/demods/2/sample.dio,279910077531136,13252,3221225664.0
/dev18500/demods/2/sample.dio,279910077589504,13253,1073750016.0
/dev18500/demods/2/sample.dio,279910077647872,13254,0.0
/dev18500/demods/2/sample.dio,279910077706240,13255,0.0
/dev18500/demods/2/sample.dio,279910077764608,13256,3222274240.0
/dev18500/demods/2/sample.dio,279910077822976,13257,3221225664.0
/dev18500/demods/2/sample.dio,279910077881344,13258,1073741824.0
/dev18500/demods/2/sample.dio,279910077939712,13259,0.0
/dev18500/demods/2/sample.dio,279910077998080,13260,0.0
/dev18500/demods/2/sample.dio,279910078056448,13261,3222274112.0
/dev18500/demods/2/sample.dio,279910078114816,13262,3221233856.0
/dev18500/demods/2/sample.dio,279910078173184,13263,1073741824.0
/dev18500/demods/2/sample.dio,279910078231552,13264,0.0
/dev18500/demods/2/sample.dio,279910078289920,13265,0.0
/dev18500/demods/2/sample.dio,279910078348288,13266,3222274240.0
/dev18500/demods/2/sample.dio,279910078406656,13267,3221225664.0
/dev18500/demods/2/sample.dio,279910078465024,13268,0.0
/dev18500/demods/2/sample.dio,279910078523392,13269,0.0
/dev18500/demods/2/sample.dio,279910078581760,13270,1048576.0
/dev18500/demods/2/sample.dio,279910078640128,13271,3222274240.0
/dev18500/demods/2/sample.dio,279910078698496,13272,1073741824.0
/dev18500/demods/2/sample.dio,279910078756864,13273,1073741824.0
/dev18500/demods/2/sample.dio,279910078815232,13274,0.0
/dev18500/demods/2/sample.dio,279910078873600,13275,0.0
/dev18500/demods/2/sample.dio,279910078931968,13276,3221225664.0
/dev18500/demods/2/sample.dio,279910078990336,13277,1073750016.0
/dev18500/demods/2/sample.dio,279910079048704,13278,0.0
/dev18500/demods/2/sample.dio,279910079107072,13279,0.0
/dev18500/demods/2/sample.dio,279910079165440,13280,3222274048.0
/dev18500/demods/2/sample.dio,279910079223808,13281,3221225664.0
/dev18500/demods/2/sample.dio,279910079282176,13282,1073741824.0
/dev18500/demods/2/sample.dio,279910079340544,13283,0.0
/dev18500/demods/2/sample.dio,279910079398912,13284,0.0
/dev18500/demods/2/sample.dio,279910079457280,13285,3222274048.0
/dev18500/demods/2/sample.dio,279910079515648,13286,3221225664.0
/dev18500/demods/2/sample.dio,279910079574016,13287,1073741824.0
/dev18500/demods/2/sample.dio,279910079632384,13288,0.0
/dev18500/demods/2/sample.dio,279910079690752,13289,0.0
/dev18500/demods/2/sample.dio,279910079749120,13290,3222274240.0
/dev18500/demods/2/sample.dio,279910079807488,13291,3221233856.0
/dev18500/demods/2/sample.dio,279910079865856,13292,0.0
/dev18500/demods/2/sample.dio,279910079924224,13293,0.0
/dev18500/demods/2/sample.dio,279910079982592,13294,0.0
/dev18500/demods/2/sample.dio,279910080040960,13295,3222274240.0
/dev18500/demods/2/sample.dio,279910080099328,13296,1073742016.0
/dev18500/demods/2/sample.dio,279910080157696,13297,1073741824.0
/dev18500/demods/2/sample.dio,279910080216064,13298,0.0
/dev18500/demods/2/sample.dio,279910080274432,13299,0.0
/dev18500/demods/2/sample.dio,279910080332800,13300,3222274240.0
/dev18500/demods/2/sample.dio,279910080391168,13301,1073750080.0
/dev18500/demods/2/sample.dio,279910080449536,13302,0.0
/dev18500/demods/2/sample.dio,279910080507904,13303,0.0
/dev18500/demods/2/sample.dio,279910080566272,13304,1048576.0
/dev18500/demods/2/sample.dio,279910080624640,13305,3221242048.0
/dev18500/demods/2/sample.dio,279910080683008,13306,1073741824.0
/dev18500/demods/2/sample.dio,279910080741376,13307,0.0
/dev18500/demods/2/sample.dio,279910080799744,13308,0.0
/dev18500/demods/2/sample.dio,279910080858112,13309,0.0
/dev18500/demods/2/sample.dio,279910080916480,13310,3221225664.0
/dev18500/demods/2/sample.dio,279910080974848,13311,1073741824.0
/dev18500/demods/2/sample.dio,279910081033216,13312,0.0
/dev18500/demods/2/sample.dio,279910081091584,13313,0.0
/dev18500/demods/2/sample.dio,279910081149952,13314,3222274112.0
/dev18500/demods/2/sample.dio,279910081208320,13315,3221225664.0
/dev18500/demods/2/sample.dio,279910081266688,13316,1073741824.0
/dev18500/demods/2/sample.dio,279910081325056,13317,0.0
/dev18500/demods/2/sample.dio,279910081383424,13318,0.0
/dev18500/demods/2/sample.dio,279910081441792,13319,3222274112.0
/dev18500/demods/2/sample.dio,279910081500160,13320,3221225664.0
/dev18500/demods/2/sample.dio,279910081558528,13321,1073750016.0
/dev18500/demods/2/sample.dio,279910081616896,13322,0.0
/dev18500/demods/2/sample.dio,279910081675264,13323,0.0
/dev18500/demods/2/sample.dio,279910081733632,13324,3222274240.0
/dev18500/demods/2/sample.dio,279910081792000,13325,3221225664.0
/dev18500/demods/2/sample.dio,279910081850368,13326,1073741824.0
/dev18500/demods/2/sample.dio,279910081908736,13327,0.0
/dev18500/demods/2/sample.dio,279910081967104,13328,1048576.0
/dev18500/demods/2/sample.dio,279910082025472,13329,3221225664.0
/dev18500/demods/2/sample.dio,279910082083840,13330,1073741824.0
/dev18500/demods/2/sample.dio,279910082142208,13331,0.0
/dev18500/demods/2/sample.dio,279910082200576,13332,0.0
/dev18500/demods/2/sample.dio,279910082258944,13333,1048576.0
/dev18500/demods/2/sample.dio,279910082317312,13334,3221225664.0
/dev18500/demods/2/sample.dio,279910082375680,13335,1073742016.0
/dev18500/demods/2/sample.dio,279910082434048,13336,0.0
/dev18500/demods/2/sample.dio,279910082492416,13337,0.0
/dev18500/demods/2/sample.dio,279910082550784,13338,3222290432.0
/dev18500/demods/2/sample.dio,279910082609152,13339,3221225664.0
/dev18500/demods/2/sample.dio,279910082667520,13340,1073741824.0
/dev18500/demods/2/sample.dio,279910082725888,13341,0.0
/dev18500/demods/2/sample.dio,279910082784256,13342,0.0
/dev18500/demods/2/sample.dio,279910082842624,13343,3222274048.0
/dev18500/demods/2/sample.dio,279910082900992,13344,3221225664.0
/dev18500/demods/2/sample.dio,279910082959360,13345,1073750016.0
/dev18500/demods/2/sample.dio,279910083017728,13346,0.0
/dev18500/demods/2/sample.dio,279910083076096,13347,0.0
/dev18500/demods/2/sample.dio,279910083134464,13348,3222274112.0
/dev18500/demods/2/sample.dio,279910083192832,13349,3221225664.0
/dev18500/demods/2/sample.dio,279910083251200,13350,0.0
/dev18500/demods/2/sample.dio,279910083309568,13351,0.0
/dev18500/demods/2/sample.dio,279910083367936,13352,1048576.0
/dev18500/demods/2/sample.dio,279910083426304,13353,3222274112.0
/dev18500/demods/2/sample.dio,279910083484672,13354,1073741888.0
/dev18500/demods/2/sample.dio,279910083543040,13355,1073741824.0
/dev18500/demods/2/sample.dio,279910083601408,13356,0.0
/dev18500/demods/2/sample.dio,279910083659776,13357,0.0
/dev18500/demods/2/sample.dio,279910083718144,13358,3221225664.0
/dev18500/demods/2/sample.dio,279910083776512,13359,3221225664.0
/dev18500/demods/2/sample.dio,279910083834880,13360,0.0
/dev18500/demods/2/sample.dio,279910083893248,13361,0.0
/dev18500/demods/2/sample.dio,279910083951616,13362,16384.0
/dev18500/demods/2/sample.dio,279910084009984,13363,3221225664.0
/dev18500/demods/2/sample.dio,279910084068352,13364,1073741824.0
/dev18500/demods/2/sample.dio,279910084126720,13365,0.0
/dev18500/demods/2/sample.dio,279910084185088,13366,0.0
/dev18500/demods/2/sample.dio,279910084243456,13367,1048576.0
/dev18500/demods/2/sample.dio,279910084301824,13368,3221225664.0
/dev18500/demods/2/sample.dio,279910084360192,13369,1073741824.0
/dev18500/demods/2/sample.dio,279910084418560,13370,0.0
/dev18500/demods/2/sample.dio,279910084476928,13371,0.0
/dev18500/demods/2/sample.dio,279910084535296,13372,3222274112.0
/dev18500/demods/2/sample.dio,279910084593664,13373,3221225664.0
/dev18500/demods/2/sample.dio,279910084652032,13374,1073741824.0
/dev18500/demods/2/sample.dio,279910084710400,13375,0.0
/dev18500/demods/2/sample.dio,279910084768768,13376,0.0
/dev18500/demods/2/sample.dio,279910084827136,13377,3222290432.0
/dev18500/demods/2/sample.dio,279910084885504,13378,3221225664.0
/dev18500/demods/2/sample.dio,279910084943872,13379,1073750016.0
/dev18500/demods/2/sample.dio,279910085002240,13380,0.0
/dev18500/demods/2/sample.dio,279910085060608,13381,0.0
/dev18500/demods/2/sample.dio,279910085118976,13382,3222274240.0
/dev18500/demods/2/sample.dio,279910085177344,13383,3221225664.0
/dev18500/demods/2/sample.dio,279910085235712,13384,0.0
/dev18500/demods/2/sample.dio,279910085294080,13385,0.0
/dev18500/demods/2/sample.dio,279910085352448,13386,1048576.0
/dev18500/demods/2/sample.dio,279910085410816,13387,3222274240.0
/dev18500/demods/2/sample.dio,279910085469184,13388,1073741888.0
/dev18500/demods/2/sample.dio,279910085527552,13389,0.0
/dev18500/demods/2/sample.dio,279910085585920,13390,0.0
/dev18500/demods/2/sample.dio,279910085644288,13391,1048576.0
/dev18500/demods/2/sample.dio,279910085702656,13392,3221225664.0
/dev18500/demods/2/sample.dio,279910085761024,13393,1073741888.0
/dev18500/demods/2/sample.dio,279910085819392,13394,0.0
/dev18500/demods/2/sample.dio,279910085877760,13395,0.0
/dev18500/demods/2/sample.dio,279910085936128,13396,3222274048.0
/dev18500/demods/2/sample.dio,279910085994496,13397,3222274240.0
/dev18500/demods/2/sample.dio,279910086052864,13398,1073741824.0
/dev18500/demods/2/sample.dio,279910086111232,13399,0.0
/dev18500/demods/2/sample.dio,279910086169600,13400,0.0
/dev18500/demods/2/sample.dio,279910086227968,13401,1074790400.0
/dev18500/demods/2/sample.dio,279910086286336,13402,3221225664.0
/dev18500/demods/2/sample.dio,279910086344704,13403,1073741824.0
/dev18500/demods/2/sample.dio,279910086403072,13404,0.0
/dev18500/demods/2/sample.dio,279910086461440,13405,0.0
/dev18500/demods/2/sample.dio,279910086519808,13406,3222290624.0
/dev18500/demods/2/sample.dio,279910086578176,13407,3221225664.0
/dev18500/demods/2/sample.dio,279910086636544,13408,1073750016.0
/dev18500/demods/2/sample.dio,279910086694912,13409,0.0
/dev18500/demods/2/sample.dio,279910086753280,13410,16384.0
/dev18500/demods/2/sample.dio,279910086811648,13411,3222274240.0
/dev18500/demods/2/sample.dio,279910086870016,13412,3221225664.0
/dev18500/demods/2/sample.dio,279910086928384,13413,1073741824.0
/dev18500/demods/2/sample.dio,279910086986752,13414,0.0
/dev18500/demods/2/sample.dio,279910087045120,13415,0.0
/dev18500/demods/2/sample.dio,279910087103488,13416,3222274240.0
/dev18500/demods/2/sample.dio,279910087161856,13417,1073742016.0
/dev18500/demods/2/sample.dio,279910087220224,13418,0.0
/dev18500/demods/2/sample.dio,279910087278592,13419,0.0
/dev18500/demods/2/sample.dio,279910087336960,13420,1048576.0
/dev18500/demods/2/sample.dio,279910087395328,13421,3221225664.0
/dev18500/demods/2/sample.dio,279910087453696,13422,1073741888.0
/dev18500/demods/2/sample.dio,279910087512064,13423,0.0
/dev18500/demods/2/sample.dio,279910087570432,13424,0.0
/dev18500/demods/2/sample.dio,279910087628800,13425,0.0
/dev18500/demods/2/sample.dio,279910087687168,13426,3221225664.0
/dev18500/demods/2/sample.dio,279910087745536,13427,1073741824.0
/dev18500/demods/2/sample.dio,279910087803904,13428,0.0
/dev18500/demods/2/sample.dio,279910087862272,13429,0.0
/dev18500/demods/2/sample.dio,279910087920640,13430,3222274112.0
/dev18500/demods/2/sample.dio,279910087979008,13431,3221225664.0
/dev18500/demods/2/sample.dio,279910088037376,13432,1073741824.0
/dev18500/demods/2/sample.dio,279910088095744,13433,0.0
/dev18500/demods/2/sample.dio,279910088154112,13434,0.0
/dev18500/demods/2/sample.dio,279910088212480,13435,1074790400.0
/dev18500/demods/2/sample.dio,279910088270848,13436,3221225664.0
/dev18500/demods/2/sample.dio,279910088329216,13437,1073741824.0
/dev18500/demods/2/sample.dio,279910088387584,13438,0.0
/dev18500/demods/2/sample.dio,279910088445952,13439,0.0
/dev18500/demods/2/sample.dio,279910088504320,13440,3222274240.0
/dev18500/demods/2/sample.dio,279910088562688,13441,3221233856.0
/dev18500/demods/2/sample.dio,279910088621056,13442,0.0
/dev18500/demods/2/sample.dio,279910088679424,13443,0.0
/dev18500/demods/2/sample.dio,279910088737792,13444,1048576.0
/dev18500/demods/2/sample.dio,279910088796160,13445,3222274240.0
/dev18500/demods/2/sample.dio,279910088854528,13446,1073741888.0
/dev18500/demods/2/sample.dio,279910088912896,13447,0.0
/dev18500/demods/2/sample.dio,279910088971264,13448,0.0
/dev18500/demods/2/sample.dio,279910089029632,13449,1048576.0
/dev18500/demods/2/sample.dio,279910089088000,13450,3222274240.0
/dev18500/demods/2/sample.dio,279910089146368,13451,1073741888.0
/dev18500/demods/2/sample.dio,279910089204736,13452,0.0
/dev18500/demods/2/sample.dio,279910089263104,13453,0.0
/dev18500/demods/2/sample.dio,279910089321472,13454,3222274048.0
/dev18500/demods/2/sample.dio,279910089379840,13455,3221225664.0
/dev18500/demods/2/sample.dio,279910089438208,13456,1073741824.0
/dev18500/demods/2/sample.dio,279910089496576,13457,0.0
/dev18500/demods/2/sample.dio,279910089554944,13458,0.0
/dev18500/demods/2/sample.dio,279910089613312,13459,3222274048.0
/dev18500/demods/2/sample.dio,279910089671680,13460,3221225664.0
/dev18500/demods/2/sample.dio,279910089730048,13461,1073741824.0
/dev18500/demods/2/sample.dio,279910089788416,13462,0.0
/dev18500/demods/2/sample.dio,279910089846784,13463,0.0
/dev18500/demods/2/sample.dio,279910089905152,13464,3222290624.0
/dev18500/demods/2/sample.dio,279910089963520,13465,3221225664.0
/dev18500/demods/2/sample.dio,279910090021888,13466,1073741824.0
/dev18500/demods/2/sample.dio,279910090080256,13467,0.0
/dev18500/demods/2/sample.dio,279910090138624,13468,0.0
/dev18500/demods/2/sample.dio,279910090196992,13469,3222274112.0
/dev18500/demods/2/sample.dio,279910090255360,13470,1073742016.0
/dev18500/demods/2/sample.dio,279910090313728,13471,1073741824.0
/dev18500/demods/2/sample.dio,279910090372096,13472,0.0
/dev18500/demods/2/sample.dio,279910090430464,13473,1048576.0
/dev18500/demods/2/sample.dio,279910090488832,13474,3221225664.0
/dev18500/demods/2/sample.dio,279910090547200,13475,3221233856.0
/dev18500/demods/2/sample.dio,279910090605568,13476,0.0
/dev18500/demods/2/sample.dio,279910090663936,13477,0.0
/dev18500/demods/2/sample.dio,279910090722304,13478,1048576.0
/dev18500/demods/2/sample.dio,279910090780672,13479,3222274240.0
/dev18500/demods/2/sample.dio,279910090839040,13480,1073741824.0
/dev18500/demods/2/sample.dio,279910090897408,13481,0.0
/dev18500/demods/2/sample.dio,279910090955776,13482,0.0
/dev18500/demods/2/sample.dio,279910091014144,13483,1048576.0
/dev18500/demods/2/sample.dio,279910091072512,13484,3221225664.0
/dev18500/demods/2/sample.dio,279910091130880,13485,1073742016.0
/dev18500/demods/2/sample.dio,279910091189248,13486,0.0
/dev18500/demods/2/sample.dio,279910091247616,13487,0.0
/dev18500/demods/2/sample.dio,279910091305984,13488,3221241856.0
/dev18500/demods/2/sample.dio,279910091364352,13489,3221225664.0
/dev18500/demods/2/sample.dio,279910091422720,13490,1073741824.0
/dev18500/demods/2/sample.dio,279910091481088,13491,0.0
/dev18500/demods/2/sample.dio,279910091539456,13492,0.0
/dev18500/demods/2/sample.dio,279910091597824,13493,3222290496.0
/dev18500/demods/2/sample.dio,279910091656192,13494,3221225664.0
/dev18500/demods/2/sample.dio,279910091714560,13495,1073741824.0
/dev18500/demods/2/sample.dio,279910091772928,13496,0.0
/dev18500/demods/2/sample.dio,279910091831296,13497,0.0
/dev18500/demods/2/sample.dio,279910091889664,13498,3222274240.0
/dev18500/demods/2/sample.dio,279910091948032,13499,3221225664.0
/dev18500/demods/2/sample.dio,279910092006400,13500,0.0
/dev18500/demods/2/sample.dio,279910092064768,13501,0.0
/dev18500/demods/2/sample.dio,279910092123136,13502,1064960.0
/dev18500/demods/2/sample.dio,279910092181504,13503,3222274240.0
/dev18500/demods/2/sample.dio,279910092239872,13504,1073741888.0
/dev18500/demods/2/sample.dio,279910092298240,13505,1073741824.0
/dev18500/demods/2/sample.dio,279910092356608,13506,0.0
/dev18500/demods/2/sample.dio,279910092414976,13507,0.0
/dev18500/demods/2/sample.dio,279910092473344,13508,3221225664.0
/dev18500/demods/2/sample.dio,279910092531712,13509,1073742016.0
/dev18500/demods/2/sample.dio,279910092590080,13510,0.0
/dev18500/demods/2/sample.dio,279910092648448,13511,0.0
/dev18500/demods/2/sample.dio,279910092706816,13512,1048576.0
/dev18500/demods/2/sample.dio,279910092765184,13513,3221225664.0
/dev18500/demods/2/sample.dio,279910092823552,13514,1073741824.0
/dev18500/demods/2/sample.dio,279910092881920,13515,0.0
/dev18500/demods/2/sample.dio,279910092940288,13516,0.0
/dev18500/demods/2/sample.dio,279910092998656,13517,1074790400.0
/dev18500/demods/2/sample.dio,279910093057024,13518,3221225664.0
/dev18500/demods/2/sample.dio,279910093115392,13519,1073741824.0
/dev18500/demods/2/sample.dio,279910093173760,13520,0.0
/dev18500/demods/2/sample.dio,279910093232128,13521,0.0
/dev18500/demods/2/sample.dio,279910093290496,13522,3221225536.0
/dev18500/demods/2/sample.dio,279910093348864,13523,3221225664.0
/dev18500/demods/2/sample.dio,279910093407232,13524,1073741824.0
/dev18500/demods/2/sample.dio,279910093465600,13525,0.0
/dev18500/demods/2/sample.dio,279910093523968,13526,0.0
/dev18500/demods/2/sample.dio,279910093582336,13527,3222274048.0
/dev18500/demods/2/sample.dio,279910093640704,13528,1073742016.0
/dev18500/demods/2/sample.dio,279910093699072,13529,1073741824.0
/dev18500/demods/2/sample.dio,279910093757440,13530,0.0
/dev18500/demods/2/sample.dio,279910093815808,13531,0.0
/dev18500/demods/2/sample.dio,279910093874176,13532,3221225664.0
/dev18500/demods/2/sample.dio,279910093932544,13533,1073742016.0
/dev18500/demods/2/sample.dio,279910093990912,13534,0.0
/dev18500/demods/2/sample.dio,279910094049280,13535,0.0
/dev18500/demods/2/sample.dio,279910094107648,13536,1048576.0
/dev18500/demods/2/sample.dio,279910094166016,13537,3222274240.0
/dev18500/demods/2/sample.dio,279910094224384,13538,1073741888.0
/dev18500/demods/2/sample.dio,279910094282752,13539,8192.0
/dev18500/demods/2/sample.dio,279910094341120,13540,0.0
/dev18500/demods/2/sample.dio,279910094399488,13541,0.0
/dev18500/demods/2/sample.dio,279910094457856,13542,3221225664.0
/dev18500/demods/2/sample.dio,279910094516224,13543,1073750080.0
/dev18500/demods/2/sample.dio,279910094574592,13544,0.0
/dev18500/demods/2/sample.dio,279910094632960,13545,0.0
/dev18500/demods/2/sample.dio,279910094691328,13546,3222274048.0
/dev18500/demods/2/sample.dio,279910094749696,13547,3221225664.0
/dev18500/demods/2/sample.dio,279910094808064,13548,1073750016.0
/dev18500/demods/2/sample.dio,279910094866432,13549,0.0
/dev18500/demods/2/sample.dio,279910094924800,13550,0.0
/dev18500/demods/2/sample.dio,279910094983168,13551,3222274048.0
/dev18500/demods/2/sample.dio,279910095041536,13552,3221225664.0
/dev18500/demods/2/sample.dio,279910095099904,13553,1073750016.0
/dev18500/demods/2/sample.dio,279910095158272,13554,0.0
/dev18500/demods/2/sample.dio,279910095216640,13555,0.0
/dev18500/demods/2/sample.dio,279910095275008,13556,3222274240.0
/dev18500/demods/2/sample.dio,279910095333376,13557,3221225664.0
/dev18500/demods/2/sample.dio,279910095391744,13558,1073741824.0
/dev18500/demods/2/sample.dio,279910095450112,13559,0.0
/dev18500/demods/2/sample.dio,279910095508480,13560,0.0
/dev18500/demods/2/sample.dio,279910095566848,13561,3222274240.0
/dev18500/demods/2/sample.dio,279910095625216,13562,1073742016.0
/dev18500/demods/2/sample.dio,279910095683584,13563,1073741824.0
/dev18500/demods/2/sample.dio,279910095741952,13564,0.0
/dev18500/demods/2/sample.dio,279910095800320,13565,16384.0
/dev18500/demods/2/sample.dio,279910095858688,13566,3222274240.0
/dev18500/demods/2/sample.dio,279910095917056,13567,1073742016.0
/dev18500/demods/2/sample.dio,279910095975424,13568,0.0
/dev18500/demods/2/sample.dio,279910096033792,13569,0.0
/dev18500/demods/2/sample.dio,279910096092160,13570,1073741824.0
/dev18500/demods/2/sample.dio,279910096150528,13571,3221225664.0
/dev18500/demods/2/sample.dio,279910096208896,13572,1073741824.0
/dev18500/demods/2/sample.dio,279910096267264,13573,0.0
/dev18500/demods/2/sample.dio,279910096325632,13574,0.0
/dev18500/demods/2/sample.dio,279910096384000,13575,1048576.0
/dev18500/demods/2/sample.dio,279910096442368,13576,3221225664.0
/dev18500/demods/2/sample.dio,279910096500736,13577,1073741888.0
/dev18500/demods/2/sample.dio,279910096559104,13578,0.0
/dev18500/demods/2/sample.dio,279910096617472,13579,0.0
/dev18500/demods/2/sample.dio,279910096675840,13580,3222274112.0
/dev18500/demods/2/sample.dio,279910096734208,13581,3221225664.0
/dev18500/demods/2/sample.dio,279910096792576,13582,1073741824.0
/dev18500/demods/2/sample.dio,279910096850944,13583,0.0
/dev18500/demods/2/sample.dio,279910096909312,13584,0.0
/dev18500/demods/2/sample.dio,279910096967680,13585,3222274112.0
/dev18500/demods/2/sample.dio,279910097026048,13586,3221225664.0
/dev18500/demods/2/sample.dio,279910097084416,13587,1073741824.0
/dev18500/demods/2/sample.dio,279910097142784,13588,0.0
/dev18500/demods/2/sample.dio,279910097201152,13589,0.0
/dev18500/demods/2/sample.dio,279910097259520,13590,3222274240.0
/dev18500/demods/2/sample.dio,279910097317888,13591,3221233856.0
/dev18500/demods/2/sample.dio,279910097376256,13592,0.0
/dev18500/demods/2/sample.dio,279910097434624,13593,0.0
/dev18500/demods/2/sample.dio,279910097492992,13594,1048576.0
/dev18500/demods/2/sample.dio,279910097551360,13595,3222274240.0
/dev18500/demods/2/sample.dio,279910097609728,13596,1073741824.0
/dev18500/demods/2/sample.dio,279910097668096,13597,1073741824.0
/dev18500/demods/2/sample.dio,279910097726464,13598,0.0
/dev18500/demods/2/sample.dio,279910097784832,13599,1048576.0
/dev18500/demods/2/sample.dio,279910097843200,13600,3222274240.0
/dev18500/demods/2/sample.dio,279910097901568,13601,1073741888.0
/dev18500/demods/2/sample.dio,279910097959936,13602,0.0
/dev18500/demods/2/sample.dio,279910098018304,13603,0.0
/dev18500/demods/2/sample.dio,279910098076672,13604,3222290432.0
/dev18500/demods/2/sample.dio,279910098135040,13605,3221225664.0
/dev18500/demods/2/sample.dio,279910098193408,13606,1073741824.0
/dev18500/demods/2/sample.dio,279910098251776,13607,0.0
/dev18500/demods/2/sample.dio,279910098310144,13608,0.0
/dev18500/demods/2/sample.dio,279910098368512,13609,3221225472.0
/dev18500/demods/2/sample.dio,279910098426880,13610,3221225664.0
/dev18500/demods/2/sample.dio,279910098485248,13611,1073741824.0
/dev18500/demods/2/sample.dio,279910098543616,13612,0.0
/dev18500/demods/2/sample.dio,279910098601984,13613,0.0
/dev18500/demods/2/sample.dio,279910098660352,13614,3222274240.0
/dev18500/demods/2/sample.dio,279910098718720,13615,3221225664.0
/dev18500/demods/2/sample.dio,279910098777088,13616,1073741824.0
/dev18500/demods/2/sample.dio,279910098835456,13617,0.0
/dev18500/demods/2/sample.dio,279910098893824,13618,0.0
/dev18500/demods/2/sample.dio,279910098952192,13619,3222274112.0
/dev18500/demods/2/sample.dio,279910099010560,13620,1073750208.0
/dev18500/demods/2/sample.dio,279910099068928,13621,1073741824.0
/dev18500/demods/2/sample.dio,279910099127296,13622,0.0
/dev18500/demods/2/sample.dio,279910099185664,13623,0.0
/dev18500/demods/2/sample.dio,279910099244032,13624,3222274240.0
/dev18500/demods/2/sample.dio,279910099302400,13625,1073742016.0
/dev18500/demods/2/sample.dio,279910099360768,13626,0.0
/dev18500/demods/2/sample.dio,279910099419136,13627,0.0
/dev18500/demods/2/sample.dio,279910099477504,13628,1048576.0
/dev18500/demods/2/sample.dio,279910099535872,13629,3222274240.0
/dev18500/demods/2/sample.dio,279910099594240,13630,1073741824.0
/dev18500/demods/2/sample.dio,279910099652608,13631,0.0
/dev18500/demods/2/sample.dio,279910099710976,13632,0.0
/dev18500/demods/2/sample.dio,279910099769344,13633,0.0
/dev18500/demods/2/sample.dio,279910099827712,13634,3221225664.0
/dev18500/demods/2/sample.dio,279910099886080,13635,1073741824.0
/dev18500/demods/2/sample.dio,279910099944448,13636,0.0
/dev18500/demods/2/sample.dio,279910100002816,13637,0.0
/dev18500/demods/2/sample.dio,279910100061184,13638,3222274112.0
/dev18500/demods/2/sample.dio,279910100119552,13639,3221225664.0
/dev18500/demods/2/sample.dio,279910100177920,13640,1073750016.0
/dev18500/demods/2/sample.dio,279910100236288,13641,0.0
/dev18500/demods/2/sample.dio,279910100294656,13642,0.0
/dev18500/demods/2/sample.dio,279910100353024,13643,3222274112.0
/dev18500/demods/2/sample.dio,279910100411392,13644,3221225664.0
/dev18500/demods/2/sample.dio,279910100469760,13645,1073741824.0
/dev18500/demods/2/sample.dio,279910100528128,13646,0.0
/dev18500/demods/2/sample.dio,279910100586496,13647,0.0
/dev18500/demods/2/sample.dio,279910100644864,13648,3222274112.0
/dev18500/demods/2/sample.dio,279910100703232,13649,3221225664.0
/dev18500/demods/2/sample.dio,279910100761600,13650,1073741824.0
/dev18500/demods/2/sample.dio,279910100819968,13651,0.0
/dev18500/demods/2/sample.dio,279910100878336,13652,1048576.0
/dev18500/demods/2/sample.dio,279910100936704,13653,3222274240.0
/dev18500/demods/2/sample.dio,279910100995072,13654,1073741824.0
/dev18500/demods/2/sample.dio,279910101053440,13655,1073741824.0
/dev18500/demods/2/sample.dio,279910101111808,13656,0.0
/dev18500/demods/2/sample.dio,279910101170176,13657,1048576.0
/dev18500/demods/2/sample.dio,279910101228544,13658,3221225664.0
/dev18500/demods/2/sample.dio,279910101286912,13659,1073741888.0
/dev18500/demods/2/sample.dio,279910101345280,13660,0.0
/dev18500/demods/2/sample.dio,279910101403648,13661,0.0
/dev18500/demods/2/sample.dio,279910101462016,13662,3222274048.0
/dev18500/demods/2/sample.dio,279910101520384,13663,3221242048.0
/dev18500/demods/2/sample.dio,279910101578752,13664,1073741824.0
/dev18500/demods/2/sample.dio,279910101637120,13665,0.0
/dev18500/demods/2/sample.dio,279910101695488,13666,0.0
/dev18500/demods/2/sample.dio,279910101753856,13667,1074790400.0
/dev18500/demods/2/sample.dio,279910101812224,13668,3221233856.0
/dev18500/demods/2/sample.dio,279910101870592,13669,1073741824.0
/dev18500/demods/2/sample.dio,279910101928960,13670,0.0
/dev18500/demods/2/sample.dio,279910101987328,13671,0.0
/dev18500/demods/2/sample.dio,279910102045696,13672,3222290624.0
/dev18500/demods/2/sample.dio,279910102104064,13673,3221225664.0
/dev18500/demods/2/sample.dio,279910102162432,13674,1073741824.0
/dev18500/demods/2/sample.dio,279910102220800,13675,0.0
/dev18500/demods/2/sample.dio,279910102279168,13676,0.0
/dev18500/demods/2/sample.dio,279910102337536,13677,3222274112.0
/dev18500/demods/2/sample.dio,279910102395904,13678,1073742016.0
/dev18500/demods/2/sample.dio,279910102454272,13679,1073741824.0
/dev18500/demods/2/sample.dio,279910102512640,13680,0.0
/dev18500/demods/2/sample.dio,279910102571008,13681,0.0
/dev18500/demods/2/sample.dio,279910102629376,13682,3222274240.0
/dev18500/demods/2/sample.dio,279910102687744,13683,3221225664.0
/dev18500/demods/2/sample.dio,279910102746112,13684,0.0
/dev18500/demods/2/sample.dio,279910102804480,13685,0.0
/dev18500/demods/2/sample.dio,279910102862848,13686,1048576.0
/dev18500/demods/2/sample.dio,279910102921216,13687,3221225664.0
/dev18500/demods/2/sample.dio,279910102979584,13688,1073741824.0
/dev18500/demods/2/sample.dio,279910103037952,13689,8192.0
/dev18500/demods/2/sample.dio,279910103096320,13690,0.0
/dev18500/demods/2/sample.dio,279910103154688,13691,1048576.0
/dev18500/demods/2/sample.dio,279910103213056,13692,3221225664.0
/dev18500/demods/2/sample.dio,279910103271424,13693,1073741824.0
/dev18500/demods/2/sample.dio,279910103329792,13694,0.0
/dev18500/demods/2/sample.dio,279910103388160,13695,0.0
/dev18500/demods/2/sample.dio,279910103446528,13696,3222274112.0
/dev18500/demods/2/sample.dio,279910103504896,13697,3221225664.0
/dev18500/demods/2/sample.dio,279910103563264,13698,1073741824.0
/dev18500/demods/2/sample.dio,279910103621632,13699,0.0
/dev18500/demods/2/sample.dio,279910103680000,13700,0.0
/dev18500/demods/2/sample.dio,279910103738368,13701,1048576.0
/dev18500/demods/2/sample.dio,279910103796736,13702,3221225664.0
/dev18500/demods/2/sample.dio,279910103855104,13703,1073741824.0
/dev18500/demods/2/sample.dio,279910103913472,13704,0.0
/dev18500/demods/2/sample.dio,279910103971840,13705,0.0
/dev18500/demods/2/sample.dio,279910104030208,13706,3222274240.0
/dev18500/demods/2/sample.dio,279910104088576,13707,3221225664.0
/dev18500/demods/2/sample.dio,279910104146944,13708,0.0
/dev18500/demods/2/sample.dio,279910104205312,13709,0.0
/dev18500/demods/2/sample.dio,279910104263680,13710,0.0
/dev18500/demods/2/sample.dio,279910104322048,13711,3222274240.0
/dev18500/demods/2/sample.dio,279910104380416,13712,1073742016.0
/dev18500/demods/2/sample.dio,279910104438784,13713,0.0
/dev18500/demods/2/sample.dio,279910104497152,13714,0.0
/dev18500/demods/2/sample.dio,279910104555520,13715,1048576.0
/dev18500/demods/2/sample.dio,279910104613888,13716,3221225664.0
/dev18500/demods/2/sample.dio,279910104672256,13717,1073742016.0
/dev18500/demods/2/sample.dio,279910104730624,13718,0.0
/dev18500/demods/2/sample.dio,279910104788992,13719,0.0
/dev18500/demods/2/sample.dio,279910104847360,13720,3221241856.0
/dev18500/demods/2/sample.dio,279910104905728,13721,3221225664.0
/dev18500/demods/2/sample.dio,279910104964096,13722,1073741824.0
/dev18500/demods/2/sample.dio,279910105022464,13723,0.0
/dev18500/demods/2/sample.dio,279910105080832,13724,0.0
/dev18500/demods/2/sample.dio,279910105139200,13725,1074790400.0
/dev18500/demods/2/sample.dio,279910105197568,13726,3221233856.0
/dev18500/demods/2/sample.dio,279910105255936,13727,1073750016.0
/dev18500/demods/2/sample.dio,279910105314304,13728,0.0
/dev18500/demods/2/sample.dio,279910105372672,13729,0.0
/dev18500/demods/2/sample.dio,279910105431040,13730,3222274112.0
/dev18500/demods/2/sample.dio,279910105489408,13731,3221225664.0
/dev18500/demods/2/sample.dio,279910105547776,13732,1073741824.0
/dev18500/demods/2/sample.dio,279910105606144,13733,0.0
/dev18500/demods/2/sample.dio,279910105664512,13734,0.0
/dev18500/demods/2/sample.dio,279910105722880,13735,3222274112.0
/dev18500/demods/2/sample.dio,279910105781248,13736,1073742016.0
/dev18500/demods/2/sample.dio,279910105839616,13737,1073741824.0
/dev18500/demods/2/sample.dio,279910105897984,13738,0.0
/dev18500/demods/2/sample.dio,279910105956352,13739,0.0
/dev18500/demods/2/sample.dio,279910106014720,13740,3221225664.0
/dev18500/demods/2/sample.dio,279910106073088,13741,3221225664.0
/dev18500/demods/2/sample.dio,279910106131456,13742,0.0
/dev18500/demods/2/sample.dio,279910106189824,13743,0.0
/dev18500/demods/2/sample.dio,279910106248192,13744,1048576.0
/dev18500/demods/2/sample.dio,279910106306560,13745,3222274240.0
/dev18500/demods/2/sample.dio,279910106364928,13746,1073750016.0
/dev18500/demods/2/sample.dio,279910106423296,13747,0.0
/dev18500/demods/2/sample.dio,279910106481664,13748,0.0
/dev18500/demods/2/sample.dio,279910106540032,13749,1048576.0
/dev18500/demods/2/sample.dio,279910106598400,13750,3221225664.0
/dev18500/demods/2/sample.dio,279910106656768,13751,1073741824.0
/dev18500/demods/2/sample.dio,279910106715136,13752,0.0
/dev18500/demods/2/sample.dio,279910106773504,13753,0.0
/dev18500/demods/2/sample.dio,279910106831872,13754,3221225536.0
/dev18500/demods/2/sample.dio,279910106890240,13755,3221225664.0
/dev18500/demods/2/sample.dio,279910106948608,13756,1073741824.0
/dev18500/demods/2/sample.dio,279910107006976,13757,0.0
/dev18500/demods/2/sample.dio,279910107065344,13758,0.0
/dev18500/demods/2/sample.dio,279910107123712,13759,3222274048.0
/dev18500/demods/2/sample.dio,279910107182080,13760,3221225664.0
/dev18500/demods/2/sample.dio,279910107240448,13761,1073750016.0
/dev18500/demods/2/sample.dio,279910107298816,13762,0.0
/dev18500/demods/2/sample.dio,279910107357184,13763,0.0
/dev18500/demods/2/sample.dio,279910107415552,13764,3222274240.0
/dev18500/demods/2/sample.dio,279910107473920,13765,3221225664.0
/dev18500/demods/2/sample.dio,279910107532288,13766,0.0
/dev18500/demods/2/sample.dio,279910107590656,13767,0.0
/dev18500/demods/2/sample.dio,279910107649024,13768,0.0
/dev18500/demods/2/sample.dio,279910107707392,13769,3222274240.0
/dev18500/demods/2/sample.dio,279910107765760,13770,1073750016.0
/dev18500/demods/2/sample.dio,279910107824128,13771,0.0
/dev18500/demods/2/sample.dio,279910107882496,13772,0.0
/dev18500/demods/2/sample.dio,279910107940864,13773,0.0
/dev18500/demods/2/sample.dio,279910107999232,13774,3221225664.0
/dev18500/demods/2/sample.dio,279910108057600,13775,3221225664.0
/dev18500/demods/2/sample.dio,279910108115968,13776,0.0
/dev18500/demods/2/sample.dio,279910108174336,13777,0.0
/dev18500/demods/2/sample.dio,279910108232704,13778,3222274048.0
/dev18500/demods/2/sample.dio,279910108291072,13779,3221225664.0
/dev18500/demods/2/sample.dio,279910108349440,13780,1073750016.0
/dev18500/demods/2/sample.dio,279910108407808,13781,0.0
/dev18500/demods/2/sample.dio,279910108466176,13782,0.0
/dev18500/demods/2/sample.dio,279910108524544,13783,1074806784.0
/dev18500/demods/2/sample.dio,279910108582912,13784,3221233856.0
/dev18500/demods/2/sample.dio,279910108641280,13785,1073741824.0
/dev18500/demods/2/sample.dio,279910108699648,13786,0.0
/dev18500/demods/2/sample.dio,279910108758016,13787,0.0
/dev18500/demods/2/sample.dio,279910108816384,13788,3222274112.0
/dev18500/demods/2/sample.dio,279910108874752,13789,3221233856.0
/dev18500/demods/2/sample.dio,279910108933120,13790,1073741824.0
/dev18500/demods/2/sample.dio,279910108991488,13791,0.0
/dev18500/demods/2/sample.dio,279910109049856,13792,0.0
/dev18500/demods/2/sample.dio,279910109108224,13793,3222274112.0
/dev18500/demods/2/sample.dio,279910109166592,13794,1073742016.0
/dev18500/demods/2/sample.dio,279910109224960,13795,1073741824.0
/dev18500/demods/2/sample.dio,279910109283328,13796,0.0
/dev18500/demods/2/sample.dio,279910109341696,13797,0.0
/dev18500/demods/2/sample.dio,279910109400064,13798,3222274240.0
/dev18500/demods/2/sample.dio,279910109458432,13799,3221225664.0
/dev18500/demods/2/sample.dio,279910109516800,13800,0.0
/dev18500/demods/2/sample.dio,279910109575168,13801,0.0
/dev18500/demods/2/sample.dio,279910109633536,13802,1048576.0
/dev18500/demods/2/sample.dio,279910109691904,13803,3222274240.0
/dev18500/demods/2/sample.dio,279910109750272,13804,1073741824.0
/dev18500/demods/2/sample.dio,279910109808640,13805,0.0
/dev18500/demods/2/sample.dio,279910109867008,13806,0.0
/dev18500/demods/2/sample.dio,279910109925376,13807,1048576.0
/dev18500/demods/2/sample.dio,279910109983744,13808,3221225664.0
/dev18500/demods/2/sample.dio,279910110042112,13809,1073741824.0
/dev18500/demods/2/sample.dio,279910110100480,13810,0.0
/dev18500/demods/2/sample.dio,279910110158848,13811,0.0
/dev18500/demods/2/sample.dio,279910110217216,13812,3222274048.0
/dev18500/demods/2/sample.dio,279910110275584,13813,3221225664.0
/dev18500/demods/2/sample.dio,279910110333952,13814,1073750016.0
/dev18500/demods/2/sample.dio,279910110392320,13815,0.0
/dev18500/demods/2/sample.dio,279910110450688,13816,0.0
/dev18500/demods/2/sample.dio,279910110509056,13817,3222274048.0
/dev18500/demods/2/sample.dio,279910110567424,13818,3221225664.0
/dev18500/demods/2/sample.dio,279910110625792,13819,1073741824.0
/dev18500/demods/2/sample.dio,279910110684160,13820,0.0
/dev18500/demods/2/sample.dio,279910110742528,13821,0.0
/dev18500/demods/2/sample.dio,279910110800896,13822,3222274240.0
/dev18500/demods/2/sample.dio,279910110859264,13823,3221225664.0
/dev18500/demods/2/sample.dio,279910110917632,13824,0.0
/dev18500/demods/2/sample.dio,279910110976000,13825,0.0
/dev18500/demods/2/sample.dio,279910111034368,13826,1048576.0
/dev18500/demods/2/sample.dio,279910111092736,13827,3222274240.0
/dev18500/demods/2/sample.dio,279910111151104,13828,1073741888.0
/dev18500/demods/2/sample.dio,279910111209472,13829,8192.0
/dev18500/demods/2/sample.dio,279910111267840,13830,0.0
/dev18500/demods/2/sample.dio,279910111326208,13831,1048576.0
/dev18500/demods/2/sample.dio,279910111384576,13832,3222274240.0
/dev18500/demods/2/sample.dio,279910111442944,13833,1073742016.0
/dev18500/demods/2/sample.dio,279910111501312,13834,0.0
/dev18500/demods/2/sample.dio,279910111559680,13835,0.0
/dev18500/demods/2/sample.dio,279910111618048,13836,3222274048.0
/dev18500/demods/2/sample.dio,279910111676416,13837,3221225664.0
/dev18500/demods/2/sample.dio,279910111734784,13838,1073750016.0
/dev18500/demods/2/sample.dio,279910111793152,13839,0.0
/dev18500/demods/2/sample.dio,279910111851520,13840,0.0
/dev18500/demods/2/sample.dio,279910111909888,13841,1074790400.0
/dev18500/demods/2/sample.dio,279910111968256,13842,3221225664.0
/dev18500/demods/2/sample.dio,279910112026624,13843,1073750016.0
/dev18500/demods/2/sample.dio,279910112084992,13844,0.0
/dev18500/demods/2/sample.dio,279910112143360,13845,0.0
/dev18500/demods/2/sample.dio,279910112201728,13846,3221225664.0
/dev18500/demods/2/sample.dio,279910112260096,13847,3221225664.0
/dev18500/demods/2/sample.dio,279910112318464,13848,1073741824.0
/dev18500/demods/2/sample.dio,279910112376832,13849,0.0
/dev18500/demods/2/sample.dio,279910112435200,13850,0.0
/dev18500/demods/2/sample.dio,279910112493568,13851,3222274240.0
/dev18500/demods/2/sample.dio,279910112551936,13852,1073742016.0
/dev18500/demods/2/sample.dio,279910112610304,13853,1073741824.0
/dev18500/demods/2/sample.dio,279910112668672,13854,0.0
/dev18500/demods/2/sample.dio,279910112727040,13855,0.0
/dev18500/demods/2/sample.dio,279910112785408,13856,3222274240.0
/dev18500/demods/2/sample.dio,279910112843776,13857,1073742016.0
/dev18500/demods/2/sample.dio,279910112902144,13858,0.0
/dev18500/demods/2/sample.dio,279910112960512,13859,0.0
/dev18500/demods/2/sample.dio,279910113018880,13860,1064960.0
/dev18500/demods/2/sample.dio,279910113077248,13861,3222274240.0
/dev18500/demods/2/sample.dio,279910113135616,13862,1073741824.0
/dev18500/demods/2/sample.dio,279910113193984,13863,1073741824.0
/dev18500/demods/2/sample.dio,279910113252352,13864,0.0
/dev18500/demods/2/sample.dio,279910113310720,13865,1048576.0
/dev18500/demods/2/sample.dio,279910113369088,13866,3221225664.0
/dev18500/demods/2/sample.dio,279910113427456,13867,1073741824.0
/dev18500/demods/2/sample.dio,279910113485824,13868,0.0
/dev18500/demods/2/sample.dio,279910113544192,13869,0.0
/dev18500/demods/2/sample.dio,279910113602560,13870,1074790400.0
/dev18500/demods/2/sample.dio,279910113660928,13871,3221225664.0
/dev18500/demods/2/sample.dio,279910113719296,13872,1073741824.0
/dev18500/demods/2/sample.dio,279910113777664,13873,0.0
/dev18500/demods/2/sample.dio,279910113836032,13874,0.0
/dev18500/demods/2/sample.dio,279910113894400,13875,3222274048.0
/dev18500/demods/2/sample.dio,279910113952768,13876,3221225664.0
/dev18500/demods/2/sample.dio,279910114011136,13877,1073750016.0
/dev18500/demods/2/sample.dio,279910114069504,13878,0.0
/dev18500/demods/2/sample.dio,279910114127872,13879,0.0
/dev18500/demods/2/sample.dio,279910114186240,13880,3221225664.0
/dev18500/demods/2/sample.dio,279910114244608,13881,3221225664.0
/dev18500/demods/2/sample.dio,279910114302976,13882,0.0
/dev18500/demods/2/sample.dio,279910114361344,13883,0.0
/dev18500/demods/2/sample.dio,279910114419712,13884,1048576.0
/dev18500/demods/2/sample.dio,279910114478080,13885,3222274240.0
/dev18500/demods/2/sample.dio,279910114536448,13886,1073741824.0
/dev18500/demods/2/sample.dio,279910114594816,13887,1073741824.0
/dev18500/demods/2/sample.dio,279910114653184,13888,0.0
/dev18500/demods/2/sample.dio,279910114711552,13889,0.0
/dev18500/demods/2/sample.dio,279910114769920,13890,3221225664.0
/dev18500/demods/2/sample.dio,279910114828288,13891,1073742016.0
/dev18500/demods/2/sample.dio,279910114886656,13892,0.0
/dev18500/demods/2/sample.dio,279910114945024,13893,0.0
/dev18500/demods/2/sample.dio,279910115003392,13894,1074790400.0
/dev18500/demods/2/sample.dio,279910115061760,13895,3221225664.0
/dev18500/demods/2/sample.dio,279910115120128,13896,1073741824.0
/dev18500/demods/2/sample.dio,279910115178496,13897,0.0
/dev18500/demods/2/sample.dio,279910115236864,13898,0.0
/dev18500/demods/2/sample.dio,279910115295232,13899,3221225472.0
/dev18500/demods/2/sample.dio,279910115353600,13900,3221225664.0
/dev18500/demods/2/sample.dio,279910115411968,13901,1073741824.0
/dev18500/demods/2/sample.dio,279910115470336,13902,0.0
/dev18500/demods/2/sample.dio,279910115528704,13903,0.0
/dev18500/demods/2/sample.dio,279910115587072,13904,3222274240.0
/dev18500/demods/2/sample.dio,279910115645440,13905,3221225664.0
/dev18500/demods/2/sample.dio,279910115703808,13906,1073741824.0
/dev18500/demods/2/sample.dio,279910115762176,13907,0.0
/dev18500/demods/2/sample.dio,279910115820544,13908,0.0
/dev18500/demods/2/sample.dio,279910115878912,13909,3222274112.0
/dev18500/demods/2/sample.dio,279910115937280,13910,1073742016.0
/dev18500/demods/2/sample.dio,279910115995648,13911,1073741824.0
/dev18500/demods/2/sample.dio,279910116054016,13912,0.0
/dev18500/demods/2/sample.dio,279910116112384,13913,0.0
/dev18500/demods/2/sample.dio,279910116170752,13914,3222274240.0
/dev18500/demods/2/sample.dio,279910116229120,13915,3221225664.0
/dev18500/demods/2/sample.dio,279910116287488,13916,8192.0
/dev18500/demods/2/sample.dio,279910116345856,13917,0.0
/dev18500/demods/2/sample.dio,279910116404224,13918,1048576.0
/dev18500/demods/2/sample.dio,279910116462592,13919,3222274240.0
/dev18500/demods/2/sample.dio,279910116520960,13920,1073750016.0
/dev18500/demods/2/sample.dio,279910116579328,13921,0.0
/dev18500/demods/2/sample.dio,279910116637696,13922,0.0
/dev18500/demods/2/sample.dio,279910116696064,13923,1048576.0
/dev18500/demods/2/sample.dio,279910116754432,13924,3221225664.0
/dev18500/demods/2/sample.dio,279910116812800,13925,1073741824.0
/dev18500/demods/2/sample.dio,279910116871168,13926,0.0
/dev18500/demods/2/sample.dio,279910116929536,13927,0.0
/dev18500/demods/2/sample.dio,279910116987904,13928,3222274112.0
/dev18500/demods/2/sample.dio,279910117046272,13929,3221225664.0
/dev18500/demods/2/sample.dio,279910117104640,13930,1073741824.0
/dev18500/demods/2/sample.dio,279910117163008,13931,0.0
/dev18500/demods/2/sample.dio,279910117221376,13932,0.0
/dev18500/demods/2/sample.dio,279910117279744,13933,3221225472.0
/dev18500/demods/2/sample.dio,279910117338112,13934,3221225664.0
/dev18500/demods/2/sample.dio,279910117396480,13935,1073741824.0
/dev18500/demods/2/sample.dio,279910117454848,13936,0.0
/dev18500/demods/2/sample.dio,279910117513216,13937,0.0
/dev18500/demods/2/sample.dio,279910117571584,13938,3222274240.0
/dev18500/demods/2/sample.dio,279910117629952,13939,3221225664.0
/dev18500/demods/2/sample.dio,279910117688320,13940,0.0
/dev18500/demods/2/sample.dio,279910117746688,13941,0.0
/dev18500/demods/2/sample.dio,279910117805056,13942,1064960.0
/dev18500/demods/2/sample.dio,279910117863424,13943,3222274240.0
/dev18500/demods/2/sample.dio,279910117921792,13944,1073742016.0
/dev18500/demods/2/sample.dio,279910117980160,13945,8192.0
/dev18500/demods/2/sample.dio,279910118038528,13946,0.0
/dev18500/demods/2/sample.dio,279910118096896,13947,1048576.0
/dev18500/demods/2/sample.dio,279910118155264,13948,3221225664.0
/dev18500/demods/2/sample.dio,279910118213632,13949,1073741888.0
/dev18500/demods/2/sample.dio,279910118272000,13950,0.0
/dev18500/demods/2/sample.dio,279910118330368,13951,0.0
/dev18500/demods/2/sample.dio,279910118388736,13952,3221225472.0
/dev18500/demods/2/sample.dio,279910118447104,13953,3222274240.0
/dev18500/demods/2/sample.dio,279910118505472,13954,1073741824.0
/dev18500/demods/2/sample.dio,279910118563840,13955,0.0
/dev18500/demods/2/sample.dio,279910118622208,13956,0.0
/dev18500/demods/2/sample.dio,279910118680576,13957,3222274048.0
/dev18500/demods/2/sample.dio,279910118738944,13958,3221225664.0
/dev18500/demods/2/sample.dio,279910118797312,13959,1073741824.0
/dev18500/demods/2/sample.dio,279910118855680,13960,0.0
/dev18500/demods/2/sample.dio,279910118914048,13961,0.0
/dev18500/demods/2/sample.dio,279910118972416,13962,3222290496.0
/dev18500/demods/2/sample.dio,279910119030784,13963,3221225664.0
/dev18500/demods/2/sample.dio,279910119089152,13964,1073750016.0
/dev18500/demods/2/sample.dio,279910119147520,13965,0.0
/dev18500/demods/2/sample.dio,279910119205888,13966,1048576.0
/dev18500/demods/2/sample.dio,279910119264256,13967,3222290496.0
/dev18500/demods/2/sample.dio,279910119322624,13968,1073742016.0
/dev18500/demods/2/sample.dio,279910119380992,13969,1073741824.0
/dev18500/demods/2/sample.dio,279910119439360,13970,0.0
/dev18500/demods/2/sample.dio,279910119497728,13971,0.0
/dev18500/demods/2/sample.dio,279910119556096,13972,3221225664.0
/dev18500/demods/2/sample.dio,279910119614464,13973,1073742016.0
/dev18500/demods/2/sample.dio,279910119672832,13974,0.0
/dev18500/demods/2/sample.dio,279910119731200,13975,0.0
/dev18500/demods/2/sample.dio,279910119789568,13976,1074790400.0
/dev18500/demods/2/sample.dio,279910119847936,13977,3222274240.0
/dev18500/demods/2/sample.dio,279910119906304,13978,1073741824.0
/dev18500/demods/2/sample.dio,279910119964672,13979,8192.0
/dev18500/demods/2/sample.dio,279910120023040,13980,0.0
/dev18500/demods/2/sample.dio,279910120081408,13981,1048576.0
/dev18500/demods/2/sample.dio,279910120139776,13982,3221225664.0
/dev18500/demods/2/sample.dio,279910120198144,13983,1073741824.0
/dev18500/demods/2/sample.dio,279910120256512,13984,0.0
/dev18500/demods/2/sample.dio,279910120314880,13985,0.0
/dev18500/demods/2/sample.dio,279910120373248,13986,3222274112.0
/dev18500/demods/2/sample.dio,279910120431616,13987,3221225664.0
/dev18500/demods/2/sample.dio,279910120489984,13988,1073741824.0
/dev18500/demods/2/sample.dio,279910120548352,13989,0.0
/dev18500/demods/2/sample.dio,279910120606720,13990,0.0
/dev18500/demods/2/sample.dio,279910120665088,13991,3221225472.0
/dev18500/demods/2/sample.dio,279910120723456,13992,1073742016.0
/dev18500/demods/2/sample.dio,279910120781824,13993,1073741824.0
/dev18500/demods/2/sample.dio,279910120840192,13994,0.0
/dev18500/demods/2/sample.dio,279910120898560,13995,16384.0
/dev18500/demods/2/sample.dio,279910120956928,13996,3222274240.0
/dev18500/demods/2/sample.dio,279910121015296,13997,3221225664.0
/dev18500/demods/2/sample.dio,279910121073664,13998,0.0
/dev18500/demods/2/sample.dio,279910121132032,13999,0.0
/dev18500/demods/2/sample.dio,279910121190400,14000,0.0
/dev18500/demods/2/sample.dio,279910121248768,14001,3222290624.0
/dev18500/demods/2/sample.dio,279910121307136,14002,1073741888.0
/dev18500/demods/2/sample.dio,279910121365504,14003,0.0
/dev18500/demods/2/sample.dio,279910121423872,14004,0.0
/dev18500/demods/2/sample.dio,279910121482240,14005,1064960.0
/dev18500/demods/2/sample.dio,279910121540608,14006,3221225664.0
/dev18500/demods/2/sample.dio,279910121598976,14007,1073750208.0
/dev18500/demods/2/sample.dio,279910121657344,14008,0.0
/dev18500/demods/2/sample.dio,279910121715712,14009,0.0
/dev18500/demods/2/sample.dio,279910121774080,14010,3222274048.0
/dev18500/demods/2/sample.dio,279910121832448,14011,3221225664.0
/dev18500/demods/2/sample.dio,279910121890816,14012,1073750016.0
/dev18500/demods/2/sample.dio,279910121949184,14013,0.0
/dev18500/demods/2/sample.dio,279910122007552,14014,0.0
/dev18500/demods/2/sample.dio,279910122065920,14015,3222274048.0
/dev18500/demods/2/sample.dio,279910122124288,14016,3221225664.0
/dev18500/demods/2/sample.dio,279910122182656,14017,1073741824.0
/dev18500/demods/2/sample.dio,279910122241024,14018,0.0
/dev18500/demods/2/sample.dio,279910122299392,14019,0.0
/dev18500/demods/2/sample.dio,279910122357760,14020,3221225536.0
/dev18500/demods/2/sample.dio,279910122416128,14021,3221233856.0
/dev18500/demods/2/sample.dio,279910122474496,14022,1073741824.0
/dev18500/demods/2/sample.dio,279910122532864,14023,0.0
/dev18500/demods/2/sample.dio,279910122591232,14024,0.0
/dev18500/demods/2/sample.dio,279910122649600,14025,3222274240.0
/dev18500/demods/2/sample.dio,279910122707968,14026,1073741888.0
/dev18500/demods/2/sample.dio,279910122766336,14027,1073741824.0
/dev18500/demods/2/sample.dio,279910122824704,14028,0.0
/dev18500/demods/2/sample.dio,279910122883072,14029,0.0
/dev18500/demods/2/sample.dio,279910122941440,14030,3221225664.0
/dev18500/demods/2/sample.dio,279910122999808,14031,1073742016.0
/dev18500/demods/2/sample.dio,279910123058176,14032,0.0
/dev18500/demods/2/sample.dio,279910123116544,14033,0.0
/dev18500/demods/2/sample.dio,279910123174912,14034,1074790400.0
/dev18500/demods/2/sample.dio,279910123233280,14035,3222274240.0
/dev18500/demods/2/sample.dio,279910123291648,14036,1073750016.0
/dev18500/demods/2/sample.dio,279910123350016,14037,0.0
/dev18500/demods/2/sample.dio,279910123408384,14038,0.0
/dev18500/demods/2/sample.dio,279910123466752,14039,1074806784.0
/dev18500/demods/2/sample.dio,279910123525120,14040,3221225664.0
/dev18500/demods/2/sample.dio,279910123583488,14041,1073741824.0
/dev18500/demods/2/sample.dio,279910123641856,14042,0.0
/dev18500/demods/2/sample.dio,279910123700224,14043,0.0
/dev18500/demods/2/sample.dio,279910123758592,14044,3222274112.0
/dev18500/demods/2/sample.dio,279910123816960,14045,3221225664.0
/dev18500/demods/2/sample.dio,279910123875328,14046,1073741824.0
/dev18500/demods/2/sample.dio,279910123933696,14047,0.0
/dev18500/demods/2/sample.dio,279910123992064,14048,0.0
/dev18500/demods/2/sample.dio,279910124050432,14049,3222274112.0
/dev18500/demods/2/sample.dio,279910124108800,14050,1073742016.0
/dev18500/demods/2/sample.dio,279910124167168,14051,1073741824.0
/dev18500/demods/2/sample.dio,279910124225536,14052,0.0
/dev18500/demods/2/sample.dio,279910124283904,14053,0.0
/dev18500/demods/2/sample.dio,279910124342272,14054,3222274240.0
/dev18500/demods/2/sample.dio,279910124400640,14055,3221225664.0
/dev18500/demods/2/sample.dio,279910124459008,14056,0.0
/dev18500/demods/2/sample.dio,279910124517376,14057,0.0
/dev18500/demods/2/sample.dio,279910124575744,14058,1048576.0
/dev18500/demods/2/sample.dio,279910124634112,14059,3222274240.0
/dev18500/demods/2/sample.dio,279910124692480,14060,1073741824.0
/dev18500/demods/2/sample.dio,279910124750848,14061,0.0
/dev18500/demods/2/sample.dio,279910124809216,14062,0.0
/dev18500/demods/2/sample.dio,279910124867584,14063,1048576.0
/dev18500/demods/2/sample.dio,279910124925952,14064,3221225664.0
/dev18500/demods/2/sample.dio,279910124984320,14065,1073741888.0
/dev18500/demods/2/sample.dio,279910125042688,14066,0.0
/dev18500/demods/2/sample.dio,279910125101056,14067,0.0
/dev18500/demods/2/sample.dio,279910125159424,14068,1074790400.0
/dev18500/demods/2/sample.dio,279910125217792,14069,3221225664.0
/dev18500/demods/2/sample.dio,279910125276160,14070,1073741824.0
/dev18500/demods/2/sample.dio,279910125334528,14071,0.0
/dev18500/demods/2/sample.dio,279910125392896,14072,0.0
/dev18500/demods/2/sample.dio,279910125451264,14073,3222274048.0
/dev18500/demods/2/sample.dio,279910125509632,14074,3221225664.0
/dev18500/demods/2/sample.dio,279910125568000,14075,1073741824.0
/dev18500/demods/2/sample.dio,279910125626368,14076,0.0
/dev18500/demods/2/sample.dio,279910125684736,14077,0.0
/dev18500/demods/2/sample.dio,279910125743104,14078,3221225664.0
/dev18500/demods/2/sample.dio,279910125801472,14079,3221225664.0
/dev18500/demods/2/sample.dio,279910125859840,14080,1073750016.0
/dev18500/demods/2/sample.dio,279910125918208,14081,0.0
/dev18500/demods/2/sample.dio,279910125976576,14082,0.0
/dev18500/demods/2/sample.dio,279910126034944,14083,3221225664.0
/dev18500/demods/2/sample.dio,279910126093312,14084,1073750208.0
/dev18500/demods/2/sample.dio,279910126151680,14085,1073741824.0
/dev18500/demods/2/sample.dio,279910126210048,14086,0.0
/dev18500/demods/2/sample.dio,279910126268416,14087,1048576.0
/dev18500/demods/2/sample.dio,279910126326784,14088,3221225664.0
/dev18500/demods/2/sample.dio,279910126385152,14089,1073742016.0
/dev18500/demods/2/sample.dio,279910126443520,14090,0.0
/dev18500/demods/2/sample.dio,279910126501888,14091,0.0
/dev18500/demods/2/sample.dio,279910126560256,14092,1048576.0
/dev18500/demods/2/sample.dio,279910126618624,14093,3222274240.0
/dev18500/demods/2/sample.dio,279910126676992,14094,1073741824.0
/dev18500/demods/2/sample.dio,279910126735360,14095,0.0
/dev18500/demods/2/sample.dio,279910126793728,14096,0.0
/dev18500/demods/2/sample.dio,279910126852096,14097,3162112.0
/dev18500/demods/2/sample.dio,279910126910464,14098,3221225664.0
/dev18500/demods/2/sample.dio,279910126968832,14099,1073741824.0
/dev18500/demods/2/sample.dio,279910127027200,14100,0.0
/dev18500/demods/2/sample.dio,279910127085568,14101,0.0
/dev18500/demods/2/sample.dio,279910127143936,14102,3222274112.0
/dev18500/demods/2/sample.dio,279910127202304,14103,3221225664.0
/dev18500/demods/2/sample.dio,279910127260672,14104,1073741824.0
/dev18500/demods/2/sample.dio,279910127319040,14105,0.0
/dev18500/demods/2/sample.dio,279910127377408,14106,0.0
/dev18500/demods/2/sample.dio,279910127435776,14107,3222274112.0
/dev18500/demods/2/sample.dio,279910127494144,14108,3221225664.0
/dev18500/demods/2/sample.dio,279910127552512,14109,1073741824.0
/dev18500/demods/2/sample.dio,279910127610880,14110,0.0
/dev18500/demods/2/sample.dio,279910127669248,14111,0.0
/dev18500/demods/2/sample.dio,279910127727616,14112,3221225664.0
/dev18500/demods/2/sample.dio,279910127785984,14113,3221225664.0
/dev18500/demods/2/sample.dio,279910127844352,14114,0.0
/dev18500/demods/2/sample.dio,279910127902720,14115,0.0
/dev18500/demods/2/sample.dio,279910127961088,14116,1048576.0
/dev18500/demods/2/sample.dio,279910128019456,14117,3221225664.0
/dev18500/demods/2/sample.dio,279910128077824,14118,1073741824.0
/dev18500/demods/2/sample.dio,279910128136192,14119,0.0
/dev18500/demods/2/sample.dio,279910128194560,14120,0.0
/dev18500/demods/2/sample.dio,279910128252928,14121,1048576.0
/dev18500/demods/2/sample.dio,279910128311296,14122,3221225664.0
/dev18500/demods/2/sample.dio,279910128369664,14123,1073741888.0
/dev18500/demods/2/sample.dio,279910128428032,14124,0.0
/dev18500/demods/2/sample.dio,279910128486400,14125,0.0
/dev18500/demods/2/sample.dio,279910128544768,14126,3222274048.0
/dev18500/demods/2/sample.dio,279910128603136,14127,3222274240.0
/dev18500/demods/2/sample.dio,279910128661504,14128,1073741824.0
/dev18500/demods/2/sample.dio,279910128719872,14129,0.0
/dev18500/demods/2/sample.dio,279910128778240,14130,0.0
/dev18500/demods/2/sample.dio,279910128836608,14131,1073741824.0
/dev18500/demods/2/sample.dio,279910128894976,14132,3221225664.0
/dev18500/demods/2/sample.dio,279910128953344,14133,1073741824.0
/dev18500/demods/2/sample.dio,279910129011712,14134,0.0
/dev18500/demods/2/sample.dio,279910129070080,14135,0.0
/dev18500/demods/2/sample.dio,279910129128448,14136,3222274240.0
/dev18500/demods/2/sample.dio,279910129186816,14137,3221225664.0
/dev18500/demods/2/sample.dio,279910129245184,14138,1073741824.0
/dev18500/demods/2/sample.dio,279910129303552,14139,0.0
/dev18500/demods/2/sample.dio,279910129361920,14140,0.0
/dev18500/demods/2/sample.dio,279910129420288,14141,3221225664.0
/dev18500/demods/2/sample.dio,279910129478656,14142,3221225664.0
/dev18500/demods/2/sample.dio,279910129537024,14143,1073741824.0
/dev18500/demods/2/sample.dio,279910129595392,14144,0.0
/dev18500/demods/2/sample.dio,279910129653760,14145,0.0
/dev18500/demods/2/sample.dio,279910129712128,14146,3221225664.0
/dev18500/demods/2/sample.dio,279910129770496,14147,1073742016.0
/dev18500/demods/2/sample.dio,279910129828864,14148,0.0
/dev18500/demods/2/sample.dio,279910129887232,14149,0.0
/dev18500/demods/2/sample.dio,279910129945600,14150,1074790400.0
/dev18500/demods/2/sample.dio,279910130003968,14151,3222274240.0
/dev18500/demods/2/sample.dio,279910130062336,14152,1073741824.0
/dev18500/demods/2/sample.dio,279910130120704,14153,0.0
/dev18500/demods/2/sample.dio,279910130179072,14154,0.0
/dev18500/demods/2/sample.dio,279910130237440,14155,1048576.0
/dev18500/demods/2/sample.dio,279910130295808,14156,3221225664.0
/dev18500/demods/2/sample.dio,279910130354176,14157,1073741824.0
/dev18500/demods/2/sample.dio,279910130412544,14158,0.0
/dev18500/demods/2/sample.dio,279910130470912,14159,0.0
/dev18500/demods/2/sample.dio,279910130529280,14160,3222274112.0
/dev18500/demods/2/sample.dio,279910130587648,14161,3221225664.0
/dev18500/demods/2/sample.dio,279910130646016,14162,1073741824.0
/dev18500/demods/2/sample.dio,279910130704384,14163,0.0
/dev18500/demods/2/sample.dio,279910130762752,14164,0.0
/dev18500/demods/2/sample.dio,279910130821120,14165,3222290496.0
/dev18500/demods/2/sample.dio,279910130879488,14166,1073742016.0
/dev18500/demods/2/sample.dio,279910130937856,14167,1073741824.0
/dev18500/demods/2/sample.dio,279910130996224,14168,0.0
/dev18500/demods/2/sample.dio,279910131054592,14169,0.0
/dev18500/demods/2/sample.dio,279910131112960,14170,3222274240.0
/dev18500/demods/2/sample.dio,279910131171328,14171,3221225664.0
/dev18500/demods/2/sample.dio,279910131229696,14172,0.0
/dev18500/demods/2/sample.dio,279910131288064,14173,0.0
/dev18500/demods/2/sample.dio,279910131346432,14174,1048576.0
/dev18500/demods/2/sample.dio,279910131404800,14175,3222274240.0
/dev18500/demods/2/sample.dio,279910131463168,14176,1073741888.0
/dev18500/demods/2/sample.dio,279910131521536,14177,0.0
/dev18500/demods/2/sample.dio,279910131579904,14178,0.0
/dev18500/demods/2/sample.dio,279910131638272,14179,1048576.0
/dev18500/demods/2/sample.dio,279910131696640,14180,3221225664.0
/dev18500/demods/2/sample.dio,279910131755008,14181,1073741888.0
/dev18500/demods/2/sample.dio,279910131813376,14182,8192.0
/dev18500/demods/2/sample.dio,279910131871744,14183,0.0
/dev18500/demods/2/sample.dio,279910131930112,14184,1048576.0
/dev18500/demods/2/sample.dio,279910131988480,14185,3221225664.0
/dev18500/demods/2/sample.dio,279910132046848,14186,1073741824.0
/dev18500/demods/2/sample.dio,279910132105216,14187,0.0
/dev18500/demods/2/sample.dio,279910132163584,14188,0.0
/dev18500/demods/2/sample.dio,279910132221952,14189,1074790400.0
/dev18500/demods/2/sample.dio,279910132280320,14190,3221225664.0
/dev18500/demods/2/sample.dio,279910132338688,14191,1073741824.0
/dev18500/demods/2/sample.dio,279910132397056,14192,0.0
/dev18500/demods/2/sample.dio,279910132455424,14193,0.0
/dev18500/demods/2/sample.dio,279910132513792,14194,3222274240.0
/dev18500/demods/2/sample.dio,279910132572160,14195,3221225664.0
/dev18500/demods/2/sample.dio,279910132630528,14196,1073741824.0
/dev18500/demods/2/sample.dio,279910132688896,14197,0.0
/dev18500/demods/2/sample.dio,279910132747264,14198,0.0
/dev18500/demods/2/sample.dio,279910132805632,14199,3221242048.0
/dev18500/demods/2/sample.dio,279910132864000,14200,1073742016.0
/dev18500/demods/2/sample.dio,279910132922368,14201,1073741824.0
/dev18500/demods/2/sample.dio,279910132980736,14202,0.0
/dev18500/demods/2/sample.dio,279910133039104,14203,0.0
/dev18500/demods/2/sample.dio,279910133097472,14204,3221225664.0
/dev18500/demods/2/sample.dio,279910133155840,14205,1073742016.0
/dev18500/demods/2/sample.dio,279910133214208,14206,0.0
/dev18500/demods/2/sample.dio,279910133272576,14207,0.0
/dev18500/demods/2/sample.dio,279910133330944,14208,1074790400.0
/dev18500/demods/2/sample.dio,279910133389312,14209,3222274240.0
/dev18500/demods/2/sample.dio,279910133447680,14210,1073741824.0
/dev18500/demods/2/sample.dio,279910133506048,14211,0.0
/dev18500/demods/2/sample.dio,279910133564416,14212,0.0
/dev18500/demods/2/sample.dio,279910133622784,14213,1048576.0
/dev18500/demods/2/sample.dio,279910133681152,14214,3221225664.0
/dev18500/demods/2/sample.dio,279910133739520,14215,1073741888.0
/dev18500/demods/2/sample.dio,279910133797888,14216,0.0
/dev18500/demods/2/sample.dio,279910133856256,14217,0.0
/dev18500/demods/2/sample.dio,279910133914624,14218,3222274112.0
/dev18500/demods/2/sample.dio,279910133972992,14219,3221225664.0
/dev18500/demods/2/sample.dio,279910134031360,14220,1073741824.0
/dev18500/demods/2/sample.dio,279910134089728,14221,0.0
/dev18500/demods/2/sample.dio,279910134148096,14222,0.0
/dev18500/demods/2/sample.dio,279910134206464,14223,3222274048.0
/dev18500/demods/2/sample.dio,279910134264832,14224,3221225664.0
/dev18500/demods/2/sample.dio,279910134323200,14225,1073741824.0
/dev18500/demods/2/sample.dio,279910134381568,14226,0.0
/dev18500/demods/2/sample.dio,279910134439936,14227,0.0
/dev18500/demods/2/sample.dio,279910134498304,14228,3222274240.0
/dev18500/demods/2/sample.dio,279910134556672,14229,3221225664.0
/dev18500/demods/2/sample.dio,279910134615040,14230,0.0
/dev18500/demods/2/sample.dio,279910134673408,14231,0.0
/dev18500/demods/2/sample.dio,279910134731776,14232,1048576.0
/dev18500/demods/2/sample.dio,279910134790144,14233,3221225536.0
/dev18500/demods/2/sample.dio,279910134848512,14234,1073741888.0
/dev18500/demods/2/sample.dio,279910134906880,14235,1073741824.0
/dev18500/demods/2/sample.dio,279910134965248,14236,0.0
/dev18500/demods/2/sample.dio,279910135023616,14237,1048576.0
/dev18500/demods/2/sample.dio,279910135081984,14238,3221225664.0
/dev18500/demods/2/sample.dio,279910135140352,14239,1073741888.0
/dev18500/demods/2/sample.dio,279910135198720,14240,0.0
/dev18500/demods/2/sample.dio,279910135257088,14241,0.0
/dev18500/demods/2/sample.dio,279910135315456,14242,1048576.0
/dev18500/demods/2/sample.dio,279910135373824,14243,3221225664.0
/dev18500/demods/2/sample.dio,279910135432192,14244,1073741824.0
/dev18500/demods/2/sample.dio,279910135490560,14245,0.0
/dev18500/demods/2/sample.dio,279910135548928,14246,0.0
/dev18500/demods/2/sample.dio,279910135607296,14247,1074790400.0
/dev18500/demods/2/sample.dio,279910135665664,14248,3221225664.0
/dev18500/demods/2/sample.dio,279910135724032,14249,1073741824.0
/dev18500/demods/2/sample.dio,279910135782400,14250,0.0
/dev18500/demods/2/sample.dio,279910135840768,14251,0.0
/dev18500/demods/2/sample.dio,279910135899136,14252,3222274240.0
/dev18500/demods/2/sample.dio,279910135957504,14253,3221225664.0
/dev18500/demods/2/sample.dio,279910136015872,14254,1073741824.0
/dev18500/demods/2/sample.dio,279910136074240,14255,0.0
/dev18500/demods/2/sample.dio,279910136132608,14256,0.0
/dev18500/demods/2/sample.dio,279910136190976,14257,3221225536.0
/dev18500/demods/2/sample.dio,279910136249344,14258,1073742016.0
/dev18500/demods/2/sample.dio,279910136307712,14259,1073741824.0
/dev18500/demods/2/sample.dio,279910136366080,14260,0.0
/dev18500/demods/2/sample.dio,279910136424448,14261,0.0
/dev18500/demods/2/sample.dio,279910136482816,14262,3221225664.0
/dev18500/demods/2/sample.dio,279910136541184,14263,3221233856.0
/dev18500/demods/2/sample.dio,279910136599552,14264,0.0
/dev18500/demods/2/sample.dio,279910136657920,14265,0.0
/dev18500/demods/2/sample.dio,279910136716288,14266,0.0
/dev18500/demods/2/sample.dio,279910136774656,14267,3221242048.0
/dev18500/demods/2/sample.dio,279910136833024,14268,1073741824.0
/dev18500/demods/2/sample.dio,279910136891392,14269,0.0
/dev18500/demods/2/sample.dio,279910136949760,14270,0.0
/dev18500/demods/2/sample.dio,279910137008128,14271,1048576.0
/dev18500/demods/2/sample.dio,279910137066496,14272,3221225664.0
/dev18500/demods/2/sample.dio,279910137124864,14273,1073742016.0
/dev18500/demods/2/sample.dio,279910137183232,14274,0.0
/dev18500/demods/2/sample.dio,279910137241600,14275,0.0
/dev18500/demods/2/sample.dio,279910137299968,14276,3222274048.0
/dev18500/demods/2/sample.dio,279910137358336,14277,3221225664.0
/dev18500/demods/2/sample.dio,279910137416704,14278,1073741824.0
/dev18500/demods/2/sample.dio,279910137475072,14279,0.0
/dev18500/demods/2/sample.dio,279910137533440,14280,0.0
/dev18500/demods/2/sample.dio,279910137591808,14281,3222274048.0
/dev18500/demods/2/sample.dio,279910137650176,14282,3221225664.0
/dev18500/demods/2/sample.dio,279910137708544,14283,1073741824.0
/dev18500/demods/2/sample.dio,279910137766912,14284,0.0
/dev18500/demods/2/sample.dio,279910137825280,14285,0.0
/dev18500/demods/2/sample.dio,279910137883648,14286,3222274240.0
/dev18500/demods/2/sample.dio,279910137942016,14287,3221225664.0
/dev18500/demods/2/sample.dio,279910138000384,14288,0.0
/dev18500/demods/2/sample.dio,279910138058752,14289,0.0
/dev18500/demods/2/sample.dio,279910138117120,14290,1048576.0
/dev18500/demods/2/sample.dio,279910138175488,14291,3222290624.0
/dev18500/demods/2/sample.dio,279910138233856,14292,1073741888.0
/dev18500/demods/2/sample.dio,279910138292224,14293,1073741824.0
/dev18500/demods/2/sample.dio,279910138350592,14294,0.0
/dev18500/demods/2/sample.dio,279910138408960,14295,0.0
/dev18500/demods/2/sample.dio,279910138467328,14296,3221225664.0
/dev18500/demods/2/sample.dio,279910138525696,14297,3221225664.0
/dev18500/demods/2/sample.dio,279910138584064,14298,0.0
/dev18500/demods/2/sample.dio,279910138642432,14299,0.0
/dev18500/demods/2/sample.dio,279910138700800,14300,3222274048.0
/dev18500/demods/2/sample.dio,279910138759168,14301,3221225664.0
/dev18500/demods/2/sample.dio,279910138817536,14302,1073741824.0
/dev18500/demods/2/sample.dio,279910138875904,14303,0.0
/dev18500/demods/2/sample.dio,279910138934272,14304,0.0
/dev18500/demods/2/sample.dio,279910138992640,14305,1048576.0
/dev18500/demods/2/sample.dio,279910139051008,14306,3221225664.0
/dev18500/demods/2/sample.dio,279910139109376,14307,1073741824.0
/dev18500/demods/2/sample.dio,279910139167744,14308,0.0
/dev18500/demods/2/sample.dio,279910139226112,14309,0.0
/dev18500/demods/2/sample.dio,279910139284480,14310,3222274112.0
/dev18500/demods/2/sample.dio,279910139342848,14311,3221225664.0
/dev18500/demods/2/sample.dio,279910139401216,14312,1073741824.0
/dev18500/demods/2/sample.dio,279910139459584,14313,0.0
/dev18500/demods/2/sample.dio,279910139517952,14314,0.0
/dev18500/demods/2/sample.dio,279910139576320,14315,3222290496.0
/dev18500/demods/2/sample.dio,279910139634688,14316,3221225664.0
/dev18500/demods/2/sample.dio,279910139693056,14317,1073741824.0
/dev18500/demods/2/sample.dio,279910139751424,14318,0.0
/dev18500/demods/2/sample.dio,279910139809792,14319,0.0
/dev18500/demods/2/sample.dio,279910139868160,14320,3222274240.0
/dev18500/demods/2/sample.dio,279910139926528,14321,1073742016.0
/dev18500/demods/2/sample.dio,279910139984896,14322,0.0
/dev18500/demods/2/sample.dio,279910140043264,14323,0.0
/dev18500/demods/2/sample.dio,279910140101632,14324,1064960.0
/dev18500/demods/2/sample.dio,279910140160000,14325,3221225664.0
/dev18500/demods/2/sample.dio,279910140218368,14326,1073741824.0
/dev18500/demods/2/sample.dio,279910140276736,14327,1073741824.0
/dev18500/demods/2/sample.dio,279910140335104,14328,0.0
/dev18500/demods/2/sample.dio,279910140393472,14329,1064960.0
/dev18500/demods/2/sample.dio,279910140451840,14330,3221225664.0
/dev18500/demods/2/sample.dio,279910140510208,14331,1073741888.0
/dev18500/demods/2/sample.dio,279910140568576,14332,0.0
/dev18500/demods/2/sample.dio,279910140626944,14333,0.0
/dev18500/demods/2/sample.dio,279910140685312,14334,3222274048.0
/dev18500/demods/2/sample.dio,279910140743680,14335,3221225664.0
/dev18500/demods/2/sample.dio,279910140802048,14336,1073741824.0
/dev18500/demods/2/sample.dio,279910140860416,14337,0.0
/dev18500/demods/2/sample.dio,279910140918784,14338,0.0
/dev18500/demods/2/sample.dio,279910140977152,14339,3222274048.0
/dev18500/demods/2/sample.dio,279910141035520,14340,3221225664.0
/dev18500/demods/2/sample.dio,279910141093888,14341,1073741824.0
/dev18500/demods/2/sample.dio,279910141152256,14342,0.0
/dev18500/demods/2/sample.dio,279910141210624,14343,0.0
/dev18500/demods/2/sample.dio,279910141268992,14344,3222274240.0
/dev18500/demods/2/sample.dio,279910141327360,14345,3221225664.0
/dev18500/demods/2/sample.dio,279910141385728,14346,0.0
/dev18500/demods/2/sample.dio,279910141444096,14347,0.0
/dev18500/demods/2/sample.dio,279910141502464,14348,1048576.0
/dev18500/demods/2/sample.dio,279910141560832,14349,3222274240.0
/dev18500/demods/2/sample.dio,279910141619200,14350,1073741888.0
/dev18500/demods/2/sample.dio,279910141677568,14351,1073741824.0
/dev18500/demods/2/sample.dio,279910141735936,14352,0.0
/dev18500/demods/2/sample.dio,279910141794304,14353,0.0
/dev18500/demods/2/sample.dio,279910141852672,14354,3221225664.0
/dev18500/demods/2/sample.dio,279910141911040,14355,1073742016.0
/dev18500/demods/2/sample.dio,279910141969408,14356,0.0
/dev18500/demods/2/sample.dio,279910142027776,14357,0.0
/dev18500/demods/2/sample.dio,279910142086144,14358,1074790400.0
/dev18500/demods/2/sample.dio,279910142144512,14359,3222274240.0
/dev18500/demods/2/sample.dio,279910142202880,14360,1073741824.0
/dev18500/demods/2/sample.dio,279910142261248,14361,0.0
/dev18500/demods/2/sample.dio,279910142319616,14362,0.0
/dev18500/demods/2/sample.dio,279910142377984,14363,1073741824.0
/dev18500/demods/2/sample.dio,279910142436352,14364,3221225664.0
/dev18500/demods/2/sample.dio,279910142494720,14365,1073750016.0
/dev18500/demods/2/sample.dio,279910142553088,14366,0.0
/dev18500/demods/2/sample.dio,279910142611456,14367,0.0
/dev18500/demods/2/sample.dio,279910142669824,14368,3222290496.0
/dev18500/demods/2/sample.dio,279910142728192,14369,3221225664.0
/dev18500/demods/2/sample.dio,279910142786560,14370,1073741824.0
/dev18500/demods/2/sample.dio,279910142844928,14371,0.0
/dev18500/demods/2/sample.dio,279910142903296,14372,0.0
/dev18500/demods/2/sample.dio,279910142961664,14373,3222274112.0
/dev18500/demods/2/sample.dio,279910143020032,14374,3221225664.0
/dev18500/demods/2/sample.dio,279910143078400,14375,1073741824.0
/dev18500/demods/2/sample.dio,279910143136768,14376,0.0
/dev18500/demods/2/sample.dio,279910143195136,14377,0.0
/dev18500/demods/2/sample.dio,279910143253504,14378,3221225664.0
/dev18500/demods/2/sample.dio,279910143311872,14379,3221225664.0
/dev18500/demods/2/sample.dio,279910143370240,14380,8192.0
/dev18500/demods/2/sample.dio,279910143428608,14381,0.0
/dev18500/demods/2/sample.dio,279910143486976,14382,1048576.0
/dev18500/demods/2/sample.dio,279910143545344,14383,3221242048.0
/dev18500/demods/2/sample.dio,279910143603712,14384,1073741824.0
/dev18500/demods/2/sample.dio,279910143662080,14385,8192.0
/dev18500/demods/2/sample.dio,279910143720448,14386,0.0
/dev18500/demods/2/sample.dio,279910143778816,14387,1048576.0
/dev18500/demods/2/sample.dio,279910143837184,14388,3221225664.0
/dev18500/demods/2/sample.dio,279910143895552,14389,1073741824.0
/dev18500/demods/2/sample.dio,279910143953920,14390,0.0
/dev18500/demods/2/sample.dio,279910144012288,14391,0.0
/dev18500/demods/2/sample.dio,279910144070656,14392,3222274048.0
/dev18500/demods/2/sample.dio,279910144129024,14393,3221225664.0
/dev18500/demods/2/sample.dio,279910144187392,14394,1073741824.0
/dev18500/demods/2/sample.dio,279910144245760,14395,0.0
/dev18500/demods/2/sample.dio,279910144304128,14396,0.0
/dev18500/demods/2/sample.dio,279910144362496,14397,3222274048.0
/dev18500/demods/2/sample.dio,279910144420864,14398,3221225664.0
/dev18500/demods/2/sample.dio,279910144479232,14399,1073741824.0
/dev18500/demods/2/sample.dio,279910144537600,14400,0.0
/dev18500/demods/2/sample.dio,279910144595968,14401,0.0
/dev18500/demods/2/sample.dio,279910144654336,14402,3221225664.0
/dev18500/demods/2/sample.dio,279910144712704,14403,3221233856.0
/dev18500/demods/2/sample.dio,279910144771072,14404,0.0
/dev18500/demods/2/sample.dio,279910144829440,14405,0.0
/dev18500/demods/2/sample.dio,279910144887808,14406,1048576.0
/dev18500/demods/2/sample.dio,279910144946176,14407,3222274112.0
/dev18500/demods/2/sample.dio,279910145004544,14408,1073741888.0
/dev18500/demods/2/sample.dio,279910145062912,14409,1073741824.0
/dev18500/demods/2/sample.dio,279910145121280,14410,0.0
/dev18500/demods/2/sample.dio,279910145179648,14411,0.0
/dev18500/demods/2/sample.dio,279910145238016,14412,3221225664.0
/dev18500/demods/2/sample.dio,279910145296384,14413,3221225664.0
/dev18500/demods/2/sample.dio,279910145354752,14414,0.0
/dev18500/demods/2/sample.dio,279910145413120,14415,0.0
/dev18500/demods/2/sample.dio,279910145471488,14416,1074790400.0
/dev18500/demods/2/sample.dio,279910145529856,14417,3221225664.0
/dev18500/demods/2/sample.dio,279910145588224,14418,1073741824.0
/dev18500/demods/2/sample.dio,279910145646592,14419,0.0
/dev18500/demods/2/sample.dio,279910145704960,14420,0.0
/dev18500/demods/2/sample.dio,279910145763328,14421,1074790400.0
/dev18500/demods/2/sample.dio,279910145821696,14422,3221225664.0
/dev18500/demods/2/sample.dio,279910145880064,14423,1073750016.0
/dev18500/demods/2/sample.dio,279910145938432,14424,0.0
/dev18500/demods/2/sample.dio,279910145996800,14425,0.0
/dev18500/demods/2/sample.dio,279910146055168,14426,3222274048.0
/dev18500/demods/2/sample.dio,279910146113536,14427,3221225664.0
/dev18500/demods/2/sample.dio,279910146171904,14428,1073741824.0
/dev18500/demods/2/sample.dio,279910146230272,14429,0.0
/dev18500/demods/2/sample.dio,279910146288640,14430,0.0
/dev18500/demods/2/sample.dio,279910146347008,14431,3222274112.0
/dev18500/demods/2/sample.dio,279910146405376,14432,1073742016.0
/dev18500/demods/2/sample.dio,279910146463744,14433,1073741824.0
/dev18500/demods/2/sample.dio,279910146522112,14434,0.0
/dev18500/demods/2/sample.dio,279910146580480,14435,0.0
/dev18500/demods/2/sample.dio,279910146638848,14436,3222274240.0
/dev18500/demods/2/sample.dio,279910146697216,14437,1073742016.0
/dev18500/demods/2/sample.dio,279910146755584,14438,0.0
/dev18500/demods/2/sample.dio,279910146813952,14439,0.0
/dev18500/demods/2/sample.dio,279910146872320,14440,1064960.0
/dev18500/demods/2/sample.dio,279910146930688,14441,3221242048.0
/dev18500/demods/2/sample.dio,279910146989056,14442,1073750016.0
/dev18500/demods/2/sample.dio,279910147047424,14443,8192.0
/dev18500/demods/2/sample.dio,279910147105792,14444,0.0
/dev18500/demods/2/sample.dio,279910147164160,14445,0.0
/dev18500/demods/2/sample.dio,279910147222528,14446,3221225664.0
/dev18500/demods/2/sample.dio,279910147280896,14447,1073741824.0
/dev18500/demods/2/sample.dio,279910147339264,14448,0.0
/dev18500/demods/2/sample.dio,279910147397632,14449,0.0
/dev18500/demods/2/sample.dio,279910147456000,14450,3222274112.0
/dev18500/demods/2/sample.dio,279910147514368,14451,3221225664.0
/dev18500/demods/2/sample.dio,279910147572736,14452,1073741824.0
/dev18500/demods/2/sample.dio,279910147631104,14453,0.0
/dev18500/demods/2/sample.dio,279910147689472,14454,0.0
/dev18500/demods/2/sample.dio,279910147747840,14455,1048576.0
/dev18500/demods/2/sample.dio,279910147806208,14456,3221225664.0
/dev18500/demods/2/sample.dio,279910147864576,14457,1073741824.0
/dev18500/demods/2/sample.dio,279910147922944,14458,0.0
/dev18500/demods/2/sample.dio,279910147981312,14459,0.0
/dev18500/demods/2/sample.dio,279910148039680,14460,3222274240.0
/dev18500/demods/2/sample.dio,279910148098048,14461,3221233856.0
/dev18500/demods/2/sample.dio,279910148156416,14462,1073741824.0
/dev18500/demods/2/sample.dio,279910148214784,14463,0.0
/dev18500/demods/2/sample.dio,279910148273152,14464,0.0
/dev18500/demods/2/sample.dio,279910148331520,14465,3222274240.0
/dev18500/demods/2/sample.dio,279910148389888,14466,1073742016.0
/dev18500/demods/2/sample.dio,279910148448256,14467,1073741824.0
/dev18500/demods/2/sample.dio,279910148506624,14468,0.0
/dev18500/demods/2/sample.dio,279910148564992,14469,0.0
/dev18500/demods/2/sample.dio,279910148623360,14470,3221225664.0
/dev18500/demods/2/sample.dio,279910148681728,14471,1073741888.0
/dev18500/demods/2/sample.dio,279910148740096,14472,0.0
/dev18500/demods/2/sample.dio,279910148798464,14473,0.0
/dev18500/demods/2/sample.dio,279910148856832,14474,3222274048.0
/dev18500/demods/2/sample.dio,279910148915200,14475,3222274240.0
/dev18500/demods/2/sample.dio,279910148973568,14476,1073741824.0
/dev18500/demods/2/sample.dio,279910149031936,14477,0.0
/dev18500/demods/2/sample.dio,279910149090304,14478,0.0
/dev18500/demods/2/sample.dio,279910149148672,14479,1048576.0
/dev18500/demods/2/sample.dio,279910149207040,14480,3221225664.0
/dev18500/demods/2/sample.dio,279910149265408,14481,1073750016.0
/dev18500/demods/2/sample.dio,279910149323776,14482,0.0
/dev18500/demods/2/sample.dio,279910149382144,14483,0.0
/dev18500/demods/2/sample.dio,279910149440512,14484,3222274048.0
/dev18500/demods/2/sample.dio,279910149498880,14485,3221225664.0
/dev18500/demods/2/sample.dio,279910149557248,14486,1073741824.0
/dev18500/demods/2/sample.dio,279910149615616,14487,0.0
/dev18500/demods/2/sample.dio,279910149673984,14488,0.0
/dev18500/demods/2/sample.dio,279910149732352,14489,3222274112.0
/dev18500/demods/2/sample.dio,279910149790720,14490,1073750208.0
/dev18500/demods/2/sample.dio,279910149849088,14491,1073741824.0
/dev18500/demods/2/sample.dio,279910149907456,14492,0.0
/dev18500/demods/2/sample.dio,279910149965824,14493,0.0
/dev18500/demods/2/sample.dio,279910150024192,14494,3222274240.0
/dev18500/demods/2/sample.dio,279910150082560,14495,1073742016.0
/dev18500/demods/2/sample.dio,279910150140928,14496,0.0
/dev18500/demods/2/sample.dio,279910150199296,14497,0.0
/dev18500/demods/2/sample.dio,279910150257664,14498,1048576.0
/dev18500/demods/2/sample.dio,279910150316032,14499,3222274240.0
/dev18500/demods/2/sample.dio,279910150374400,14500,1073741824.0
/dev18500/demods/2/sample.dio,279910150432768,14501,0.0
/dev18500/demods/2/sample.dio,279910150491136,14502,0.0
/dev18500/demods/2/sample.dio,279910150549504,14503,16384.0
/dev18500/demods/2/sample.dio,279910150607872,14504,3221225664.0
/dev18500/demods/2/sample.dio,279910150666240,14505,1073741824.0
/dev18500/demods/2/sample.dio,279910150724608,14506,0.0
/dev18500/demods/2/sample.dio,279910150782976,14507,0.0
/dev18500/demods/2/sample.dio,279910150841344,14508,3221225472.0
/dev18500/demods/2/sample.dio,279910150899712,14509,3221225664.0
/dev18500/demods/2/sample.dio,279910150958080,14510,1073741824.0
/dev18500/demods/2/sample.dio,279910151016448,14511,0.0
/dev18500/demods/2/sample.dio,279910151074816,14512,0.0
/dev18500/demods/2/sample.dio,279910151133184,14513,3222274048.0
/dev18500/demods/2/sample.dio,279910151191552,14514,1073742016.0
/dev18500/demods/2/sample.dio,279910151249920,14515,1073741824.0
/dev18500/demods/2/sample.dio,279910151308288,14516,0.0
/dev18500/demods/2/sample.dio,279910151366656,14517,0.0
/dev18500/demods/2/sample.dio,279910151425024,14518,3222274240.0
/dev18500/demods/2/sample.dio,279910151483392,14519,3221225664.0
/dev18500/demods/2/sample.dio,279910151541760,14520,0.0
/dev18500/demods/2/sample.dio,279910151600128,14521,0.0
/dev18500/demods/2/sample.dio,279910151658496,14522,1048576.0
/dev18500/demods/2/sample.dio,279910151716864,14523,3222274240.0
/dev18500/demods/2/sample.dio,279910151775232,14524,1073750080.0
/dev18500/demods/2/sample.dio,279910151833600,14525,0.0
/dev18500/demods/2/sample.dio,279910151891968,14526,0.0
/dev18500/demods/2/sample.dio,279910151950336,14527,1048576.0
/dev18500/demods/2/sample.dio,279910152008704,14528,3221225664.0
/dev18500/demods/2/sample.dio,279910152067072,14529,1073750080.0
/dev18500/demods/2/sample.dio,279910152125440,14530,0.0
/dev18500/demods/2/sample.dio,279910152183808,14531,0.0
/dev18500/demods/2/sample.dio,279910152242176,14532,1048576.0
/dev18500/demods/2/sample.dio,279910152300544,14533,3221225664.0
/dev18500/demods/2/sample.dio,279910152358912,14534,1073741824.0
/dev18500/demods/2/sample.dio,279910152417280,14535,0.0
/dev18500/demods/2/sample.dio,279910152475648,14536,0.0
/dev18500/demods/2/sample.dio,279910152534016,14537,3222274048.0
/dev18500/demods/2/sample.dio,279910152592384,14538,3221225664.0
/dev18500/demods/2/sample.dio,279910152650752,14539,1073741824.0
/dev18500/demods/2/sample.dio,279910152709120,14540,0.0
/dev18500/demods/2/sample.dio,279910152767488,14541,0.0
/dev18500/demods/2/sample.dio,279910152825856,14542,3222274240.0
/dev18500/demods/2/sample.dio,279910152884224,14543,3221225664.0
/dev18500/demods/2/sample.dio,279910152942592,14544,1073741824.0
/dev18500/demods/2/sample.dio,279910153000960,14545,0.0
/dev18500/demods/2/sample.dio,279910153059328,14546,16384.0
/dev18500/demods/2/sample.dio,279910153117696,14547,3222274240.0
/dev18500/demods/2/sample.dio,279910153176064,14548,1073742016.0
/dev18500/demods/2/sample.dio,279910153234432,14549,1073750016.0
/dev18500/demods/2/sample.dio,279910153292800,14550,0.0
/dev18500/demods/2/sample.dio,279910153351168,14551,0.0
/dev18500/demods/2/sample.dio,279910153409536,14552,3222274240.0
/dev18500/demods/2/sample.dio,279910153467904,14553,1073742016.0
/dev18500/demods/2/sample.dio,279910153526272,14554,0.0
/dev18500/demods/2/sample.dio,279910153584640,14555,0.0
/dev18500/demods/2/sample.dio,279910153643008,14556,1074790400.0
/dev18500/demods/2/sample.dio,279910153701376,14557,3222274240.0
/dev18500/demods/2/sample.dio,279910153759744,14558,1073741824.0
/dev18500/demods/2/sample.dio,279910153818112,14559,0.0
/dev18500/demods/2/sample.dio,279910153876480,14560,0.0
/dev18500/demods/2/sample.dio,279910153934848,14561,0.0
/dev18500/demods/2/sample.dio,279910153993216,14562,3221233856.0
/dev18500/demods/2/sample.dio,279910154051584,14563,1073741824.0
/dev18500/demods/2/sample.dio,279910154109952,14564,0.0
/dev18500/demods/2/sample.dio,279910154168320,14565,0.0
/dev18500/demods/2/sample.dio,279910154226688,14566,3221241920.0
/dev18500/demods/2/sample.dio,279910154285056,14567,3221225664.0
/dev18500/demods/2/sample.dio,279910154343424,14568,1073741824.0
/dev18500/demods/2/sample.dio,279910154401792,14569,0.0
/dev18500/demods/2/sample.dio,279910154460160,14570,0.0
/dev18500/demods/2/sample.dio,279910154518528,14571,3222274112.0
/dev18500/demods/2/sample.dio,279910154576896,14572,3221225664.0
/dev18500/demods/2/sample.dio,279910154635264,14573,1073741824.0
/dev18500/demods/2/sample.dio,279910154693632,14574,0.0
/dev18500/demods/2/sample.dio,279910154752000,14575,0.0
/dev18500/demods/2/sample.dio,279910154810368,14576,3222274240.0
/dev18500/demods/2/sample.dio,279910154868736,14577,3221233856.0
/dev18500/demods/2/sample.dio,279910154927104,14578,0.0
/dev18500/demods/2/sample.dio,279910154985472,14579,0.0
/dev18500/demods/2/sample.dio,279910155043840,14580,1048576.0
/dev18500/demods/2/sample.dio,279910155102208,14581,3222274240.0
/dev18500/demods/2/sample.dio,279910155160576,14582,1073741888.0
/dev18500/demods/2/sample.dio,279910155218944,14583,0.0
/dev18500/demods/2/sample.dio,279910155277312,14584,0.0
/dev18500/demods/2/sample.dio,279910155335680,14585,1048576.0
/dev18500/demods/2/sample.dio,279910155394048,14586,3221225664.0
/dev18500/demods/2/sample.dio,279910155452416,14587,1073741888.0
/dev18500/demods/2/sample.dio,279910155510784,14588,0.0
/dev18500/demods/2/sample.dio,279910155569152,14589,0.0
/dev18500/demods/2/sample.dio,279910155627520,14590,3222274048.0
/dev18500/demods/2/sample.dio,279910155685888,14591,3221225664.0
/dev18500/demods/2/sample.dio,279910155744256,14592,1073741824.0
/dev18500/demods/2/sample.dio,279910155802624,14593,0.0
/dev18500/demods/2/sample.dio,279910155860992,14594,0.0
/dev18500/demods/2/sample.dio,279910155919360,14595,1074790400.0
