path,timestamp,sample_index,value
/dev18500/demods/2/sample.dio,279876300436480,0,3222290432.0
/dev18500/demods/2/sample.dio,279876300494848,1,3221225664.0
/dev18500/demods/2/sample.dio,279876300553216,2,1073741824.0
/dev18500/demods/2/sample.dio,279876300611584,3,0.0
/dev18500/demods/2/sample.dio,279876300669952,4,0.0
/dev18500/demods/2/sample.dio,279876300728320,5,1048576.0
/dev18500/demods/2/sample.dio,279876300786688,6,3221233856.0
/dev18500/demods/2/sample.dio,279876300845056,7,1073741824.0
/dev18500/demods/2/sample.dio,279876300903424,8,0.0
/dev18500/demods/2/sample.dio,279876300961792,9,0.0
/dev18500/demods/2/sample.dio,279876301020160,10,3222274240.0
/dev18500/demods/2/sample.dio,279876301078528,11,3221225664.0
/dev18500/demods/2/sample.dio,279876301136896,12,1073741824.0
/dev18500/demods/2/sample.dio,279876301195264,13,0.0
/dev18500/demods/2/sample.dio,279876301253632,14,0.0
/dev18500/demods/2/sample.dio,279876301312000,15,3222274240.0
/dev18500/demods/2/sample.dio,279876301370368,16,1073742016.0
/dev18500/demods/2/sample.dio,279876301428736,17,1073741824.0
/dev18500/demods/2/sample.dio,279876301487104,18,0.0
/dev18500/demods/2/sample.dio,279876301545472,19,0.0
/dev18500/demods/2/sample.dio,279876301603840,20,3221225664.0
/dev18500/demods/2/sample.dio,279876301662208,21,1073742016.0
/dev18500/demods/2/sample.dio,279876301720576,22,0.0
/dev18500/demods/2/sample.dio,279876301778944,23,0.0
/dev18500/demods/2/sample.dio,279876301837312,24,1074790400.0
/dev18500/demods/2/sample.dio,279876301895680,25,3221225664.0
/dev18500/demods/2/sample.dio,279876301954048,26,1073741824.0
/dev18500/demods/2/sample.dio,279876302012416,27,0.0
/dev18500/demods/2/sample.dio,279876302070784,28,0.0
/dev18500/demods/2/sample.dio,279876302129152,29,1048576.0
/dev18500/demods/2/sample.dio,279876302187520,30,3221225664.0
/dev18500/demods/2/sample.dio,279876302245888,31,1073741824.0
/dev18500/demods/2/sample.dio,279876302304256,32,0.0
/dev18500/demods/2/sample.dio,279876302362624,33,0.0
/dev18500/demods/2/sample.dio,279876302420992,34,3222274048.0
/dev18500/demods/2/sample.dio,279876302479360,35,3221233856.0
/dev18500/demods/2/sample.dio,279876302537728,36,1073741824.0
/dev18500/demods/2/sample.dio,279876302596096,37,0.0
/dev18500/demods/2/sample.dio,279876302654464,38,0.0
/dev18500/demods/2/sample.dio,279876302712832,39,3222274112.0
/dev18500/demods/2/sample.dio,279876302771200,40,1073742016.0
/dev18500/demods/2/sample.dio,279876302829568,41,1073741824.0
/dev18500/demods/2/sample.dio,279876302887936,42,0.0
/dev18500/demods/2/sample.dio,279876302946304,43,0.0
/dev18500/demods/2/sample.dio,279876303004672,44,3221225664.0
/dev18500/demods/2/sample.dio,279876303063040,45,3221225664.0
/dev18500/demods/2/sample.dio,279876303121408,46,0.0
/dev18500/demods/2/sample.dio,279876303179776,47,0.0
/dev18500/demods/2/sample.dio,279876303238144,48,1048576.0
/dev18500/demods/2/sample.dio,279876303296512,49,3221225664.0
/dev18500/demods/2/sample.dio,279876303354880,50,1073741824.0
/dev18500/demods/2/sample.dio,279876303413248,51,0.0
/dev18500/demods/2/sample.dio,279876303471616,52,0.0
/dev18500/demods/2/sample.dio,279876303529984,53,0.0
/dev18500/demods/2/sample.dio,279876303588352,54,3221225664.0
/dev18500/demods/2/sample.dio,279876303646720,55,1073741824.0
/dev18500/demods/2/sample.dio,279876303705088,56,0.0
/dev18500/demods/2/sample.dio,279876303763456,57,0.0
/dev18500/demods/2/sample.dio,279876303821824,58,3222274048.0
/dev18500/demods/2/sample.dio,279876303880192,59,3221225664.0
/dev18500/demods/2/sample.dio,279876303938560,60,1073750016.0
/dev18500/demods/2/sample.dio,279876303996928,61,0.0
/dev18500/demods/2/sample.dio,279876304055296,62,0.0
/dev18500/demods/2/sample.dio,279876304113664,63,3222274048.0
/dev18500/demods/2/sample.dio,279876304172032,64,3221233856.0
/dev18500/demods/2/sample.dio,279876304230400,65,1073741824.0
/dev18500/demods/2/sample.dio,279876304288768,66,0.0
/dev18500/demods/2/sample.dio,279876304347136,67,0.0
/dev18500/demods/2/sample.dio,279876304405504,68,3222274240.0
/dev18500/demods/2/sample.dio,279876304463872,69,3221225664.0
/dev18500/demods/2/sample.dio,279876304522240,70,0.0
/dev18500/demods/2/sample.dio,279876304580608,71,0.0
/dev18500/demods/2/sample.dio,279876304638976,72,1048576.0
/dev18500/demods/2/sample.dio,279876304697344,73,3222290496.0
/dev18500/demods/2/sample.dio,279876304755712,74,1073741888.0
/dev18500/demods/2/sample.dio,279876304814080,75,0.0
/dev18500/demods/2/sample.dio,279876304872448,76,0.0
/dev18500/demods/2/sample.dio,279876304930816,77,0.0
/dev18500/demods/2/sample.dio,279876304989184,78,3221225664.0
/dev18500/demods/2/sample.dio,279876305047552,79,1073741888.0
/dev18500/demods/2/sample.dio,279876305105920,80,0.0
/dev18500/demods/2/sample.dio,279876305164288,81,0.0
/dev18500/demods/2/sample.dio,279876305222656,82,3222274048.0
/dev18500/demods/2/sample.dio,279876305281024,83,3221225664.0
/dev18500/demods/2/sample.dio,279876305339392,84,1073741824.0
/dev18500/demods/2/sample.dio,279876305397760,85,0.0
/dev18500/demods/2/sample.dio,279876305456128,86,0.0
/dev18500/demods/2/sample.dio,279876305514496,87,1074790400.0
/dev18500/demods/2/sample.dio,279876305572864,88,3221225664.0
/dev18500/demods/2/sample.dio,279876305631232,89,1073741824.0
/dev18500/demods/2/sample.dio,279876305689600,90,0.0
/dev18500/demods/2/sample.dio,279876305747968,91,0.0
/dev18500/demods/2/sample.dio,279876305806336,92,3222274240.0
/dev18500/demods/2/sample.dio,279876305864704,93,3221233856.0
/dev18500/demods/2/sample.dio,279876305923072,94,1073741824.0
/dev18500/demods/2/sample.dio,279876305981440,95,0.0
/dev18500/demods/2/sample.dio,279876306039808,96,0.0
/dev18500/demods/2/sample.dio,279876306098176,97,3222274112.0
/dev18500/demods/2/sample.dio,279876306156544,98,1073742016.0
/dev18500/demods/2/sample.dio,279876306214912,99,1073750016.0
/dev18500/demods/2/sample.dio,279876306273280,100,0.0
/dev18500/demods/2/sample.dio,279876306331648,101,0.0
/dev18500/demods/2/sample.dio,279876306390016,102,3222274240.0
/dev18500/demods/2/sample.dio,279876306448384,103,1073742016.0
/dev18500/demods/2/sample.dio,279876306506752,104,0.0
/dev18500/demods/2/sample.dio,279876306565120,105,0.0
/dev18500/demods/2/sample.dio,279876306623488,106,1048576.0
/dev18500/demods/2/sample.dio,279876306681856,107,3221225664.0
/dev18500/demods/2/sample.dio,279876306740224,108,1073741824.0
/dev18500/demods/2/sample.dio,279876306798592,109,0.0
/dev18500/demods/2/sample.dio,279876306856960,110,0.0
/dev18500/demods/2/sample.dio,279876306915328,111,0.0
/dev18500/demods/2/sample.dio,279876306973696,112,3221233856.0
/dev18500/demods/2/sample.dio,279876307032064,113,1073741824.0
/dev18500/demods/2/sample.dio,279876307090432,114,0.0
/dev18500/demods/2/sample.dio,279876307148800,115,0.0
/dev18500/demods/2/sample.dio,279876307207168,116,3221225536.0
/dev18500/demods/2/sample.dio,279876307265536,117,3221225664.0
/dev18500/demods/2/sample.dio,279876307323904,118,1073741824.0
/dev18500/demods/2/sample.dio,279876307382272,119,0.0
/dev18500/demods/2/sample.dio,279876307440640,120,0.0
/dev18500/demods/2/sample.dio,279876307499008,121,3222274112.0
/dev18500/demods/2/sample.dio,279876307557376,122,3221225664.0
/dev18500/demods/2/sample.dio,279876307615744,123,1073741824.0
/dev18500/demods/2/sample.dio,279876307674112,124,0.0
/dev18500/demods/2/sample.dio,279876307732480,125,0.0
/dev18500/demods/2/sample.dio,279876307790848,126,3222274240.0
/dev18500/demods/2/sample.dio,279876307849216,127,3221225664.0
/dev18500/demods/2/sample.dio,279876307907584,128,0.0
/dev18500/demods/2/sample.dio,279876307965952,129,0.0
/dev18500/demods/2/sample.dio,279876308024320,130,1048576.0
/dev18500/demods/2/sample.dio,279876308082688,131,3222274240.0
/dev18500/demods/2/sample.dio,279876308141056,132,1073741888.0
/dev18500/demods/2/sample.dio,279876308199424,133,1073741824.0
/dev18500/demods/2/sample.dio,279876308257792,134,0.0
/dev18500/demods/2/sample.dio,279876308316160,135,0.0
/dev18500/demods/2/sample.dio,279876308374528,136,3221225664.0
/dev18500/demods/2/sample.dio,279876308432896,137,1073741888.0
/dev18500/demods/2/sample.dio,279876308491264,138,0.0
/dev18500/demods/2/sample.dio,279876308549632,139,0.0
/dev18500/demods/2/sample.dio,279876308608000,140,3222274048.0
/dev18500/demods/2/sample.dio,279876308666368,141,3221225664.0
/dev18500/demods/2/sample.dio,279876308724736,142,1073741824.0
/dev18500/demods/2/sample.dio,279876308783104,143,0.0
/dev18500/demods/2/sample.dio,279876308841472,144,0.0
/dev18500/demods/2/sample.dio,279876308899840,145,1074790400.0
/dev18500/demods/2/sample.dio,279876308958208,146,3221225664.0
/dev18500/demods/2/sample.dio,279876309016576,147,1073741824.0
/dev18500/demods/2/sample.dio,279876309074944,148,0.0
/dev18500/demods/2/sample.dio,279876309133312,149,0.0
/dev18500/demods/2/sample.dio,279876309191680,150,3221225664.0
/dev18500/demods/2/sample.dio,279876309250048,151,3221225664.0
/dev18500/demods/2/sample.dio,279876309308416,152,1073741824.0
/dev18500/demods/2/sample.dio,279876309366784,153,0.0
/dev18500/demods/2/sample.dio,279876309425152,154,0.0
/dev18500/demods/2/sample.dio,279876309483520,155,3222274240.0
/dev18500/demods/2/sample.dio,279876309541888,156,1073750208.0
/dev18500/demods/2/sample.dio,279876309600256,157,1073741824.0
/dev18500/demods/2/sample.dio,279876309658624,158,0.0
/dev18500/demods/2/sample.dio,279876309716992,159,16384.0
/dev18500/demods/2/sample.dio,279876309775360,160,3222274240.0
/dev18500/demods/2/sample.dio,279876309833728,161,1073742016.0
/dev18500/demods/2/sample.dio,279876309892096,162,0.0
/dev18500/demods/2/sample.dio,279876309950464,163,0.0
/dev18500/demods/2/sample.dio,279876310008832,164,1048576.0
/dev18500/demods/2/sample.dio,279876310067200,165,3221225664.0
/dev18500/demods/2/sample.dio,279876310125568,166,1073741888.0
/dev18500/demods/2/sample.dio,279876310183936,167,0.0
/dev18500/demods/2/sample.dio,279876310242304,168,0.0
/dev18500/demods/2/sample.dio,279876310300672,169,0.0
/dev18500/demods/2/sample.dio,279876310359040,170,3221225664.0
/dev18500/demods/2/sample.dio,279876310417408,171,1073741824.0
/dev18500/demods/2/sample.dio,279876310475776,172,0.0
/dev18500/demods/2/sample.dio,279876310534144,173,0.0
/dev18500/demods/2/sample.dio,279876310592512,174,3221225536.0
/dev18500/demods/2/sample.dio,279876310650880,175,3221225664.0
/dev18500/demods/2/sample.dio,279876310709248,176,1073741824.0
/dev18500/demods/2/sample.dio,279876310767616,177,0.0
/dev18500/demods/2/sample.dio,279876310825984,178,0.0
/dev18500/demods/2/sample.dio,279876310884352,179,3222274112.0
/dev18500/demods/2/sample.dio,279876310942720,180,3221233856.0
/dev18500/demods/2/sample.dio,279876311001088,181,1073741824.0
/dev18500/demods/2/sample.dio,279876311059456,182,0.0
/dev18500/demods/2/sample.dio,279876311117824,183,0.0
/dev18500/demods/2/sample.dio,279876311176192,184,3222274240.0
/dev18500/demods/2/sample.dio,279876311234560,185,3221225664.0
/dev18500/demods/2/sample.dio,279876311292928,186,8192.0
/dev18500/demods/2/sample.dio,279876311351296,187,0.0
/dev18500/demods/2/sample.dio,279876311409664,188,1048576.0
/dev18500/demods/2/sample.dio,279876311468032,189,3222274240.0
/dev18500/demods/2/sample.dio,279876311526400,190,1073741824.0
/dev18500/demods/2/sample.dio,279876311584768,191,0.0
/dev18500/demods/2/sample.dio,279876311643136,192,0.0
/dev18500/demods/2/sample.dio,279876311701504,193,0.0
/dev18500/demods/2/sample.dio,279876311759872,194,3221225664.0
/dev18500/demods/2/sample.dio,279876311818240,195,1073742016.0
/dev18500/demods/2/sample.dio,279876311876608,196,0.0
/dev18500/demods/2/sample.dio,279876311934976,197,0.0
/dev18500/demods/2/sample.dio,279876311993344,198,3222274048.0
/dev18500/demods/2/sample.dio,279876312051712,199,3221225664.0
/dev18500/demods/2/sample.dio,279876312110080,200,1073741824.0
/dev18500/demods/2/sample.dio,279876312168448,201,0.0
/dev18500/demods/2/sample.dio,279876312226816,202,0.0
/dev18500/demods/2/sample.dio,279876312285184,203,1073741824.0
/dev18500/demods/2/sample.dio,279876312343552,204,3221225664.0
/dev18500/demods/2/sample.dio,279876312401920,205,1073741824.0
/dev18500/demods/2/sample.dio,279876312460288,206,0.0
/dev18500/demods/2/sample.dio,279876312518656,207,0.0
/dev18500/demods/2/sample.dio,279876312577024,208,3222274240.0
/dev18500/demods/2/sample.dio,279876312635392,209,3221225664.0
/dev18500/demods/2/sample.dio,279876312693760,210,0.0
/dev18500/demods/2/sample.dio,279876312752128,211,0.0
/dev18500/demods/2/sample.dio,279876312810496,212,0.0
/dev18500/demods/2/sample.dio,279876312868864,213,3222274112.0
/dev18500/demods/2/sample.dio,279876312927232,214,1073742016.0
/dev18500/demods/2/sample.dio,279876312985600,215,1073741824.0
/dev18500/demods/2/sample.dio,279876313043968,216,0.0
/dev18500/demods/2/sample.dio,279876313102336,217,0.0
/dev18500/demods/2/sample.dio,279876313160704,218,3222274240.0
/dev18500/demods/2/sample.dio,279876313219072,219,1073742016.0
/dev18500/demods/2/sample.dio,279876313277440,220,0.0
/dev18500/demods/2/sample.dio,279876313335808,221,0.0
/dev18500/demods/2/sample.dio,279876313394176,222,1048576.0
/dev18500/demods/2/sample.dio,279876313452544,223,3221225664.0
/dev18500/demods/2/sample.dio,279876313510912,224,1073741824.0
/dev18500/demods/2/sample.dio,279876313569280,225,0.0
/dev18500/demods/2/sample.dio,279876313627648,226,0.0
/dev18500/demods/2/sample.dio,279876313686016,227,0.0
/dev18500/demods/2/sample.dio,279876313744384,228,3221233856.0
/dev18500/demods/2/sample.dio,279876313802752,229,1073741888.0
/dev18500/demods/2/sample.dio,279876313861120,230,0.0
/dev18500/demods/2/sample.dio,279876313919488,231,0.0
/dev18500/demods/2/sample.dio,279876313977856,232,3221225536.0
/dev18500/demods/2/sample.dio,279876314036224,233,3221225664.0
/dev18500/demods/2/sample.dio,279876314094592,234,1073741824.0
/dev18500/demods/2/sample.dio,279876314152960,235,0.0
/dev18500/demods/2/sample.dio,279876314211328,236,0.0
/dev18500/demods/2/sample.dio,279876314269696,237,3222274112.0
/dev18500/demods/2/sample.dio,279876314328064,238,3221225664.0
/dev18500/demods/2/sample.dio,279876314386432,239,1073741824.0
/dev18500/demods/2/sample.dio,279876314444800,240,0.0
/dev18500/demods/2/sample.dio,279876314503168,241,0.0
/dev18500/demods/2/sample.dio,279876314561536,242,3222274240.0
/dev18500/demods/2/sample.dio,279876314619904,243,3221225664.0
/dev18500/demods/2/sample.dio,279876314678272,244,0.0
/dev18500/demods/2/sample.dio,279876314736640,245,0.0
/dev18500/demods/2/sample.dio,279876314795008,246,1048576.0
/dev18500/demods/2/sample.dio,279876314853376,247,3222274240.0
/dev18500/demods/2/sample.dio,279876314911744,248,1073750080.0
/dev18500/demods/2/sample.dio,279876314970112,249,1073741824.0
/dev18500/demods/2/sample.dio,279876315028480,250,0.0
/dev18500/demods/2/sample.dio,279876315086848,251,0.0
/dev18500/demods/2/sample.dio,279876315145216,252,3221225664.0
/dev18500/demods/2/sample.dio,279876315203584,253,1073742016.0
/dev18500/demods/2/sample.dio,279876315261952,254,0.0
/dev18500/demods/2/sample.dio,279876315320320,255,0.0
/dev18500/demods/2/sample.dio,279876315378688,256,3221225472.0
/dev18500/demods/2/sample.dio,279876315437056,257,3221225664.0
/dev18500/demods/2/sample.dio,279876315495424,258,1073741824.0
/dev18500/demods/2/sample.dio,279876315553792,259,0.0
/dev18500/demods/2/sample.dio,279876315612160,260,0.0
/dev18500/demods/2/sample.dio,279876315670528,261,3222274048.0
/dev18500/demods/2/sample.dio,279876315728896,262,3221225664.0
/dev18500/demods/2/sample.dio,279876315787264,263,1073741824.0
/dev18500/demods/2/sample.dio,279876315845632,264,0.0
/dev18500/demods/2/sample.dio,279876315904000,265,0.0
/dev18500/demods/2/sample.dio,279876315962368,266,3222274112.0
/dev18500/demods/2/sample.dio,279876316020736,267,3221225664.0
/dev18500/demods/2/sample.dio,279876316079104,268,1073741824.0
/dev18500/demods/2/sample.dio,279876316137472,269,0.0
/dev18500/demods/2/sample.dio,279876316195840,270,0.0
/dev18500/demods/2/sample.dio,279876316254208,271,3222274112.0
/dev18500/demods/2/sample.dio,279876316312576,272,1073741888.0
/dev18500/demods/2/sample.dio,279876316370944,273,1073741824.0
/dev18500/demods/2/sample.dio,279876316429312,274,0.0
/dev18500/demods/2/sample.dio,279876316487680,275,0.0
/dev18500/demods/2/sample.dio,279876316546048,276,3221242048.0
/dev18500/demods/2/sample.dio,279876316604416,277,1073742016.0
/dev18500/demods/2/sample.dio,279876316662784,278,0.0
/dev18500/demods/2/sample.dio,279876316721152,279,0.0
/dev18500/demods/2/sample.dio,279876316779520,280,1074790400.0
/dev18500/demods/2/sample.dio,279876316837888,281,3222274240.0
/dev18500/demods/2/sample.dio,279876316896256,282,1073741824.0
/dev18500/demods/2/sample.dio,279876316954624,283,0.0
/dev18500/demods/2/sample.dio,279876317012992,284,0.0
/dev18500/demods/2/sample.dio,279876317071360,285,1048576.0
/dev18500/demods/2/sample.dio,279876317129728,286,3221225664.0
/dev18500/demods/2/sample.dio,279876317188096,287,1073741824.0
/dev18500/demods/2/sample.dio,279876317246464,288,0.0
/dev18500/demods/2/sample.dio,279876317304832,289,0.0
/dev18500/demods/2/sample.dio,279876317363200,290,3221225536.0
/dev18500/demods/2/sample.dio,279876317421568,291,3221225664.0
/dev18500/demods/2/sample.dio,279876317479936,292,1073750016.0
/dev18500/demods/2/sample.dio,279876317538304,293,0.0
/dev18500/demods/2/sample.dio,279876317596672,294,0.0
/dev18500/demods/2/sample.dio,279876317655040,295,3221225536.0
/dev18500/demods/2/sample.dio,279876317713408,296,3221225664.0
/dev18500/demods/2/sample.dio,279876317771776,297,1073741824.0
/dev18500/demods/2/sample.dio,279876317830144,298,0.0
/dev18500/demods/2/sample.dio,279876317888512,299,0.0
/dev18500/demods/2/sample.dio,279876317946880,300,3222274240.0
/dev18500/demods/2/sample.dio,279876318005248,301,3221225664.0
/dev18500/demods/2/sample.dio,279876318063616,302,0.0
/dev18500/demods/2/sample.dio,279876318121984,303,0.0
/dev18500/demods/2/sample.dio,279876318180352,304,1048576.0
/dev18500/demods/2/sample.dio,279876318238720,305,3222274112.0
/dev18500/demods/2/sample.dio,279876318297088,306,1073750080.0
/dev18500/demods/2/sample.dio,279876318355456,307,0.0
/dev18500/demods/2/sample.dio,279876318413824,308,0.0
/dev18500/demods/2/sample.dio,279876318472192,309,1048576.0
/dev18500/demods/2/sample.dio,279876318530560,310,3221225664.0
/dev18500/demods/2/sample.dio,279876318588928,311,1073741888.0
/dev18500/demods/2/sample.dio,279876318647296,312,0.0
/dev18500/demods/2/sample.dio,279876318705664,313,0.0
/dev18500/demods/2/sample.dio,279876318764032,314,3222274048.0
/dev18500/demods/2/sample.dio,279876318822400,315,3222274240.0
/dev18500/demods/2/sample.dio,279876318880768,316,1073741824.0
/dev18500/demods/2/sample.dio,279876318939136,317,8192.0
/dev18500/demods/2/sample.dio,279876318997504,318,0.0
/dev18500/demods/2/sample.dio,279876319055872,319,1074790400.0
/dev18500/demods/2/sample.dio,279876319114240,320,3221225664.0
/dev18500/demods/2/sample.dio,279876319172608,321,1073741824.0
/dev18500/demods/2/sample.dio,279876319230976,322,0.0
/dev18500/demods/2/sample.dio,279876319289344,323,0.0
/dev18500/demods/2/sample.dio,279876319347712,324,3222274240.0
/dev18500/demods/2/sample.dio,279876319406080,325,3221225664.0
/dev18500/demods/2/sample.dio,279876319464448,326,1073741824.0
/dev18500/demods/2/sample.dio,279876319522816,327,0.0
/dev18500/demods/2/sample.dio,279876319581184,328,0.0
/dev18500/demods/2/sample.dio,279876319639552,329,3222274240.0
/dev18500/demods/2/sample.dio,279876319697920,330,1073742016.0
/dev18500/demods/2/sample.dio,279876319756288,331,1073741824.0
/dev18500/demods/2/sample.dio,279876319814656,332,0.0
/dev18500/demods/2/sample.dio,279876319873024,333,0.0
/dev18500/demods/2/sample.dio,279876319931392,334,3222274240.0
/dev18500/demods/2/sample.dio,279876319989760,335,1073742016.0
/dev18500/demods/2/sample.dio,279876320048128,336,0.0
/dev18500/demods/2/sample.dio,279876320106496,337,0.0
/dev18500/demods/2/sample.dio,279876320164864,338,1074790400.0
/dev18500/demods/2/sample.dio,279876320223232,339,3222274240.0
/dev18500/demods/2/sample.dio,279876320281600,340,1073741824.0
/dev18500/demods/2/sample.dio,279876320339968,341,0.0
/dev18500/demods/2/sample.dio,279876320398336,342,0.0
/dev18500/demods/2/sample.dio,279876320456704,343,1048576.0
/dev18500/demods/2/sample.dio,279876320515072,344,3221233856.0
/dev18500/demods/2/sample.dio,279876320573440,345,1073741824.0
/dev18500/demods/2/sample.dio,279876320631808,346,0.0
/dev18500/demods/2/sample.dio,279876320690176,347,0.0
/dev18500/demods/2/sample.dio,279876320748544,348,3221241920.0
/dev18500/demods/2/sample.dio,279876320806912,349,3221225664.0
/dev18500/demods/2/sample.dio,279876320865280,350,1073741824.0
/dev18500/demods/2/sample.dio,279876320923648,351,0.0
/dev18500/demods/2/sample.dio,279876320982016,352,0.0
/dev18500/demods/2/sample.dio,279876321040384,353,3222274048.0
/dev18500/demods/2/sample.dio,279876321098752,354,3221225664.0
/dev18500/demods/2/sample.dio,279876321157120,355,1073741824.0
/dev18500/demods/2/sample.dio,279876321215488,356,0.0
/dev18500/demods/2/sample.dio,279876321273856,357,0.0
/dev18500/demods/2/sample.dio,279876321332224,358,3222274240.0
/dev18500/demods/2/sample.dio,279876321390592,359,3221225664.0
/dev18500/demods/2/sample.dio,279876321448960,360,0.0
/dev18500/demods/2/sample.dio,279876321507328,361,0.0
/dev18500/demods/2/sample.dio,279876321565696,362,1048576.0
/dev18500/demods/2/sample.dio,279876321624064,363,3222290624.0
/dev18500/demods/2/sample.dio,279876321682432,364,1073741824.0
/dev18500/demods/2/sample.dio,279876321740800,365,0.0
/dev18500/demods/2/sample.dio,279876321799168,366,0.0
/dev18500/demods/2/sample.dio,279876321857536,367,1048576.0
/dev18500/demods/2/sample.dio,279876321915904,368,3222290624.0
/dev18500/demods/2/sample.dio,279876321974272,369,1073741888.0
/dev18500/demods/2/sample.dio,279876322032640,370,0.0
/dev18500/demods/2/sample.dio,279876322091008,371,0.0
/dev18500/demods/2/sample.dio,279876322149376,372,3222274048.0
/dev18500/demods/2/sample.dio,279876322207744,373,3221225664.0
/dev18500/demods/2/sample.dio,279876322266112,374,1073750016.0
/dev18500/demods/2/sample.dio,279876322324480,375,0.0
/dev18500/demods/2/sample.dio,279876322382848,376,0.0
/dev18500/demods/2/sample.dio,279876322441216,377,3222274048.0
/dev18500/demods/2/sample.dio,279876322499584,378,3221233856.0
/dev18500/demods/2/sample.dio,279876322557952,379,1073750016.0
/dev18500/demods/2/sample.dio,279876322616320,380,0.0
/dev18500/demods/2/sample.dio,279876322674688,381,0.0
/dev18500/demods/2/sample.dio,279876322733056,382,3221225664.0
/dev18500/demods/2/sample.dio,279876322791424,383,3221225664.0
/dev18500/demods/2/sample.dio,279876322849792,384,1073741824.0
/dev18500/demods/2/sample.dio,279876322908160,385,0.0
/dev18500/demods/2/sample.dio,279876322966528,386,0.0
/dev18500/demods/2/sample.dio,279876323024896,387,3221225664.0
/dev18500/demods/2/sample.dio,279876323083264,388,1073742016.0
/dev18500/demods/2/sample.dio,279876323141632,389,1073741824.0
/dev18500/demods/2/sample.dio,279876323200000,390,0.0
/dev18500/demods/2/sample.dio,279876323258368,391,0.0
/dev18500/demods/2/sample.dio,279876323316736,392,3222290624.0
/dev18500/demods/2/sample.dio,279876323375104,393,1073742016.0
/dev18500/demods/2/sample.dio,279876323433472,394,0.0
/dev18500/demods/2/sample.dio,279876323491840,395,0.0
/dev18500/demods/2/sample.dio,279876323550208,396,1048576.0
/dev18500/demods/2/sample.dio,279876323608576,397,3222274240.0
/dev18500/demods/2/sample.dio,279876323666944,398,1073741824.0
/dev18500/demods/2/sample.dio,279876323725312,399,0.0
/dev18500/demods/2/sample.dio,279876323783680,400,0.0
/dev18500/demods/2/sample.dio,279876323842048,401,0.0
/dev18500/demods/2/sample.dio,279876323900416,402,3221225664.0
/dev18500/demods/2/sample.dio,279876323958784,403,1073741824.0
/dev18500/demods/2/sample.dio,279876324017152,404,0.0
/dev18500/demods/2/sample.dio,279876324075520,405,0.0
/dev18500/demods/2/sample.dio,279876324133888,406,3222274112.0
/dev18500/demods/2/sample.dio,279876324192256,407,3221225664.0
/dev18500/demods/2/sample.dio,279876324250624,408,1073750016.0
/dev18500/demods/2/sample.dio,279876324308992,409,0.0
/dev18500/demods/2/sample.dio,279876324367360,410,32768.0
/dev18500/demods/2/sample.dio,279876324425728,411,3222274112.0
/dev18500/demods/2/sample.dio,279876324484096,412,3221233856.0
/dev18500/demods/2/sample.dio,279876324542464,413,1073750016.0
/dev18500/demods/2/sample.dio,279876324600832,414,0.0
/dev18500/demods/2/sample.dio,279876324659200,415,0.0
/dev18500/demods/2/sample.dio,279876324717568,416,3221225664.0
/dev18500/demods/2/sample.dio,279876324775936,417,3221225664.0
/dev18500/demods/2/sample.dio,279876324834304,418,0.0
/dev18500/demods/2/sample.dio,279876324892672,419,0.0
/dev18500/demods/2/sample.dio,279876324951040,420,1048576.0
/dev18500/demods/2/sample.dio,279876325009408,421,3221225664.0
/dev18500/demods/2/sample.dio,279876325067776,422,1073741824.0
/dev18500/demods/2/sample.dio,279876325126144,423,0.0
/dev18500/demods/2/sample.dio,279876325184512,424,0.0
/dev18500/demods/2/sample.dio,279876325242880,425,0.0
/dev18500/demods/2/sample.dio,279876325301248,426,3221225664.0
/dev18500/demods/2/sample.dio,279876325359616,427,1073742016.0
/dev18500/demods/2/sample.dio,279876325417984,428,0.0
/dev18500/demods/2/sample.dio,279876325476352,429,0.0
/dev18500/demods/2/sample.dio,279876325534720,430,3222274048.0
/dev18500/demods/2/sample.dio,279876325593088,431,3222274240.0
/dev18500/demods/2/sample.dio,279876325651456,432,1073741824.0
/dev18500/demods/2/sample.dio,279876325709824,433,0.0
/dev18500/demods/2/sample.dio,279876325768192,434,0.0
/dev18500/demods/2/sample.dio,279876325826560,435,3222290432.0
/dev18500/demods/2/sample.dio,279876325884928,436,3221225664.0
/dev18500/demods/2/sample.dio,279876325943296,437,1073741824.0
/dev18500/demods/2/sample.dio,279876326001664,438,0.0
/dev18500/demods/2/sample.dio,279876326060032,439,0.0
/dev18500/demods/2/sample.dio,279876326118400,440,3222274240.0
/dev18500/demods/2/sample.dio,279876326176768,441,3221225664.0
/dev18500/demods/2/sample.dio,279876326235136,442,0.0
/dev18500/demods/2/sample.dio,279876326293504,443,0.0
/dev18500/demods/2/sample.dio,279876326351872,444,0.0
/dev18500/demods/2/sample.dio,279876326410240,445,3222274112.0
/dev18500/demods/2/sample.dio,279876326468608,446,1073742016.0
/dev18500/demods/2/sample.dio,279876326526976,447,1073741824.0
/dev18500/demods/2/sample.dio,279876326585344,448,0.0
/dev18500/demods/2/sample.dio,279876326643712,449,0.0
/dev18500/demods/2/sample.dio,279876326702080,450,3221225664.0
/dev18500/demods/2/sample.dio,279876326760448,451,1073742016.0
/dev18500/demods/2/sample.dio,279876326818816,452,0.0
/dev18500/demods/2/sample.dio,279876326877184,453,0.0
/dev18500/demods/2/sample.dio,279876326935552,454,0.0
/dev18500/demods/2/sample.dio,279876326993920,455,3222290624.0
/dev18500/demods/2/sample.dio,279876327052288,456,1073741824.0
/dev18500/demods/2/sample.dio,279876327110656,457,0.0
/dev18500/demods/2/sample.dio,279876327169024,458,0.0
/dev18500/demods/2/sample.dio,279876327227392,459,1064960.0
/dev18500/demods/2/sample.dio,279876327285760,460,3221225664.0
/dev18500/demods/2/sample.dio,279876327344128,461,1073741888.0
/dev18500/demods/2/sample.dio,279876327402496,462,0.0
/dev18500/demods/2/sample.dio,279876327460864,463,0.0
/dev18500/demods/2/sample.dio,279876327519232,464,3222274112.0
/dev18500/demods/2/sample.dio,279876327577600,465,3221225664.0
/dev18500/demods/2/sample.dio,279876327635968,466,1073741824.0
/dev18500/demods/2/sample.dio,279876327694336,467,0.0
/dev18500/demods/2/sample.dio,279876327752704,468,0.0
/dev18500/demods/2/sample.dio,279876327811072,469,3222274112.0
/dev18500/demods/2/sample.dio,279876327869440,470,3221233856.0
/dev18500/demods/2/sample.dio,279876327927808,471,1073741824.0
/dev18500/demods/2/sample.dio,279876327986176,472,0.0
/dev18500/demods/2/sample.dio,279876328044544,473,0.0
/dev18500/demods/2/sample.dio,279876328102912,474,3222274240.0
/dev18500/demods/2/sample.dio,279876328161280,475,3221225664.0
/dev18500/demods/2/sample.dio,279876328219648,476,8192.0
/dev18500/demods/2/sample.dio,279876328278016,477,0.0
/dev18500/demods/2/sample.dio,279876328336384,478,1048576.0
/dev18500/demods/2/sample.dio,279876328394752,479,3222274112.0
/dev18500/demods/2/sample.dio,279876328453120,480,1073741824.0
/dev18500/demods/2/sample.dio,279876328511488,481,1073741824.0
/dev18500/demods/2/sample.dio,279876328569856,482,0.0
/dev18500/demods/2/sample.dio,279876328628224,483,1048576.0
/dev18500/demods/2/sample.dio,279876328686592,484,3221225664.0
/dev18500/demods/2/sample.dio,279876328744960,485,1073741888.0
/dev18500/demods/2/sample.dio,279876328803328,486,0.0
/dev18500/demods/2/sample.dio,279876328861696,487,0.0
/dev18500/demods/2/sample.dio,279876328920064,488,3222290432.0
/dev18500/demods/2/sample.dio,279876328978432,489,3222274240.0
/dev18500/demods/2/sample.dio,279876329036800,490,1073741824.0
/dev18500/demods/2/sample.dio,279876329095168,491,0.0
/dev18500/demods/2/sample.dio,279876329153536,492,0.0
/dev18500/demods/2/sample.dio,279876329211904,493,1048576.0
/dev18500/demods/2/sample.dio,279876329270272,494,3221225664.0
/dev18500/demods/2/sample.dio,279876329328640,495,1073741824.0
/dev18500/demods/2/sample.dio,279876329387008,496,0.0
/dev18500/demods/2/sample.dio,279876329445376,497,0.0
/dev18500/demods/2/sample.dio,279876329503744,498,3222274240.0
/dev18500/demods/2/sample.dio,279876329562112,499,3221225664.0
/dev18500/demods/2/sample.dio,279876329620480,500,1073741824.0
/dev18500/demods/2/sample.dio,279876329678848,501,0.0
/dev18500/demods/2/sample.dio,279876329737216,502,1048576.0
/dev18500/demods/2/sample.dio,279876329795584,503,3222290624.0
/dev18500/demods/2/sample.dio,279876329853952,504,1073742016.0
/dev18500/demods/2/sample.dio,279876329912320,505,1073741824.0
/dev18500/demods/2/sample.dio,279876329970688,506,0.0
/dev18500/demods/2/sample.dio,279876330029056,507,16384.0
/dev18500/demods/2/sample.dio,279876330087424,508,3222274240.0
/dev18500/demods/2/sample.dio,279876330145792,509,1073742016.0
/dev18500/demods/2/sample.dio,279876330204160,510,0.0
/dev18500/demods/2/sample.dio,279876330262528,511,0.0
/dev18500/demods/2/sample.dio,279876330320896,512,1074790400.0
/dev18500/demods/2/sample.dio,279876330379264,513,3222274240.0
/dev18500/demods/2/sample.dio,279876330437632,514,1073741824.0
/dev18500/demods/2/sample.dio,279876330496000,515,0.0
/dev18500/demods/2/sample.dio,279876330554368,516,0.0
/dev18500/demods/2/sample.dio,279876330612736,517,1048576.0
/dev18500/demods/2/sample.dio,279876330671104,518,3221225664.0
/dev18500/demods/2/sample.dio,279876330729472,519,1073741824.0
/dev18500/demods/2/sample.dio,279876330787840,520,0.0
/dev18500/demods/2/sample.dio,279876330846208,521,0.0
/dev18500/demods/2/sample.dio,279876330904576,522,3222274112.0
/dev18500/demods/2/sample.dio,279876330962944,523,3221225664.0
/dev18500/demods/2/sample.dio,279876331021312,524,1073741824.0
/dev18500/demods/2/sample.dio,279876331079680,525,0.0
/dev18500/demods/2/sample.dio,279876331138048,526,0.0
/dev18500/demods/2/sample.dio,279876331196416,527,3221241920.0
/dev18500/demods/2/sample.dio,279876331254784,528,3221225664.0
/dev18500/demods/2/sample.dio,279876331313152,529,1073741824.0
/dev18500/demods/2/sample.dio,279876331371520,530,0.0
/dev18500/demods/2/sample.dio,279876331429888,531,0.0
/dev18500/demods/2/sample.dio,279876331488256,532,3222274240.0
/dev18500/demods/2/sample.dio,279876331546624,533,3221225664.0
/dev18500/demods/2/sample.dio,279876331604992,534,0.0
/dev18500/demods/2/sample.dio,279876331663360,535,0.0
/dev18500/demods/2/sample.dio,279876331721728,536,1048576.0
/dev18500/demods/2/sample.dio,279876331780096,537,3222274240.0
/dev18500/demods/2/sample.dio,279876331838464,538,1073741824.0
/dev18500/demods/2/sample.dio,279876331896832,539,0.0
/dev18500/demods/2/sample.dio,279876331955200,540,0.0
/dev18500/demods/2/sample.dio,279876332013568,541,1048576.0
/dev18500/demods/2/sample.dio,279876332071936,542,3221225664.0
/dev18500/demods/2/sample.dio,279876332130304,543,1073742016.0
/dev18500/demods/2/sample.dio,279876332188672,544,0.0
/dev18500/demods/2/sample.dio,279876332247040,545,0.0
/dev18500/demods/2/sample.dio,279876332305408,546,3222274048.0
/dev18500/demods/2/sample.dio,279876332363776,547,3221225664.0
/dev18500/demods/2/sample.dio,279876332422144,548,1073741824.0
/dev18500/demods/2/sample.dio,279876332480512,549,0.0
/dev18500/demods/2/sample.dio,279876332538880,550,0.0
/dev18500/demods/2/sample.dio,279876332597248,551,3222274048.0
/dev18500/demods/2/sample.dio,279876332655616,552,3221225664.0
/dev18500/demods/2/sample.dio,279876332713984,553,1073741824.0
/dev18500/demods/2/sample.dio,279876332772352,554,0.0
/dev18500/demods/2/sample.dio,279876332830720,555,0.0
/dev18500/demods/2/sample.dio,279876332889088,556,3222274240.0
/dev18500/demods/2/sample.dio,279876332947456,557,3221225664.0
/dev18500/demods/2/sample.dio,279876333005824,558,0.0
/dev18500/demods/2/sample.dio,279876333064192,559,0.0
/dev18500/demods/2/sample.dio,279876333122560,560,1048576.0
/dev18500/demods/2/sample.dio,279876333180928,561,3222274240.0
/dev18500/demods/2/sample.dio,279876333239296,562,1073750208.0
/dev18500/demods/2/sample.dio,279876333297664,563,1073741824.0
/dev18500/demods/2/sample.dio,279876333356032,564,0.0
/dev18500/demods/2/sample.dio,279876333414400,565,0.0
/dev18500/demods/2/sample.dio,279876333472768,566,3222274240.0
/dev18500/demods/2/sample.dio,279876333531136,567,1073742016.0
/dev18500/demods/2/sample.dio,279876333589504,568,0.0
/dev18500/demods/2/sample.dio,279876333647872,569,0.0
/dev18500/demods/2/sample.dio,279876333706240,570,1048576.0
/dev18500/demods/2/sample.dio,279876333764608,571,3222274240.0
/dev18500/demods/2/sample.dio,279876333822976,572,1073741824.0
/dev18500/demods/2/sample.dio,279876333881344,573,0.0
/dev18500/demods/2/sample.dio,279876333939712,574,0.0
/dev18500/demods/2/sample.dio,279876333998080,575,1048576.0
/dev18500/demods/2/sample.dio,279876334056448,576,3221225664.0
/dev18500/demods/2/sample.dio,279876334114816,577,1073741824.0
/dev18500/demods/2/sample.dio,279876334173184,578,0.0
/dev18500/demods/2/sample.dio,279876334231552,579,0.0
/dev18500/demods/2/sample.dio,279876334289920,580,3221225536.0
/dev18500/demods/2/sample.dio,279876334348288,581,3221225664.0
/dev18500/demods/2/sample.dio,279876334406656,582,1073741824.0
/dev18500/demods/2/sample.dio,279876334465024,583,0.0
/dev18500/demods/2/sample.dio,279876334523392,584,0.0
/dev18500/demods/2/sample.dio,279876334581760,585,1073741824.0
/dev18500/demods/2/sample.dio,279876334640128,586,3221225664.0
/dev18500/demods/2/sample.dio,279876334698496,587,1073741824.0
/dev18500/demods/2/sample.dio,279876334756864,588,0.0
/dev18500/demods/2/sample.dio,279876334815232,589,0.0
/dev18500/demods/2/sample.dio,279876334873600,590,3222274240.0
/dev18500/demods/2/sample.dio,279876334931968,591,3221225664.0
/dev18500/demods/2/sample.dio,279876334990336,592,0.0
/dev18500/demods/2/sample.dio,279876335048704,593,0.0
/dev18500/demods/2/sample.dio,279876335107072,594,16384.0
/dev18500/demods/2/sample.dio,279876335165440,595,3222274240.0
/dev18500/demods/2/sample.dio,279876335223808,596,1073741888.0
/dev18500/demods/2/sample.dio,279876335282176,597,0.0
/dev18500/demods/2/sample.dio,279876335340544,598,0.0
/dev18500/demods/2/sample.dio,279876335398912,599,1048576.0
/dev18500/demods/2/sample.dio,279876335457280,600,3221225664.0
/dev18500/demods/2/sample.dio,279876335515648,601,1073750080.0
/dev18500/demods/2/sample.dio,279876335574016,602,0.0
/dev18500/demods/2/sample.dio,279876335632384,603,0.0
/dev18500/demods/2/sample.dio,279876335690752,604,3222274048.0
/dev18500/demods/2/sample.dio,279876335749120,605,3222274240.0
/dev18500/demods/2/sample.dio,279876335807488,606,1073741824.0
/dev18500/demods/2/sample.dio,279876335865856,607,0.0
/dev18500/demods/2/sample.dio,279876335924224,608,0.0
/dev18500/demods/2/sample.dio,279876335982592,609,3222290432.0
/dev18500/demods/2/sample.dio,279876336040960,610,3221225664.0
/dev18500/demods/2/sample.dio,279876336099328,611,1073741824.0
/dev18500/demods/2/sample.dio,279876336157696,612,0.0
/dev18500/demods/2/sample.dio,279876336216064,613,0.0
/dev18500/demods/2/sample.dio,279876336274432,614,3222274112.0
/dev18500/demods/2/sample.dio,279876336332800,615,3221225664.0
/dev18500/demods/2/sample.dio,279876336391168,616,1073741824.0
/dev18500/demods/2/sample.dio,279876336449536,617,0.0
/dev18500/demods/2/sample.dio,279876336507904,618,1048576.0
/dev18500/demods/2/sample.dio,279876336566272,619,3222274240.0
/dev18500/demods/2/sample.dio,279876336624640,620,1073742016.0
/dev18500/demods/2/sample.dio,279876336683008,621,1073741824.0
/dev18500/demods/2/sample.dio,279876336741376,622,0.0
/dev18500/demods/2/sample.dio,279876336799744,623,0.0
/dev18500/demods/2/sample.dio,279876336858112,624,3222274240.0
/dev18500/demods/2/sample.dio,279876336916480,625,3221225664.0
/dev18500/demods/2/sample.dio,279876336974848,626,0.0
/dev18500/demods/2/sample.dio,279876337033216,627,0.0
/dev18500/demods/2/sample.dio,279876337091584,628,1048576.0
/dev18500/demods/2/sample.dio,279876337149952,629,3222274240.0
/dev18500/demods/2/sample.dio,279876337208320,630,1073741824.0
/dev18500/demods/2/sample.dio,279876337266688,631,0.0
/dev18500/demods/2/sample.dio,279876337325056,632,0.0
/dev18500/demods/2/sample.dio,279876337383424,633,1048576.0
/dev18500/demods/2/sample.dio,279876337441792,634,3221225664.0
/dev18500/demods/2/sample.dio,279876337500160,635,1073741824.0
/dev18500/demods/2/sample.dio,279876337558528,636,0.0
/dev18500/demods/2/sample.dio,279876337616896,637,0.0
/dev18500/demods/2/sample.dio,279876337675264,638,3222274112.0
/dev18500/demods/2/sample.dio,279876337733632,639,3221225664.0
/dev18500/demods/2/sample.dio,279876337792000,640,1073741824.0
/dev18500/demods/2/sample.dio,279876337850368,641,0.0
/dev18500/demods/2/sample.dio,279876337908736,642,0.0
/dev18500/demods/2/sample.dio,279876337967104,643,3222274112.0
/dev18500/demods/2/sample.dio,279876338025472,644,3221225664.0
/dev18500/demods/2/sample.dio,279876338083840,645,1073741824.0
/dev18500/demods/2/sample.dio,279876338142208,646,0.0
/dev18500/demods/2/sample.dio,279876338200576,647,0.0
/dev18500/demods/2/sample.dio,279876338258944,648,3221225664.0
/dev18500/demods/2/sample.dio,279876338317312,649,3221225664.0
/dev18500/demods/2/sample.dio,279876338375680,650,1073741824.0
/dev18500/demods/2/sample.dio,279876338434048,651,0.0
/dev18500/demods/2/sample.dio,279876338492416,652,0.0
/dev18500/demods/2/sample.dio,279876338550784,653,3221225664.0
/dev18500/demods/2/sample.dio,279876338609152,654,1073741888.0
/dev18500/demods/2/sample.dio,279876338667520,655,0.0
/dev18500/demods/2/sample.dio,279876338725888,656,0.0
/dev18500/demods/2/sample.dio,279876338784256,657,16384.0
/dev18500/demods/2/sample.dio,279876338842624,658,3221225664.0
/dev18500/demods/2/sample.dio,279876338900992,659,1073741888.0
/dev18500/demods/2/sample.dio,279876338959360,660,0.0
/dev18500/demods/2/sample.dio,279876339017728,661,0.0
/dev18500/demods/2/sample.dio,279876339076096,662,3222274048.0
/dev18500/demods/2/sample.dio,279876339134464,663,3222274240.0
/dev18500/demods/2/sample.dio,279876339192832,664,1073750016.0
/dev18500/demods/2/sample.dio,279876339251200,665,0.0
/dev18500/demods/2/sample.dio,279876339309568,666,0.0
/dev18500/demods/2/sample.dio,279876339367936,667,3222274048.0
/dev18500/demods/2/sample.dio,279876339426304,668,3221225664.0
/dev18500/demods/2/sample.dio,279876339484672,669,1073741824.0
/dev18500/demods/2/sample.dio,279876339543040,670,0.0
/dev18500/demods/2/sample.dio,279876339601408,671,0.0
/dev18500/demods/2/sample.dio,279876339659776,672,3222274240.0
/dev18500/demods/2/sample.dio,279876339718144,673,3221225664.0
/dev18500/demods/2/sample.dio,279876339776512,674,1073741824.0
/dev18500/demods/2/sample.dio,279876339834880,675,0.0
/dev18500/demods/2/sample.dio,279876339893248,676,0.0
/dev18500/demods/2/sample.dio,279876339951616,677,3221225536.0
/dev18500/demods/2/sample.dio,279876340009984,678,1073742016.0
/dev18500/demods/2/sample.dio,279876340068352,679,1073741824.0
/dev18500/demods/2/sample.dio,279876340126720,680,0.0
/dev18500/demods/2/sample.dio,279876340185088,681,0.0
/dev18500/demods/2/sample.dio,279876340243456,682,3221225664.0
/dev18500/demods/2/sample.dio,279876340301824,683,1073742016.0
/dev18500/demods/2/sample.dio,279876340360192,684,0.0
/dev18500/demods/2/sample.dio,279876340418560,685,0.0
/dev18500/demods/2/sample.dio,279876340476928,686,1048576.0
/dev18500/demods/2/sample.dio,279876340535296,687,3221225664.0
/dev18500/demods/2/sample.dio,279876340593664,688,1073741824.0
/dev18500/demods/2/sample.dio,279876340652032,689,0.0
/dev18500/demods/2/sample.dio,279876340710400,690,0.0
/dev18500/demods/2/sample.dio,279876340768768,691,1048576.0
/dev18500/demods/2/sample.dio,279876340827136,692,3221225664.0
/dev18500/demods/2/sample.dio,279876340885504,693,1073741824.0
/dev18500/demods/2/sample.dio,279876340943872,694,0.0
/dev18500/demods/2/sample.dio,279876341002240,695,0.0
/dev18500/demods/2/sample.dio,279876341060608,696,3222274112.0
/dev18500/demods/2/sample.dio,279876341118976,697,3221225664.0
/dev18500/demods/2/sample.dio,279876341177344,698,1073741824.0
/dev18500/demods/2/sample.dio,279876341235712,699,0.0
/dev18500/demods/2/sample.dio,279876341294080,700,0.0
/dev18500/demods/2/sample.dio,279876341352448,701,1074790400.0
/dev18500/demods/2/sample.dio,279876341410816,702,3221225664.0
/dev18500/demods/2/sample.dio,279876341469184,703,1073741824.0
/dev18500/demods/2/sample.dio,279876341527552,704,0.0
/dev18500/demods/2/sample.dio,279876341585920,705,0.0
/dev18500/demods/2/sample.dio,279876341644288,706,3221225664.0
/dev18500/demods/2/sample.dio,279876341702656,707,3221225664.0
/dev18500/demods/2/sample.dio,279876341761024,708,0.0
/dev18500/demods/2/sample.dio,279876341819392,709,0.0
/dev18500/demods/2/sample.dio,279876341877760,710,1048576.0
/dev18500/demods/2/sample.dio,279876341936128,711,3222274240.0
/dev18500/demods/2/sample.dio,279876341994496,712,1073742016.0
/dev18500/demods/2/sample.dio,279876342052864,713,0.0
/dev18500/demods/2/sample.dio,279876342111232,714,0.0
/dev18500/demods/2/sample.dio,279876342169600,715,1048576.0
/dev18500/demods/2/sample.dio,279876342227968,716,3221225664.0
/dev18500/demods/2/sample.dio,279876342286336,717,1073742016.0
/dev18500/demods/2/sample.dio,279876342344704,718,0.0
/dev18500/demods/2/sample.dio,279876342403072,719,0.0
/dev18500/demods/2/sample.dio,279876342461440,720,3222274048.0
/dev18500/demods/2/sample.dio,279876342519808,721,3221225664.0
/dev18500/demods/2/sample.dio,279876342578176,722,1073741824.0
/dev18500/demods/2/sample.dio,279876342636544,723,0.0
/dev18500/demods/2/sample.dio,279876342694912,724,0.0
/dev18500/demods/2/sample.dio,279876342753280,725,1074806784.0
/dev18500/demods/2/sample.dio,279876342811648,726,3221225664.0
/dev18500/demods/2/sample.dio,279876342870016,727,1073741824.0
/dev18500/demods/2/sample.dio,279876342928384,728,0.0
/dev18500/demods/2/sample.dio,279876342986752,729,0.0
/dev18500/demods/2/sample.dio,279876343045120,730,3222274112.0
/dev18500/demods/2/sample.dio,279876343103488,731,3221225664.0
/dev18500/demods/2/sample.dio,279876343161856,732,1073741824.0
/dev18500/demods/2/sample.dio,279876343220224,733,0.0
/dev18500/demods/2/sample.dio,279876343278592,734,1048576.0
/dev18500/demods/2/sample.dio,279876343336960,735,3222274112.0
/dev18500/demods/2/sample.dio,279876343395328,736,1073742016.0
/dev18500/demods/2/sample.dio,279876343453696,737,1073741824.0
/dev18500/demods/2/sample.dio,279876343512064,738,0.0
/dev18500/demods/2/sample.dio,279876343570432,739,1048576.0
/dev18500/demods/2/sample.dio,279876343628800,740,3221225664.0
/dev18500/demods/2/sample.dio,279876343687168,741,1073742016.0
/dev18500/demods/2/sample.dio,279876343745536,742,0.0
/dev18500/demods/2/sample.dio,279876343803904,743,0.0
/dev18500/demods/2/sample.dio,279876343862272,744,1048576.0
/dev18500/demods/2/sample.dio,279876343920640,745,3222274240.0
/dev18500/demods/2/sample.dio,279876343979008,746,1073741824.0
/dev18500/demods/2/sample.dio,279876344037376,747,0.0
/dev18500/demods/2/sample.dio,279876344095744,748,0.0
/dev18500/demods/2/sample.dio,279876344154112,749,0.0
/dev18500/demods/2/sample.dio,279876344212480,750,3221225664.0
/dev18500/demods/2/sample.dio,279876344270848,751,1073741888.0
/dev18500/demods/2/sample.dio,279876344329216,752,0.0
/dev18500/demods/2/sample.dio,279876344387584,753,0.0
/dev18500/demods/2/sample.dio,279876344445952,754,3222274048.0
/dev18500/demods/2/sample.dio,279876344504320,755,3221225664.0
/dev18500/demods/2/sample.dio,279876344562688,756,1073741824.0
/dev18500/demods/2/sample.dio,279876344621056,757,0.0
/dev18500/demods/2/sample.dio,279876344679424,758,0.0
/dev18500/demods/2/sample.dio,279876344737792,759,3222274048.0
/dev18500/demods/2/sample.dio,279876344796160,760,3221225664.0
/dev18500/demods/2/sample.dio,279876344854528,761,1073741824.0
/dev18500/demods/2/sample.dio,279876344912896,762,0.0
/dev18500/demods/2/sample.dio,279876344971264,763,0.0
/dev18500/demods/2/sample.dio,279876345029632,764,3222274240.0
/dev18500/demods/2/sample.dio,279876345088000,765,3221225664.0
/dev18500/demods/2/sample.dio,279876345146368,766,0.0
/dev18500/demods/2/sample.dio,279876345204736,767,0.0
/dev18500/demods/2/sample.dio,279876345263104,768,1048576.0
/dev18500/demods/2/sample.dio,279876345321472,769,3222274240.0
/dev18500/demods/2/sample.dio,279876345379840,770,1073750208.0
/dev18500/demods/2/sample.dio,279876345438208,771,0.0
/dev18500/demods/2/sample.dio,279876345496576,772,0.0
/dev18500/demods/2/sample.dio,279876345554944,773,1064960.0
/dev18500/demods/2/sample.dio,279876345613312,774,3221225664.0
/dev18500/demods/2/sample.dio,279876345671680,775,1073742016.0
/dev18500/demods/2/sample.dio,279876345730048,776,0.0
/dev18500/demods/2/sample.dio,279876345788416,777,0.0
/dev18500/demods/2/sample.dio,279876345846784,778,1074790400.0
/dev18500/demods/2/sample.dio,279876345905152,779,3222274240.0
/dev18500/demods/2/sample.dio,279876345963520,780,1073741824.0
/dev18500/demods/2/sample.dio,279876346021888,781,0.0
/dev18500/demods/2/sample.dio,279876346080256,782,0.0
/dev18500/demods/2/sample.dio,279876346138624,783,1048576.0
/dev18500/demods/2/sample.dio,279876346196992,784,3221225664.0
/dev18500/demods/2/sample.dio,279876346255360,785,1073741824.0
/dev18500/demods/2/sample.dio,279876346313728,786,0.0
/dev18500/demods/2/sample.dio,279876346372096,787,0.0
/dev18500/demods/2/sample.dio,279876346430464,788,3222274240.0
/dev18500/demods/2/sample.dio,279876346488832,789,3221225664.0
/dev18500/demods/2/sample.dio,279876346547200,790,1073741824.0
/dev18500/demods/2/sample.dio,279876346605568,791,0.0
/dev18500/demods/2/sample.dio,279876346663936,792,0.0
/dev18500/demods/2/sample.dio,279876346722304,793,3222274112.0
/dev18500/demods/2/sample.dio,279876346780672,794,1073742016.0
/dev18500/demods/2/sample.dio,279876346839040,795,1073750016.0
/dev18500/demods/2/sample.dio,279876346897408,796,0.0
/dev18500/demods/2/sample.dio,279876346955776,797,0.0
/dev18500/demods/2/sample.dio,279876347014144,798,3222274240.0
/dev18500/demods/2/sample.dio,279876347072512,799,1073742016.0
/dev18500/demods/2/sample.dio,279876347130880,800,0.0
/dev18500/demods/2/sample.dio,279876347189248,801,0.0
/dev18500/demods/2/sample.dio,279876347247616,802,1048576.0
/dev18500/demods/2/sample.dio,279876347305984,803,3222274240.0
/dev18500/demods/2/sample.dio,279876347364352,804,1073741824.0
/dev18500/demods/2/sample.dio,279876347422720,805,0.0
/dev18500/demods/2/sample.dio,279876347481088,806,0.0
/dev18500/demods/2/sample.dio,279876347539456,807,1048576.0
/dev18500/demods/2/sample.dio,279876347597824,808,3221225664.0
/dev18500/demods/2/sample.dio,279876347656192,809,1073741888.0
/dev18500/demods/2/sample.dio,279876347714560,810,0.0
/dev18500/demods/2/sample.dio,279876347772928,811,0.0
/dev18500/demods/2/sample.dio,279876347831296,812,3222274048.0
/dev18500/demods/2/sample.dio,279876347889664,813,3221225664.0
/dev18500/demods/2/sample.dio,279876347948032,814,1073741824.0
/dev18500/demods/2/sample.dio,279876348006400,815,0.0
/dev18500/demods/2/sample.dio,279876348064768,816,0.0
/dev18500/demods/2/sample.dio,279876348123136,817,3222274048.0
/dev18500/demods/2/sample.dio,279876348181504,818,3221225664.0
/dev18500/demods/2/sample.dio,279876348239872,819,1073741824.0
/dev18500/demods/2/sample.dio,279876348298240,820,0.0
/dev18500/demods/2/sample.dio,279876348356608,821,0.0
/dev18500/demods/2/sample.dio,279876348414976,822,3222274112.0
/dev18500/demods/2/sample.dio,279876348473344,823,3221225664.0
/dev18500/demods/2/sample.dio,279876348531712,824,1073741824.0
/dev18500/demods/2/sample.dio,279876348590080,825,0.0
/dev18500/demods/2/sample.dio,279876348648448,826,0.0
/dev18500/demods/2/sample.dio,279876348706816,827,3221225664.0
/dev18500/demods/2/sample.dio,279876348765184,828,1073741888.0
/dev18500/demods/2/sample.dio,279876348823552,829,1073741824.0
/dev18500/demods/2/sample.dio,279876348881920,830,0.0
/dev18500/demods/2/sample.dio,279876348940288,831,0.0
/dev18500/demods/2/sample.dio,279876348998656,832,3221225664.0
/dev18500/demods/2/sample.dio,279876349057024,833,1073742016.0
/dev18500/demods/2/sample.dio,279876349115392,834,0.0
/dev18500/demods/2/sample.dio,279876349173760,835,0.0
/dev18500/demods/2/sample.dio,279876349232128,836,3222290432.0
/dev18500/demods/2/sample.dio,279876349290496,837,3222274240.0
/dev18500/demods/2/sample.dio,279876349348864,838,1073741824.0
/dev18500/demods/2/sample.dio,279876349407232,839,0.0
/dev18500/demods/2/sample.dio,279876349465600,840,0.0
/dev18500/demods/2/sample.dio,279876349523968,841,1074790400.0
/dev18500/demods/2/sample.dio,279876349582336,842,3221225664.0
/dev18500/demods/2/sample.dio,279876349640704,843,1073750016.0
/dev18500/demods/2/sample.dio,279876349699072,844,0.0
/dev18500/demods/2/sample.dio,279876349757440,845,0.0
/dev18500/demods/2/sample.dio,279876349815808,846,3222274112.0
/dev18500/demods/2/sample.dio,279876349874176,847,3221225664.0
/dev18500/demods/2/sample.dio,279876349932544,848,1073741824.0
/dev18500/demods/2/sample.dio,279876349990912,849,0.0
/dev18500/demods/2/sample.dio,279876350049280,850,0.0
/dev18500/demods/2/sample.dio,279876350107648,851,3221225536.0
/dev18500/demods/2/sample.dio,279876350166016,852,1073742016.0
/dev18500/demods/2/sample.dio,279876350224384,853,1073741824.0
/dev18500/demods/2/sample.dio,279876350282752,854,0.0
/dev18500/demods/2/sample.dio,279876350341120,855,0.0
/dev18500/demods/2/sample.dio,279876350399488,856,3222274240.0
/dev18500/demods/2/sample.dio,279876350457856,857,3221225664.0
/dev18500/demods/2/sample.dio,279876350516224,858,0.0
/dev18500/demods/2/sample.dio,279876350574592,859,0.0
/dev18500/demods/2/sample.dio,279876350632960,860,0.0
/dev18500/demods/2/sample.dio,279876350691328,861,3221225664.0
/dev18500/demods/2/sample.dio,279876350749696,862,1073741824.0
/dev18500/demods/2/sample.dio,279876350808064,863,0.0
/dev18500/demods/2/sample.dio,279876350866432,864,0.0
/dev18500/demods/2/sample.dio,279876350924800,865,1064960.0
/dev18500/demods/2/sample.dio,279876350983168,866,3221225664.0
/dev18500/demods/2/sample.dio,279876351041536,867,1073741824.0
/dev18500/demods/2/sample.dio,279876351099904,868,0.0
/dev18500/demods/2/sample.dio,279876351158272,869,0.0
/dev18500/demods/2/sample.dio,279876351216640,870,3222274048.0
/dev18500/demods/2/sample.dio,279876351275008,871,3221225664.0
/dev18500/demods/2/sample.dio,279876351333376,872,1073741824.0
/dev18500/demods/2/sample.dio,279876351391744,873,0.0
/dev18500/demods/2/sample.dio,279876351450112,874,0.0
/dev18500/demods/2/sample.dio,279876351508480,875,1048576.0
/dev18500/demods/2/sample.dio,279876351566848,876,3221225664.0
/dev18500/demods/2/sample.dio,279876351625216,877,1073741824.0
/dev18500/demods/2/sample.dio,279876351683584,878,0.0
/dev18500/demods/2/sample.dio,279876351741952,879,0.0
/dev18500/demods/2/sample.dio,279876351800320,880,3221225664.0
/dev18500/demods/2/sample.dio,279876351858688,881,3221225664.0
/dev18500/demods/2/sample.dio,279876351917056,882,0.0
/dev18500/demods/2/sample.dio,279876351975424,883,0.0
/dev18500/demods/2/sample.dio,279876352033792,884,0.0
/dev18500/demods/2/sample.dio,279876352092160,885,3221242048.0
/dev18500/demods/2/sample.dio,279876352150528,886,1073742016.0
/dev18500/demods/2/sample.dio,279876352208896,887,1073741824.0
/dev18500/demods/2/sample.dio,279876352267264,888,0.0
/dev18500/demods/2/sample.dio,279876352325632,889,0.0
/dev18500/demods/2/sample.dio,279876352384000,890,3221225664.0
/dev18500/demods/2/sample.dio,279876352442368,891,1073750208.0
/dev18500/demods/2/sample.dio,279876352500736,892,8192.0
/dev18500/demods/2/sample.dio,279876352559104,893,0.0
/dev18500/demods/2/sample.dio,279876352617472,894,1074790400.0
/dev18500/demods/2/sample.dio,279876352675840,895,3221225664.0
/dev18500/demods/2/sample.dio,279876352734208,896,1073741824.0
/dev18500/demods/2/sample.dio,279876352792576,897,0.0
/dev18500/demods/2/sample.dio,279876352850944,898,0.0
/dev18500/demods/2/sample.dio,279876352909312,899,1074790400.0
/dev18500/demods/2/sample.dio,279876352967680,900,3221225664.0
/dev18500/demods/2/sample.dio,279876353026048,901,1073741824.0
/dev18500/demods/2/sample.dio,279876353084416,902,0.0
/dev18500/demods/2/sample.dio,279876353142784,903,0.0
/dev18500/demods/2/sample.dio,279876353201152,904,3222274240.0
/dev18500/demods/2/sample.dio,279876353259520,905,3221225664.0
/dev18500/demods/2/sample.dio,279876353317888,906,1073741824.0
/dev18500/demods/2/sample.dio,279876353376256,907,0.0
/dev18500/demods/2/sample.dio,279876353434624,908,16384.0
/dev18500/demods/2/sample.dio,279876353492992,909,3222274048.0
/dev18500/demods/2/sample.dio,279876353551360,910,1073742016.0
/dev18500/demods/2/sample.dio,279876353609728,911,1073741824.0
/dev18500/demods/2/sample.dio,279876353668096,912,0.0
/dev18500/demods/2/sample.dio,279876353726464,913,0.0
/dev18500/demods/2/sample.dio,279876353784832,914,3222274240.0
/dev18500/demods/2/sample.dio,279876353843200,915,1073742016.0
/dev18500/demods/2/sample.dio,279876353901568,916,0.0
/dev18500/demods/2/sample.dio,279876353959936,917,0.0
/dev18500/demods/2/sample.dio,279876354018304,918,1048576.0
/dev18500/demods/2/sample.dio,279876354076672,919,3221225664.0
/dev18500/demods/2/sample.dio,279876354135040,920,1073741888.0
/dev18500/demods/2/sample.dio,279876354193408,921,0.0
/dev18500/demods/2/sample.dio,279876354251776,922,0.0
/dev18500/demods/2/sample.dio,279876354310144,923,1048576.0
/dev18500/demods/2/sample.dio,279876354368512,924,3221225664.0
/dev18500/demods/2/sample.dio,279876354426880,925,1073741824.0
/dev18500/demods/2/sample.dio,279876354485248,926,0.0
/dev18500/demods/2/sample.dio,279876354543616,927,0.0
/dev18500/demods/2/sample.dio,279876354601984,928,3222274112.0
/dev18500/demods/2/sample.dio,279876354660352,929,3221225664.0
/dev18500/demods/2/sample.dio,279876354718720,930,1073741824.0
/dev18500/demods/2/sample.dio,279876354777088,931,0.0
/dev18500/demods/2/sample.dio,279876354835456,932,0.0
/dev18500/demods/2/sample.dio,279876354893824,933,3222274048.0
/dev18500/demods/2/sample.dio,279876354952192,934,3221225664.0
/dev18500/demods/2/sample.dio,279876355010560,935,1073741824.0
/dev18500/demods/2/sample.dio,279876355068928,936,0.0
/dev18500/demods/2/sample.dio,279876355127296,937,0.0
/dev18500/demods/2/sample.dio,279876355185664,938,3222274240.0
/dev18500/demods/2/sample.dio,279876355244032,939,3221225664.0
/dev18500/demods/2/sample.dio,279876355302400,940,1073741824.0
/dev18500/demods/2/sample.dio,279876355360768,941,0.0
/dev18500/demods/2/sample.dio,279876355419136,942,1048576.0
/dev18500/demods/2/sample.dio,279876355477504,943,3222274240.0
/dev18500/demods/2/sample.dio,279876355535872,944,1073750080.0
/dev18500/demods/2/sample.dio,279876355594240,945,0.0
/dev18500/demods/2/sample.dio,279876355652608,946,0.0
/dev18500/demods/2/sample.dio,279876355710976,947,1048576.0
/dev18500/demods/2/sample.dio,279876355769344,948,3221225664.0
/dev18500/demods/2/sample.dio,279876355827712,949,1073742016.0
/dev18500/demods/2/sample.dio,279876355886080,950,0.0
/dev18500/demods/2/sample.dio,279876355944448,951,0.0
/dev18500/demods/2/sample.dio,279876356002816,952,3222290432.0
/dev18500/demods/2/sample.dio,279876356061184,953,3221225664.0
/dev18500/demods/2/sample.dio,279876356119552,954,1073741824.0
/dev18500/demods/2/sample.dio,279876356177920,955,0.0
/dev18500/demods/2/sample.dio,279876356236288,956,0.0
/dev18500/demods/2/sample.dio,279876356294656,957,1048576.0
/dev18500/demods/2/sample.dio,279876356353024,958,3221225664.0
/dev18500/demods/2/sample.dio,279876356411392,959,1073741824.0
/dev18500/demods/2/sample.dio,279876356469760,960,0.0
/dev18500/demods/2/sample.dio,279876356528128,961,0.0
/dev18500/demods/2/sample.dio,279876356586496,962,3222274112.0
/dev18500/demods/2/sample.dio,279876356644864,963,3221225664.0
/dev18500/demods/2/sample.dio,279876356703232,964,1073741824.0
/dev18500/demods/2/sample.dio,279876356761600,965,0.0
/dev18500/demods/2/sample.dio,279876356819968,966,0.0
/dev18500/demods/2/sample.dio,279876356878336,967,3222290496.0
/dev18500/demods/2/sample.dio,279876356936704,968,3221233856.0
/dev18500/demods/2/sample.dio,279876356995072,969,1073741824.0
/dev18500/demods/2/sample.dio,279876357053440,970,0.0
/dev18500/demods/2/sample.dio,279876357111808,971,0.0
/dev18500/demods/2/sample.dio,279876357170176,972,3222274240.0
/dev18500/demods/2/sample.dio,279876357228544,973,1073742016.0
/dev18500/demods/2/sample.dio,279876357286912,974,0.0
/dev18500/demods/2/sample.dio,279876357345280,975,0.0
/dev18500/demods/2/sample.dio,279876357403648,976,1048576.0
/dev18500/demods/2/sample.dio,279876357462016,977,3222274240.0
/dev18500/demods/2/sample.dio,279876357520384,978,1073741824.0
/dev18500/demods/2/sample.dio,279876357578752,979,0.0
/dev18500/demods/2/sample.dio,279876357637120,980,0.0
/dev18500/demods/2/sample.dio,279876357695488,981,1048576.0
/dev18500/demods/2/sample.dio,279876357753856,982,3221225664.0
/dev18500/demods/2/sample.dio,279876357812224,983,1073742016.0
/dev18500/demods/2/sample.dio,279876357870592,984,0.0
/dev18500/demods/2/sample.dio,279876357928960,985,0.0
/dev18500/demods/2/sample.dio,279876357987328,986,3222274112.0
/dev18500/demods/2/sample.dio,279876358045696,987,3221225664.0
/dev18500/demods/2/sample.dio,279876358104064,988,1073741824.0
/dev18500/demods/2/sample.dio,279876358162432,989,0.0
/dev18500/demods/2/sample.dio,279876358220800,990,0.0
/dev18500/demods/2/sample.dio,279876358279168,991,3221225536.0
/dev18500/demods/2/sample.dio,279876358337536,992,3221225664.0
/dev18500/demods/2/sample.dio,279876358395904,993,1073741824.0
/dev18500/demods/2/sample.dio,279876358454272,994,0.0
/dev18500/demods/2/sample.dio,279876358512640,995,0.0
/dev18500/demods/2/sample.dio,279876358571008,996,3222290624.0
/dev18500/demods/2/sample.dio,279876358629376,997,3221225664.0
/dev18500/demods/2/sample.dio,279876358687744,998,1073741824.0
/dev18500/demods/2/sample.dio,279876358746112,999,0.0
/dev18500/demods/2/sample.dio,279876358804480,1000,1048576.0
/dev18500/demods/2/sample.dio,279876358862848,1001,3222274240.0
/dev18500/demods/2/sample.dio,279876358921216,1002,1073741824.0
/dev18500/demods/2/sample.dio,279876358979584,1003,1073741824.0
/dev18500/demods/2/sample.dio,279876359037952,1004,0.0
/dev18500/demods/2/sample.dio,279876359096320,1005,0.0
/dev18500/demods/2/sample.dio,279876359154688,1006,3221225664.0
/dev18500/demods/2/sample.dio,279876359213056,1007,1073742016.0
/dev18500/demods/2/sample.dio,279876359271424,1008,0.0
/dev18500/demods/2/sample.dio,279876359329792,1009,0.0
/dev18500/demods/2/sample.dio,279876359388160,1010,3221225472.0
/dev18500/demods/2/sample.dio,279876359446528,1011,3221225664.0
/dev18500/demods/2/sample.dio,279876359504896,1012,1073741824.0
/dev18500/demods/2/sample.dio,279876359563264,1013,0.0
/dev18500/demods/2/sample.dio,279876359621632,1014,0.0
/dev18500/demods/2/sample.dio,279876359680000,1015,3222274048.0
/dev18500/demods/2/sample.dio,279876359738368,1016,3221225664.0
/dev18500/demods/2/sample.dio,279876359796736,1017,1073750016.0
/dev18500/demods/2/sample.dio,279876359855104,1018,0.0
/dev18500/demods/2/sample.dio,279876359913472,1019,0.0
/dev18500/demods/2/sample.dio,279876359971840,1020,3222274112.0
/dev18500/demods/2/sample.dio,279876360030208,1021,3221225664.0
/dev18500/demods/2/sample.dio,279876360088576,1022,1073741824.0
/dev18500/demods/2/sample.dio,279876360146944,1023,0.0
/dev18500/demods/2/sample.dio,279876360205312,1024,16384.0
/dev18500/demods/2/sample.dio,279876360263680,1025,3222274240.0
/dev18500/demods/2/sample.dio,279876360322048,1026,1073750208.0
/dev18500/demods/2/sample.dio,279876360380416,1027,1073741824.0
/dev18500/demods/2/sample.dio,279876360438784,1028,0.0
/dev18500/demods/2/sample.dio,279876360497152,1029,0.0
/dev18500/demods/2/sample.dio,279876360555520,1030,3222274240.0
/dev18500/demods/2/sample.dio,279876360613888,1031,1073742016.0
/dev18500/demods/2/sample.dio,279876360672256,1032,0.0
/dev18500/demods/2/sample.dio,279876360730624,1033,0.0
/dev18500/demods/2/sample.dio,279876360788992,1034,1048576.0
/dev18500/demods/2/sample.dio,279876360847360,1035,3222274240.0
/dev18500/demods/2/sample.dio,279876360905728,1036,1073741824.0
/dev18500/demods/2/sample.dio,279876360964096,1037,0.0
/dev18500/demods/2/sample.dio,279876361022464,1038,0.0
/dev18500/demods/2/sample.dio,279876361080832,1039,1048576.0
/dev18500/demods/2/sample.dio,279876361139200,1040,3221225664.0
/dev18500/demods/2/sample.dio,279876361197568,1041,1073741824.0
/dev18500/demods/2/sample.dio,279876361255936,1042,0.0
/dev18500/demods/2/sample.dio,279876361314304,1043,0.0
/dev18500/demods/2/sample.dio,279876361372672,1044,3222274112.0
/dev18500/demods/2/sample.dio,279876361431040,1045,3221225664.0
/dev18500/demods/2/sample.dio,279876361489408,1046,1073741824.0
/dev18500/demods/2/sample.dio,279876361547776,1047,0.0
/dev18500/demods/2/sample.dio,279876361606144,1048,0.0
/dev18500/demods/2/sample.dio,279876361664512,1049,1074790400.0
/dev18500/demods/2/sample.dio,279876361722880,1050,3221225664.0
/dev18500/demods/2/sample.dio,279876361781248,1051,1073741824.0
/dev18500/demods/2/sample.dio,279876361839616,1052,0.0
/dev18500/demods/2/sample.dio,279876361897984,1053,0.0
/dev18500/demods/2/sample.dio,279876361956352,1054,3222274240.0
/dev18500/demods/2/sample.dio,279876362014720,1055,3221225664.0
/dev18500/demods/2/sample.dio,279876362073088,1056,0.0
/dev18500/demods/2/sample.dio,279876362131456,1057,0.0
/dev18500/demods/2/sample.dio,279876362189824,1058,1048576.0
/dev18500/demods/2/sample.dio,279876362248192,1059,3222274240.0
/dev18500/demods/2/sample.dio,279876362306560,1060,1073742016.0
/dev18500/demods/2/sample.dio,279876362364928,1061,0.0
/dev18500/demods/2/sample.dio,279876362423296,1062,0.0
/dev18500/demods/2/sample.dio,279876362481664,1063,1048576.0
/dev18500/demods/2/sample.dio,279876362540032,1064,3221225664.0
/dev18500/demods/2/sample.dio,279876362598400,1065,1073741888.0
/dev18500/demods/2/sample.dio,279876362656768,1066,0.0
/dev18500/demods/2/sample.dio,279876362715136,1067,0.0
/dev18500/demods/2/sample.dio,279876362773504,1068,3222274048.0
/dev18500/demods/2/sample.dio,279876362831872,1069,3221225664.0
/dev18500/demods/2/sample.dio,279876362890240,1070,1073750016.0
/dev18500/demods/2/sample.dio,279876362948608,1071,0.0
/dev18500/demods/2/sample.dio,279876363006976,1072,0.0
/dev18500/demods/2/sample.dio,279876363065344,1073,0.0
/dev18500/demods/2/sample.dio,279876363123712,1074,3221225664.0
/dev18500/demods/2/sample.dio,279876363182080,1075,1073750016.0
/dev18500/demods/2/sample.dio,279876363240448,1076,0.0
/dev18500/demods/2/sample.dio,279876363298816,1077,0.0
/dev18500/demods/2/sample.dio,279876363357184,1078,3222274240.0
/dev18500/demods/2/sample.dio,279876363415552,1079,3221225664.0
/dev18500/demods/2/sample.dio,279876363473920,1080,1073741824.0
/dev18500/demods/2/sample.dio,279876363532288,1081,0.0
/dev18500/demods/2/sample.dio,279876363590656,1082,0.0
/dev18500/demods/2/sample.dio,279876363649024,1083,3222274240.0
/dev18500/demods/2/sample.dio,279876363707392,1084,1073741888.0
/dev18500/demods/2/sample.dio,279876363765760,1085,1073741824.0
/dev18500/demods/2/sample.dio,279876363824128,1086,0.0
/dev18500/demods/2/sample.dio,279876363882496,1087,0.0
/dev18500/demods/2/sample.dio,279876363940864,1088,3222274240.0
/dev18500/demods/2/sample.dio,279876363999232,1089,3221225664.0
/dev18500/demods/2/sample.dio,279876364057600,1090,0.0
/dev18500/demods/2/sample.dio,279876364115968,1091,0.0
/dev18500/demods/2/sample.dio,279876364174336,1092,1074790400.0
/dev18500/demods/2/sample.dio,279876364232704,1093,3222274240.0
/dev18500/demods/2/sample.dio,279876364291072,1094,1073741824.0
/dev18500/demods/2/sample.dio,279876364349440,1095,0.0
/dev18500/demods/2/sample.dio,279876364407808,1096,0.0
/dev18500/demods/2/sample.dio,279876364466176,1097,1074790400.0
/dev18500/demods/2/sample.dio,279876364524544,1098,3221225664.0
/dev18500/demods/2/sample.dio,279876364582912,1099,1073741824.0
/dev18500/demods/2/sample.dio,279876364641280,1100,0.0
/dev18500/demods/2/sample.dio,279876364699648,1101,0.0
/dev18500/demods/2/sample.dio,279876364758016,1102,3222274048.0
/dev18500/demods/2/sample.dio,279876364816384,1103,3221225664.0
/dev18500/demods/2/sample.dio,279876364874752,1104,1073741824.0
/dev18500/demods/2/sample.dio,279876364933120,1105,0.0
/dev18500/demods/2/sample.dio,279876364991488,1106,0.0
/dev18500/demods/2/sample.dio,279876365049856,1107,3221274688.0
/dev18500/demods/2/sample.dio,279876365108224,1108,1073742016.0
/dev18500/demods/2/sample.dio,279876365166592,1109,1073750016.0
/dev18500/demods/2/sample.dio,279876365224960,1110,0.0
/dev18500/demods/2/sample.dio,279876365283328,1111,0.0
/dev18500/demods/2/sample.dio,279876365341696,1112,3221225664.0
/dev18500/demods/2/sample.dio,279876365400064,1113,3221225664.0
/dev18500/demods/2/sample.dio,279876365458432,1114,0.0
/dev18500/demods/2/sample.dio,279876365516800,1115,0.0
/dev18500/demods/2/sample.dio,279876365575168,1116,1048576.0
/dev18500/demods/2/sample.dio,279876365633536,1117,3221225664.0
/dev18500/demods/2/sample.dio,279876365691904,1118,1073741824.0
/dev18500/demods/2/sample.dio,279876365750272,1119,8192.0
/dev18500/demods/2/sample.dio,279876365808640,1120,0.0
/dev18500/demods/2/sample.dio,279876365867008,1121,1048576.0
/dev18500/demods/2/sample.dio,279876365925376,1122,3222274240.0
/dev18500/demods/2/sample.dio,279876365983744,1123,1073741888.0
/dev18500/demods/2/sample.dio,279876366042112,1124,0.0
/dev18500/demods/2/sample.dio,279876366100480,1125,0.0
/dev18500/demods/2/sample.dio,279876366158848,1126,3222274048.0
/dev18500/demods/2/sample.dio,279876366217216,1127,3221225664.0
/dev18500/demods/2/sample.dio,279876366275584,1128,1073741824.0
/dev18500/demods/2/sample.dio,279876366333952,1129,0.0
/dev18500/demods/2/sample.dio,279876366392320,1130,16384.0
/dev18500/demods/2/sample.dio,279876366450688,1131,0.0
/dev18500/demods/2/sample.dio,279876366509056,1132,3221225664.0
/dev18500/demods/2/sample.dio,279876366567424,1133,1073741824.0
/dev18500/demods/2/sample.dio,279876366625792,1134,0.0
/dev18500/demods/2/sample.dio,279876366684160,1135,0.0
/dev18500/demods/2/sample.dio,279876366742528,1136,3222274240.0
/dev18500/demods/2/sample.dio,279876366800896,1137,3221225664.0
/dev18500/demods/2/sample.dio,279876366859264,1138,1073741824.0
/dev18500/demods/2/sample.dio,279876366917632,1139,0.0
/dev18500/demods/2/sample.dio,279876366976000,1140,1048576.0
/dev18500/demods/2/sample.dio,279876367034368,1141,3222274240.0
/dev18500/demods/2/sample.dio,279876367092736,1142,1073750080.0
/dev18500/demods/2/sample.dio,279876367151104,1143,1073741824.0
/dev18500/demods/2/sample.dio,279876367209472,1144,0.0
/dev18500/demods/2/sample.dio,279876367267840,1145,0.0
/dev18500/demods/2/sample.dio,279876367326208,1146,3222290624.0
/dev18500/demods/2/sample.dio,279876367384576,1147,3221225664.0
/dev18500/demods/2/sample.dio,279876367442944,1148,0.0
/dev18500/demods/2/sample.dio,279876367501312,1149,0.0
/dev18500/demods/2/sample.dio,279876367559680,1150,1074790400.0
/dev18500/demods/2/sample.dio,279876367618048,1151,3221225664.0
/dev18500/demods/2/sample.dio,279876367676416,1152,1073741824.0
/dev18500/demods/2/sample.dio,279876367734784,1153,0.0
/dev18500/demods/2/sample.dio,279876367793152,1154,0.0
/dev18500/demods/2/sample.dio,279876367851520,1155,1074790400.0
/dev18500/demods/2/sample.dio,279876367909888,1156,3221225664.0
/dev18500/demods/2/sample.dio,279876367968256,1157,1073741824.0
/dev18500/demods/2/sample.dio,279876368026624,1158,0.0
/dev18500/demods/2/sample.dio,279876368084992,1159,0.0
/dev18500/demods/2/sample.dio,279876368143360,1160,3222274240.0
/dev18500/demods/2/sample.dio,279876368201728,1161,3221225664.0
/dev18500/demods/2/sample.dio,279876368260096,1162,1073741824.0
/dev18500/demods/2/sample.dio,279876368318464,1163,0.0
/dev18500/demods/2/sample.dio,279876368376832,1164,0.0
/dev18500/demods/2/sample.dio,279876368435200,1165,3222274112.0
/dev18500/demods/2/sample.dio,279876368493568,1166,1073742016.0
/dev18500/demods/2/sample.dio,279876368551936,1167,1073741824.0
/dev18500/demods/2/sample.dio,279876368610304,1168,0.0
/dev18500/demods/2/sample.dio,279876368668672,1169,0.0
/dev18500/demods/2/sample.dio,279876368727040,1170,3221225664.0
/dev18500/demods/2/sample.dio,279876368785408,1171,1073742016.0
/dev18500/demods/2/sample.dio,279876368843776,1172,0.0
/dev18500/demods/2/sample.dio,279876368902144,1173,0.0
/dev18500/demods/2/sample.dio,279876368960512,1174,1048576.0
/dev18500/demods/2/sample.dio,279876369018880,1175,3222274240.0
/dev18500/demods/2/sample.dio,279876369077248,1176,1073741888.0
/dev18500/demods/2/sample.dio,279876369135616,1177,0.0
/dev18500/demods/2/sample.dio,279876369193984,1178,0.0
/dev18500/demods/2/sample.dio,279876369252352,1179,1048576.0
/dev18500/demods/2/sample.dio,279876369310720,1180,3221225664.0
/dev18500/demods/2/sample.dio,279876369369088,1181,1073741824.0
/dev18500/demods/2/sample.dio,279876369427456,1182,0.0
/dev18500/demods/2/sample.dio,279876369485824,1183,0.0
/dev18500/demods/2/sample.dio,279876369544192,1184,3222274112.0
/dev18500/demods/2/sample.dio,279876369602560,1185,3221225664.0
/dev18500/demods/2/sample.dio,279876369660928,1186,1073741824.0
/dev18500/demods/2/sample.dio,279876369719296,1187,0.0
/dev18500/demods/2/sample.dio,279876369777664,1188,0.0
/dev18500/demods/2/sample.dio,279876369836032,1189,3222274048.0
/dev18500/demods/2/sample.dio,279876369894400,1190,3221233856.0
/dev18500/demods/2/sample.dio,279876369952768,1191,1073741824.0
/dev18500/demods/2/sample.dio,279876370011136,1192,0.0
/dev18500/demods/2/sample.dio,279876370069504,1193,0.0
/dev18500/demods/2/sample.dio,279876370127872,1194,3222290624.0
/dev18500/demods/2/sample.dio,279876370186240,1195,3221225664.0
/dev18500/demods/2/sample.dio,279876370244608,1196,1073741824.0
/dev18500/demods/2/sample.dio,279876370302976,1197,0.0
/dev18500/demods/2/sample.dio,279876370361344,1198,0.0
/dev18500/demods/2/sample.dio,279876370419712,1199,3222274240.0
/dev18500/demods/2/sample.dio,279876370478080,1200,1073741888.0
/dev18500/demods/2/sample.dio,279876370536448,1201,1073750016.0
/dev18500/demods/2/sample.dio,279876370594816,1202,0.0
/dev18500/demods/2/sample.dio,279876370653184,1203,0.0
/dev18500/demods/2/sample.dio,279876370711552,1204,3221225664.0
/dev18500/demods/2/sample.dio,279876370769920,1205,3221225664.0
/dev18500/demods/2/sample.dio,279876370828288,1206,0.0
/dev18500/demods/2/sample.dio,279876370886656,1207,0.0
/dev18500/demods/2/sample.dio,279876370945024,1208,3222274048.0
/dev18500/demods/2/sample.dio,279876371003392,1209,3222274240.0
/dev18500/demods/2/sample.dio,279876371061760,1210,1073741824.0
/dev18500/demods/2/sample.dio,279876371120128,1211,0.0
/dev18500/demods/2/sample.dio,279876371178496,1212,0.0
/dev18500/demods/2/sample.dio,279876371236864,1213,3222274048.0
/dev18500/demods/2/sample.dio,279876371295232,1214,3221225664.0
/dev18500/demods/2/sample.dio,279876371353600,1215,1073741824.0
/dev18500/demods/2/sample.dio,279876371411968,1216,0.0
/dev18500/demods/2/sample.dio,279876371470336,1217,0.0
/dev18500/demods/2/sample.dio,279876371528704,1218,3222274112.0
/dev18500/demods/2/sample.dio,279876371587072,1219,3221225664.0
/dev18500/demods/2/sample.dio,279876371645440,1220,1073741824.0
/dev18500/demods/2/sample.dio,279876371703808,1221,0.0
/dev18500/demods/2/sample.dio,279876371762176,1222,0.0
/dev18500/demods/2/sample.dio,279876371820544,1223,3221225536.0
/dev18500/demods/2/sample.dio,279876371878912,1224,1073742016.0
/dev18500/demods/2/sample.dio,279876371937280,1225,1073741824.0
/dev18500/demods/2/sample.dio,279876371995648,1226,0.0
/dev18500/demods/2/sample.dio,279876372054016,1227,0.0
/dev18500/demods/2/sample.dio,279876372112384,1228,3222274240.0
/dev18500/demods/2/sample.dio,279876372170752,1229,3221225664.0
/dev18500/demods/2/sample.dio,279876372229120,1230,0.0
/dev18500/demods/2/sample.dio,279876372287488,1231,0.0
/dev18500/demods/2/sample.dio,279876372345856,1232,1048576.0
/dev18500/demods/2/sample.dio,279876372404224,1233,3221225664.0
/dev18500/demods/2/sample.dio,279876372462592,1234,1073741824.0
/dev18500/demods/2/sample.dio,279876372520960,1235,8192.0
/dev18500/demods/2/sample.dio,279876372579328,1236,0.0
/dev18500/demods/2/sample.dio,279876372637696,1237,1048576.0
/dev18500/demods/2/sample.dio,279876372696064,1238,3221225664.0
/dev18500/demods/2/sample.dio,279876372754432,1239,1073741824.0
/dev18500/demods/2/sample.dio,279876372812800,1240,0.0
/dev18500/demods/2/sample.dio,279876372871168,1241,0.0
/dev18500/demods/2/sample.dio,279876372929536,1242,3222274048.0
/dev18500/demods/2/sample.dio,279876372987904,1243,3221225664.0
/dev18500/demods/2/sample.dio,279876373046272,1244,1073741824.0
/dev18500/demods/2/sample.dio,279876373104640,1245,0.0
/dev18500/demods/2/sample.dio,279876373163008,1246,0.0
/dev18500/demods/2/sample.dio,279876373221376,1247,3221225472.0
/dev18500/demods/2/sample.dio,279876373279744,1248,3221225664.0
/dev18500/demods/2/sample.dio,279876373338112,1249,1073741824.0
/dev18500/demods/2/sample.dio,279876373396480,1250,0.0
/dev18500/demods/2/sample.dio,279876373454848,1251,0.0
/dev18500/demods/2/sample.dio,279876373513216,1252,3222274240.0
/dev18500/demods/2/sample.dio,279876373571584,1253,3221225664.0
/dev18500/demods/2/sample.dio,279876373629952,1254,0.0
/dev18500/demods/2/sample.dio,279876373688320,1255,0.0
/dev18500/demods/2/sample.dio,279876373746688,1256,0.0
/dev18500/demods/2/sample.dio,279876373805056,1257,3221225664.0
/dev18500/demods/2/sample.dio,279876373863424,1258,1073741888.0
/dev18500/demods/2/sample.dio,279876373921792,1259,0.0
/dev18500/demods/2/sample.dio,279876373980160,1260,0.0
/dev18500/demods/2/sample.dio,279876374038528,1261,1048576.0
/dev18500/demods/2/sample.dio,279876374096896,1262,3221225664.0
/dev18500/demods/2/sample.dio,279876374155264,1263,1073742016.0
/dev18500/demods/2/sample.dio,279876374213632,1264,0.0
/dev18500/demods/2/sample.dio,279876374272000,1265,0.0
/dev18500/demods/2/sample.dio,279876374330368,1266,3222274048.0
/dev18500/demods/2/sample.dio,279876374388736,1267,3222274240.0
/dev18500/demods/2/sample.dio,279876374447104,1268,1073741824.0
/dev18500/demods/2/sample.dio,279876374505472,1269,0.0
/dev18500/demods/2/sample.dio,279876374563840,1270,0.0
/dev18500/demods/2/sample.dio,279876374622208,1271,3222274048.0
/dev18500/demods/2/sample.dio,279876374680576,1272,3221225664.0
/dev18500/demods/2/sample.dio,279876374738944,1273,1073741824.0
/dev18500/demods/2/sample.dio,279876374797312,1274,0.0
/dev18500/demods/2/sample.dio,279876374855680,1275,0.0
/dev18500/demods/2/sample.dio,279876374914048,1276,3222274240.0
/dev18500/demods/2/sample.dio,279876374972416,1277,3221225664.0
/dev18500/demods/2/sample.dio,279876375030784,1278,0.0
/dev18500/demods/2/sample.dio,279876375089152,1279,0.0
/dev18500/demods/2/sample.dio,279876375147520,1280,0.0
/dev18500/demods/2/sample.dio,279876375205888,1281,3221225664.0
/dev18500/demods/2/sample.dio,279876375264256,1282,1073742016.0
/dev18500/demods/2/sample.dio,279876375322624,1283,1073741824.0
/dev18500/demods/2/sample.dio,279876375380992,1284,0.0
/dev18500/demods/2/sample.dio,279876375439360,1285,0.0
/dev18500/demods/2/sample.dio,279876375497728,1286,3222274240.0
/dev18500/demods/2/sample.dio,279876375556096,1287,1073742016.0
/dev18500/demods/2/sample.dio,279876375614464,1288,0.0
/dev18500/demods/2/sample.dio,279876375672832,1289,0.0
/dev18500/demods/2/sample.dio,279876375731200,1290,1048576.0
/dev18500/demods/2/sample.dio,279876375789568,1291,3222274240.0
/dev18500/demods/2/sample.dio,279876375847936,1292,1073750016.0
/dev18500/demods/2/sample.dio,279876375906304,1293,0.0
/dev18500/demods/2/sample.dio,279876375964672,1294,0.0
/dev18500/demods/2/sample.dio,279876376023040,1295,1048576.0
/dev18500/demods/2/sample.dio,279876376081408,1296,3221233856.0
/dev18500/demods/2/sample.dio,279876376139776,1297,1073741888.0
/dev18500/demods/2/sample.dio,279876376198144,1298,0.0
/dev18500/demods/2/sample.dio,279876376256512,1299,0.0
/dev18500/demods/2/sample.dio,279876376314880,1300,3222274112.0
/dev18500/demods/2/sample.dio,279876376373248,1301,3221225664.0
/dev18500/demods/2/sample.dio,279876376431616,1302,1073741824.0
/dev18500/demods/2/sample.dio,279876376489984,1303,0.0
/dev18500/demods/2/sample.dio,279876376548352,1304,0.0
/dev18500/demods/2/sample.dio,279876376606720,1305,3222274112.0
/dev18500/demods/2/sample.dio,279876376665088,1306,3221225664.0
/dev18500/demods/2/sample.dio,279876376723456,1307,1073741824.0
/dev18500/demods/2/sample.dio,279876376781824,1308,0.0
/dev18500/demods/2/sample.dio,279876376840192,1309,0.0
/dev18500/demods/2/sample.dio,279876376898560,1310,3221242048.0
/dev18500/demods/2/sample.dio,279876376956928,1311,3221225664.0
/dev18500/demods/2/sample.dio,279876377015296,1312,0.0
/dev18500/demods/2/sample.dio,279876377073664,1313,0.0
/dev18500/demods/2/sample.dio,279876377132032,1314,1064960.0
/dev18500/demods/2/sample.dio,279876377190400,1315,3221225664.0
/dev18500/demods/2/sample.dio,279876377248768,1316,1073741824.0
/dev18500/demods/2/sample.dio,279876377307136,1317,0.0
/dev18500/demods/2/sample.dio,279876377365504,1318,0.0
/dev18500/demods/2/sample.dio,279876377423872,1319,1048576.0
/dev18500/demods/2/sample.dio,279876377482240,1320,3222274240.0
/dev18500/demods/2/sample.dio,279876377540608,1321,1073741824.0
/dev18500/demods/2/sample.dio,279876377598976,1322,0.0
/dev18500/demods/2/sample.dio,279876377657344,1323,0.0
/dev18500/demods/2/sample.dio,279876377715712,1324,3221225472.0
/dev18500/demods/2/sample.dio,279876377774080,1325,3222274240.0
/dev18500/demods/2/sample.dio,279876377832448,1326,1073741824.0
/dev18500/demods/2/sample.dio,279876377890816,1327,0.0
/dev18500/demods/2/sample.dio,279876377949184,1328,0.0
/dev18500/demods/2/sample.dio,279876378007552,1329,1048576.0
/dev18500/demods/2/sample.dio,279876378065920,1330,3221225664.0
/dev18500/demods/2/sample.dio,279876378124288,1331,1073741824.0
/dev18500/demods/2/sample.dio,279876378182656,1332,0.0
/dev18500/demods/2/sample.dio,279876378241024,1333,0.0
/dev18500/demods/2/sample.dio,279876378299392,1334,3222274240.0
/dev18500/demods/2/sample.dio,279876378357760,1335,3221225664.0
/dev18500/demods/2/sample.dio,279876378416128,1336,1073741824.0
/dev18500/demods/2/sample.dio,279876378474496,1337,0.0
/dev18500/demods/2/sample.dio,279876378532864,1338,0.0
/dev18500/demods/2/sample.dio,279876378591232,1339,3222274240.0
/dev18500/demods/2/sample.dio,279876378649600,1340,1073742016.0
/dev18500/demods/2/sample.dio,279876378707968,1341,1073741824.0
/dev18500/demods/2/sample.dio,279876378766336,1342,0.0
/dev18500/demods/2/sample.dio,279876378824704,1343,0.0
/dev18500/demods/2/sample.dio,279876378883072,1344,3221225664.0
/dev18500/demods/2/sample.dio,279876378941440,1345,1073742016.0
/dev18500/demods/2/sample.dio,279876378999808,1346,0.0
/dev18500/demods/2/sample.dio,279876379058176,1347,0.0
/dev18500/demods/2/sample.dio,279876379116544,1348,1074790400.0
/dev18500/demods/2/sample.dio,279876379174912,1349,3222274240.0
/dev18500/demods/2/sample.dio,279876379233280,1350,1073741824.0
/dev18500/demods/2/sample.dio,279876379291648,1351,8192.0
/dev18500/demods/2/sample.dio,279876379350016,1352,0.0
/dev18500/demods/2/sample.dio,279876379408384,1353,0.0
/dev18500/demods/2/sample.dio,279876379466752,1354,3221225664.0
/dev18500/demods/2/sample.dio,279876379525120,1355,1073741824.0
/dev18500/demods/2/sample.dio,279876379583488,1356,0.0
/dev18500/demods/2/sample.dio,279876379641856,1357,0.0
/dev18500/demods/2/sample.dio,279876379700224,1358,3222274048.0
/dev18500/demods/2/sample.dio,279876379758592,1359,3221225664.0
/dev18500/demods/2/sample.dio,279876379816960,1360,1073741824.0
/dev18500/demods/2/sample.dio,279876379875328,1361,0.0
/dev18500/demods/2/sample.dio,279876379933696,1362,0.0
/dev18500/demods/2/sample.dio,279876379992064,1363,3222274112.0
/dev18500/demods/2/sample.dio,279876380050432,1364,3221225664.0
/dev18500/demods/2/sample.dio,279876380108800,1365,1073741824.0
/dev18500/demods/2/sample.dio,279876380167168,1366,0.0
/dev18500/demods/2/sample.dio,279876380225536,1367,0.0
/dev18500/demods/2/sample.dio,279876380283904,1368,3222274240.0
/dev18500/demods/2/sample.dio,279876380342272,1369,3221225664.0
/dev18500/demods/2/sample.dio,279876380400640,1370,0.0
/dev18500/demods/2/sample.dio,279876380459008,1371,0.0
/dev18500/demods/2/sample.dio,279876380517376,1372,1048576.0
/dev18500/demods/2/sample.dio,279876380575744,1373,3221225664.0
/dev18500/demods/2/sample.dio,279876380634112,1374,1073742016.0
/dev18500/demods/2/sample.dio,279876380692480,1375,0.0
/dev18500/demods/2/sample.dio,279876380750848,1376,0.0
/dev18500/demods/2/sample.dio,279876380809216,1377,1048576.0
/dev18500/demods/2/sample.dio,279876380867584,1378,3221225664.0
/dev18500/demods/2/sample.dio,279876380925952,1379,1073742016.0
/dev18500/demods/2/sample.dio,279876380984320,1380,0.0
/dev18500/demods/2/sample.dio,279876381042688,1381,0.0
/dev18500/demods/2/sample.dio,279876381101056,1382,3222274048.0
/dev18500/demods/2/sample.dio,279876381159424,1383,3221225664.0
/dev18500/demods/2/sample.dio,279876381217792,1384,1073741824.0
/dev18500/demods/2/sample.dio,279876381276160,1385,0.0
/dev18500/demods/2/sample.dio,279876381334528,1386,0.0
/dev18500/demods/2/sample.dio,279876381392896,1387,3222274048.0
/dev18500/demods/2/sample.dio,279876381451264,1388,3221233856.0
/dev18500/demods/2/sample.dio,279876381509632,1389,1073741824.0
/dev18500/demods/2/sample.dio,279876381568000,1390,0.0
/dev18500/demods/2/sample.dio,279876381626368,1391,0.0
/dev18500/demods/2/sample.dio,279876381684736,1392,3222274240.0
/dev18500/demods/2/sample.dio,279876381743104,1393,3221225664.0
/dev18500/demods/2/sample.dio,279876381801472,1394,1073741824.0
/dev18500/demods/2/sample.dio,279876381859840,1395,0.0
/dev18500/demods/2/sample.dio,279876381918208,1396,0.0
/dev18500/demods/2/sample.dio,279876381976576,1397,3222274112.0
/dev18500/demods/2/sample.dio,279876382034944,1398,1073741888.0
/dev18500/demods/2/sample.dio,279876382093312,1399,1073741824.0
/dev18500/demods/2/sample.dio,279876382151680,1400,0.0
/dev18500/demods/2/sample.dio,279876382210048,1401,0.0
/dev18500/demods/2/sample.dio,279876382268416,1402,3221225664.0
/dev18500/demods/2/sample.dio,279876382326784,1403,3221225664.0
/dev18500/demods/2/sample.dio,279876382385152,1404,0.0
/dev18500/demods/2/sample.dio,279876382443520,1405,0.0
/dev18500/demods/2/sample.dio,279876382501888,1406,1048576.0
/dev18500/demods/2/sample.dio,279876382560256,1407,3221225664.0
/dev18500/demods/2/sample.dio,279876382618624,1408,1073741824.0
/dev18500/demods/2/sample.dio,279876382676992,1409,0.0
/dev18500/demods/2/sample.dio,279876382735360,1410,0.0
/dev18500/demods/2/sample.dio,279876382793728,1411,1048576.0
/dev18500/demods/2/sample.dio,279876382852096,1412,3221225664.0
/dev18500/demods/2/sample.dio,279876382910464,1413,1073741824.0
/dev18500/demods/2/sample.dio,279876382968832,1414,0.0
/dev18500/demods/2/sample.dio,279876383027200,1415,0.0
/dev18500/demods/2/sample.dio,279876383085568,1416,3222274048.0
/dev18500/demods/2/sample.dio,279876383143936,1417,3221225664.0
/dev18500/demods/2/sample.dio,279876383202304,1418,1073741824.0
/dev18500/demods/2/sample.dio,279876383260672,1419,0.0
/dev18500/demods/2/sample.dio,279876383319040,1420,0.0
/dev18500/demods/2/sample.dio,279876383377408,1421,3221225472.0
/dev18500/demods/2/sample.dio,279876383435776,1422,3221225664.0
/dev18500/demods/2/sample.dio,279876383494144,1423,1073741824.0
/dev18500/demods/2/sample.dio,279876383552512,1424,0.0
/dev18500/demods/2/sample.dio,279876383610880,1425,0.0
/dev18500/demods/2/sample.dio,279876383669248,1426,3221225664.0
/dev18500/demods/2/sample.dio,279876383727616,1427,3221233856.0
/dev18500/demods/2/sample.dio,279876383785984,1428,0.0
/dev18500/demods/2/sample.dio,279876383844352,1429,0.0
/dev18500/demods/2/sample.dio,279876383902720,1430,0.0
/dev18500/demods/2/sample.dio,279876383961088,1431,3221225536.0
/dev18500/demods/2/sample.dio,279876384019456,1432,1073750080.0
/dev18500/demods/2/sample.dio,279876384077824,1433,1073741824.0
/dev18500/demods/2/sample.dio,279876384136192,1434,0.0
/dev18500/demods/2/sample.dio,279876384194560,1435,1048576.0
/dev18500/demods/2/sample.dio,279876384252928,1436,3221225664.0
/dev18500/demods/2/sample.dio,279876384311296,1437,1073742016.0
/dev18500/demods/2/sample.dio,279876384369664,1438,0.0
/dev18500/demods/2/sample.dio,279876384428032,1439,0.0
/dev18500/demods/2/sample.dio,279876384486400,1440,3222290432.0
/dev18500/demods/2/sample.dio,279876384544768,1441,3222274240.0
/dev18500/demods/2/sample.dio,279876384603136,1442,1073741824.0
/dev18500/demods/2/sample.dio,279876384661504,1443,0.0
/dev18500/demods/2/sample.dio,279876384719872,1444,0.0
/dev18500/demods/2/sample.dio,279876384778240,1445,1048576.0
/dev18500/demods/2/sample.dio,279876384836608,1446,3221225664.0
/dev18500/demods/2/sample.dio,279876384894976,1447,1073741824.0
/dev18500/demods/2/sample.dio,279876384953344,1448,0.0
/dev18500/demods/2/sample.dio,279876385011712,1449,0.0
/dev18500/demods/2/sample.dio,279876385070080,1450,3222274240.0
/dev18500/demods/2/sample.dio,279876385128448,1451,3221225664.0
/dev18500/demods/2/sample.dio,279876385186816,1452,1073741824.0
/dev18500/demods/2/sample.dio,279876385245184,1453,0.0
/dev18500/demods/2/sample.dio,279876385303552,1454,0.0
/dev18500/demods/2/sample.dio,279876385361920,1455,3221225664.0
/dev18500/demods/2/sample.dio,279876385420288,1456,1073742016.0
/dev18500/demods/2/sample.dio,279876385478656,1457,1073741824.0
/dev18500/demods/2/sample.dio,279876385537024,1458,0.0
/dev18500/demods/2/sample.dio,279876385595392,1459,0.0
/dev18500/demods/2/sample.dio,279876385653760,1460,3222274240.0
/dev18500/demods/2/sample.dio,279876385712128,1461,1073742016.0
/dev18500/demods/2/sample.dio,279876385770496,1462,0.0
/dev18500/demods/2/sample.dio,279876385828864,1463,0.0
/dev18500/demods/2/sample.dio,279876385887232,1464,1048576.0
/dev18500/demods/2/sample.dio,279876385945600,1465,3222274240.0
/dev18500/demods/2/sample.dio,279876386003968,1466,1073741824.0
/dev18500/demods/2/sample.dio,279876386062336,1467,0.0
/dev18500/demods/2/sample.dio,279876386120704,1468,0.0
/dev18500/demods/2/sample.dio,279876386179072,1469,0.0
/dev18500/demods/2/sample.dio,279876386237440,1470,3221225664.0
/dev18500/demods/2/sample.dio,279876386295808,1471,1073741824.0
/dev18500/demods/2/sample.dio,279876386354176,1472,0.0
/dev18500/demods/2/sample.dio,279876386412544,1473,0.0
/dev18500/demods/2/sample.dio,279876386470912,1474,3222274112.0
/dev18500/demods/2/sample.dio,279876386529280,1475,3221225664.0
/dev18500/demods/2/sample.dio,279876386587648,1476,1073750016.0
/dev18500/demods/2/sample.dio,279876386646016,1477,0.0
/dev18500/demods/2/sample.dio,279876386704384,1478,0.0
/dev18500/demods/2/sample.dio,279876386762752,1479,3221225472.0
/dev18500/demods/2/sample.dio,279876386821120,1480,3221225664.0
/dev18500/demods/2/sample.dio,279876386879488,1481,1073741824.0
/dev18500/demods/2/sample.dio,279876386937856,1482,0.0
/dev18500/demods/2/sample.dio,279876386996224,1483,0.0
/dev18500/demods/2/sample.dio,279876387054592,1484,3221225664.0
/dev18500/demods/2/sample.dio,279876387112960,1485,3221225664.0
/dev18500/demods/2/sample.dio,279876387171328,1486,0.0
/dev18500/demods/2/sample.dio,279876387229696,1487,0.0
/dev18500/demods/2/sample.dio,279876387288064,1488,1048576.0
/dev18500/demods/2/sample.dio,279876387346432,1489,3221225664.0
/dev18500/demods/2/sample.dio,279876387404800,1490,1073741888.0
/dev18500/demods/2/sample.dio,279876387463168,1491,0.0
/dev18500/demods/2/sample.dio,279876387521536,1492,0.0
/dev18500/demods/2/sample.dio,279876387579904,1493,0.0
/dev18500/demods/2/sample.dio,279876387638272,1494,3221225664.0
/dev18500/demods/2/sample.dio,279876387696640,1495,1073750080.0
/dev18500/demods/2/sample.dio,279876387755008,1496,0.0
/dev18500/demods/2/sample.dio,279876387813376,1497,0.0
/dev18500/demods/2/sample.dio,279876387871744,1498,3222274048.0
/dev18500/demods/2/sample.dio,279876387930112,1499,3222274240.0
/dev18500/demods/2/sample.dio,279876387988480,1500,1073741824.0
/dev18500/demods/2/sample.dio,279876388046848,1501,0.0
/dev18500/demods/2/sample.dio,279876388105216,1502,0.0
/dev18500/demods/2/sample.dio,279876388163584,1503,1048576.0
/dev18500/demods/2/sample.dio,279876388221952,1504,3221225664.0
/dev18500/demods/2/sample.dio,279876388280320,1505,1073750016.0
/dev18500/demods/2/sample.dio,279876388338688,1506,0.0
/dev18500/demods/2/sample.dio,279876388397056,1507,0.0
/dev18500/demods/2/sample.dio,279876388455424,1508,3222274240.0
/dev18500/demods/2/sample.dio,279876388513792,1509,3221225664.0
/dev18500/demods/2/sample.dio,279876388572160,1510,1073741824.0
/dev18500/demods/2/sample.dio,279876388630528,1511,0.0
/dev18500/demods/2/sample.dio,279876388688896,1512,0.0
/dev18500/demods/2/sample.dio,279876388747264,1513,3222274240.0
/dev18500/demods/2/sample.dio,279876388805632,1514,3221225664.0
/dev18500/demods/2/sample.dio,279876388864000,1515,1073741824.0
/dev18500/demods/2/sample.dio,279876388922368,1516,0.0
/dev18500/demods/2/sample.dio,279876388980736,1517,0.0
/dev18500/demods/2/sample.dio,279876389039104,1518,3222274240.0
/dev18500/demods/2/sample.dio,279876389097472,1519,1073742016.0
/dev18500/demods/2/sample.dio,279876389155840,1520,0.0
/dev18500/demods/2/sample.dio,279876389214208,1521,0.0
/dev18500/demods/2/sample.dio,279876389272576,1522,1048576.0
/dev18500/demods/2/sample.dio,279876389330944,1523,3222274240.0
/dev18500/demods/2/sample.dio,279876389389312,1524,1073741824.0
/dev18500/demods/2/sample.dio,279876389447680,1525,0.0
/dev18500/demods/2/sample.dio,279876389506048,1526,0.0
/dev18500/demods/2/sample.dio,279876389564416,1527,1048576.0
/dev18500/demods/2/sample.dio,279876389622784,1528,3221225664.0
/dev18500/demods/2/sample.dio,279876389681152,1529,1073741824.0
/dev18500/demods/2/sample.dio,279876389739520,1530,0.0
/dev18500/demods/2/sample.dio,279876389797888,1531,0.0
/dev18500/demods/2/sample.dio,279876389856256,1532,3222274048.0
/dev18500/demods/2/sample.dio,279876389914624,1533,3221225664.0
/dev18500/demods/2/sample.dio,279876389972992,1534,1073741824.0
/dev18500/demods/2/sample.dio,279876390031360,1535,0.0
/dev18500/demods/2/sample.dio,279876390089728,1536,0.0
/dev18500/demods/2/sample.dio,279876390148096,1537,3222274048.0
/dev18500/demods/2/sample.dio,279876390206464,1538,3221225664.0
/dev18500/demods/2/sample.dio,279876390264832,1539,1073741824.0
/dev18500/demods/2/sample.dio,279876390323200,1540,0.0
/dev18500/demods/2/sample.dio,279876390381568,1541,0.0
/dev18500/demods/2/sample.dio,279876390439936,1542,3221225664.0
/dev18500/demods/2/sample.dio,279876390498304,1543,3221225664.0
/dev18500/demods/2/sample.dio,279876390556672,1544,0.0
/dev18500/demods/2/sample.dio,279876390615040,1545,0.0
/dev18500/demods/2/sample.dio,279876390673408,1546,1048576.0
/dev18500/demods/2/sample.dio,279876390731776,1547,3221225664.0
/dev18500/demods/2/sample.dio,279876390790144,1548,1073741888.0
/dev18500/demods/2/sample.dio,279876390848512,1549,0.0
/dev18500/demods/2/sample.dio,279876390906880,1550,0.0
/dev18500/demods/2/sample.dio,279876390965248,1551,0.0
/dev18500/demods/2/sample.dio,279876391023616,1552,3221225664.0
/dev18500/demods/2/sample.dio,279876391081984,1553,1073742016.0
/dev18500/demods/2/sample.dio,279876391140352,1554,0.0
/dev18500/demods/2/sample.dio,279876391198720,1555,0.0
/dev18500/demods/2/sample.dio,279876391257088,1556,3222274048.0
/dev18500/demods/2/sample.dio,279876391315456,1557,3222274240.0
/dev18500/demods/2/sample.dio,279876391373824,1558,1073750016.0
/dev18500/demods/2/sample.dio,279876391432192,1559,0.0
/dev18500/demods/2/sample.dio,279876391490560,1560,0.0
/dev18500/demods/2/sample.dio,279876391548928,1561,1048576.0
/dev18500/demods/2/sample.dio,279876391607296,1562,3221225664.0
/dev18500/demods/2/sample.dio,279876391665664,1563,1073741824.0
/dev18500/demods/2/sample.dio,279876391724032,1564,0.0
/dev18500/demods/2/sample.dio,279876391782400,1565,0.0
/dev18500/demods/2/sample.dio,279876391840768,1566,3222274240.0
/dev18500/demods/2/sample.dio,279876391899136,1567,3221225664.0
/dev18500/demods/2/sample.dio,279876391957504,1568,1073741824.0
/dev18500/demods/2/sample.dio,279876392015872,1569,0.0
/dev18500/demods/2/sample.dio,279876392074240,1570,0.0
/dev18500/demods/2/sample.dio,279876392132608,1571,3222274112.0
/dev18500/demods/2/sample.dio,279876392190976,1572,1073742016.0
/dev18500/demods/2/sample.dio,279876392249344,1573,1073741824.0
/dev18500/demods/2/sample.dio,279876392307712,1574,0.0
/dev18500/demods/2/sample.dio,279876392366080,1575,0.0
/dev18500/demods/2/sample.dio,279876392424448,1576,3221225664.0
/dev18500/demods/2/sample.dio,279876392482816,1577,3221225664.0
/dev18500/demods/2/sample.dio,279876392541184,1578,0.0
/dev18500/demods/2/sample.dio,279876392599552,1579,0.0
/dev18500/demods/2/sample.dio,279876392657920,1580,0.0
/dev18500/demods/2/sample.dio,279876392716288,1581,3221225664.0
/dev18500/demods/2/sample.dio,279876392774656,1582,1073741824.0
/dev18500/demods/2/sample.dio,279876392833024,1583,0.0
/dev18500/demods/2/sample.dio,279876392891392,1584,0.0
/dev18500/demods/2/sample.dio,279876392949760,1585,1048576.0
/dev18500/demods/2/sample.dio,279876393008128,1586,3221225664.0
/dev18500/demods/2/sample.dio,279876393066496,1587,1073741824.0
/dev18500/demods/2/sample.dio,279876393124864,1588,0.0
/dev18500/demods/2/sample.dio,279876393183232,1589,0.0
/dev18500/demods/2/sample.dio,279876393241600,1590,3222274048.0
/dev18500/demods/2/sample.dio,279876393299968,1591,3221225664.0
/dev18500/demods/2/sample.dio,279876393358336,1592,1073741824.0
/dev18500/demods/2/sample.dio,279876393416704,1593,0.0
/dev18500/demods/2/sample.dio,279876393475072,1594,0.0
/dev18500/demods/2/sample.dio,279876393533440,1595,3222274048.0
/dev18500/demods/2/sample.dio,279876393591808,1596,3221225664.0
/dev18500/demods/2/sample.dio,279876393650176,1597,1073750016.0
/dev18500/demods/2/sample.dio,279876393708544,1598,0.0
/dev18500/demods/2/sample.dio,279876393766912,1599,0.0
/dev18500/demods/2/sample.dio,279876393825280,1600,3222274240.0
/dev18500/demods/2/sample.dio,279876393883648,1601,3221225664.0
/dev18500/demods/2/sample.dio,279876393942016,1602,1073741824.0
/dev18500/demods/2/sample.dio,279876394000384,1603,0.0
/dev18500/demods/2/sample.dio,279876394058752,1604,1048576.0
/dev18500/demods/2/sample.dio,279876394117120,1605,3222274240.0
/dev18500/demods/2/sample.dio,279876394175488,1606,1073741888.0
/dev18500/demods/2/sample.dio,279876394233856,1607,1073741824.0
/dev18500/demods/2/sample.dio,279876394292224,1608,0.0
/dev18500/demods/2/sample.dio,279876394350592,1609,1048576.0
/dev18500/demods/2/sample.dio,279876394408960,1610,3222274240.0
/dev18500/demods/2/sample.dio,279876394467328,1611,1073742016.0
/dev18500/demods/2/sample.dio,279876394525696,1612,0.0
/dev18500/demods/2/sample.dio,279876394584064,1613,0.0
/dev18500/demods/2/sample.dio,279876394642432,1614,3222274048.0
/dev18500/demods/2/sample.dio,279876394700800,1615,3221225664.0
/dev18500/demods/2/sample.dio,279876394759168,1616,1073741824.0
/dev18500/demods/2/sample.dio,279876394817536,1617,0.0
/dev18500/demods/2/sample.dio,279876394875904,1618,0.0
/dev18500/demods/2/sample.dio,279876394934272,1619,1048576.0
/dev18500/demods/2/sample.dio,279876394992640,1620,3221225664.0
/dev18500/demods/2/sample.dio,279876395051008,1621,1073750016.0
/dev18500/demods/2/sample.dio,279876395109376,1622,0.0
/dev18500/demods/2/sample.dio,279876395167744,1623,0.0
/dev18500/demods/2/sample.dio,279876395226112,1624,3222274112.0
/dev18500/demods/2/sample.dio,279876395284480,1625,3221225664.0
/dev18500/demods/2/sample.dio,279876395342848,1626,1073741824.0
/dev18500/demods/2/sample.dio,279876395401216,1627,0.0
/dev18500/demods/2/sample.dio,279876395459584,1628,0.0
/dev18500/demods/2/sample.dio,279876395517952,1629,3222274112.0
/dev18500/demods/2/sample.dio,279876395576320,1630,3221225664.0
/dev18500/demods/2/sample.dio,279876395634688,1631,1073741824.0
/dev18500/demods/2/sample.dio,279876395693056,1632,0.0
/dev18500/demods/2/sample.dio,279876395751424,1633,0.0
/dev18500/demods/2/sample.dio,279876395809792,1634,3221225664.0
/dev18500/demods/2/sample.dio,279876395868160,1635,3221225664.0
/dev18500/demods/2/sample.dio,279876395926528,1636,0.0
/dev18500/demods/2/sample.dio,279876395984896,1637,0.0
/dev18500/demods/2/sample.dio,279876396043264,1638,1048576.0
/dev18500/demods/2/sample.dio,279876396101632,1639,3222274240.0
/dev18500/demods/2/sample.dio,279876396160000,1640,1073741824.0
/dev18500/demods/2/sample.dio,279876396218368,1641,1073741824.0
/dev18500/demods/2/sample.dio,279876396276736,1642,0.0
/dev18500/demods/2/sample.dio,279876396335104,1643,1048576.0
/dev18500/demods/2/sample.dio,279876396393472,1644,3221225664.0
/dev18500/demods/2/sample.dio,279876396451840,1645,1073741824.0
/dev18500/demods/2/sample.dio,279876396510208,1646,0.0
/dev18500/demods/2/sample.dio,279876396568576,1647,0.0
/dev18500/demods/2/sample.dio,279876396626944,1648,3222274048.0
/dev18500/demods/2/sample.dio,279876396685312,1649,3221225664.0
/dev18500/demods/2/sample.dio,279876396743680,1650,1073741824.0
/dev18500/demods/2/sample.dio,279876396802048,1651,0.0
/dev18500/demods/2/sample.dio,279876396860416,1652,0.0
/dev18500/demods/2/sample.dio,279876396918784,1653,3222274048.0
/dev18500/demods/2/sample.dio,279876396977152,1654,3221225664.0
/dev18500/demods/2/sample.dio,279876397035520,1655,1073741824.0
/dev18500/demods/2/sample.dio,279876397093888,1656,0.0
/dev18500/demods/2/sample.dio,279876397152256,1657,0.0
/dev18500/demods/2/sample.dio,279876397210624,1658,3222274240.0
/dev18500/demods/2/sample.dio,279876397268992,1659,3221225664.0
/dev18500/demods/2/sample.dio,279876397327360,1660,0.0
/dev18500/demods/2/sample.dio,279876397385728,1661,0.0
/dev18500/demods/2/sample.dio,279876397444096,1662,1048576.0
/dev18500/demods/2/sample.dio,279876397502464,1663,3222274048.0
/dev18500/demods/2/sample.dio,279876397560832,1664,1073742016.0
/dev18500/demods/2/sample.dio,279876397619200,1665,1073741824.0
/dev18500/demods/2/sample.dio,279876397677568,1666,0.0
/dev18500/demods/2/sample.dio,279876397735936,1667,0.0
/dev18500/demods/2/sample.dio,279876397794304,1668,3221242048.0
/dev18500/demods/2/sample.dio,279876397852672,1669,1073742016.0
/dev18500/demods/2/sample.dio,279876397911040,1670,0.0
/dev18500/demods/2/sample.dio,279876397969408,1671,0.0
/dev18500/demods/2/sample.dio,279876398027776,1672,1048576.0
/dev18500/demods/2/sample.dio,279876398086144,1673,3222290624.0
/dev18500/demods/2/sample.dio,279876398144512,1674,1073750016.0
/dev18500/demods/2/sample.dio,279876398202880,1675,0.0
/dev18500/demods/2/sample.dio,279876398261248,1676,0.0
/dev18500/demods/2/sample.dio,279876398319616,1677,1048576.0
/dev18500/demods/2/sample.dio,279876398377984,1678,3221225664.0
/dev18500/demods/2/sample.dio,279876398436352,1679,1073741824.0
/dev18500/demods/2/sample.dio,279876398494720,1680,0.0
/dev18500/demods/2/sample.dio,279876398553088,1681,0.0
/dev18500/demods/2/sample.dio,279876398611456,1682,3222274112.0
/dev18500/demods/2/sample.dio,279876398669824,1683,3221225664.0
/dev18500/demods/2/sample.dio,279876398728192,1684,1073741824.0
/dev18500/demods/2/sample.dio,279876398786560,1685,0.0
/dev18500/demods/2/sample.dio,279876398844928,1686,0.0
/dev18500/demods/2/sample.dio,279876398903296,1687,3222274112.0
/dev18500/demods/2/sample.dio,279876398961664,1688,3221225664.0
/dev18500/demods/2/sample.dio,279876399020032,1689,1073741824.0
/dev18500/demods/2/sample.dio,279876399078400,1690,0.0
/dev18500/demods/2/sample.dio,279876399136768,1691,0.0
/dev18500/demods/2/sample.dio,279876399195136,1692,3222274240.0
/dev18500/demods/2/sample.dio,279876399253504,1693,3221233856.0
/dev18500/demods/2/sample.dio,279876399311872,1694,1073741824.0
/dev18500/demods/2/sample.dio,279876399370240,1695,0.0
/dev18500/demods/2/sample.dio,279876399428608,1696,0.0
/dev18500/demods/2/sample.dio,279876399486976,1697,3222274240.0
/dev18500/demods/2/sample.dio,279876399545344,1698,1073741824.0
/dev18500/demods/2/sample.dio,279876399603712,1699,0.0
/dev18500/demods/2/sample.dio,279876399662080,1700,0.0
/dev18500/demods/2/sample.dio,279876399720448,1701,1048576.0
/dev18500/demods/2/sample.dio,279876399778816,1702,3221225664.0
/dev18500/demods/2/sample.dio,279876399837184,1703,1073741888.0
/dev18500/demods/2/sample.dio,279876399895552,1704,0.0
/dev18500/demods/2/sample.dio,279876399953920,1705,0.0
/dev18500/demods/2/sample.dio,279876400012288,1706,3222274048.0
/dev18500/demods/2/sample.dio,279876400070656,1707,3221225664.0
/dev18500/demods/2/sample.dio,279876400129024,1708,1073741824.0
/dev18500/demods/2/sample.dio,279876400187392,1709,0.0
/dev18500/demods/2/sample.dio,279876400245760,1710,0.0
/dev18500/demods/2/sample.dio,279876400304128,1711,3221225472.0
/dev18500/demods/2/sample.dio,279876400362496,1712,3221225664.0
/dev18500/demods/2/sample.dio,279876400420864,1713,1073741824.0
/dev18500/demods/2/sample.dio,279876400479232,1714,0.0
/dev18500/demods/2/sample.dio,279876400537600,1715,0.0
/dev18500/demods/2/sample.dio,279876400595968,1716,3222274112.0
/dev18500/demods/2/sample.dio,279876400654336,1717,3221225664.0
/dev18500/demods/2/sample.dio,279876400712704,1718,1073741824.0
/dev18500/demods/2/sample.dio,279876400771072,1719,0.0
/dev18500/demods/2/sample.dio,279876400829440,1720,16384.0
/dev18500/demods/2/sample.dio,279876400887808,1721,3221225536.0
/dev18500/demods/2/sample.dio,279876400946176,1722,1073742016.0
/dev18500/demods/2/sample.dio,279876401004544,1723,1073741824.0
/dev18500/demods/2/sample.dio,279876401062912,1724,0.0
/dev18500/demods/2/sample.dio,279876401121280,1725,0.0
/dev18500/demods/2/sample.dio,279876401179648,1726,3222274240.0
/dev18500/demods/2/sample.dio,279876401238016,1727,1073742016.0
/dev18500/demods/2/sample.dio,279876401296384,1728,0.0
/dev18500/demods/2/sample.dio,279876401354752,1729,0.0
/dev18500/demods/2/sample.dio,279876401413120,1730,1048576.0
/dev18500/demods/2/sample.dio,279876401471488,1731,3222274240.0
/dev18500/demods/2/sample.dio,279876401529856,1732,1073741824.0
/dev18500/demods/2/sample.dio,279876401588224,1733,0.0
/dev18500/demods/2/sample.dio,279876401646592,1734,0.0
/dev18500/demods/2/sample.dio,279876401704960,1735,1048576.0
/dev18500/demods/2/sample.dio,279876401763328,1736,3221225664.0
/dev18500/demods/2/sample.dio,279876401821696,1737,1073741824.0
/dev18500/demods/2/sample.dio,279876401880064,1738,0.0
/dev18500/demods/2/sample.dio,279876401938432,1739,0.0
/dev18500/demods/2/sample.dio,279876401996800,1740,3222274048.0
/dev18500/demods/2/sample.dio,279876402055168,1741,3221225664.0
/dev18500/demods/2/sample.dio,279876402113536,1742,1073741824.0
/dev18500/demods/2/sample.dio,279876402171904,1743,0.0
/dev18500/demods/2/sample.dio,279876402230272,1744,0.0
/dev18500/demods/2/sample.dio,279876402288640,1745,3222274048.0
/dev18500/demods/2/sample.dio,279876402347008,1746,3221225664.0
/dev18500/demods/2/sample.dio,279876402405376,1747,1073741824.0
/dev18500/demods/2/sample.dio,279876402463744,1748,0.0
/dev18500/demods/2/sample.dio,279876402522112,1749,0.0
/dev18500/demods/2/sample.dio,279876402580480,1750,3222274240.0
/dev18500/demods/2/sample.dio,279876402638848,1751,3221225664.0
/dev18500/demods/2/sample.dio,279876402697216,1752,0.0
/dev18500/demods/2/sample.dio,279876402755584,1753,0.0
/dev18500/demods/2/sample.dio,279876402813952,1754,0.0
/dev18500/demods/2/sample.dio,279876402872320,1755,3222290624.0
/dev18500/demods/2/sample.dio,279876402930688,1756,1073741888.0
/dev18500/demods/2/sample.dio,279876402989056,1757,0.0
/dev18500/demods/2/sample.dio,279876403047424,1758,0.0
/dev18500/demods/2/sample.dio,279876403105792,1759,1048576.0
/dev18500/demods/2/sample.dio,279876403164160,1760,3222274240.0
/dev18500/demods/2/sample.dio,279876403222528,1761,1073741888.0
/dev18500/demods/2/sample.dio,279876403280896,1762,0.0
/dev18500/demods/2/sample.dio,279876403339264,1763,0.0
/dev18500/demods/2/sample.dio,279876403397632,1764,1074790400.0
/dev18500/demods/2/sample.dio,279876403456000,1765,3221225664.0
/dev18500/demods/2/sample.dio,279876403514368,1766,1073741824.0
/dev18500/demods/2/sample.dio,279876403572736,1767,8192.0
/dev18500/demods/2/sample.dio,279876403631104,1768,0.0
/dev18500/demods/2/sample.dio,279876403689472,1769,1048576.0
/dev18500/demods/2/sample.dio,279876403747840,1770,3221225664.0
/dev18500/demods/2/sample.dio,279876403806208,1771,1073741824.0
/dev18500/demods/2/sample.dio,279876403864576,1772,0.0
/dev18500/demods/2/sample.dio,279876403922944,1773,0.0
/dev18500/demods/2/sample.dio,279876403981312,1774,3222274112.0
/dev18500/demods/2/sample.dio,279876404039680,1775,3221225664.0
/dev18500/demods/2/sample.dio,279876404098048,1776,1073741824.0
/dev18500/demods/2/sample.dio,279876404156416,1777,0.0
/dev18500/demods/2/sample.dio,279876404214784,1778,0.0
/dev18500/demods/2/sample.dio,279876404273152,1779,3221225536.0
/dev18500/demods/2/sample.dio,279876404331520,1780,1073742016.0
/dev18500/demods/2/sample.dio,279876404389888,1781,1073741824.0
/dev18500/demods/2/sample.dio,279876404448256,1782,0.0
/dev18500/demods/2/sample.dio,279876404506624,1783,0.0
/dev18500/demods/2/sample.dio,279876404564992,1784,3222274240.0
/dev18500/demods/2/sample.dio,279876404623360,1785,1073742016.0
/dev18500/demods/2/sample.dio,279876404681728,1786,0.0
/dev18500/demods/2/sample.dio,279876404740096,1787,0.0
/dev18500/demods/2/sample.dio,279876404798464,1788,16384.0
/dev18500/demods/2/sample.dio,279876404856832,1789,3221225664.0
/dev18500/demods/2/sample.dio,279876404915200,1790,1073750016.0
/dev18500/demods/2/sample.dio,279876404973568,1791,0.0
/dev18500/demods/2/sample.dio,279876405031936,1792,0.0
/dev18500/demods/2/sample.dio,279876405090304,1793,1048576.0
/dev18500/demods/2/sample.dio,279876405148672,1794,3221225664.0
/dev18500/demods/2/sample.dio,279876405207040,1795,1073741824.0
/dev18500/demods/2/sample.dio,279876405265408,1796,0.0
/dev18500/demods/2/sample.dio,279876405323776,1797,0.0
/dev18500/demods/2/sample.dio,279876405382144,1798,3222274048.0
/dev18500/demods/2/sample.dio,279876405440512,1799,3221225664.0
/dev18500/demods/2/sample.dio,279876405498880,1800,1073741824.0
/dev18500/demods/2/sample.dio,279876405557248,1801,0.0
/dev18500/demods/2/sample.dio,279876405615616,1802,0.0
/dev18500/demods/2/sample.dio,279876405673984,1803,3222274048.0
/dev18500/demods/2/sample.dio,279876405732352,1804,3221225664.0
/dev18500/demods/2/sample.dio,279876405790720,1805,1073741824.0
/dev18500/demods/2/sample.dio,279876405849088,1806,0.0
/dev18500/demods/2/sample.dio,279876405907456,1807,0.0
/dev18500/demods/2/sample.dio,279876405965824,1808,3222274240.0
/dev18500/demods/2/sample.dio,279876406024192,1809,3221225664.0
/dev18500/demods/2/sample.dio,279876406082560,1810,0.0
/dev18500/demods/2/sample.dio,279876406140928,1811,0.0
/dev18500/demods/2/sample.dio,279876406199296,1812,1048576.0
/dev18500/demods/2/sample.dio,279876406257664,1813,3221225664.0
/dev18500/demods/2/sample.dio,279876406316032,1814,1073742016.0
/dev18500/demods/2/sample.dio,279876406374400,1815,0.0
/dev18500/demods/2/sample.dio,279876406432768,1816,0.0
/dev18500/demods/2/sample.dio,279876406491136,1817,1048576.0
/dev18500/demods/2/sample.dio,279876406549504,1818,3222274240.0
/dev18500/demods/2/sample.dio,279876406607872,1819,1073741888.0
/dev18500/demods/2/sample.dio,279876406666240,1820,0.0
/dev18500/demods/2/sample.dio,279876406724608,1821,0.0
/dev18500/demods/2/sample.dio,279876406782976,1822,1074806784.0
/dev18500/demods/2/sample.dio,279876406841344,1823,3222274240.0
/dev18500/demods/2/sample.dio,279876406899712,1824,1073741824.0
/dev18500/demods/2/sample.dio,279876406958080,1825,0.0
/dev18500/demods/2/sample.dio,279876407016448,1826,0.0
/dev18500/demods/2/sample.dio,279876407074816,1827,0.0
/dev18500/demods/2/sample.dio,279876407133184,1828,3221225664.0
/dev18500/demods/2/sample.dio,279876407191552,1829,1073741824.0
/dev18500/demods/2/sample.dio,279876407249920,1830,0.0
/dev18500/demods/2/sample.dio,279876407308288,1831,0.0
/dev18500/demods/2/sample.dio,279876407366656,1832,3222274240.0
/dev18500/demods/2/sample.dio,279876407425024,1833,3221225664.0
/dev18500/demods/2/sample.dio,279876407483392,1834,1073741824.0
/dev18500/demods/2/sample.dio,279876407541760,1835,0.0
/dev18500/demods/2/sample.dio,279876407600128,1836,0.0
/dev18500/demods/2/sample.dio,279876407658496,1837,3222274112.0
/dev18500/demods/2/sample.dio,279876407716864,1838,3221225664.0
/dev18500/demods/2/sample.dio,279876407775232,1839,1073741824.0
/dev18500/demods/2/sample.dio,279876407833600,1840,0.0
/dev18500/demods/2/sample.dio,279876407891968,1841,0.0
/dev18500/demods/2/sample.dio,279876407950336,1842,3222274240.0
/dev18500/demods/2/sample.dio,279876408008704,1843,3221225664.0
/dev18500/demods/2/sample.dio,279876408067072,1844,0.0
/dev18500/demods/2/sample.dio,279876408125440,1845,0.0
/dev18500/demods/2/sample.dio,279876408183808,1846,1048576.0
/dev18500/demods/2/sample.dio,279876408242176,1847,3221225664.0
/dev18500/demods/2/sample.dio,279876408300544,1848,1073741824.0
/dev18500/demods/2/sample.dio,279876408358912,1849,8192.0
/dev18500/demods/2/sample.dio,279876408417280,1850,0.0
/dev18500/demods/2/sample.dio,279876408475648,1851,0.0
/dev18500/demods/2/sample.dio,279876408534016,1852,3221225664.0
/dev18500/demods/2/sample.dio,279876408592384,1853,1073742016.0
/dev18500/demods/2/sample.dio,279876408650752,1854,0.0
/dev18500/demods/2/sample.dio,279876408709120,1855,0.0
/dev18500/demods/2/sample.dio,279876408767488,1856,3222274048.0
/dev18500/demods/2/sample.dio,279876408825856,1857,3221225664.0
/dev18500/demods/2/sample.dio,279876408884224,1858,1073741824.0
/dev18500/demods/2/sample.dio,279876408942592,1859,0.0
/dev18500/demods/2/sample.dio,279876409000960,1860,0.0
/dev18500/demods/2/sample.dio,279876409059328,1861,3222274048.0
/dev18500/demods/2/sample.dio,279876409117696,1862,3221225664.0
/dev18500/demods/2/sample.dio,279876409176064,1863,1073741824.0
/dev18500/demods/2/sample.dio,279876409234432,1864,0.0
/dev18500/demods/2/sample.dio,279876409292800,1865,0.0
/dev18500/demods/2/sample.dio,279876409351168,1866,3221242048.0
/dev18500/demods/2/sample.dio,279876409409536,1867,3221225664.0
/dev18500/demods/2/sample.dio,279876409467904,1868,0.0
/dev18500/demods/2/sample.dio,279876409526272,1869,0.0
/dev18500/demods/2/sample.dio,279876409584640,1870,0.0
/dev18500/demods/2/sample.dio,279876409643008,1871,3222274112.0
/dev18500/demods/2/sample.dio,279876409701376,1872,1073742016.0
/dev18500/demods/2/sample.dio,279876409759744,1873,1073741824.0
/dev18500/demods/2/sample.dio,279876409818112,1874,0.0
/dev18500/demods/2/sample.dio,279876409876480,1875,0.0
/dev18500/demods/2/sample.dio,279876409934848,1876,3222274240.0
/dev18500/demods/2/sample.dio,279876409993216,1877,1073742016.0
/dev18500/demods/2/sample.dio,279876410051584,1878,0.0
/dev18500/demods/2/sample.dio,279876410109952,1879,0.0
/dev18500/demods/2/sample.dio,279876410168320,1880,0.0
/dev18500/demods/2/sample.dio,279876410226688,1881,3222274240.0
/dev18500/demods/2/sample.dio,279876410285056,1882,1073741824.0
/dev18500/demods/2/sample.dio,279876410343424,1883,0.0
/dev18500/demods/2/sample.dio,279876410401792,1884,0.0
/dev18500/demods/2/sample.dio,279876410460160,1885,0.0
/dev18500/demods/2/sample.dio,279876410518528,1886,3221225664.0
/dev18500/demods/2/sample.dio,279876410576896,1887,1073741824.0
/dev18500/demods/2/sample.dio,279876410635264,1888,0.0
/dev18500/demods/2/sample.dio,279876410693632,1889,0.0
/dev18500/demods/2/sample.dio,279876410752000,1890,3222274112.0
/dev18500/demods/2/sample.dio,279876410810368,1891,3221225664.0
/dev18500/demods/2/sample.dio,279876410868736,1892,1073741824.0
/dev18500/demods/2/sample.dio,279876410927104,1893,0.0
/dev18500/demods/2/sample.dio,279876410985472,1894,0.0
/dev18500/demods/2/sample.dio,279876411043840,1895,3222274048.0
/dev18500/demods/2/sample.dio,279876411102208,1896,1073742016.0
/dev18500/demods/2/sample.dio,279876411160576,1897,1073750016.0
/dev18500/demods/2/sample.dio,279876411218944,1898,0.0
/dev18500/demods/2/sample.dio,279876411277312,1899,0.0
/dev18500/demods/2/sample.dio,279876411335680,1900,3222290624.0
/dev18500/demods/2/sample.dio,279876411394048,1901,3221225664.0
/dev18500/demods/2/sample.dio,279876411452416,1902,0.0
/dev18500/demods/2/sample.dio,279876411510784,1903,0.0
/dev18500/demods/2/sample.dio,279876411569152,1904,1048576.0
/dev18500/demods/2/sample.dio,279876411627520,1905,3222274112.0
/dev18500/demods/2/sample.dio,279876411685888,1906,1073741888.0
/dev18500/demods/2/sample.dio,279876411744256,1907,1073741824.0
/dev18500/demods/2/sample.dio,279876411802624,1908,0.0
/dev18500/demods/2/sample.dio,279876411860992,1909,0.0
/dev18500/demods/2/sample.dio,279876411919360,1910,3221225664.0
/dev18500/demods/2/sample.dio,279876411977728,1911,1073741888.0
/dev18500/demods/2/sample.dio,279876412036096,1912,0.0
/dev18500/demods/2/sample.dio,279876412094464,1913,0.0
/dev18500/demods/2/sample.dio,279876412152832,1914,1073758208.0
/dev18500/demods/2/sample.dio,279876412211200,1915,3221225664.0
/dev18500/demods/2/sample.dio,279876412269568,1916,1073741824.0
/dev18500/demods/2/sample.dio,279876412327936,1917,0.0
/dev18500/demods/2/sample.dio,279876412386304,1918,0.0
/dev18500/demods/2/sample.dio,279876412444672,1919,1074790400.0
/dev18500/demods/2/sample.dio,279876412503040,1920,3221225664.0
/dev18500/demods/2/sample.dio,279876412561408,1921,1073741824.0
/dev18500/demods/2/sample.dio,279876412619776,1922,0.0
/dev18500/demods/2/sample.dio,279876412678144,1923,0.0
/dev18500/demods/2/sample.dio,279876412736512,1924,3221225664.0
/dev18500/demods/2/sample.dio,279876412794880,1925,3221233856.0
/dev18500/demods/2/sample.dio,279876412853248,1926,1073741824.0
/dev18500/demods/2/sample.dio,279876412911616,1927,0.0
/dev18500/demods/2/sample.dio,279876412969984,1928,0.0
/dev18500/demods/2/sample.dio,279876413028352,1929,3222274048.0
/dev18500/demods/2/sample.dio,279876413086720,1930,1073742016.0
/dev18500/demods/2/sample.dio,279876413145088,1931,1073741824.0
/dev18500/demods/2/sample.dio,279876413203456,1932,0.0
/dev18500/demods/2/sample.dio,279876413261824,1933,0.0
/dev18500/demods/2/sample.dio,279876413320192,1934,3222274240.0
/dev18500/demods/2/sample.dio,279876413378560,1935,1073742016.0
/dev18500/demods/2/sample.dio,279876413436928,1936,0.0
/dev18500/demods/2/sample.dio,279876413495296,1937,0.0
/dev18500/demods/2/sample.dio,279876413553664,1938,1048576.0
/dev18500/demods/2/sample.dio,279876413612032,1939,3222274240.0
/dev18500/demods/2/sample.dio,279876413670400,1940,1073741824.0
/dev18500/demods/2/sample.dio,279876413728768,1941,0.0
/dev18500/demods/2/sample.dio,279876413787136,1942,0.0
/dev18500/demods/2/sample.dio,279876413845504,1943,1048576.0
/dev18500/demods/2/sample.dio,279876413903872,1944,3221225664.0
/dev18500/demods/2/sample.dio,279876413962240,1945,1073741824.0
/dev18500/demods/2/sample.dio,279876414020608,1946,0.0
/dev18500/demods/2/sample.dio,279876414078976,1947,0.0
/dev18500/demods/2/sample.dio,279876414137344,1948,3222274112.0
/dev18500/demods/2/sample.dio,279876414195712,1949,3221225664.0
/dev18500/demods/2/sample.dio,279876414254080,1950,1073741824.0
/dev18500/demods/2/sample.dio,279876414312448,1951,0.0
/dev18500/demods/2/sample.dio,279876414370816,1952,0.0
/dev18500/demods/2/sample.dio,279876414429184,1953,3222274048.0
/dev18500/demods/2/sample.dio,279876414487552,1954,3221225664.0
/dev18500/demods/2/sample.dio,279876414545920,1955,1073741824.0
/dev18500/demods/2/sample.dio,279876414604288,1956,0.0
/dev18500/demods/2/sample.dio,279876414662656,1957,0.0
/dev18500/demods/2/sample.dio,279876414721024,1958,3222274112.0
/dev18500/demods/2/sample.dio,279876414779392,1959,3221225664.0
/dev18500/demods/2/sample.dio,279876414837760,1960,1073741824.0
/dev18500/demods/2/sample.dio,279876414896128,1961,0.0
/dev18500/demods/2/sample.dio,279876414954496,1962,1064960.0
/dev18500/demods/2/sample.dio,279876415012864,1963,3222274240.0
/dev18500/demods/2/sample.dio,279876415071232,1964,1073741888.0
/dev18500/demods/2/sample.dio,279876415129600,1965,1073741824.0
/dev18500/demods/2/sample.dio,279876415187968,1966,0.0
/dev18500/demods/2/sample.dio,279876415246336,1967,0.0
/dev18500/demods/2/sample.dio,279876415304704,1968,3221225664.0
/dev18500/demods/2/sample.dio,279876415363072,1969,1073750208.0
/dev18500/demods/2/sample.dio,279876415421440,1970,8192.0
/dev18500/demods/2/sample.dio,279876415479808,1971,0.0
/dev18500/demods/2/sample.dio,279876415538176,1972,1074790400.0
/dev18500/demods/2/sample.dio,279876415596544,1973,3221225664.0
/dev18500/demods/2/sample.dio,279876415654912,1974,1073750016.0
/dev18500/demods/2/sample.dio,279876415713280,1975,0.0
/dev18500/demods/2/sample.dio,279876415771648,1976,0.0
/dev18500/demods/2/sample.dio,279876415830016,1977,1048576.0
/dev18500/demods/2/sample.dio,279876415888384,1978,3221225664.0
/dev18500/demods/2/sample.dio,279876415946752,1979,1073741824.0
/dev18500/demods/2/sample.dio,279876416005120,1980,0.0
/dev18500/demods/2/sample.dio,279876416063488,1981,0.0
/dev18500/demods/2/sample.dio,279876416121856,1982,3222274112.0
/dev18500/demods/2/sample.dio,279876416180224,1983,3221225664.0
/dev18500/demods/2/sample.dio,279876416238592,1984,1073741824.0
/dev18500/demods/2/sample.dio,279876416296960,1985,0.0
/dev18500/demods/2/sample.dio,279876416355328,1986,0.0
/dev18500/demods/2/sample.dio,279876416413696,1987,3222274112.0
/dev18500/demods/2/sample.dio,279876416472064,1988,3221225664.0
/dev18500/demods/2/sample.dio,279876416530432,1989,1073741824.0
/dev18500/demods/2/sample.dio,279876416588800,1990,0.0
/dev18500/demods/2/sample.dio,279876416647168,1991,0.0
/dev18500/demods/2/sample.dio,279876416705536,1992,3222274240.0
/dev18500/demods/2/sample.dio,279876416763904,1993,3221225664.0
/dev18500/demods/2/sample.dio,279876416822272,1994,0.0
/dev18500/demods/2/sample.dio,279876416880640,1995,0.0
/dev18500/demods/2/sample.dio,279876416939008,1996,1048576.0
/dev18500/demods/2/sample.dio,279876416997376,1997,3222274240.0
/dev18500/demods/2/sample.dio,279876417055744,1998,1073741824.0
/dev18500/demods/2/sample.dio,279876417114112,1999,8192.0
/dev18500/demods/2/sample.dio,279876417172480,2000,0.0
/dev18500/demods/2/sample.dio,279876417230848,2001,1048576.0
/dev18500/demods/2/sample.dio,279876417289216,2002,3221225664.0
/dev18500/demods/2/sample.dio,279876417347584,2003,1073742016.0
/dev18500/demods/2/sample.dio,279876417405952,2004,0.0
/dev18500/demods/2/sample.dio,279876417464320,2005,0.0
/dev18500/demods/2/sample.dio,279876417522688,2006,3222274048.0
/dev18500/demods/2/sample.dio,279876417581056,2007,3222274240.0
/dev18500/demods/2/sample.dio,279876417639424,2008,1073741824.0
/dev18500/demods/2/sample.dio,279876417697792,2009,0.0
/dev18500/demods/2/sample.dio,279876417756160,2010,0.0
/dev18500/demods/2/sample.dio,279876417814528,2011,3222274048.0
/dev18500/demods/2/sample.dio,279876417872896,2012,3221225664.0
/dev18500/demods/2/sample.dio,279876417931264,2013,1073741824.0
/dev18500/demods/2/sample.dio,279876417989632,2014,0.0
/dev18500/demods/2/sample.dio,279876418048000,2015,0.0
/dev18500/demods/2/sample.dio,279876418106368,2016,3222290624.0
/dev18500/demods/2/sample.dio,279876418164736,2017,3221225664.0
/dev18500/demods/2/sample.dio,279876418223104,2018,1073741824.0
/dev18500/demods/2/sample.dio,279876418281472,2019,0.0
/dev18500/demods/2/sample.dio,279876418339840,2020,0.0
/dev18500/demods/2/sample.dio,279876418398208,2021,3222274048.0
/dev18500/demods/2/sample.dio,279876418456576,2022,1073742016.0
/dev18500/demods/2/sample.dio,279876418514944,2023,1073741824.0
/dev18500/demods/2/sample.dio,279876418573312,2024,0.0
/dev18500/demods/2/sample.dio,279876418631680,2025,0.0
/dev18500/demods/2/sample.dio,279876418690048,2026,3221225664.0
/dev18500/demods/2/sample.dio,279876418748416,2027,1073742016.0
/dev18500/demods/2/sample.dio,279876418806784,2028,0.0
/dev18500/demods/2/sample.dio,279876418865152,2029,0.0
/dev18500/demods/2/sample.dio,279876418923520,2030,0.0
/dev18500/demods/2/sample.dio,279876418981888,2031,3221242048.0
/dev18500/demods/2/sample.dio,279876419040256,2032,1073741824.0
/dev18500/demods/2/sample.dio,279876419098624,2033,0.0
/dev18500/demods/2/sample.dio,279876419156992,2034,0.0
/dev18500/demods/2/sample.dio,279876419215360,2035,1064960.0
/dev18500/demods/2/sample.dio,279876419273728,2036,3221225664.0
/dev18500/demods/2/sample.dio,279876419332096,2037,1073741888.0
/dev18500/demods/2/sample.dio,279876419390464,2038,0.0
/dev18500/demods/2/sample.dio,279876419448832,2039,0.0
/dev18500/demods/2/sample.dio,279876419507200,2040,3222274048.0
/dev18500/demods/2/sample.dio,279876419565568,2041,3221225664.0
/dev18500/demods/2/sample.dio,279876419623936,2042,1073750016.0
/dev18500/demods/2/sample.dio,279876419682304,2043,0.0
/dev18500/demods/2/sample.dio,279876419740672,2044,0.0
/dev18500/demods/2/sample.dio,279876419799040,2045,3222274048.0
/dev18500/demods/2/sample.dio,279876419857408,2046,3221225664.0
/dev18500/demods/2/sample.dio,279876419915776,2047,1073741824.0
/dev18500/demods/2/sample.dio,279876419974144,2048,0.0
/dev18500/demods/2/sample.dio,279876420032512,2049,0.0
/dev18500/demods/2/sample.dio,279876420090880,2050,3222274240.0
/dev18500/demods/2/sample.dio,279876420149248,2051,3221225664.0
/dev18500/demods/2/sample.dio,279876420207616,2052,0.0
/dev18500/demods/2/sample.dio,279876420265984,2053,0.0
/dev18500/demods/2/sample.dio,279876420324352,2054,1048576.0
/dev18500/demods/2/sample.dio,279876420382720,2055,3222274112.0
/dev18500/demods/2/sample.dio,279876420441088,2056,1073742016.0
/dev18500/demods/2/sample.dio,279876420499456,2057,1073741824.0
/dev18500/demods/2/sample.dio,279876420557824,2058,0.0
/dev18500/demods/2/sample.dio,279876420616192,2059,0.0
/dev18500/demods/2/sample.dio,279876420674560,2060,3221225664.0
/dev18500/demods/2/sample.dio,279876420732928,2061,1073742016.0
/dev18500/demods/2/sample.dio,279876420791296,2062,0.0
/dev18500/demods/2/sample.dio,279876420849664,2063,0.0
/dev18500/demods/2/sample.dio,279876420908032,2064,1048576.0
/dev18500/demods/2/sample.dio,279876420966400,2065,3221225664.0
/dev18500/demods/2/sample.dio,279876421024768,2066,1073741824.0
/dev18500/demods/2/sample.dio,279876421083136,2067,0.0
/dev18500/demods/2/sample.dio,279876421141504,2068,0.0
/dev18500/demods/2/sample.dio,279876421199872,2069,1048576.0
/dev18500/demods/2/sample.dio,279876421258240,2070,3221225664.0
/dev18500/demods/2/sample.dio,279876421316608,2071,1073741824.0
/dev18500/demods/2/sample.dio,279876421374976,2072,0.0
/dev18500/demods/2/sample.dio,279876421433344,2073,0.0
/dev18500/demods/2/sample.dio,279876421491712,2074,3222274112.0
/dev18500/demods/2/sample.dio,279876421550080,2075,3221225664.0
/dev18500/demods/2/sample.dio,279876421608448,2076,1073741824.0
/dev18500/demods/2/sample.dio,279876421666816,2077,0.0
/dev18500/demods/2/sample.dio,279876421725184,2078,0.0
/dev18500/demods/2/sample.dio,279876421783552,2079,3222274112.0
/dev18500/demods/2/sample.dio,279876421841920,2080,3221225664.0
/dev18500/demods/2/sample.dio,279876421900288,2081,1073741824.0
/dev18500/demods/2/sample.dio,279876421958656,2082,0.0
/dev18500/demods/2/sample.dio,279876422017024,2083,0.0
/dev18500/demods/2/sample.dio,279876422075392,2084,3222274240.0
/dev18500/demods/2/sample.dio,279876422133760,2085,3221225664.0
/dev18500/demods/2/sample.dio,279876422192128,2086,0.0
/dev18500/demods/2/sample.dio,279876422250496,2087,0.0
/dev18500/demods/2/sample.dio,279876422308864,2088,0.0
/dev18500/demods/2/sample.dio,279876422367232,2089,3222274240.0
/dev18500/demods/2/sample.dio,279876422425600,2090,1073741888.0
/dev18500/demods/2/sample.dio,279876422483968,2091,1073741824.0
/dev18500/demods/2/sample.dio,279876422542336,2092,0.0
/dev18500/demods/2/sample.dio,279876422600704,2093,1048576.0
/dev18500/demods/2/sample.dio,279876422659072,2094,3221225664.0
/dev18500/demods/2/sample.dio,279876422717440,2095,1073750080.0
/dev18500/demods/2/sample.dio,279876422775808,2096,0.0
/dev18500/demods/2/sample.dio,279876422834176,2097,0.0
/dev18500/demods/2/sample.dio,279876422892544,2098,3222274048.0
/dev18500/demods/2/sample.dio,279876422950912,2099,3221225664.0
/dev18500/demods/2/sample.dio,279876423009280,2100,1073741824.0
/dev18500/demods/2/sample.dio,279876423067648,2101,0.0
/dev18500/demods/2/sample.dio,279876423126016,2102,0.0
/dev18500/demods/2/sample.dio,279876423184384,2103,1064960.0
/dev18500/demods/2/sample.dio,279876423242752,2104,3221225664.0
/dev18500/demods/2/sample.dio,279876423301120,2105,1073741824.0
/dev18500/demods/2/sample.dio,279876423359488,2106,0.0
/dev18500/demods/2/sample.dio,279876423417856,2107,0.0
/dev18500/demods/2/sample.dio,279876423476224,2108,3222274240.0
/dev18500/demods/2/sample.dio,279876423534592,2109,3221225664.0
/dev18500/demods/2/sample.dio,279876423592960,2110,1073741824.0
/dev18500/demods/2/sample.dio,279876423651328,2111,0.0
/dev18500/demods/2/sample.dio,279876423709696,2112,0.0
/dev18500/demods/2/sample.dio,279876423768064,2113,3222274048.0
/dev18500/demods/2/sample.dio,279876423826432,2114,1073742016.0
/dev18500/demods/2/sample.dio,279876423884800,2115,1073741824.0
/dev18500/demods/2/sample.dio,279876423943168,2116,0.0
/dev18500/demods/2/sample.dio,279876424001536,2117,0.0
/dev18500/demods/2/sample.dio,279876424059904,2118,3222274240.0
/dev18500/demods/2/sample.dio,279876424118272,2119,1073742016.0
/dev18500/demods/2/sample.dio,279876424176640,2120,0.0
/dev18500/demods/2/sample.dio,279876424235008,2121,0.0
/dev18500/demods/2/sample.dio,279876424293376,2122,1048576.0
/dev18500/demods/2/sample.dio,279876424351744,2123,3222274240.0
/dev18500/demods/2/sample.dio,279876424410112,2124,1073742016.0
/dev18500/demods/2/sample.dio,279876424468480,2125,0.0
/dev18500/demods/2/sample.dio,279876424526848,2126,0.0
/dev18500/demods/2/sample.dio,279876424585216,2127,1048576.0
/dev18500/demods/2/sample.dio,279876424643584,2128,3221225664.0
/dev18500/demods/2/sample.dio,279876424701952,2129,1073741888.0
/dev18500/demods/2/sample.dio,279876424760320,2130,0.0
/dev18500/demods/2/sample.dio,279876424818688,2131,0.0
/dev18500/demods/2/sample.dio,279876424877056,2132,3222290432.0
/dev18500/demods/2/sample.dio,279876424935424,2133,3221225664.0
/dev18500/demods/2/sample.dio,279876424993792,2134,1073741824.0
/dev18500/demods/2/sample.dio,279876425052160,2135,0.0
/dev18500/demods/2/sample.dio,279876425110528,2136,0.0
/dev18500/demods/2/sample.dio,279876425168896,2137,1048576.0
/dev18500/demods/2/sample.dio,279876425227264,2138,3221225664.0
/dev18500/demods/2/sample.dio,279876425285632,2139,1073741824.0
/dev18500/demods/2/sample.dio,279876425344000,2140,0.0
/dev18500/demods/2/sample.dio,279876425402368,2141,0.0
/dev18500/demods/2/sample.dio,279876425460736,2142,3222274240.0
/dev18500/demods/2/sample.dio,279876425519104,2143,3221225664.0
/dev18500/demods/2/sample.dio,279876425577472,2144,1073741824.0
/dev18500/demods/2/sample.dio,279876425635840,2145,0.0
/dev18500/demods/2/sample.dio,279876425694208,2146,0.0
/dev18500/demods/2/sample.dio,279876425752576,2147,3222274240.0
/dev18500/demods/2/sample.dio,279876425810944,2148,3221225664.0
/dev18500/demods/2/sample.dio,279876425869312,2149,1073741824.0
/dev18500/demods/2/sample.dio,279876425927680,2150,0.0
/dev18500/demods/2/sample.dio,279876425986048,2151,0.0
/dev18500/demods/2/sample.dio,279876426044416,2152,3221225664.0
/dev18500/demods/2/sample.dio,279876426102784,2153,1073742016.0
/dev18500/demods/2/sample.dio,279876426161152,2154,0.0
/dev18500/demods/2/sample.dio,279876426219520,2155,0.0
/dev18500/demods/2/sample.dio,279876426277888,2156,1073741824.0
/dev18500/demods/2/sample.dio,279876426336256,2157,3222274240.0
/dev18500/demods/2/sample.dio,279876426394624,2158,1073741824.0
/dev18500/demods/2/sample.dio,279876426452992,2159,0.0
/dev18500/demods/2/sample.dio,279876426511360,2160,0.0
/dev18500/demods/2/sample.dio,279876426569728,2161,1048576.0
/dev18500/demods/2/sample.dio,279876426628096,2162,3221225664.0
/dev18500/demods/2/sample.dio,279876426686464,2163,1073741824.0
/dev18500/demods/2/sample.dio,279876426744832,2164,0.0
/dev18500/demods/2/sample.dio,279876426803200,2165,0.0
/dev18500/demods/2/sample.dio,279876426861568,2166,3222274112.0
/dev18500/demods/2/sample.dio,279876426919936,2167,3221225664.0
/dev18500/demods/2/sample.dio,279876426978304,2168,1073741824.0
/dev18500/demods/2/sample.dio,279876427036672,2169,0.0
/dev18500/demods/2/sample.dio,279876427095040,2170,0.0
/dev18500/demods/2/sample.dio,279876427153408,2171,3222274112.0
/dev18500/demods/2/sample.dio,279876427211776,2172,3221225664.0
/dev18500/demods/2/sample.dio,279876427270144,2173,1073741824.0
/dev18500/demods/2/sample.dio,279876427328512,2174,0.0
/dev18500/demods/2/sample.dio,279876427386880,2175,0.0
/dev18500/demods/2/sample.dio,279876427445248,2176,3222274240.0
/dev18500/demods/2/sample.dio,279876427503616,2177,3221225664.0
/dev18500/demods/2/sample.dio,279876427561984,2178,0.0
/dev18500/demods/2/sample.dio,279876427620352,2179,0.0
/dev18500/demods/2/sample.dio,279876427678720,2180,0.0
/dev18500/demods/2/sample.dio,279876427737088,2181,3222274240.0
/dev18500/demods/2/sample.dio,279876427795456,2182,1073741888.0
/dev18500/demods/2/sample.dio,279876427853824,2183,0.0
/dev18500/demods/2/sample.dio,279876427912192,2184,0.0
/dev18500/demods/2/sample.dio,279876427970560,2185,0.0
/dev18500/demods/2/sample.dio,279876428028928,2186,3222274240.0
/dev18500/demods/2/sample.dio,279876428087296,2187,1073741888.0
/dev18500/demods/2/sample.dio,279876428145664,2188,0.0
/dev18500/demods/2/sample.dio,279876428204032,2189,0.0
/dev18500/demods/2/sample.dio,279876428262400,2190,3222290432.0
/dev18500/demods/2/sample.dio,279876428320768,2191,3221225664.0
/dev18500/demods/2/sample.dio,279876428379136,2192,1073741824.0
/dev18500/demods/2/sample.dio,279876428437504,2193,0.0
/dev18500/demods/2/sample.dio,279876428495872,2194,0.0
/dev18500/demods/2/sample.dio,279876428554240,2195,0.0
/dev18500/demods/2/sample.dio,279876428612608,2196,3221225664.0
/dev18500/demods/2/sample.dio,279876428670976,2197,1073741824.0
/dev18500/demods/2/sample.dio,279876428729344,2198,0.0
/dev18500/demods/2/sample.dio,279876428787712,2199,0.0
/dev18500/demods/2/sample.dio,279876428846080,2200,3222290624.0
/dev18500/demods/2/sample.dio,279876428904448,2201,3221225664.0
/dev18500/demods/2/sample.dio,279876428962816,2202,1073741824.0
/dev18500/demods/2/sample.dio,279876429021184,2203,0.0
/dev18500/demods/2/sample.dio,279876429079552,2204,0.0
/dev18500/demods/2/sample.dio,279876429137920,2205,3222274112.0
/dev18500/demods/2/sample.dio,279876429196288,2206,1073742016.0
/dev18500/demods/2/sample.dio,279876429254656,2207,1073741824.0
/dev18500/demods/2/sample.dio,279876429313024,2208,0.0
/dev18500/demods/2/sample.dio,279876429371392,2209,0.0
/dev18500/demods/2/sample.dio,279876429429760,2210,3222274240.0
/dev18500/demods/2/sample.dio,279876429488128,2211,3221225664.0
/dev18500/demods/2/sample.dio,279876429546496,2212,0.0
/dev18500/demods/2/sample.dio,279876429604864,2213,0.0
/dev18500/demods/2/sample.dio,279876429663232,2214,0.0
/dev18500/demods/2/sample.dio,279876429721600,2215,3222274240.0
/dev18500/demods/2/sample.dio,279876429779968,2216,1073741824.0
/dev18500/demods/2/sample.dio,279876429838336,2217,0.0
/dev18500/demods/2/sample.dio,279876429896704,2218,0.0
/dev18500/demods/2/sample.dio,279876429955072,2219,1048576.0
/dev18500/demods/2/sample.dio,279876430013440,2220,3221225664.0
/dev18500/demods/2/sample.dio,279876430071808,2221,1073741888.0
/dev18500/demods/2/sample.dio,279876430130176,2222,0.0
/dev18500/demods/2/sample.dio,279876430188544,2223,0.0
/dev18500/demods/2/sample.dio,279876430246912,2224,1048576.0
/dev18500/demods/2/sample.dio,279876430305280,2225,3221225664.0
/dev18500/demods/2/sample.dio,279876430363648,2226,1073741824.0
/dev18500/demods/2/sample.dio,279876430422016,2227,0.0
/dev18500/demods/2/sample.dio,279876430480384,2228,0.0
/dev18500/demods/2/sample.dio,279876430538752,2229,1074790400.0
/dev18500/demods/2/sample.dio,279876430597120,2230,3221225664.0
/dev18500/demods/2/sample.dio,279876430655488,2231,1073741824.0
/dev18500/demods/2/sample.dio,279876430713856,2232,0.0
/dev18500/demods/2/sample.dio,279876430772224,2233,0.0
/dev18500/demods/2/sample.dio,279876430830592,2234,3221225664.0
/dev18500/demods/2/sample.dio,279876430888960,2235,3221225664.0
/dev18500/demods/2/sample.dio,279876430947328,2236,1073741824.0
/dev18500/demods/2/sample.dio,279876431005696,2237,0.0
/dev18500/demods/2/sample.dio,279876431064064,2238,0.0
/dev18500/demods/2/sample.dio,279876431122432,2239,3222274240.0
/dev18500/demods/2/sample.dio,279876431180800,2240,1073742016.0
/dev18500/demods/2/sample.dio,279876431239168,2241,1073741824.0
/dev18500/demods/2/sample.dio,279876431297536,2242,0.0
/dev18500/demods/2/sample.dio,279876431355904,2243,0.0
/dev18500/demods/2/sample.dio,279876431414272,2244,3222274240.0
/dev18500/demods/2/sample.dio,279876431472640,2245,1073750208.0
/dev18500/demods/2/sample.dio,279876431531008,2246,0.0
/dev18500/demods/2/sample.dio,279876431589376,2247,0.0
/dev18500/demods/2/sample.dio,279876431647744,2248,1074790400.0
/dev18500/demods/2/sample.dio,279876431706112,2249,3221225664.0
/dev18500/demods/2/sample.dio,279876431764480,2250,1073741824.0
/dev18500/demods/2/sample.dio,279876431822848,2251,1073741824.0
/dev18500/demods/2/sample.dio,279876431881216,2252,0.0
/dev18500/demods/2/sample.dio,279876431939584,2253,0.0
/dev18500/demods/2/sample.dio,279876431997952,2254,3221225664.0
/dev18500/demods/2/sample.dio,279876432056320,2255,1073750016.0
/dev18500/demods/2/sample.dio,279876432114688,2256,0.0
/dev18500/demods/2/sample.dio,279876432173056,2257,0.0
/dev18500/demods/2/sample.dio,279876432231424,2258,3221225472.0
/dev18500/demods/2/sample.dio,279876432289792,2259,3221225664.0
/dev18500/demods/2/sample.dio,279876432348160,2260,1073741824.0
/dev18500/demods/2/sample.dio,279876432406528,2261,0.0
/dev18500/demods/2/sample.dio,279876432464896,2262,0.0
/dev18500/demods/2/sample.dio,279876432523264,2263,3221225472.0
/dev18500/demods/2/sample.dio,279876432581632,2264,3221225664.0
/dev18500/demods/2/sample.dio,279876432640000,2265,1073741824.0
/dev18500/demods/2/sample.dio,279876432698368,2266,0.0
/dev18500/demods/2/sample.dio,279876432756736,2267,0.0
/dev18500/demods/2/sample.dio,279876432815104,2268,3221242048.0
/dev18500/demods/2/sample.dio,279876432873472,2269,3221225664.0
/dev18500/demods/2/sample.dio,279876432931840,2270,0.0
/dev18500/demods/2/sample.dio,279876432990208,2271,0.0
/dev18500/demods/2/sample.dio,279876433048576,2272,16384.0
/dev18500/demods/2/sample.dio,279876433106944,2273,3222274240.0
/dev18500/demods/2/sample.dio,279876433165312,2274,1073741888.0
/dev18500/demods/2/sample.dio,279876433223680,2275,0.0
/dev18500/demods/2/sample.dio,279876433282048,2276,0.0
/dev18500/demods/2/sample.dio,279876433340416,2277,1048576.0
/dev18500/demods/2/sample.dio,279876433398784,2278,3221225664.0
/dev18500/demods/2/sample.dio,279876433457152,2279,1073741888.0
/dev18500/demods/2/sample.dio,279876433515520,2280,0.0
/dev18500/demods/2/sample.dio,279876433573888,2281,0.0
/dev18500/demods/2/sample.dio,279876433632256,2282,0.0
/dev18500/demods/2/sample.dio,279876433690624,2283,3221225664.0
/dev18500/demods/2/sample.dio,279876433748992,2284,1073741824.0
/dev18500/demods/2/sample.dio,279876433807360,2285,0.0
/dev18500/demods/2/sample.dio,279876433865728,2286,0.0
/dev18500/demods/2/sample.dio,279876433924096,2287,1048576.0
/dev18500/demods/2/sample.dio,279876433982464,2288,3221225664.0
/dev18500/demods/2/sample.dio,279876434040832,2289,1073741824.0
/dev18500/demods/2/sample.dio,279876434099200,2290,0.0
/dev18500/demods/2/sample.dio,279876434157568,2291,0.0
/dev18500/demods/2/sample.dio,279876434215936,2292,3222274112.0
/dev18500/demods/2/sample.dio,279876434274304,2293,3221225664.0
/dev18500/demods/2/sample.dio,279876434332672,2294,1073741824.0
/dev18500/demods/2/sample.dio,279876434391040,2295,0.0
/dev18500/demods/2/sample.dio,279876434449408,2296,0.0
/dev18500/demods/2/sample.dio,279876434507776,2297,3222274112.0
/dev18500/demods/2/sample.dio,279876434566144,2298,1073742016.0
/dev18500/demods/2/sample.dio,279876434624512,2299,1073741824.0
/dev18500/demods/2/sample.dio,279876434682880,2300,0.0
/dev18500/demods/2/sample.dio,279876434741248,2301,0.0
/dev18500/demods/2/sample.dio,279876434799616,2302,3222274240.0
/dev18500/demods/2/sample.dio,279876434857984,2303,3221225664.0
/dev18500/demods/2/sample.dio,279876434916352,2304,0.0
/dev18500/demods/2/sample.dio,279876434974720,2305,0.0
/dev18500/demods/2/sample.dio,279876435033088,2306,1048576.0
/dev18500/demods/2/sample.dio,279876435091456,2307,3222274240.0
/dev18500/demods/2/sample.dio,279876435149824,2308,1073741824.0
/dev18500/demods/2/sample.dio,279876435208192,2309,0.0
/dev18500/demods/2/sample.dio,279876435266560,2310,0.0
/dev18500/demods/2/sample.dio,279876435324928,2311,1048576.0
/dev18500/demods/2/sample.dio,279876435383296,2312,3221225664.0
/dev18500/demods/2/sample.dio,279876435441664,2313,1073742016.0
/dev18500/demods/2/sample.dio,279876435500032,2314,0.0
/dev18500/demods/2/sample.dio,279876435558400,2315,0.0
/dev18500/demods/2/sample.dio,279876435616768,2316,3222274048.0
/dev18500/demods/2/sample.dio,279876435675136,2317,3221225664.0
/dev18500/demods/2/sample.dio,279876435733504,2318,1073741824.0
/dev18500/demods/2/sample.dio,279876435791872,2319,0.0
/dev18500/demods/2/sample.dio,279876435850240,2320,0.0
/dev18500/demods/2/sample.dio,279876435908608,2321,3222274048.0
/dev18500/demods/2/sample.dio,279876435966976,2322,3221225664.0
/dev18500/demods/2/sample.dio,279876436025344,2323,1073741824.0
/dev18500/demods/2/sample.dio,279876436083712,2324,0.0
/dev18500/demods/2/sample.dio,279876436142080,2325,0.0
/dev18500/demods/2/sample.dio,279876436200448,2326,3222274240.0
/dev18500/demods/2/sample.dio,279876436258816,2327,3221225664.0
/dev18500/demods/2/sample.dio,279876436317184,2328,1073750016.0
/dev18500/demods/2/sample.dio,279876436375552,2329,0.0
/dev18500/demods/2/sample.dio,279876436433920,2330,0.0
/dev18500/demods/2/sample.dio,279876436492288,2331,3222274112.0
/dev18500/demods/2/sample.dio,279876436550656,2332,1073742016.0
/dev18500/demods/2/sample.dio,279876436609024,2333,1073741824.0
/dev18500/demods/2/sample.dio,279876436667392,2334,0.0
/dev18500/demods/2/sample.dio,279876436725760,2335,0.0
/dev18500/demods/2/sample.dio,279876436784128,2336,3222274240.0
/dev18500/demods/2/sample.dio,279876436842496,2337,1073742016.0
/dev18500/demods/2/sample.dio,279876436900864,2338,0.0
/dev18500/demods/2/sample.dio,279876436959232,2339,0.0
/dev18500/demods/2/sample.dio,279876437017600,2340,1048576.0
/dev18500/demods/2/sample.dio,279876437075968,2341,3222290624.0
/dev18500/demods/2/sample.dio,279876437134336,2342,1073741824.0
/dev18500/demods/2/sample.dio,279876437192704,2343,0.0
/dev18500/demods/2/sample.dio,279876437251072,2344,0.0
/dev18500/demods/2/sample.dio,279876437309440,2345,1048576.0
/dev18500/demods/2/sample.dio,279876437367808,2346,3221225664.0
/dev18500/demods/2/sample.dio,279876437426176,2347,1073741824.0
/dev18500/demods/2/sample.dio,279876437484544,2348,0.0
/dev18500/demods/2/sample.dio,279876437542912,2349,0.0
/dev18500/demods/2/sample.dio,279876437601280,2350,3222274048.0
/dev18500/demods/2/sample.dio,279876437659648,2351,3221225664.0
/dev18500/demods/2/sample.dio,279876437718016,2352,1073741824.0
/dev18500/demods/2/sample.dio,279876437776384,2353,0.0
/dev18500/demods/2/sample.dio,279876437834752,2354,0.0
/dev18500/demods/2/sample.dio,279876437893120,2355,3222274048.0
/dev18500/demods/2/sample.dio,279876437951488,2356,3221225664.0
/dev18500/demods/2/sample.dio,279876438009856,2357,1073741824.0
/dev18500/demods/2/sample.dio,279876438068224,2358,0.0
/dev18500/demods/2/sample.dio,279876438126592,2359,0.0
/dev18500/demods/2/sample.dio,279876438184960,2360,3221225536.0
/dev18500/demods/2/sample.dio,279876438243328,2361,3221225664.0
/dev18500/demods/2/sample.dio,279876438301696,2362,1073741824.0
/dev18500/demods/2/sample.dio,279876438360064,2363,0.0
/dev18500/demods/2/sample.dio,279876438418432,2364,1048576.0
/dev18500/demods/2/sample.dio,279876438476800,2365,3222290624.0
/dev18500/demods/2/sample.dio,279876438535168,2366,1073741888.0
/dev18500/demods/2/sample.dio,279876438593536,2367,8192.0
/dev18500/demods/2/sample.dio,279876438651904,2368,0.0
/dev18500/demods/2/sample.dio,279876438710272,2369,0.0
/dev18500/demods/2/sample.dio,279876438768640,2370,3221225664.0
/dev18500/demods/2/sample.dio,279876438827008,2371,1073742016.0
/dev18500/demods/2/sample.dio,279876438885376,2372,0.0
/dev18500/demods/2/sample.dio,279876438943744,2373,0.0
/dev18500/demods/2/sample.dio,279876439002112,2374,1074790400.0
/dev18500/demods/2/sample.dio,279876439060480,2375,3222274240.0
/dev18500/demods/2/sample.dio,279876439118848,2376,1073750016.0
/dev18500/demods/2/sample.dio,279876439177216,2377,0.0
/dev18500/demods/2/sample.dio,279876439235584,2378,0.0
/dev18500/demods/2/sample.dio,279876439293952,2379,1074790400.0
/dev18500/demods/2/sample.dio,279876439352320,2380,3221225664.0
/dev18500/demods/2/sample.dio,279876439410688,2381,1073741824.0
/dev18500/demods/2/sample.dio,279876439469056,2382,0.0
/dev18500/demods/2/sample.dio,279876439527424,2383,0.0
/dev18500/demods/2/sample.dio,279876439585792,2384,3221225536.0
/dev18500/demods/2/sample.dio,279876439644160,2385,3221225664.0
/dev18500/demods/2/sample.dio,279876439702528,2386,1073741824.0
/dev18500/demods/2/sample.dio,279876439760896,2387,0.0
/dev18500/demods/2/sample.dio,279876439819264,2388,0.0
/dev18500/demods/2/sample.dio,279876439877632,2389,3221225536.0
/dev18500/demods/2/sample.dio,279876439936000,2390,1073742016.0
/dev18500/demods/2/sample.dio,279876439994368,2391,1073750016.0
/dev18500/demods/2/sample.dio,279876440052736,2392,0.0
/dev18500/demods/2/sample.dio,279876440111104,2393,0.0
/dev18500/demods/2/sample.dio,279876440169472,2394,3221225664.0
/dev18500/demods/2/sample.dio,279876440227840,2395,3221225664.0
/dev18500/demods/2/sample.dio,279876440286208,2396,0.0
/dev18500/demods/2/sample.dio,279876440344576,2397,0.0
/dev18500/demods/2/sample.dio,279876440402944,2398,1064960.0
/dev18500/demods/2/sample.dio,279876440461312,2399,3222274240.0
/dev18500/demods/2/sample.dio,279876440519680,2400,1073741824.0
/dev18500/demods/2/sample.dio,279876440578048,2401,1073741824.0
/dev18500/demods/2/sample.dio,279876440636416,2402,0.0
/dev18500/demods/2/sample.dio,279876440694784,2403,1048576.0
/dev18500/demods/2/sample.dio,279876440753152,2404,3222274240.0
/dev18500/demods/2/sample.dio,279876440811520,2405,1073750016.0
/dev18500/demods/2/sample.dio,279876440869888,2406,0.0
/dev18500/demods/2/sample.dio,279876440928256,2407,0.0
/dev18500/demods/2/sample.dio,279876440986624,2408,1048576.0
/dev18500/demods/2/sample.dio,279876441044992,2409,3221225664.0
/dev18500/demods/2/sample.dio,279876441103360,2410,1073741824.0
/dev18500/demods/2/sample.dio,279876441161728,2411,0.0
/dev18500/demods/2/sample.dio,279876441220096,2412,0.0
/dev18500/demods/2/sample.dio,279876441278464,2413,1074790400.0
/dev18500/demods/2/sample.dio,279876441336832,2414,3221225664.0
/dev18500/demods/2/sample.dio,279876441395200,2415,1073741824.0
/dev18500/demods/2/sample.dio,279876441453568,2416,0.0
/dev18500/demods/2/sample.dio,279876441511936,2417,0.0
/dev18500/demods/2/sample.dio,279876441570304,2418,3222274240.0
/dev18500/demods/2/sample.dio,279876441628672,2419,3221225664.0
/dev18500/demods/2/sample.dio,279876441687040,2420,1073741824.0
/dev18500/demods/2/sample.dio,279876441745408,2421,0.0
/dev18500/demods/2/sample.dio,279876441803776,2422,0.0
/dev18500/demods/2/sample.dio,279876441862144,2423,3222274240.0
/dev18500/demods/2/sample.dio,279876441920512,2424,1073742016.0
/dev18500/demods/2/sample.dio,279876441978880,2425,1073741824.0
/dev18500/demods/2/sample.dio,279876442037248,2426,0.0
/dev18500/demods/2/sample.dio,279876442095616,2427,0.0
/dev18500/demods/2/sample.dio,279876442153984,2428,3222274240.0
/dev18500/demods/2/sample.dio,279876442212352,2429,1073742016.0
/dev18500/demods/2/sample.dio,279876442270720,2430,0.0
/dev18500/demods/2/sample.dio,279876442329088,2431,0.0
/dev18500/demods/2/sample.dio,279876442387456,2432,1048576.0
/dev18500/demods/2/sample.dio,279876442445824,2433,3222274240.0
/dev18500/demods/2/sample.dio,279876442504192,2434,1073741824.0
/dev18500/demods/2/sample.dio,279876442562560,2435,0.0
/dev18500/demods/2/sample.dio,279876442620928,2436,0.0
/dev18500/demods/2/sample.dio,279876442679296,2437,1064960.0
/dev18500/demods/2/sample.dio,279876442737664,2438,3221225664.0
/dev18500/demods/2/sample.dio,279876442796032,2439,1073741888.0
/dev18500/demods/2/sample.dio,279876442854400,2440,0.0
/dev18500/demods/2/sample.dio,279876442912768,2441,0.0
/dev18500/demods/2/sample.dio,279876442971136,2442,3221225472.0
/dev18500/demods/2/sample.dio,279876443029504,2443,3221225664.0
/dev18500/demods/2/sample.dio,279876443087872,2444,1073741824.0
/dev18500/demods/2/sample.dio,279876443146240,2445,0.0
/dev18500/demods/2/sample.dio,279876443204608,2446,0.0
/dev18500/demods/2/sample.dio,279876443262976,2447,3222290432.0
/dev18500/demods/2/sample.dio,279876443321344,2448,3221225664.0
/dev18500/demods/2/sample.dio,279876443379712,2449,1073750016.0
/dev18500/demods/2/sample.dio,279876443438080,2450,0.0
/dev18500/demods/2/sample.dio,279876443496448,2451,0.0
/dev18500/demods/2/sample.dio,279876443554816,2452,3221225664.0
/dev18500/demods/2/sample.dio,279876443613184,2453,3221225664.0
/dev18500/demods/2/sample.dio,279876443671552,2454,8192.0
/dev18500/demods/2/sample.dio,279876443729920,2455,0.0
/dev18500/demods/2/sample.dio,279876443788288,2456,1048576.0
/dev18500/demods/2/sample.dio,279876443846656,2457,3222274240.0
/dev18500/demods/2/sample.dio,279876443905024,2458,1073741888.0
/dev18500/demods/2/sample.dio,279876443963392,2459,1073741824.0
/dev18500/demods/2/sample.dio,279876444021760,2460,0.0
/dev18500/demods/2/sample.dio,279876444080128,2461,0.0
/dev18500/demods/2/sample.dio,279876444138496,2462,3222274240.0
/dev18500/demods/2/sample.dio,279876444196864,2463,1073750080.0
/dev18500/demods/2/sample.dio,279876444255232,2464,0.0
/dev18500/demods/2/sample.dio,279876444313600,2465,0.0
/dev18500/demods/2/sample.dio,279876444371968,2466,1048576.0
/dev18500/demods/2/sample.dio,279876444430336,2467,3222274240.0
/dev18500/demods/2/sample.dio,279876444488704,2468,1073741824.0
/dev18500/demods/2/sample.dio,279876444547072,2469,0.0
/dev18500/demods/2/sample.dio,279876444605440,2470,0.0
/dev18500/demods/2/sample.dio,279876444663808,2471,1074790400.0
/dev18500/demods/2/sample.dio,279876444722176,2472,3221225664.0
/dev18500/demods/2/sample.dio,279876444780544,2473,1073741824.0
/dev18500/demods/2/sample.dio,279876444838912,2474,0.0
/dev18500/demods/2/sample.dio,279876444897280,2475,0.0
/dev18500/demods/2/sample.dio,279876444955648,2476,3221225664.0
/dev18500/demods/2/sample.dio,279876445014016,2477,3221225664.0
/dev18500/demods/2/sample.dio,279876445072384,2478,1073741824.0
/dev18500/demods/2/sample.dio,279876445130752,2479,0.0
/dev18500/demods/2/sample.dio,279876445189120,2480,1048576.0
/dev18500/demods/2/sample.dio,279876445247488,2481,3222274112.0
/dev18500/demods/2/sample.dio,279876445305856,2482,3221225664.0
/dev18500/demods/2/sample.dio,279876445364224,2483,1073741824.0
/dev18500/demods/2/sample.dio,279876445422592,2484,0.0
/dev18500/demods/2/sample.dio,279876445480960,2485,0.0
/dev18500/demods/2/sample.dio,279876445539328,2486,3222274240.0
/dev18500/demods/2/sample.dio,279876445597696,2487,3221225664.0
/dev18500/demods/2/sample.dio,279876445656064,2488,0.0
/dev18500/demods/2/sample.dio,279876445714432,2489,0.0
/dev18500/demods/2/sample.dio,279876445772800,2490,1048576.0
/dev18500/demods/2/sample.dio,279876445831168,2491,3222274240.0
/dev18500/demods/2/sample.dio,279876445889536,2492,1073741824.0
/dev18500/demods/2/sample.dio,279876445947904,2493,8192.0
/dev18500/demods/2/sample.dio,279876446006272,2494,0.0
/dev18500/demods/2/sample.dio,279876446064640,2495,1048576.0
/dev18500/demods/2/sample.dio,279876446123008,2496,3221225664.0
/dev18500/demods/2/sample.dio,279876446181376,2497,1073741888.0
/dev18500/demods/2/sample.dio,279876446239744,2498,0.0
/dev18500/demods/2/sample.dio,279876446298112,2499,0.0
/dev18500/demods/2/sample.dio,279876446356480,2500,3222274048.0
/dev18500/demods/2/sample.dio,279876446414848,2501,3221225664.0
/dev18500/demods/2/sample.dio,279876446473216,2502,1073741824.0
/dev18500/demods/2/sample.dio,279876446531584,2503,0.0
/dev18500/demods/2/sample.dio,279876446589952,2504,0.0
/dev18500/demods/2/sample.dio,279876446648320,2505,3222274048.0
/dev18500/demods/2/sample.dio,279876446706688,2506,3221225664.0
/dev18500/demods/2/sample.dio,279876446765056,2507,1073741824.0
/dev18500/demods/2/sample.dio,279876446823424,2508,0.0
/dev18500/demods/2/sample.dio,279876446881792,2509,0.0
/dev18500/demods/2/sample.dio,279876446940160,2510,3221225664.0
/dev18500/demods/2/sample.dio,279876446998528,2511,3221225664.0
/dev18500/demods/2/sample.dio,279876447056896,2512,1073741824.0
/dev18500/demods/2/sample.dio,279876447115264,2513,0.0
/dev18500/demods/2/sample.dio,279876447173632,2514,1048576.0
/dev18500/demods/2/sample.dio,279876447232000,2515,3222290624.0
/dev18500/demods/2/sample.dio,279876447290368,2516,1073742016.0
/dev18500/demods/2/sample.dio,279876447348736,2517,1073741824.0
/dev18500/demods/2/sample.dio,279876447407104,2518,0.0
/dev18500/demods/2/sample.dio,279876447465472,2519,0.0
/dev18500/demods/2/sample.dio,279876447523840,2520,3222290624.0
/dev18500/demods/2/sample.dio,279876447582208,2521,1073742016.0
/dev18500/demods/2/sample.dio,279876447640576,2522,0.0
/dev18500/demods/2/sample.dio,279876447698944,2523,0.0
/dev18500/demods/2/sample.dio,279876447757312,2524,1074790400.0
/dev18500/demods/2/sample.dio,279876447815680,2525,3222274240.0
/dev18500/demods/2/sample.dio,279876447874048,2526,1073741824.0
/dev18500/demods/2/sample.dio,279876447932416,2527,0.0
/dev18500/demods/2/sample.dio,279876447990784,2528,0.0
/dev18500/demods/2/sample.dio,279876448049152,2529,1074806784.0
/dev18500/demods/2/sample.dio,279876448107520,2530,3221225664.0
/dev18500/demods/2/sample.dio,279876448165888,2531,1073741824.0
/dev18500/demods/2/sample.dio,279876448224256,2532,0.0
/dev18500/demods/2/sample.dio,279876448282624,2533,0.0
/dev18500/demods/2/sample.dio,279876448340992,2534,3222274112.0
/dev18500/demods/2/sample.dio,279876448399360,2535,3221225664.0
/dev18500/demods/2/sample.dio,279876448457728,2536,1073741824.0
/dev18500/demods/2/sample.dio,279876448516096,2537,0.0
/dev18500/demods/2/sample.dio,279876448574464,2538,0.0
/dev18500/demods/2/sample.dio,279876448632832,2539,3222274048.0
/dev18500/demods/2/sample.dio,279876448691200,2540,3221225664.0
/dev18500/demods/2/sample.dio,279876448749568,2541,1073741824.0
/dev18500/demods/2/sample.dio,279876448807936,2542,0.0
/dev18500/demods/2/sample.dio,279876448866304,2543,0.0
/dev18500/demods/2/sample.dio,279876448924672,2544,3222290624.0
/dev18500/demods/2/sample.dio,279876448983040,2545,3221225664.0
/dev18500/demods/2/sample.dio,279876449041408,2546,0.0
/dev18500/demods/2/sample.dio,279876449099776,2547,0.0
/dev18500/demods/2/sample.dio,279876449158144,2548,1048576.0
/dev18500/demods/2/sample.dio,279876449216512,2549,3222274240.0
/dev18500/demods/2/sample.dio,279876449274880,2550,1073741888.0
/dev18500/demods/2/sample.dio,279876449333248,2551,0.0
/dev18500/demods/2/sample.dio,279876449391616,2552,0.0
/dev18500/demods/2/sample.dio,279876449449984,2553,1048576.0
/dev18500/demods/2/sample.dio,279876449508352,2554,3221225664.0
/dev18500/demods/2/sample.dio,279876449566720,2555,1073741888.0
/dev18500/demods/2/sample.dio,279876449625088,2556,0.0
/dev18500/demods/2/sample.dio,279876449683456,2557,0.0
/dev18500/demods/2/sample.dio,279876449741824,2558,3222274048.0
/dev18500/demods/2/sample.dio,279876449800192,2559,3222274240.0
/dev18500/demods/2/sample.dio,279876449858560,2560,1073741824.0
/dev18500/demods/2/sample.dio,279876449916928,2561,8192.0
/dev18500/demods/2/sample.dio,279876449975296,2562,0.0
/dev18500/demods/2/sample.dio,279876450033664,2563,1074790400.0
/dev18500/demods/2/sample.dio,279876450092032,2564,3221225664.0
/dev18500/demods/2/sample.dio,279876450150400,2565,1073741824.0
/dev18500/demods/2/sample.dio,279876450208768,2566,0.0
/dev18500/demods/2/sample.dio,279876450267136,2567,0.0
/dev18500/demods/2/sample.dio,279876450325504,2568,3222290624.0
/dev18500/demods/2/sample.dio,279876450383872,2569,3221225664.0
/dev18500/demods/2/sample.dio,279876450442240,2570,1073750016.0
/dev18500/demods/2/sample.dio,279876450500608,2571,0.0
/dev18500/demods/2/sample.dio,279876450558976,2572,16384.0
/dev18500/demods/2/sample.dio,279876450617344,2573,3222290624.0
/dev18500/demods/2/sample.dio,279876450675712,2574,1073742016.0
/dev18500/demods/2/sample.dio,279876450734080,2575,1073741824.0
/dev18500/demods/2/sample.dio,279876450792448,2576,0.0
/dev18500/demods/2/sample.dio,279876450850816,2577,0.0
/dev18500/demods/2/sample.dio,279876450909184,2578,3222274240.0
/dev18500/demods/2/sample.dio,279876450967552,2579,1073750208.0
/dev18500/demods/2/sample.dio,279876451025920,2580,0.0
/dev18500/demods/2/sample.dio,279876451084288,2581,0.0
/dev18500/demods/2/sample.dio,279876451142656,2582,1048576.0
/dev18500/demods/2/sample.dio,279876451201024,2583,3222274240.0
/dev18500/demods/2/sample.dio,279876451259392,2584,1073750016.0
/dev18500/demods/2/sample.dio,279876451317760,2585,8192.0
/dev18500/demods/2/sample.dio,279876451376128,2586,0.0
/dev18500/demods/2/sample.dio,279876451434496,2587,1048576.0
/dev18500/demods/2/sample.dio,279876451492864,2588,3221225664.0
/dev18500/demods/2/sample.dio,279876451551232,2589,1073741824.0
/dev18500/demods/2/sample.dio,279876451609600,2590,0.0
/dev18500/demods/2/sample.dio,279876451667968,2591,0.0
/dev18500/demods/2/sample.dio,279876451726336,2592,3222290496.0
/dev18500/demods/2/sample.dio,279876451784704,2593,3221225664.0
/dev18500/demods/2/sample.dio,279876451843072,2594,1073750016.0
/dev18500/demods/2/sample.dio,279876451901440,2595,0.0
/dev18500/demods/2/sample.dio,279876451959808,2596,0.0
/dev18500/demods/2/sample.dio,279876452018176,2597,3222274048.0
/dev18500/demods/2/sample.dio,279876452076544,2598,3221225664.0
/dev18500/demods/2/sample.dio,279876452134912,2599,1073741824.0
/dev18500/demods/2/sample.dio,279876452193280,2600,0.0
/dev18500/demods/2/sample.dio,279876452251648,2601,0.0
/dev18500/demods/2/sample.dio,279876452310016,2602,3221225664.0
/dev18500/demods/2/sample.dio,279876452368384,2603,3221225664.0
/dev18500/demods/2/sample.dio,279876452426752,2604,1073741824.0
/dev18500/demods/2/sample.dio,279876452485120,2605,0.0
/dev18500/demods/2/sample.dio,279876452543488,2606,0.0
/dev18500/demods/2/sample.dio,279876452601856,2607,3222274240.0
/dev18500/demods/2/sample.dio,279876452660224,2608,1073741824.0
/dev18500/demods/2/sample.dio,279876452718592,2609,0.0
/dev18500/demods/2/sample.dio,279876452776960,2610,0.0
/dev18500/demods/2/sample.dio,279876452835328,2611,0.0
/dev18500/demods/2/sample.dio,279876452893696,2612,3221225664.0
/dev18500/demods/2/sample.dio,279876452952064,2613,1073742016.0
/dev18500/demods/2/sample.dio,279876453010432,2614,0.0
/dev18500/demods/2/sample.dio,279876453068800,2615,0.0
/dev18500/demods/2/sample.dio,279876453127168,2616,1074790400.0
/dev18500/demods/2/sample.dio,279876453185536,2617,3221225664.0
/dev18500/demods/2/sample.dio,279876453243904,2618,1073750016.0
/dev18500/demods/2/sample.dio,279876453302272,2619,0.0
/dev18500/demods/2/sample.dio,279876453360640,2620,0.0
/dev18500/demods/2/sample.dio,279876453419008,2621,1074790400.0
/dev18500/demods/2/sample.dio,279876453477376,2622,3221225664.0
/dev18500/demods/2/sample.dio,279876453535744,2623,1073741824.0
/dev18500/demods/2/sample.dio,279876453594112,2624,0.0
/dev18500/demods/2/sample.dio,279876453652480,2625,0.0
/dev18500/demods/2/sample.dio,279876453710848,2626,3222274048.0
/dev18500/demods/2/sample.dio,279876453769216,2627,3221225664.0
/dev18500/demods/2/sample.dio,279876453827584,2628,1073741824.0
/dev18500/demods/2/sample.dio,279876453885952,2629,0.0
/dev18500/demods/2/sample.dio,279876453944320,2630,0.0
/dev18500/demods/2/sample.dio,279876454002688,2631,3222274112.0
/dev18500/demods/2/sample.dio,279876454061056,2632,1073742016.0
/dev18500/demods/2/sample.dio,279876454119424,2633,1073741824.0
/dev18500/demods/2/sample.dio,279876454177792,2634,0.0
/dev18500/demods/2/sample.dio,279876454236160,2635,0.0
/dev18500/demods/2/sample.dio,279876454294528,2636,3221225664.0
/dev18500/demods/2/sample.dio,279876454352896,2637,1073742016.0
/dev18500/demods/2/sample.dio,279876454411264,2638,0.0
/dev18500/demods/2/sample.dio,279876454469632,2639,0.0
/dev18500/demods/2/sample.dio,279876454528000,2640,1048576.0
/dev18500/demods/2/sample.dio,279876454586368,2641,3222274240.0
/dev18500/demods/2/sample.dio,279876454644736,2642,1073750016.0
/dev18500/demods/2/sample.dio,279876454703104,2643,0.0
/dev18500/demods/2/sample.dio,279876454761472,2644,0.0
/dev18500/demods/2/sample.dio,279876454819840,2645,1048576.0
/dev18500/demods/2/sample.dio,279876454878208,2646,3221225664.0
/dev18500/demods/2/sample.dio,279876454936576,2647,1073741824.0
/dev18500/demods/2/sample.dio,279876454994944,2648,0.0
/dev18500/demods/2/sample.dio,279876455053312,2649,0.0
/dev18500/demods/2/sample.dio,279876455111680,2650,3222274048.0
/dev18500/demods/2/sample.dio,279876455170048,2651,3221225664.0
/dev18500/demods/2/sample.dio,279876455228416,2652,1073741824.0
/dev18500/demods/2/sample.dio,279876455286784,2653,0.0
/dev18500/demods/2/sample.dio,279876455345152,2654,0.0
/dev18500/demods/2/sample.dio,279876455403520,2655,1073741824.0
/dev18500/demods/2/sample.dio,279876455461888,2656,3221225664.0
/dev18500/demods/2/sample.dio,279876455520256,2657,1073741824.0
/dev18500/demods/2/sample.dio,279876455578624,2658,0.0
/dev18500/demods/2/sample.dio,279876455636992,2659,0.0
/dev18500/demods/2/sample.dio,279876455695360,2660,3222274240.0
/dev18500/demods/2/sample.dio,279876455753728,2661,3221225664.0
/dev18500/demods/2/sample.dio,279876455812096,2662,1073741824.0
/dev18500/demods/2/sample.dio,279876455870464,2663,0.0
/dev18500/demods/2/sample.dio,279876455928832,2664,0.0
/dev18500/demods/2/sample.dio,279876455987200,2665,3222274240.0
/dev18500/demods/2/sample.dio,279876456045568,2666,3221225664.0
/dev18500/demods/2/sample.dio,279876456103936,2667,0.0
/dev18500/demods/2/sample.dio,279876456162304,2668,0.0
/dev18500/demods/2/sample.dio,279876456220672,2669,1048576.0
/dev18500/demods/2/sample.dio,279876456279040,2670,3221225664.0
/dev18500/demods/2/sample.dio,279876456337408,2671,1073742016.0
/dev18500/demods/2/sample.dio,279876456395776,2672,0.0
/dev18500/demods/2/sample.dio,279876456454144,2673,0.0
/dev18500/demods/2/sample.dio,279876456512512,2674,1074790400.0
/dev18500/demods/2/sample.dio,279876456570880,2675,3221225664.0
/dev18500/demods/2/sample.dio,279876456629248,2676,1073741824.0
/dev18500/demods/2/sample.dio,279876456687616,2677,0.0
/dev18500/demods/2/sample.dio,279876456745984,2678,0.0
/dev18500/demods/2/sample.dio,279876456804352,2679,1074790400.0
/dev18500/demods/2/sample.dio,279876456862720,2680,3221225664.0
/dev18500/demods/2/sample.dio,279876456921088,2681,1073750016.0
/dev18500/demods/2/sample.dio,279876456979456,2682,0.0
/dev18500/demods/2/sample.dio,279876457037824,2683,0.0
/dev18500/demods/2/sample.dio,279876457096192,2684,3222274240.0
/dev18500/demods/2/sample.dio,279876457154560,2685,3221225664.0
/dev18500/demods/2/sample.dio,279876457212928,2686,1073741824.0
/dev18500/demods/2/sample.dio,279876457271296,2687,0.0
/dev18500/demods/2/sample.dio,279876457329664,2688,0.0
/dev18500/demods/2/sample.dio,279876457388032,2689,3221225472.0
/dev18500/demods/2/sample.dio,279876457446400,2690,1073742016.0
/dev18500/demods/2/sample.dio,279876457504768,2691,1073750016.0
/dev18500/demods/2/sample.dio,279876457563136,2692,0.0
/dev18500/demods/2/sample.dio,279876457621504,2693,0.0
/dev18500/demods/2/sample.dio,279876457679872,2694,3221225664.0
/dev18500/demods/2/sample.dio,279876457738240,2695,3221225664.0
/dev18500/demods/2/sample.dio,279876457796608,2696,0.0
/dev18500/demods/2/sample.dio,279876457854976,2697,0.0
/dev18500/demods/2/sample.dio,279876457913344,2698,1048576.0
/dev18500/demods/2/sample.dio,279876457971712,2699,3222274240.0
/dev18500/demods/2/sample.dio,279876458030080,2700,1073741888.0
/dev18500/demods/2/sample.dio,279876458088448,2701,0.0
/dev18500/demods/2/sample.dio,279876458146816,2702,0.0
/dev18500/demods/2/sample.dio,279876458205184,2703,1048576.0
/dev18500/demods/2/sample.dio,279876458263552,2704,3221225664.0
/dev18500/demods/2/sample.dio,279876458321920,2705,1073750080.0
/dev18500/demods/2/sample.dio,279876458380288,2706,0.0
/dev18500/demods/2/sample.dio,279876458438656,2707,0.0
/dev18500/demods/2/sample.dio,279876458497024,2708,3222274048.0
/dev18500/demods/2/sample.dio,279876458555392,2709,3221225664.0
/dev18500/demods/2/sample.dio,279876458613760,2710,1073741824.0
/dev18500/demods/2/sample.dio,279876458672128,2711,0.0
/dev18500/demods/2/sample.dio,279876458730496,2712,0.0
/dev18500/demods/2/sample.dio,279876458788864,2713,1048576.0
/dev18500/demods/2/sample.dio,279876458847232,2714,3221225664.0
/dev18500/demods/2/sample.dio,279876458905600,2715,1073741824.0
/dev18500/demods/2/sample.dio,279876458963968,2716,0.0
/dev18500/demods/2/sample.dio,279876459022336,2717,0.0
/dev18500/demods/2/sample.dio,279876459080704,2718,3222274240.0
/dev18500/demods/2/sample.dio,279876459139072,2719,3221225664.0
/dev18500/demods/2/sample.dio,279876459197440,2720,1073750016.0
/dev18500/demods/2/sample.dio,279876459255808,2721,0.0
/dev18500/demods/2/sample.dio,279876459314176,2722,1048576.0
/dev18500/demods/2/sample.dio,279876459372544,2723,3222274240.0
/dev18500/demods/2/sample.dio,279876459430912,2724,1073742016.0
/dev18500/demods/2/sample.dio,279876459489280,2725,1073741824.0
/dev18500/demods/2/sample.dio,279876459547648,2726,0.0
/dev18500/demods/2/sample.dio,279876459606016,2727,1048576.0
/dev18500/demods/2/sample.dio,279876459664384,2728,3221225664.0
/dev18500/demods/2/sample.dio,279876459722752,2729,1073742016.0
/dev18500/demods/2/sample.dio,279876459781120,2730,0.0
/dev18500/demods/2/sample.dio,279876459839488,2731,0.0
/dev18500/demods/2/sample.dio,279876459897856,2732,1074790400.0
/dev18500/demods/2/sample.dio,279876459956224,2733,3222274240.0
/dev18500/demods/2/sample.dio,279876460014592,2734,1073741824.0
/dev18500/demods/2/sample.dio,279876460072960,2735,0.0
/dev18500/demods/2/sample.dio,279876460131328,2736,0.0
/dev18500/demods/2/sample.dio,279876460189696,2737,1048576.0
/dev18500/demods/2/sample.dio,279876460248064,2738,3221225664.0
/dev18500/demods/2/sample.dio,279876460306432,2739,1073741824.0
/dev18500/demods/2/sample.dio,279876460364800,2740,0.0
/dev18500/demods/2/sample.dio,279876460423168,2741,0.0
/dev18500/demods/2/sample.dio,279876460481536,2742,3222274112.0
/dev18500/demods/2/sample.dio,279876460539904,2743,3221225664.0
/dev18500/demods/2/sample.dio,279876460598272,2744,1073741824.0
/dev18500/demods/2/sample.dio,279876460656640,2745,0.0
/dev18500/demods/2/sample.dio,279876460715008,2746,0.0
/dev18500/demods/2/sample.dio,279876460773376,2747,3222274112.0
/dev18500/demods/2/sample.dio,279876460831744,2748,3221225664.0
/dev18500/demods/2/sample.dio,279876460890112,2749,1073741824.0
/dev18500/demods/2/sample.dio,279876460948480,2750,0.0
/dev18500/demods/2/sample.dio,279876461006848,2751,0.0
/dev18500/demods/2/sample.dio,279876461065216,2752,3221225664.0
/dev18500/demods/2/sample.dio,279876461123584,2753,3221225664.0
/dev18500/demods/2/sample.dio,279876461181952,2754,0.0
/dev18500/demods/2/sample.dio,279876461240320,2755,0.0
/dev18500/demods/2/sample.dio,279876461298688,2756,0.0
/dev18500/demods/2/sample.dio,279876461357056,2757,3222274240.0
/dev18500/demods/2/sample.dio,279876461415424,2758,1073741888.0
/dev18500/demods/2/sample.dio,279876461473792,2759,0.0
/dev18500/demods/2/sample.dio,279876461532160,2760,0.0
/dev18500/demods/2/sample.dio,279876461590528,2761,1048576.0
/dev18500/demods/2/sample.dio,279876461648896,2762,3221225664.0
/dev18500/demods/2/sample.dio,279876461707264,2763,1073741888.0
/dev18500/demods/2/sample.dio,279876461765632,2764,0.0
/dev18500/demods/2/sample.dio,279876461824000,2765,0.0
/dev18500/demods/2/sample.dio,279876461882368,2766,3222274048.0
/dev18500/demods/2/sample.dio,279876461940736,2767,3221225664.0
/dev18500/demods/2/sample.dio,279876461999104,2768,1073741824.0
/dev18500/demods/2/sample.dio,279876462057472,2769,0.0
/dev18500/demods/2/sample.dio,279876462115840,2770,0.0
/dev18500/demods/2/sample.dio,279876462174208,2771,3222274048.0
/dev18500/demods/2/sample.dio,279876462232576,2772,3221225664.0
/dev18500/demods/2/sample.dio,279876462290944,2773,1073741824.0
/dev18500/demods/2/sample.dio,279876462349312,2774,0.0
/dev18500/demods/2/sample.dio,279876462407680,2775,0.0
/dev18500/demods/2/sample.dio,279876462466048,2776,3222274240.0
/dev18500/demods/2/sample.dio,279876462524416,2777,3221225664.0
/dev18500/demods/2/sample.dio,279876462582784,2778,1073741824.0
/dev18500/demods/2/sample.dio,279876462641152,2779,0.0
/dev18500/demods/2/sample.dio,279876462699520,2780,0.0
/dev18500/demods/2/sample.dio,279876462757888,2781,3222274240.0
/dev18500/demods/2/sample.dio,279876462816256,2782,1073742016.0
/dev18500/demods/2/sample.dio,279876462874624,2783,1073741824.0
/dev18500/demods/2/sample.dio,279876462932992,2784,0.0
/dev18500/demods/2/sample.dio,279876462991360,2785,0.0
/dev18500/demods/2/sample.dio,279876463049728,2786,3222274240.0
/dev18500/demods/2/sample.dio,279876463108096,2787,1073742016.0
/dev18500/demods/2/sample.dio,279876463166464,2788,8192.0
/dev18500/demods/2/sample.dio,279876463224832,2789,0.0
/dev18500/demods/2/sample.dio,279876463283200,2790,1048576.0
/dev18500/demods/2/sample.dio,279876463341568,2791,3222274240.0
/dev18500/demods/2/sample.dio,279876463399936,2792,1073750016.0
/dev18500/demods/2/sample.dio,279876463458304,2793,0.0
/dev18500/demods/2/sample.dio,279876463516672,2794,0.0
/dev18500/demods/2/sample.dio,279876463575040,2795,1048576.0
/dev18500/demods/2/sample.dio,279876463633408,2796,3221225664.0
/dev18500/demods/2/sample.dio,279876463691776,2797,1073741888.0
/dev18500/demods/2/sample.dio,279876463750144,2798,0.0
/dev18500/demods/2/sample.dio,279876463808512,2799,0.0
/dev18500/demods/2/sample.dio,279876463866880,2800,3222274112.0
/dev18500/demods/2/sample.dio,279876463925248,2801,3221225664.0
/dev18500/demods/2/sample.dio,279876463983616,2802,1073741824.0
/dev18500/demods/2/sample.dio,279876464041984,2803,0.0
/dev18500/demods/2/sample.dio,279876464100352,2804,0.0
/dev18500/demods/2/sample.dio,279876464158720,2805,3221225472.0
/dev18500/demods/2/sample.dio,279876464217088,2806,3221225664.0
/dev18500/demods/2/sample.dio,279876464275456,2807,1073741824.0
/dev18500/demods/2/sample.dio,279876464333824,2808,0.0
/dev18500/demods/2/sample.dio,279876464392192,2809,0.0
/dev18500/demods/2/sample.dio,279876464450560,2810,3221225664.0
/dev18500/demods/2/sample.dio,279876464508928,2811,3221225664.0
/dev18500/demods/2/sample.dio,279876464567296,2812,0.0
/dev18500/demods/2/sample.dio,279876464625664,2813,0.0
/dev18500/demods/2/sample.dio,279876464684032,2814,0.0
/dev18500/demods/2/sample.dio,279876464742400,2815,3221225664.0
/dev18500/demods/2/sample.dio,279876464800768,2816,1073742016.0
/dev18500/demods/2/sample.dio,279876464859136,2817,0.0
/dev18500/demods/2/sample.dio,279876464917504,2818,0.0
/dev18500/demods/2/sample.dio,279876464975872,2819,0.0
/dev18500/demods/2/sample.dio,279876465034240,2820,3222274240.0
/dev18500/demods/2/sample.dio,279876465092608,2821,1073741888.0
/dev18500/demods/2/sample.dio,279876465150976,2822,0.0
/dev18500/demods/2/sample.dio,279876465209344,2823,0.0
/dev18500/demods/2/sample.dio,279876465267712,2824,3222274048.0
/dev18500/demods/2/sample.dio,279876465326080,2825,3222274240.0
/dev18500/demods/2/sample.dio,279876465384448,2826,1073741824.0
/dev18500/demods/2/sample.dio,279876465442816,2827,0.0
/dev18500/demods/2/sample.dio,279876465501184,2828,0.0
/dev18500/demods/2/sample.dio,279876465559552,2829,1048576.0
/dev18500/demods/2/sample.dio,279876465617920,2830,3221225664.0
/dev18500/demods/2/sample.dio,279876465676288,2831,1073741824.0
/dev18500/demods/2/sample.dio,279876465734656,2832,0.0
/dev18500/demods/2/sample.dio,279876465793024,2833,0.0
/dev18500/demods/2/sample.dio,279876465851392,2834,3222274240.0
/dev18500/demods/2/sample.dio,279876465909760,2835,3221225664.0
/dev18500/demods/2/sample.dio,279876465968128,2836,1073741824.0
/dev18500/demods/2/sample.dio,279876466026496,2837,0.0
/dev18500/demods/2/sample.dio,279876466084864,2838,0.0
/dev18500/demods/2/sample.dio,279876466143232,2839,3222274112.0
/dev18500/demods/2/sample.dio,279876466201600,2840,3221225664.0
/dev18500/demods/2/sample.dio,279876466259968,2841,1073741824.0
/dev18500/demods/2/sample.dio,279876466318336,2842,0.0
/dev18500/demods/2/sample.dio,279876466376704,2843,0.0
/dev18500/demods/2/sample.dio,279876466435072,2844,3222274240.0
/dev18500/demods/2/sample.dio,279876466493440,2845,3221225664.0
/dev18500/demods/2/sample.dio,279876466551808,2846,0.0
/dev18500/demods/2/sample.dio,279876466610176,2847,0.0
/dev18500/demods/2/sample.dio,279876466668544,2848,0.0
/dev18500/demods/2/sample.dio,279876466726912,2849,3222274240.0
/dev18500/demods/2/sample.dio,279876466785280,2850,1073741824.0
/dev18500/demods/2/sample.dio,279876466843648,2851,0.0
/dev18500/demods/2/sample.dio,279876466902016,2852,0.0
/dev18500/demods/2/sample.dio,279876466960384,2853,1048576.0
/dev18500/demods/2/sample.dio,279876467018752,2854,3221225664.0
/dev18500/demods/2/sample.dio,279876467077120,2855,1073741824.0
/dev18500/demods/2/sample.dio,279876467135488,2856,0.0
/dev18500/demods/2/sample.dio,279876467193856,2857,0.0
/dev18500/demods/2/sample.dio,279876467252224,2858,1074790400.0
/dev18500/demods/2/sample.dio,279876467310592,2859,3221225664.0
/dev18500/demods/2/sample.dio,279876467368960,2860,1073741824.0
/dev18500/demods/2/sample.dio,279876467427328,2861,0.0
/dev18500/demods/2/sample.dio,279876467485696,2862,0.0
/dev18500/demods/2/sample.dio,279876467544064,2863,3222274048.0
/dev18500/demods/2/sample.dio,279876467602432,2864,3221233856.0
/dev18500/demods/2/sample.dio,279876467660800,2865,1073741824.0
/dev18500/demods/2/sample.dio,279876467719168,2866,0.0
/dev18500/demods/2/sample.dio,279876467777536,2867,0.0
/dev18500/demods/2/sample.dio,279876467835904,2868,3221225664.0
/dev18500/demods/2/sample.dio,279876467894272,2869,3221225664.0
/dev18500/demods/2/sample.dio,279876467952640,2870,0.0
/dev18500/demods/2/sample.dio,279876468011008,2871,0.0
/dev18500/demods/2/sample.dio,279876468069376,2872,0.0
/dev18500/demods/2/sample.dio,279876468127744,2873,3222274112.0
/dev18500/demods/2/sample.dio,279876468186112,2874,1073742016.0
/dev18500/demods/2/sample.dio,279876468244480,2875,8192.0
/dev18500/demods/2/sample.dio,279876468302848,2876,0.0
/dev18500/demods/2/sample.dio,279876468361216,2877,0.0
/dev18500/demods/2/sample.dio,279876468419584,2878,3222274240.0
/dev18500/demods/2/sample.dio,279876468477952,2879,1073742016.0
/dev18500/demods/2/sample.dio,279876468536320,2880,0.0
/dev18500/demods/2/sample.dio,279876468594688,2881,0.0
/dev18500/demods/2/sample.dio,279876468653056,2882,3222274048.0
/dev18500/demods/2/sample.dio,279876468711424,2883,3222274240.0
/dev18500/demods/2/sample.dio,279876468769792,2884,1073741824.0
/dev18500/demods/2/sample.dio,279876468828160,2885,0.0
/dev18500/demods/2/sample.dio,279876468886528,2886,0.0
/dev18500/demods/2/sample.dio,279876468944896,2887,1048576.0
/dev18500/demods/2/sample.dio,279876469003264,2888,3221225664.0
/dev18500/demods/2/sample.dio,279876469061632,2889,1073741824.0
/dev18500/demods/2/sample.dio,279876469120000,2890,0.0
/dev18500/demods/2/sample.dio,279876469178368,2891,0.0
/dev18500/demods/2/sample.dio,279876469236736,2892,3222274112.0
/dev18500/demods/2/sample.dio,279876469295104,2893,3221233856.0
/dev18500/demods/2/sample.dio,279876469353472,2894,1073741824.0
/dev18500/demods/2/sample.dio,279876469411840,2895,0.0
/dev18500/demods/2/sample.dio,279876469470208,2896,0.0
/dev18500/demods/2/sample.dio,279876469528576,2897,3222274112.0
/dev18500/demods/2/sample.dio,279876469586944,2898,3221225664.0
/dev18500/demods/2/sample.dio,279876469645312,2899,1073741824.0
/dev18500/demods/2/sample.dio,279876469703680,2900,0.0
/dev18500/demods/2/sample.dio,279876469762048,2901,0.0
/dev18500/demods/2/sample.dio,279876469820416,2902,3222274240.0
/dev18500/demods/2/sample.dio,279876469878784,2903,3221225664.0
/dev18500/demods/2/sample.dio,279876469937152,2904,0.0
/dev18500/demods/2/sample.dio,279876469995520,2905,0.0
/dev18500/demods/2/sample.dio,279876470053888,2906,1048576.0
/dev18500/demods/2/sample.dio,279876470112256,2907,3222274240.0
/dev18500/demods/2/sample.dio,279876470170624,2908,1073741824.0
/dev18500/demods/2/sample.dio,279876470228992,2909,0.0
/dev18500/demods/2/sample.dio,279876470287360,2910,0.0
/dev18500/demods/2/sample.dio,279876470345728,2911,1048576.0
/dev18500/demods/2/sample.dio,279876470404096,2912,3221225664.0
/dev18500/demods/2/sample.dio,279876470462464,2913,1073741824.0
/dev18500/demods/2/sample.dio,279876470520832,2914,0.0
/dev18500/demods/2/sample.dio,279876470579200,2915,0.0
/dev18500/demods/2/sample.dio,279876470637568,2916,3222274048.0
/dev18500/demods/2/sample.dio,279876470695936,2917,3221225664.0
/dev18500/demods/2/sample.dio,279876470754304,2918,1073741824.0
/dev18500/demods/2/sample.dio,279876470812672,2919,0.0
/dev18500/demods/2/sample.dio,279876470871040,2920,0.0
/dev18500/demods/2/sample.dio,279876470929408,2921,3222274048.0
/dev18500/demods/2/sample.dio,279876470987776,2922,3221225664.0
/dev18500/demods/2/sample.dio,279876471046144,2923,1073741824.0
/dev18500/demods/2/sample.dio,279876471104512,2924,0.0
/dev18500/demods/2/sample.dio,279876471162880,2925,0.0
/dev18500/demods/2/sample.dio,279876471221248,2926,3222274240.0
/dev18500/demods/2/sample.dio,279876471279616,2927,3221225664.0
/dev18500/demods/2/sample.dio,279876471337984,2928,8192.0
/dev18500/demods/2/sample.dio,279876471396352,2929,0.0
/dev18500/demods/2/sample.dio,279876471454720,2930,1064960.0
/dev18500/demods/2/sample.dio,279876471513088,2931,3222274240.0
/dev18500/demods/2/sample.dio,279876471571456,2932,1073741888.0
/dev18500/demods/2/sample.dio,279876471629824,2933,1073741824.0
/dev18500/demods/2/sample.dio,279876471688192,2934,0.0
/dev18500/demods/2/sample.dio,279876471746560,2935,0.0
/dev18500/demods/2/sample.dio,279876471804928,2936,3222274240.0
/dev18500/demods/2/sample.dio,279876471863296,2937,1073742016.0
/dev18500/demods/2/sample.dio,279876471921664,2938,0.0
/dev18500/demods/2/sample.dio,279876471980032,2939,0.0
/dev18500/demods/2/sample.dio,279876472038400,2940,3222274048.0
/dev18500/demods/2/sample.dio,279876472096768,2941,3222274240.0
/dev18500/demods/2/sample.dio,279876472155136,2942,1073741824.0
/dev18500/demods/2/sample.dio,279876472213504,2943,8192.0
/dev18500/demods/2/sample.dio,279876472271872,2944,0.0
/dev18500/demods/2/sample.dio,279876472330240,2945,1048576.0
/dev18500/demods/2/sample.dio,279876472388608,2946,3221225664.0
/dev18500/demods/2/sample.dio,279876472446976,2947,1073741824.0
/dev18500/demods/2/sample.dio,279876472505344,2948,0.0
/dev18500/demods/2/sample.dio,279876472563712,2949,0.0
/dev18500/demods/2/sample.dio,279876472622080,2950,3222274112.0
/dev18500/demods/2/sample.dio,279876472680448,2951,3221225664.0
/dev18500/demods/2/sample.dio,279876472738816,2952,1073741824.0
/dev18500/demods/2/sample.dio,279876472797184,2953,0.0
/dev18500/demods/2/sample.dio,279876472855552,2954,0.0
/dev18500/demods/2/sample.dio,279876472913920,2955,3222274112.0
/dev18500/demods/2/sample.dio,279876472972288,2956,3221225664.0
/dev18500/demods/2/sample.dio,279876473030656,2957,1073741824.0
/dev18500/demods/2/sample.dio,279876473089024,2958,0.0
/dev18500/demods/2/sample.dio,279876473147392,2959,0.0
/dev18500/demods/2/sample.dio,279876473205760,2960,3221225664.0
/dev18500/demods/2/sample.dio,279876473264128,2961,3221225664.0
/dev18500/demods/2/sample.dio,279876473322496,2962,0.0
/dev18500/demods/2/sample.dio,279876473380864,2963,0.0
/dev18500/demods/2/sample.dio,279876473439232,2964,1048576.0
/dev18500/demods/2/sample.dio,279876473497600,2965,3222274240.0
/dev18500/demods/2/sample.dio,279876473555968,2966,1073741824.0
/dev18500/demods/2/sample.dio,279876473614336,2967,0.0
/dev18500/demods/2/sample.dio,279876473672704,2968,0.0
/dev18500/demods/2/sample.dio,279876473731072,2969,1048576.0
/dev18500/demods/2/sample.dio,279876473789440,2970,3221225664.0
/dev18500/demods/2/sample.dio,279876473847808,2971,1073741824.0
/dev18500/demods/2/sample.dio,279876473906176,2972,0.0
/dev18500/demods/2/sample.dio,279876473964544,2973,0.0
/dev18500/demods/2/sample.dio,279876474022912,2974,1048576.0
/dev18500/demods/2/sample.dio,279876474081280,2975,3221225664.0
/dev18500/demods/2/sample.dio,279876474139648,2976,1073741824.0
/dev18500/demods/2/sample.dio,279876474198016,2977,0.0
/dev18500/demods/2/sample.dio,279876474256384,2978,0.0
/dev18500/demods/2/sample.dio,279876474314752,2979,3222274048.0
/dev18500/demods/2/sample.dio,279876474373120,2980,3221225664.0
/dev18500/demods/2/sample.dio,279876474431488,2981,1073741824.0
/dev18500/demods/2/sample.dio,279876474489856,2982,0.0
/dev18500/demods/2/sample.dio,279876474548224,2983,0.0
/dev18500/demods/2/sample.dio,279876474606592,2984,3221225664.0
/dev18500/demods/2/sample.dio,279876474664960,2985,3221225664.0
/dev18500/demods/2/sample.dio,279876474723328,2986,1073750016.0
/dev18500/demods/2/sample.dio,279876474781696,2987,0.0
/dev18500/demods/2/sample.dio,279876474840064,2988,1048576.0
/dev18500/demods/2/sample.dio,279876474898432,2989,3222274240.0
/dev18500/demods/2/sample.dio,279876474956800,2990,1073742016.0
/dev18500/demods/2/sample.dio,279876475015168,2991,1073750016.0
/dev18500/demods/2/sample.dio,279876475073536,2992,0.0
/dev18500/demods/2/sample.dio,279876475131904,2993,0.0
/dev18500/demods/2/sample.dio,279876475190272,2994,3221225664.0
/dev18500/demods/2/sample.dio,279876475248640,2995,1073742016.0
/dev18500/demods/2/sample.dio,279876475307008,2996,0.0
/dev18500/demods/2/sample.dio,279876475365376,2997,0.0
/dev18500/demods/2/sample.dio,279876475423744,2998,1074790400.0
/dev18500/demods/2/sample.dio,279876475482112,2999,3221225664.0
/dev18500/demods/2/sample.dio,279876475540480,3000,1073741824.0
/dev18500/demods/2/sample.dio,279876475598848,3001,0.0
/dev18500/demods/2/sample.dio,279876475657216,3002,0.0
/dev18500/demods/2/sample.dio,279876475715584,3003,1048576.0
/dev18500/demods/2/sample.dio,279876475773952,3004,3221225664.0
/dev18500/demods/2/sample.dio,279876475832320,3005,1073741824.0
/dev18500/demods/2/sample.dio,279876475890688,3006,0.0
/dev18500/demods/2/sample.dio,279876475949056,3007,0.0
/dev18500/demods/2/sample.dio,279876476007424,3008,3222290432.0
/dev18500/demods/2/sample.dio,279876476065792,3009,3221225664.0
/dev18500/demods/2/sample.dio,279876476124160,3010,1073741824.0
/dev18500/demods/2/sample.dio,279876476182528,3011,0.0
/dev18500/demods/2/sample.dio,279876476240896,3012,0.0
/dev18500/demods/2/sample.dio,279876476299264,3013,3222274048.0
/dev18500/demods/2/sample.dio,279876476357632,3014,1073742016.0
/dev18500/demods/2/sample.dio,279876476416000,3015,1073741824.0
/dev18500/demods/2/sample.dio,279876476474368,3016,0.0
/dev18500/demods/2/sample.dio,279876476532736,3017,0.0
/dev18500/demods/2/sample.dio,279876476591104,3018,3222274240.0
/dev18500/demods/2/sample.dio,279876476649472,3019,3221225664.0
/dev18500/demods/2/sample.dio,279876476707840,3020,0.0
/dev18500/demods/2/sample.dio,279876476766208,3021,0.0
/dev18500/demods/2/sample.dio,279876476824576,3022,1048576.0
/dev18500/demods/2/sample.dio,279876476882944,3023,3222290624.0
/dev18500/demods/2/sample.dio,279876476941312,3024,1073741824.0
/dev18500/demods/2/sample.dio,279876476999680,3025,0.0
/dev18500/demods/2/sample.dio,279876477058048,3026,0.0
/dev18500/demods/2/sample.dio,279876477116416,3027,1048576.0
/dev18500/demods/2/sample.dio,279876477174784,3028,3221225664.0
/dev18500/demods/2/sample.dio,279876477233152,3029,1073741824.0
/dev18500/demods/2/sample.dio,279876477291520,3030,0.0
/dev18500/demods/2/sample.dio,279876477349888,3031,0.0
/dev18500/demods/2/sample.dio,279876477408256,3032,3222274048.0
/dev18500/demods/2/sample.dio,279876477466624,3033,3221225664.0
/dev18500/demods/2/sample.dio,279876477524992,3034,1073741824.0
/dev18500/demods/2/sample.dio,279876477583360,3035,0.0
/dev18500/demods/2/sample.dio,279876477641728,3036,0.0
/dev18500/demods/2/sample.dio,279876477700096,3037,3222274048.0
/dev18500/demods/2/sample.dio,279876477758464,3038,3221225664.0
/dev18500/demods/2/sample.dio,279876477816832,3039,1073741824.0
/dev18500/demods/2/sample.dio,279876477875200,3040,0.0
/dev18500/demods/2/sample.dio,279876477933568,3041,0.0
/dev18500/demods/2/sample.dio,279876477991936,3042,3221225536.0
/dev18500/demods/2/sample.dio,279876478050304,3043,3221225664.0
/dev18500/demods/2/sample.dio,279876478108672,3044,1073741824.0
/dev18500/demods/2/sample.dio,279876478167040,3045,0.0
/dev18500/demods/2/sample.dio,279876478225408,3046,1064960.0
/dev18500/demods/2/sample.dio,279876478283776,3047,3221225664.0
/dev18500/demods/2/sample.dio,279876478342144,3048,1073741888.0
/dev18500/demods/2/sample.dio,279876478400512,3049,1073741824.0
/dev18500/demods/2/sample.dio,279876478458880,3050,0.0
/dev18500/demods/2/sample.dio,279876478517248,3051,1048576.0
/dev18500/demods/2/sample.dio,279876478575616,3052,3221225664.0
/dev18500/demods/2/sample.dio,279876478633984,3053,3221225664.0
/dev18500/demods/2/sample.dio,279876478692352,3054,0.0
/dev18500/demods/2/sample.dio,279876478750720,3055,0.0
/dev18500/demods/2/sample.dio,279876478809088,3056,1074790400.0
/dev18500/demods/2/sample.dio,279876478867456,3057,3222274240.0
/dev18500/demods/2/sample.dio,279876478925824,3058,1073741824.0
/dev18500/demods/2/sample.dio,279876478984192,3059,0.0
/dev18500/demods/2/sample.dio,279876479042560,3060,0.0
/dev18500/demods/2/sample.dio,279876479100928,3061,1048576.0
/dev18500/demods/2/sample.dio,279876479159296,3062,3221225664.0
/dev18500/demods/2/sample.dio,279876479217664,3063,1073741824.0
/dev18500/demods/2/sample.dio,279876479276032,3064,0.0
/dev18500/demods/2/sample.dio,279876479334400,3065,0.0
/dev18500/demods/2/sample.dio,279876479392768,3066,3222290624.0
/dev18500/demods/2/sample.dio,279876479451136,3067,3221225664.0
/dev18500/demods/2/sample.dio,279876479509504,3068,1073741824.0
/dev18500/demods/2/sample.dio,279876479567872,3069,0.0
/dev18500/demods/2/sample.dio,279876479626240,3070,0.0
/dev18500/demods/2/sample.dio,279876479684608,3071,3222274048.0
/dev18500/demods/2/sample.dio,279876479742976,3072,1073750208.0
/dev18500/demods/2/sample.dio,279876479801344,3073,1073741824.0
/dev18500/demods/2/sample.dio,279876479859712,3074,0.0
/dev18500/demods/2/sample.dio,279876479918080,3075,0.0
/dev18500/demods/2/sample.dio,279876479976448,3076,3222274240.0
/dev18500/demods/2/sample.dio,279876480034816,3077,3221225664.0
/dev18500/demods/2/sample.dio,279876480093184,3078,8192.0
/dev18500/demods/2/sample.dio,279876480151552,3079,0.0
/dev18500/demods/2/sample.dio,279876480209920,3080,1048576.0
/dev18500/demods/2/sample.dio,279876480268288,3081,3222290624.0
/dev18500/demods/2/sample.dio,279876480326656,3082,1073741888.0
/dev18500/demods/2/sample.dio,279876480385024,3083,0.0
/dev18500/demods/2/sample.dio,279876480443392,3084,0.0
/dev18500/demods/2/sample.dio,279876480501760,3085,1048576.0
/dev18500/demods/2/sample.dio,279876480560128,3086,3222274240.0
/dev18500/demods/2/sample.dio,279876480618496,3087,1073741824.0
/dev18500/demods/2/sample.dio,279876480676864,3088,0.0
/dev18500/demods/2/sample.dio,279876480735232,3089,0.0
/dev18500/demods/2/sample.dio,279876480793600,3090,3222274048.0
/dev18500/demods/2/sample.dio,279876480851968,3091,3221225664.0
/dev18500/demods/2/sample.dio,279876480910336,3092,1073741824.0
/dev18500/demods/2/sample.dio,279876480968704,3093,0.0
/dev18500/demods/2/sample.dio,279876481027072,3094,0.0
/dev18500/demods/2/sample.dio,279876481085440,3095,3222274048.0
/dev18500/demods/2/sample.dio,279876481143808,3096,3221225664.0
/dev18500/demods/2/sample.dio,279876481202176,3097,1073741824.0
/dev18500/demods/2/sample.dio,279876481260544,3098,0.0
/dev18500/demods/2/sample.dio,279876481318912,3099,0.0
/dev18500/demods/2/sample.dio,279876481377280,3100,3221225664.0
/dev18500/demods/2/sample.dio,279876481435648,3101,3221225664.0
/dev18500/demods/2/sample.dio,279876481494016,3102,1073741824.0
/dev18500/demods/2/sample.dio,279876481552384,3103,0.0
/dev18500/demods/2/sample.dio,279876481610752,3104,1048576.0
/dev18500/demods/2/sample.dio,279876481669120,3105,3222274240.0
/dev18500/demods/2/sample.dio,279876481727488,3106,1073742016.0
/dev18500/demods/2/sample.dio,279876481785856,3107,1073741824.0
/dev18500/demods/2/sample.dio,279876481844224,3108,0.0
/dev18500/demods/2/sample.dio,279876481902592,3109,0.0
/dev18500/demods/2/sample.dio,279876481960960,3110,3221225664.0
/dev18500/demods/2/sample.dio,279876482019328,3111,1073750208.0
/dev18500/demods/2/sample.dio,279876482077696,3112,0.0
/dev18500/demods/2/sample.dio,279876482136064,3113,0.0
/dev18500/demods/2/sample.dio,279876482194432,3114,0.0
/dev18500/demods/2/sample.dio,279876482252800,3115,3222290624.0
/dev18500/demods/2/sample.dio,279876482311168,3116,1073741824.0
/dev18500/demods/2/sample.dio,279876482369536,3117,8192.0
/dev18500/demods/2/sample.dio,279876482427904,3118,0.0
/dev18500/demods/2/sample.dio,279876482486272,3119,1048576.0
/dev18500/demods/2/sample.dio,279876482544640,3120,3221225664.0
/dev18500/demods/2/sample.dio,279876482603008,3121,1073741824.0
/dev18500/demods/2/sample.dio,279876482661376,3122,0.0
/dev18500/demods/2/sample.dio,279876482719744,3123,0.0
/dev18500/demods/2/sample.dio,279876482778112,3124,3222274112.0
/dev18500/demods/2/sample.dio,279876482836480,3125,3221225664.0
/dev18500/demods/2/sample.dio,279876482894848,3126,1073741824.0
/dev18500/demods/2/sample.dio,279876482953216,3127,0.0
/dev18500/demods/2/sample.dio,279876483011584,3128,0.0
/dev18500/demods/2/sample.dio,279876483069952,3129,3222274112.0
/dev18500/demods/2/sample.dio,279876483128320,3130,3221225664.0
/dev18500/demods/2/sample.dio,279876483186688,3131,1073741824.0
/dev18500/demods/2/sample.dio,279876483245056,3132,0.0
/dev18500/demods/2/sample.dio,279876483303424,3133,0.0
/dev18500/demods/2/sample.dio,279876483361792,3134,3221225664.0
/dev18500/demods/2/sample.dio,279876483420160,3135,3221225664.0
/dev18500/demods/2/sample.dio,279876483478528,3136,0.0
/dev18500/demods/2/sample.dio,279876483536896,3137,0.0
/dev18500/demods/2/sample.dio,279876483595264,3138,1048576.0
/dev18500/demods/2/sample.dio,279876483653632,3139,3221225664.0
/dev18500/demods/2/sample.dio,279876483712000,3140,1073741824.0
/dev18500/demods/2/sample.dio,279876483770368,3141,0.0
/dev18500/demods/2/sample.dio,279876483828736,3142,0.0
/dev18500/demods/2/sample.dio,279876483887104,3143,0.0
/dev18500/demods/2/sample.dio,279876483945472,3144,3221225664.0
/dev18500/demods/2/sample.dio,279876484003840,3145,1073742016.0
/dev18500/demods/2/sample.dio,279876484062208,3146,0.0
/dev18500/demods/2/sample.dio,279876484120576,3147,0.0
/dev18500/demods/2/sample.dio,279876484178944,3148,3222274048.0
/dev18500/demods/2/sample.dio,279876484237312,3149,3221225664.0
/dev18500/demods/2/sample.dio,279876484295680,3150,1073741824.0
/dev18500/demods/2/sample.dio,279876484354048,3151,0.0
/dev18500/demods/2/sample.dio,279876484412416,3152,0.0
/dev18500/demods/2/sample.dio,279876484470784,3153,3221225472.0
/dev18500/demods/2/sample.dio,279876484529152,3154,3221225664.0
/dev18500/demods/2/sample.dio,279876484587520,3155,1073741824.0
/dev18500/demods/2/sample.dio,279876484645888,3156,0.0
/dev18500/demods/2/sample.dio,279876484704256,3157,0.0
/dev18500/demods/2/sample.dio,279876484762624,3158,3221225664.0
/dev18500/demods/2/sample.dio,279876484820992,3159,3221225664.0
/dev18500/demods/2/sample.dio,279876484879360,3160,1073741824.0
/dev18500/demods/2/sample.dio,279876484937728,3161,0.0
/dev18500/demods/2/sample.dio,279876484996096,3162,0.0
/dev18500/demods/2/sample.dio,279876485054464,3163,3222274112.0
/dev18500/demods/2/sample.dio,279876485112832,3164,1073742016.0
/dev18500/demods/2/sample.dio,279876485171200,3165,1073741824.0
/dev18500/demods/2/sample.dio,279876485229568,3166,0.0
/dev18500/demods/2/sample.dio,279876485287936,3167,0.0
/dev18500/demods/2/sample.dio,279876485346304,3168,3221225664.0
/dev18500/demods/2/sample.dio,279876485404672,3169,1073742016.0
/dev18500/demods/2/sample.dio,279876485463040,3170,0.0
/dev18500/demods/2/sample.dio,279876485521408,3171,0.0
/dev18500/demods/2/sample.dio,279876485579776,3172,1064960.0
/dev18500/demods/2/sample.dio,279876485638144,3173,3221225664.0
/dev18500/demods/2/sample.dio,279876485696512,3174,1073741824.0
/dev18500/demods/2/sample.dio,279876485754880,3175,0.0
/dev18500/demods/2/sample.dio,279876485813248,3176,0.0
/dev18500/demods/2/sample.dio,279876485871616,3177,1048576.0
/dev18500/demods/2/sample.dio,279876485929984,3178,3221225664.0
/dev18500/demods/2/sample.dio,279876485988352,3179,1073741824.0
/dev18500/demods/2/sample.dio,279876486046720,3180,0.0
/dev18500/demods/2/sample.dio,279876486105088,3181,0.0
/dev18500/demods/2/sample.dio,279876486163456,3182,3222274112.0
/dev18500/demods/2/sample.dio,279876486221824,3183,3221225664.0
/dev18500/demods/2/sample.dio,279876486280192,3184,1073741824.0
/dev18500/demods/2/sample.dio,279876486338560,3185,0.0
/dev18500/demods/2/sample.dio,279876486396928,3186,0.0
/dev18500/demods/2/sample.dio,279876486455296,3187,3222274048.0
/dev18500/demods/2/sample.dio,279876486513664,3188,3221225664.0
/dev18500/demods/2/sample.dio,279876486572032,3189,1073741824.0
/dev18500/demods/2/sample.dio,279876486630400,3190,0.0
/dev18500/demods/2/sample.dio,279876486688768,3191,0.0
/dev18500/demods/2/sample.dio,279876486747136,3192,3222274240.0
/dev18500/demods/2/sample.dio,279876486805504,3193,3221225664.0
/dev18500/demods/2/sample.dio,279876486863872,3194,1073741824.0
/dev18500/demods/2/sample.dio,279876486922240,3195,0.0
/dev18500/demods/2/sample.dio,279876486980608,3196,1048576.0
/dev18500/demods/2/sample.dio,279876487038976,3197,3222274240.0
/dev18500/demods/2/sample.dio,279876487097344,3198,1073750080.0
/dev18500/demods/2/sample.dio,279876487155712,3199,0.0
/dev18500/demods/2/sample.dio,279876487214080,3200,0.0
/dev18500/demods/2/sample.dio,279876487272448,3201,0.0
/dev18500/demods/2/sample.dio,279876487330816,3202,3221225664.0
/dev18500/demods/2/sample.dio,279876487389184,3203,1073750208.0
/dev18500/demods/2/sample.dio,279876487447552,3204,0.0
/dev18500/demods/2/sample.dio,279876487505920,3205,0.0
/dev18500/demods/2/sample.dio,279876487564288,3206,3222274048.0
/dev18500/demods/2/sample.dio,279876487622656,3207,3222274240.0
/dev18500/demods/2/sample.dio,279876487681024,3208,1073741824.0
/dev18500/demods/2/sample.dio,279876487739392,3209,0.0
/dev18500/demods/2/sample.dio,279876487797760,3210,0.0
/dev18500/demods/2/sample.dio,279876487856128,3211,1073741824.0
/dev18500/demods/2/sample.dio,279876487914496,3212,3221225664.0
/dev18500/demods/2/sample.dio,279876487972864,3213,1073750016.0
/dev18500/demods/2/sample.dio,279876488031232,3214,0.0
/dev18500/demods/2/sample.dio,279876488089600,3215,0.0
/dev18500/demods/2/sample.dio,279876488147968,3216,3222274240.0
/dev18500/demods/2/sample.dio,279876488206336,3217,3221233856.0
/dev18500/demods/2/sample.dio,279876488264704,3218,1073741824.0
/dev18500/demods/2/sample.dio,279876488323072,3219,0.0
/dev18500/demods/2/sample.dio,279876488381440,3220,0.0
/dev18500/demods/2/sample.dio,279876488439808,3221,3222274048.0
/dev18500/demods/2/sample.dio,279876488498176,3222,1073742016.0
/dev18500/demods/2/sample.dio,279876488556544,3223,1073741824.0
/dev18500/demods/2/sample.dio,279876488614912,3224,0.0
/dev18500/demods/2/sample.dio,279876488673280,3225,0.0
/dev18500/demods/2/sample.dio,279876488731648,3226,3221225664.0
/dev18500/demods/2/sample.dio,279876488790016,3227,1073742016.0
/dev18500/demods/2/sample.dio,279876488848384,3228,0.0
/dev18500/demods/2/sample.dio,279876488906752,3229,0.0
/dev18500/demods/2/sample.dio,279876488965120,3230,16384.0
/dev18500/demods/2/sample.dio,279876489023488,3231,3221242048.0
/dev18500/demods/2/sample.dio,279876489081856,3232,1073741824.0
/dev18500/demods/2/sample.dio,279876489140224,3233,0.0
/dev18500/demods/2/sample.dio,279876489198592,3234,0.0
/dev18500/demods/2/sample.dio,279876489256960,3235,0.0
/dev18500/demods/2/sample.dio,279876489315328,3236,3221225664.0
/dev18500/demods/2/sample.dio,279876489373696,3237,1073741888.0
/dev18500/demods/2/sample.dio,279876489432064,3238,0.0
/dev18500/demods/2/sample.dio,279876489490432,3239,0.0
/dev18500/demods/2/sample.dio,279876489548800,3240,3222274048.0
/dev18500/demods/2/sample.dio,279876489607168,3241,3221225664.0
/dev18500/demods/2/sample.dio,279876489665536,3242,1073741824.0
/dev18500/demods/2/sample.dio,279876489723904,3243,0.0
/dev18500/demods/2/sample.dio,279876489782272,3244,0.0
/dev18500/demods/2/sample.dio,279876489840640,3245,3221225472.0
/dev18500/demods/2/sample.dio,279876489899008,3246,3221225664.0
/dev18500/demods/2/sample.dio,279876489957376,3247,1073741824.0
/dev18500/demods/2/sample.dio,279876490015744,3248,0.0
/dev18500/demods/2/sample.dio,279876490074112,3249,0.0
/dev18500/demods/2/sample.dio,279876490132480,3250,3222274240.0
/dev18500/demods/2/sample.dio,279876490190848,3251,3221225664.0
/dev18500/demods/2/sample.dio,279876490249216,3252,0.0
/dev18500/demods/2/sample.dio,279876490307584,3253,0.0
/dev18500/demods/2/sample.dio,279876490365952,3254,1048576.0
/dev18500/demods/2/sample.dio,279876490424320,3255,3222274240.0
/dev18500/demods/2/sample.dio,279876490482688,3256,1073741824.0
/dev18500/demods/2/sample.dio,279876490541056,3257,1073741824.0
/dev18500/demods/2/sample.dio,279876490599424,3258,0.0
/dev18500/demods/2/sample.dio,279876490657792,3259,1048576.0
/dev18500/demods/2/sample.dio,279876490716160,3260,3221225664.0
/dev18500/demods/2/sample.dio,279876490774528,3261,3221225664.0
/dev18500/demods/2/sample.dio,279876490832896,3262,0.0
/dev18500/demods/2/sample.dio,279876490891264,3263,0.0
/dev18500/demods/2/sample.dio,279876490949632,3264,1074790400.0
/dev18500/demods/2/sample.dio,279876491008000,3265,3221225664.0
/dev18500/demods/2/sample.dio,279876491066368,3266,1073741824.0
/dev18500/demods/2/sample.dio,279876491124736,3267,0.0
/dev18500/demods/2/sample.dio,279876491183104,3268,0.0
/dev18500/demods/2/sample.dio,279876491241472,3269,3222274048.0
/dev18500/demods/2/sample.dio,279876491299840,3270,3221225664.0
/dev18500/demods/2/sample.dio,279876491358208,3271,1073741824.0
/dev18500/demods/2/sample.dio,279876491416576,3272,0.0
/dev18500/demods/2/sample.dio,279876491474944,3273,0.0
/dev18500/demods/2/sample.dio,279876491533312,3274,3222274112.0
/dev18500/demods/2/sample.dio,279876491591680,3275,3221225664.0
/dev18500/demods/2/sample.dio,279876491650048,3276,1073741824.0
/dev18500/demods/2/sample.dio,279876491708416,3277,0.0
/dev18500/demods/2/sample.dio,279876491766784,3278,0.0
/dev18500/demods/2/sample.dio,279876491825152,3279,3222274112.0
/dev18500/demods/2/sample.dio,279876491883520,3280,1073742016.0
/dev18500/demods/2/sample.dio,279876491941888,3281,1073741824.0
/dev18500/demods/2/sample.dio,279876492000256,3282,0.0
/dev18500/demods/2/sample.dio,279876492058624,3283,0.0
/dev18500/demods/2/sample.dio,279876492116992,3284,3221225664.0
/dev18500/demods/2/sample.dio,279876492175360,3285,3221225664.0
/dev18500/demods/2/sample.dio,279876492233728,3286,0.0
/dev18500/demods/2/sample.dio,279876492292096,3287,0.0
/dev18500/demods/2/sample.dio,279876492350464,3288,1064960.0
/dev18500/demods/2/sample.dio,279876492408832,3289,3222274240.0
/dev18500/demods/2/sample.dio,279876492467200,3290,1073741824.0
/dev18500/demods/2/sample.dio,279876492525568,3291,1073741824.0
/dev18500/demods/2/sample.dio,279876492583936,3292,0.0
/dev18500/demods/2/sample.dio,279876492642304,3293,1048576.0
/dev18500/demods/2/sample.dio,279876492700672,3294,3221225664.0
/dev18500/demods/2/sample.dio,279876492759040,3295,1073741824.0
/dev18500/demods/2/sample.dio,279876492817408,3296,0.0
/dev18500/demods/2/sample.dio,279876492875776,3297,0.0
/dev18500/demods/2/sample.dio,279876492934144,3298,3221225472.0
/dev18500/demods/2/sample.dio,279876492992512,3299,3221225664.0
/dev18500/demods/2/sample.dio,279876493050880,3300,1073741824.0
/dev18500/demods/2/sample.dio,279876493109248,3301,0.0
/dev18500/demods/2/sample.dio,279876493167616,3302,0.0
/dev18500/demods/2/sample.dio,279876493225984,3303,3222274048.0
/dev18500/demods/2/sample.dio,279876493284352,3304,3221225664.0
/dev18500/demods/2/sample.dio,279876493342720,3305,1073741824.0
/dev18500/demods/2/sample.dio,279876493401088,3306,0.0
/dev18500/demods/2/sample.dio,279876493459456,3307,0.0
/dev18500/demods/2/sample.dio,279876493517824,3308,3222274240.0
/dev18500/demods/2/sample.dio,279876493576192,3309,3221233856.0
/dev18500/demods/2/sample.dio,279876493634560,3310,0.0
/dev18500/demods/2/sample.dio,279876493692928,3311,0.0
/dev18500/demods/2/sample.dio,279876493751296,3312,0.0
/dev18500/demods/2/sample.dio,279876493809664,3313,3222274240.0
/dev18500/demods/2/sample.dio,279876493868032,3314,1073742016.0
/dev18500/demods/2/sample.dio,279876493926400,3315,0.0
/dev18500/demods/2/sample.dio,279876493984768,3316,0.0
/dev18500/demods/2/sample.dio,279876494043136,3317,1048576.0
/dev18500/demods/2/sample.dio,279876494101504,3318,3221225664.0
/dev18500/demods/2/sample.dio,279876494159872,3319,1073742016.0
/dev18500/demods/2/sample.dio,279876494218240,3320,0.0
/dev18500/demods/2/sample.dio,279876494276608,3321,0.0
/dev18500/demods/2/sample.dio,279876494334976,3322,3222274048.0
/dev18500/demods/2/sample.dio,279876494393344,3323,3221225664.0
/dev18500/demods/2/sample.dio,279876494451712,3324,1073741824.0
/dev18500/demods/2/sample.dio,279876494510080,3325,0.0
/dev18500/demods/2/sample.dio,279876494568448,3326,0.0
/dev18500/demods/2/sample.dio,279876494626816,3327,1048576.0
/dev18500/demods/2/sample.dio,279876494685184,3328,3221225664.0
/dev18500/demods/2/sample.dio,279876494743552,3329,1073750016.0
/dev18500/demods/2/sample.dio,279876494801920,3330,0.0
/dev18500/demods/2/sample.dio,279876494860288,3331,0.0
/dev18500/demods/2/sample.dio,279876494918656,3332,3221225664.0
/dev18500/demods/2/sample.dio,279876494977024,3333,3221225664.0
/dev18500/demods/2/sample.dio,279876495035392,3334,1073741824.0
/dev18500/demods/2/sample.dio,279876495093760,3335,0.0
/dev18500/demods/2/sample.dio,279876495152128,3336,0.0
/dev18500/demods/2/sample.dio,279876495210496,3337,3222274112.0
/dev18500/demods/2/sample.dio,279876495268864,3338,1073742016.0
/dev18500/demods/2/sample.dio,279876495327232,3339,1073741824.0
/dev18500/demods/2/sample.dio,279876495385600,3340,0.0
/dev18500/demods/2/sample.dio,279876495443968,3341,0.0
/dev18500/demods/2/sample.dio,279876495502336,3342,3222274240.0
/dev18500/demods/2/sample.dio,279876495560704,3343,1073742016.0
/dev18500/demods/2/sample.dio,279876495619072,3344,0.0
/dev18500/demods/2/sample.dio,279876495677440,3345,0.0
/dev18500/demods/2/sample.dio,279876495735808,3346,1048576.0
/dev18500/demods/2/sample.dio,279876495794176,3347,3222290624.0
/dev18500/demods/2/sample.dio,279876495852544,3348,1073750016.0
/dev18500/demods/2/sample.dio,279876495910912,3349,0.0
/dev18500/demods/2/sample.dio,279876495969280,3350,0.0
/dev18500/demods/2/sample.dio,279876496027648,3351,16384.0
/dev18500/demods/2/sample.dio,279876496086016,3352,3221225664.0
/dev18500/demods/2/sample.dio,279876496144384,3353,1073742016.0
/dev18500/demods/2/sample.dio,279876496202752,3354,0.0
/dev18500/demods/2/sample.dio,279876496261120,3355,0.0
/dev18500/demods/2/sample.dio,279876496319488,3356,3222274048.0
/dev18500/demods/2/sample.dio,279876496377856,3357,3221225664.0
/dev18500/demods/2/sample.dio,279876496436224,3358,1073741824.0
/dev18500/demods/2/sample.dio,279876496494592,3359,0.0
/dev18500/demods/2/sample.dio,279876496552960,3360,0.0
/dev18500/demods/2/sample.dio,279876496611328,3361,3222274048.0
/dev18500/demods/2/sample.dio,279876496669696,3362,3221225664.0
/dev18500/demods/2/sample.dio,279876496728064,3363,1073741824.0
/dev18500/demods/2/sample.dio,279876496786432,3364,0.0
/dev18500/demods/2/sample.dio,279876496844800,3365,0.0
/dev18500/demods/2/sample.dio,279876496903168,3366,3222290624.0
/dev18500/demods/2/sample.dio,279876496961536,3367,3221225664.0
/dev18500/demods/2/sample.dio,279876497019904,3368,0.0
/dev18500/demods/2/sample.dio,279876497078272,3369,0.0
/dev18500/demods/2/sample.dio,279876497136640,3370,1048576.0
/dev18500/demods/2/sample.dio,279876497195008,3371,3222274112.0
/dev18500/demods/2/sample.dio,279876497253376,3372,1073741888.0
/dev18500/demods/2/sample.dio,279876497311744,3373,0.0
/dev18500/demods/2/sample.dio,279876497370112,3374,0.0
/dev18500/demods/2/sample.dio,279876497428480,3375,0.0
/dev18500/demods/2/sample.dio,279876497486848,3376,3221225664.0
/dev18500/demods/2/sample.dio,279876497545216,3377,1073742016.0
/dev18500/demods/2/sample.dio,279876497603584,3378,0.0
/dev18500/demods/2/sample.dio,279876497661952,3379,0.0
/dev18500/demods/2/sample.dio,279876497720320,3380,3222274048.0
/dev18500/demods/2/sample.dio,279876497778688,3381,3222274240.0
/dev18500/demods/2/sample.dio,279876497837056,3382,1073741824.0
/dev18500/demods/2/sample.dio,279876497895424,3383,0.0
/dev18500/demods/2/sample.dio,279876497953792,3384,0.0
/dev18500/demods/2/sample.dio,279876498012160,3385,0.0
/dev18500/demods/2/sample.dio,279876498070528,3386,3221225664.0
/dev18500/demods/2/sample.dio,279876498128896,3387,1073741824.0
/dev18500/demods/2/sample.dio,279876498187264,3388,0.0
/dev18500/demods/2/sample.dio,279876498245632,3389,0.0
/dev18500/demods/2/sample.dio,279876498304000,3390,3222274240.0
/dev18500/demods/2/sample.dio,279876498362368,3391,3221225664.0
/dev18500/demods/2/sample.dio,279876498420736,3392,1073741824.0
/dev18500/demods/2/sample.dio,279876498479104,3393,0.0
/dev18500/demods/2/sample.dio,279876498537472,3394,0.0
/dev18500/demods/2/sample.dio,279876498595840,3395,3222274112.0
/dev18500/demods/2/sample.dio,279876498654208,3396,1073742016.0
/dev18500/demods/2/sample.dio,279876498712576,3397,1073741824.0
/dev18500/demods/2/sample.dio,279876498770944,3398,0.0
/dev18500/demods/2/sample.dio,279876498829312,3399,32768.0
/dev18500/demods/2/sample.dio,279876498887680,3400,3222274240.0
/dev18500/demods/2/sample.dio,279876498946048,3401,1073742016.0
/dev18500/demods/2/sample.dio,279876499004416,3402,0.0
/dev18500/demods/2/sample.dio,279876499062784,3403,0.0
/dev18500/demods/2/sample.dio,279876499121152,3404,1048576.0
/dev18500/demods/2/sample.dio,279876499179520,3405,3221225664.0
/dev18500/demods/2/sample.dio,279876499237888,3406,1073741824.0
/dev18500/demods/2/sample.dio,279876499296256,3407,0.0
/dev18500/demods/2/sample.dio,279876499354624,3408,0.0
/dev18500/demods/2/sample.dio,279876499412992,3409,1048576.0
/dev18500/demods/2/sample.dio,279876499471360,3410,3221225664.0
/dev18500/demods/2/sample.dio,279876499529728,3411,1073750016.0
/dev18500/demods/2/sample.dio,279876499588096,3412,0.0
/dev18500/demods/2/sample.dio,279876499646464,3413,0.0
/dev18500/demods/2/sample.dio,279876499704832,3414,3222274048.0
/dev18500/demods/2/sample.dio,279876499763200,3415,3221225664.0
/dev18500/demods/2/sample.dio,279876499821568,3416,1073741824.0
/dev18500/demods/2/sample.dio,279876499879936,3417,0.0
/dev18500/demods/2/sample.dio,279876499938304,3418,0.0
/dev18500/demods/2/sample.dio,279876499996672,3419,3222274048.0
/dev18500/demods/2/sample.dio,279876500055040,3420,3221225664.0
/dev18500/demods/2/sample.dio,279876500113408,3421,1073741824.0
/dev18500/demods/2/sample.dio,279876500171776,3422,0.0
/dev18500/demods/2/sample.dio,279876500230144,3423,0.0
/dev18500/demods/2/sample.dio,279876500288512,3424,3222274240.0
/dev18500/demods/2/sample.dio,279876500346880,3425,3221225664.0
/dev18500/demods/2/sample.dio,279876500405248,3426,0.0
/dev18500/demods/2/sample.dio,279876500463616,3427,0.0
/dev18500/demods/2/sample.dio,279876500521984,3428,1048576.0
/dev18500/demods/2/sample.dio,279876500580352,3429,3221225536.0
/dev18500/demods/2/sample.dio,279876500638720,3430,1073741888.0
/dev18500/demods/2/sample.dio,279876500697088,3431,1073741824.0
/dev18500/demods/2/sample.dio,279876500755456,3432,0.0
/dev18500/demods/2/sample.dio,279876500813824,3433,1048576.0
/dev18500/demods/2/sample.dio,279876500872192,3434,3222274240.0
/dev18500/demods/2/sample.dio,279876500930560,3435,1073741888.0
/dev18500/demods/2/sample.dio,279876500988928,3436,0.0
/dev18500/demods/2/sample.dio,279876501047296,3437,0.0
/dev18500/demods/2/sample.dio,279876501105664,3438,1074806784.0
/dev18500/demods/2/sample.dio,279876501164032,3439,3221225664.0
/dev18500/demods/2/sample.dio,279876501222400,3440,1073741824.0
/dev18500/demods/2/sample.dio,279876501280768,3441,0.0
/dev18500/demods/2/sample.dio,279876501339136,3442,0.0
/dev18500/demods/2/sample.dio,279876501397504,3443,1074790400.0
/dev18500/demods/2/sample.dio,279876501455872,3444,3221225664.0
/dev18500/demods/2/sample.dio,279876501514240,3445,1073741824.0
/dev18500/demods/2/sample.dio,279876501572608,3446,0.0
/dev18500/demods/2/sample.dio,279876501630976,3447,0.0
/dev18500/demods/2/sample.dio,279876501689344,3448,3222274112.0
/dev18500/demods/2/sample.dio,279876501747712,3449,3221225664.0
/dev18500/demods/2/sample.dio,279876501806080,3450,1073741824.0
/dev18500/demods/2/sample.dio,279876501864448,3451,0.0
/dev18500/demods/2/sample.dio,279876501922816,3452,0.0
/dev18500/demods/2/sample.dio,279876501981184,3453,3222274112.0
/dev18500/demods/2/sample.dio,279876502039552,3454,1073742016.0
/dev18500/demods/2/sample.dio,279876502097920,3455,1073741824.0
/dev18500/demods/2/sample.dio,279876502156288,3456,0.0
/dev18500/demods/2/sample.dio,279876502214656,3457,0.0
/dev18500/demods/2/sample.dio,279876502273024,3458,3222274240.0
/dev18500/demods/2/sample.dio,279876502331392,3459,3221225664.0
/dev18500/demods/2/sample.dio,279876502389760,3460,0.0
/dev18500/demods/2/sample.dio,279876502448128,3461,0.0
/dev18500/demods/2/sample.dio,279876502506496,3462,1048576.0
/dev18500/demods/2/sample.dio,279876502564864,3463,3222274240.0
/dev18500/demods/2/sample.dio,279876502623232,3464,1073741824.0
/dev18500/demods/2/sample.dio,279876502681600,3465,0.0
/dev18500/demods/2/sample.dio,279876502739968,3466,0.0
/dev18500/demods/2/sample.dio,279876502798336,3467,0.0
/dev18500/demods/2/sample.dio,279876502856704,3468,3221225664.0
/dev18500/demods/2/sample.dio,279876502915072,3469,1073741824.0
/dev18500/demods/2/sample.dio,279876502973440,3470,0.0
/dev18500/demods/2/sample.dio,279876503031808,3471,0.0
/dev18500/demods/2/sample.dio,279876503090176,3472,1073741824.0
/dev18500/demods/2/sample.dio,279876503148544,3473,3221225664.0
/dev18500/demods/2/sample.dio,279876503206912,3474,1073741824.0
/dev18500/demods/2/sample.dio,279876503265280,3475,0.0
/dev18500/demods/2/sample.dio,279876503323648,3476,0.0
/dev18500/demods/2/sample.dio,279876503382016,3477,3222274048.0
/dev18500/demods/2/sample.dio,279876503440384,3478,3221225664.0
/dev18500/demods/2/sample.dio,279876503498752,3479,1073741824.0
/dev18500/demods/2/sample.dio,279876503557120,3480,0.0
/dev18500/demods/2/sample.dio,279876503615488,3481,0.0
/dev18500/demods/2/sample.dio,279876503673856,3482,3222274240.0
/dev18500/demods/2/sample.dio,279876503732224,3483,3221225664.0
/dev18500/demods/2/sample.dio,279876503790592,3484,8192.0
/dev18500/demods/2/sample.dio,279876503848960,3485,0.0
/dev18500/demods/2/sample.dio,279876503907328,3486,0.0
/dev18500/demods/2/sample.dio,279876503965696,3487,3222274240.0
/dev18500/demods/2/sample.dio,279876504024064,3488,1073741888.0
/dev18500/demods/2/sample.dio,279876504082432,3489,1073741824.0
/dev18500/demods/2/sample.dio,279876504140800,3490,0.0
/dev18500/demods/2/sample.dio,279876504199168,3491,1048576.0
/dev18500/demods/2/sample.dio,279876504257536,3492,3221225664.0
/dev18500/demods/2/sample.dio,279876504315904,3493,1073742016.0
/dev18500/demods/2/sample.dio,279876504374272,3494,0.0
/dev18500/demods/2/sample.dio,279876504432640,3495,0.0
/dev18500/demods/2/sample.dio,279876504491008,3496,1048576.0
/dev18500/demods/2/sample.dio,279876504549376,3497,3221225664.0
/dev18500/demods/2/sample.dio,279876504607744,3498,1073741824.0
/dev18500/demods/2/sample.dio,279876504666112,3499,0.0
/dev18500/demods/2/sample.dio,279876504724480,3500,0.0
/dev18500/demods/2/sample.dio,279876504782848,3501,1048576.0
/dev18500/demods/2/sample.dio,279876504841216,3502,3221225664.0
/dev18500/demods/2/sample.dio,279876504899584,3503,1073741824.0
/dev18500/demods/2/sample.dio,279876504957952,3504,0.0
/dev18500/demods/2/sample.dio,279876505016320,3505,0.0
/dev18500/demods/2/sample.dio,279876505074688,3506,3222274240.0
/dev18500/demods/2/sample.dio,279876505133056,3507,3221225664.0
/dev18500/demods/2/sample.dio,279876505191424,3508,1073741824.0
/dev18500/demods/2/sample.dio,279876505249792,3509,0.0
/dev18500/demods/2/sample.dio,279876505308160,3510,0.0
/dev18500/demods/2/sample.dio,279876505366528,3511,3221225472.0
/dev18500/demods/2/sample.dio,279876505424896,3512,3221225664.0
/dev18500/demods/2/sample.dio,279876505483264,3513,1073741824.0
/dev18500/demods/2/sample.dio,279876505541632,3514,0.0
/dev18500/demods/2/sample.dio,279876505600000,3515,0.0
/dev18500/demods/2/sample.dio,279876505658368,3516,3221225664.0
/dev18500/demods/2/sample.dio,279876505716736,3517,3221225664.0
/dev18500/demods/2/sample.dio,279876505775104,3518,0.0
/dev18500/demods/2/sample.dio,279876505833472,3519,0.0
/dev18500/demods/2/sample.dio,279876505891840,3520,1048576.0
/dev18500/demods/2/sample.dio,279876505950208,3521,3222274240.0
/dev18500/demods/2/sample.dio,279876506008576,3522,1073741824.0
/dev18500/demods/2/sample.dio,279876506066944,3523,0.0
/dev18500/demods/2/sample.dio,279876506125312,3524,0.0
/dev18500/demods/2/sample.dio,279876506183680,3525,0.0
/dev18500/demods/2/sample.dio,279876506242048,3526,3221225664.0
/dev18500/demods/2/sample.dio,279876506300416,3527,1073741888.0
/dev18500/demods/2/sample.dio,279876506358784,3528,0.0
/dev18500/demods/2/sample.dio,279876506417152,3529,0.0
/dev18500/demods/2/sample.dio,279876506475520,3530,3221225472.0
/dev18500/demods/2/sample.dio,279876506533888,3531,3221225664.0
/dev18500/demods/2/sample.dio,279876506592256,3532,1073741824.0
/dev18500/demods/2/sample.dio,279876506650624,3533,0.0
/dev18500/demods/2/sample.dio,279876506708992,3534,0.0
/dev18500/demods/2/sample.dio,279876506767360,3535,1048576.0
/dev18500/demods/2/sample.dio,279876506825728,3536,3221225664.0
/dev18500/demods/2/sample.dio,279876506884096,3537,1073741824.0
/dev18500/demods/2/sample.dio,279876506942464,3538,0.0
/dev18500/demods/2/sample.dio,279876507000832,3539,0.0
/dev18500/demods/2/sample.dio,279876507059200,3540,3222274240.0
/dev18500/demods/2/sample.dio,279876507117568,3541,3221225664.0
/dev18500/demods/2/sample.dio,279876507175936,3542,1073741824.0
/dev18500/demods/2/sample.dio,279876507234304,3543,0.0
/dev18500/demods/2/sample.dio,279876507292672,3544,0.0
/dev18500/demods/2/sample.dio,279876507351040,3545,3222290624.0
/dev18500/demods/2/sample.dio,279876507409408,3546,1073742016.0
/dev18500/demods/2/sample.dio,279876507467776,3547,1073741824.0
/dev18500/demods/2/sample.dio,279876507526144,3548,0.0
/dev18500/demods/2/sample.dio,279876507584512,3549,0.0
/dev18500/demods/2/sample.dio,279876507642880,3550,3222274240.0
/dev18500/demods/2/sample.dio,279876507701248,3551,1073742016.0
/dev18500/demods/2/sample.dio,279876507759616,3552,0.0
/dev18500/demods/2/sample.dio,279876507817984,3553,0.0
/dev18500/demods/2/sample.dio,279876507876352,3554,1074790400.0
/dev18500/demods/2/sample.dio,279876507934720,3555,3221225664.0
/dev18500/demods/2/sample.dio,279876507993088,3556,1073741824.0
/dev18500/demods/2/sample.dio,279876508051456,3557,0.0
/dev18500/demods/2/sample.dio,279876508109824,3558,0.0
/dev18500/demods/2/sample.dio,279876508168192,3559,1048576.0
/dev18500/demods/2/sample.dio,279876508226560,3560,3221225664.0
/dev18500/demods/2/sample.dio,279876508284928,3561,1073741824.0
/dev18500/demods/2/sample.dio,279876508343296,3562,0.0
/dev18500/demods/2/sample.dio,279876508401664,3563,0.0
/dev18500/demods/2/sample.dio,279876508460032,3564,3222290496.0
/dev18500/demods/2/sample.dio,279876508518400,3565,3221225664.0
/dev18500/demods/2/sample.dio,279876508576768,3566,1073741824.0
/dev18500/demods/2/sample.dio,279876508635136,3567,0.0
/dev18500/demods/2/sample.dio,279876508693504,3568,0.0
/dev18500/demods/2/sample.dio,279876508751872,3569,3222274048.0
/dev18500/demods/2/sample.dio,279876508810240,3570,3221225664.0
/dev18500/demods/2/sample.dio,279876508868608,3571,1073741824.0
/dev18500/demods/2/sample.dio,279876508926976,3572,0.0
/dev18500/demods/2/sample.dio,279876508985344,3573,0.0
/dev18500/demods/2/sample.dio,279876509043712,3574,3222274240.0
/dev18500/demods/2/sample.dio,279876509102080,3575,3221225664.0
/dev18500/demods/2/sample.dio,279876509160448,3576,0.0
/dev18500/demods/2/sample.dio,279876509218816,3577,0.0
/dev18500/demods/2/sample.dio,279876509277184,3578,1048576.0
/dev18500/demods/2/sample.dio,279876509335552,3579,3222274240.0
/dev18500/demods/2/sample.dio,279876509393920,3580,1073742016.0
/dev18500/demods/2/sample.dio,279876509452288,3581,0.0
/dev18500/demods/2/sample.dio,279876509510656,3582,0.0
/dev18500/demods/2/sample.dio,279876509569024,3583,0.0
/dev18500/demods/2/sample.dio,279876509627392,3584,3221225664.0
/dev18500/demods/2/sample.dio,279876509685760,3585,1073741888.0
/dev18500/demods/2/sample.dio,279876509744128,3586,0.0
/dev18500/demods/2/sample.dio,279876509802496,3587,0.0
/dev18500/demods/2/sample.dio,279876509860864,3588,3222290432.0
/dev18500/demods/2/sample.dio,279876509919232,3589,3221225664.0
/dev18500/demods/2/sample.dio,279876509977600,3590,1073750016.0
/dev18500/demods/2/sample.dio,279876510035968,3591,8192.0
/dev18500/demods/2/sample.dio,279876510094336,3592,0.0
/dev18500/demods/2/sample.dio,279876510152704,3593,1074790400.0
/dev18500/demods/2/sample.dio,279876510211072,3594,3221225664.0
/dev18500/demods/2/sample.dio,279876510269440,3595,1073741824.0
/dev18500/demods/2/sample.dio,279876510327808,3596,0.0
/dev18500/demods/2/sample.dio,279876510386176,3597,0.0
/dev18500/demods/2/sample.dio,279876510444544,3598,3222274240.0
/dev18500/demods/2/sample.dio,279876510502912,3599,3221233856.0
/dev18500/demods/2/sample.dio,279876510561280,3600,1073741824.0
/dev18500/demods/2/sample.dio,279876510619648,3601,0.0
/dev18500/demods/2/sample.dio,279876510678016,3602,16384.0
/dev18500/demods/2/sample.dio,279876510736384,3603,3222274112.0
/dev18500/demods/2/sample.dio,279876510794752,3604,3221225664.0
/dev18500/demods/2/sample.dio,279876510853120,3605,1073741824.0
/dev18500/demods/2/sample.dio,279876510911488,3606,0.0
/dev18500/demods/2/sample.dio,279876510969856,3607,0.0
/dev18500/demods/2/sample.dio,279876511028224,3608,3222274240.0
/dev18500/demods/2/sample.dio,279876511086592,3609,1073742016.0
/dev18500/demods/2/sample.dio,279876511144960,3610,0.0
/dev18500/demods/2/sample.dio,279876511203328,3611,0.0
/dev18500/demods/2/sample.dio,279876511261696,3612,1048576.0
/dev18500/demods/2/sample.dio,279876511320064,3613,3222274240.0
/dev18500/demods/2/sample.dio,279876511378432,3614,1073741824.0
/dev18500/demods/2/sample.dio,279876511436800,3615,0.0
/dev18500/demods/2/sample.dio,279876511495168,3616,0.0
/dev18500/demods/2/sample.dio,279876511553536,3617,1048576.0
/dev18500/demods/2/sample.dio,279876511611904,3618,3221225664.0
/dev18500/demods/2/sample.dio,279876511670272,3619,1073741888.0
/dev18500/demods/2/sample.dio,279876511728640,3620,0.0
/dev18500/demods/2/sample.dio,279876511787008,3621,0.0
/dev18500/demods/2/sample.dio,279876511845376,3622,3222274112.0
/dev18500/demods/2/sample.dio,279876511903744,3623,3221225664.0
/dev18500/demods/2/sample.dio,279876511962112,3624,1073741824.0
/dev18500/demods/2/sample.dio,279876512020480,3625,0.0
/dev18500/demods/2/sample.dio,279876512078848,3626,0.0
/dev18500/demods/2/sample.dio,279876512137216,3627,3222274048.0
/dev18500/demods/2/sample.dio,279876512195584,3628,3221225664.0
/dev18500/demods/2/sample.dio,279876512253952,3629,1073741824.0
/dev18500/demods/2/sample.dio,279876512312320,3630,0.0
/dev18500/demods/2/sample.dio,279876512370688,3631,0.0
/dev18500/demods/2/sample.dio,279876512429056,3632,3222274240.0
/dev18500/demods/2/sample.dio,279876512487424,3633,3221225664.0
/dev18500/demods/2/sample.dio,279876512545792,3634,8192.0
/dev18500/demods/2/sample.dio,279876512604160,3635,0.0
/dev18500/demods/2/sample.dio,279876512662528,3636,1048576.0
/dev18500/demods/2/sample.dio,279876512720896,3637,3222274112.0
/dev18500/demods/2/sample.dio,279876512779264,3638,1073741888.0
/dev18500/demods/2/sample.dio,279876512837632,3639,1073741824.0
/dev18500/demods/2/sample.dio,279876512896000,3640,0.0
/dev18500/demods/2/sample.dio,279876512954368,3641,0.0
/dev18500/demods/2/sample.dio,279876513012736,3642,3221225664.0
/dev18500/demods/2/sample.dio,279876513071104,3643,1073741888.0
/dev18500/demods/2/sample.dio,279876513129472,3644,0.0
/dev18500/demods/2/sample.dio,279876513187840,3645,0.0
/dev18500/demods/2/sample.dio,279876513246208,3646,1073741824.0
/dev18500/demods/2/sample.dio,279876513304576,3647,3221225664.0
/dev18500/demods/2/sample.dio,279876513362944,3648,1073741824.0
/dev18500/demods/2/sample.dio,279876513421312,3649,0.0
/dev18500/demods/2/sample.dio,279876513479680,3650,0.0
/dev18500/demods/2/sample.dio,279876513538048,3651,1048576.0
/dev18500/demods/2/sample.dio,279876513596416,3652,3221225664.0
/dev18500/demods/2/sample.dio,279876513654784,3653,1073741824.0
/dev18500/demods/2/sample.dio,279876513713152,3654,0.0
/dev18500/demods/2/sample.dio,279876513771520,3655,0.0
/dev18500/demods/2/sample.dio,279876513829888,3656,3222274240.0
/dev18500/demods/2/sample.dio,279876513888256,3657,3221225664.0
/dev18500/demods/2/sample.dio,279876513946624,3658,1073750016.0
/dev18500/demods/2/sample.dio,279876514004992,3659,0.0
/dev18500/demods/2/sample.dio,279876514063360,3660,0.0
/dev18500/demods/2/sample.dio,279876514121728,3661,3222290624.0
/dev18500/demods/2/sample.dio,279876514180096,3662,1073742016.0
/dev18500/demods/2/sample.dio,279876514238464,3663,1073741824.0
/dev18500/demods/2/sample.dio,279876514296832,3664,0.0
/dev18500/demods/2/sample.dio,279876514355200,3665,0.0
/dev18500/demods/2/sample.dio,279876514413568,3666,3222274240.0
/dev18500/demods/2/sample.dio,279876514471936,3667,1073742016.0
/dev18500/demods/2/sample.dio,279876514530304,3668,0.0
/dev18500/demods/2/sample.dio,279876514588672,3669,0.0
/dev18500/demods/2/sample.dio,279876514647040,3670,1048576.0
/dev18500/demods/2/sample.dio,279876514705408,3671,3222274240.0
/dev18500/demods/2/sample.dio,279876514763776,3672,1073741824.0
/dev18500/demods/2/sample.dio,279876514822144,3673,1073741824.0
/dev18500/demods/2/sample.dio,279876514880512,3674,0.0
/dev18500/demods/2/sample.dio,279876514938880,3675,1048576.0
/dev18500/demods/2/sample.dio,279876514997248,3676,3221225664.0
/dev18500/demods/2/sample.dio,279876515055616,3677,1073741888.0
/dev18500/demods/2/sample.dio,279876515113984,3678,0.0
/dev18500/demods/2/sample.dio,279876515172352,3679,0.0
/dev18500/demods/2/sample.dio,279876515230720,3680,3222274048.0
/dev18500/demods/2/sample.dio,279876515289088,3681,3221225664.0
/dev18500/demods/2/sample.dio,279876515347456,3682,1073741824.0
/dev18500/demods/2/sample.dio,279876515405824,3683,0.0
/dev18500/demods/2/sample.dio,279876515464192,3684,0.0
/dev18500/demods/2/sample.dio,279876515522560,3685,3222274048.0
/dev18500/demods/2/sample.dio,279876515580928,3686,3221225664.0
/dev18500/demods/2/sample.dio,279876515639296,3687,1073741824.0
/dev18500/demods/2/sample.dio,279876515697664,3688,0.0
/dev18500/demods/2/sample.dio,279876515756032,3689,0.0
/dev18500/demods/2/sample.dio,279876515814400,3690,3222274240.0
/dev18500/demods/2/sample.dio,279876515872768,3691,3221225664.0
/dev18500/demods/2/sample.dio,279876515931136,3692,0.0
/dev18500/demods/2/sample.dio,279876515989504,3693,0.0
/dev18500/demods/2/sample.dio,279876516047872,3694,1048576.0
/dev18500/demods/2/sample.dio,279876516106240,3695,3222274240.0
/dev18500/demods/2/sample.dio,279876516164608,3696,1073742016.0
/dev18500/demods/2/sample.dio,279876516222976,3697,0.0
/dev18500/demods/2/sample.dio,279876516281344,3698,0.0
/dev18500/demods/2/sample.dio,279876516339712,3699,1048576.0
/dev18500/demods/2/sample.dio,279876516398080,3700,3222274240.0
/dev18500/demods/2/sample.dio,279876516456448,3701,1073742016.0
/dev18500/demods/2/sample.dio,279876516514816,3702,0.0
/dev18500/demods/2/sample.dio,279876516573184,3703,0.0
/dev18500/demods/2/sample.dio,279876516631552,3704,0.0
/dev18500/demods/2/sample.dio,279876516689920,3705,3221225664.0
/dev18500/demods/2/sample.dio,279876516748288,3706,1073741824.0
/dev18500/demods/2/sample.dio,279876516806656,3707,0.0
/dev18500/demods/2/sample.dio,279876516865024,3708,0.0
/dev18500/demods/2/sample.dio,279876516923392,3709,16384.0
/dev18500/demods/2/sample.dio,279876516981760,3710,3221225664.0
/dev18500/demods/2/sample.dio,279876517040128,3711,1073741824.0
/dev18500/demods/2/sample.dio,279876517098496,3712,0.0
/dev18500/demods/2/sample.dio,279876517156864,3713,0.0
/dev18500/demods/2/sample.dio,279876517215232,3714,3222274112.0
/dev18500/demods/2/sample.dio,279876517273600,3715,3221225664.0
/dev18500/demods/2/sample.dio,279876517331968,3716,1073741824.0
/dev18500/demods/2/sample.dio,279876517390336,3717,0.0
/dev18500/demods/2/sample.dio,279876517448704,3718,0.0
/dev18500/demods/2/sample.dio,279876517507072,3719,3222274112.0
/dev18500/demods/2/sample.dio,279876517565440,3720,1073742016.0
/dev18500/demods/2/sample.dio,279876517623808,3721,1073750016.0
/dev18500/demods/2/sample.dio,279876517682176,3722,0.0
/dev18500/demods/2/sample.dio,279876517740544,3723,0.0
/dev18500/demods/2/sample.dio,279876517798912,3724,3222274240.0
/dev18500/demods/2/sample.dio,279876517857280,3725,3221225664.0
/dev18500/demods/2/sample.dio,279876517915648,3726,1073741824.0
/dev18500/demods/2/sample.dio,279876517974016,3727,0.0
/dev18500/demods/2/sample.dio,279876518032384,3728,1064960.0
/dev18500/demods/2/sample.dio,279876518090752,3729,3222274240.0
/dev18500/demods/2/sample.dio,279876518149120,3730,1073741888.0
/dev18500/demods/2/sample.dio,279876518207488,3731,0.0
/dev18500/demods/2/sample.dio,279876518265856,3732,0.0
/dev18500/demods/2/sample.dio,279876518324224,3733,1048576.0
/dev18500/demods/2/sample.dio,279876518382592,3734,3221225664.0
/dev18500/demods/2/sample.dio,279876518440960,3735,1073741888.0
/dev18500/demods/2/sample.dio,279876518499328,3736,0.0
/dev18500/demods/2/sample.dio,279876518557696,3737,0.0
/dev18500/demods/2/sample.dio,279876518616064,3738,3222274048.0
/dev18500/demods/2/sample.dio,279876518674432,3739,3221225664.0
/dev18500/demods/2/sample.dio,279876518732800,3740,1073741824.0
/dev18500/demods/2/sample.dio,279876518791168,3741,0.0
/dev18500/demods/2/sample.dio,279876518849536,3742,0.0
/dev18500/demods/2/sample.dio,279876518907904,3743,1048576.0
/dev18500/demods/2/sample.dio,279876518966272,3744,3221225664.0
/dev18500/demods/2/sample.dio,279876519024640,3745,1073741824.0
/dev18500/demods/2/sample.dio,279876519083008,3746,0.0
/dev18500/demods/2/sample.dio,279876519141376,3747,0.0
/dev18500/demods/2/sample.dio,279876519199744,3748,3222274240.0
/dev18500/demods/2/sample.dio,279876519258112,3749,3221225664.0
/dev18500/demods/2/sample.dio,279876519316480,3750,8192.0
/dev18500/demods/2/sample.dio,279876519374848,3751,0.0
/dev18500/demods/2/sample.dio,279876519433216,3752,1048576.0
/dev18500/demods/2/sample.dio,279876519491584,3753,3222274240.0
/dev18500/demods/2/sample.dio,279876519549952,3754,1073750208.0
/dev18500/demods/2/sample.dio,279876519608320,3755,1073741824.0
/dev18500/demods/2/sample.dio,279876519666688,3756,0.0
/dev18500/demods/2/sample.dio,279876519725056,3757,0.0
/dev18500/demods/2/sample.dio,279876519783424,3758,3221225664.0
/dev18500/demods/2/sample.dio,279876519841792,3759,1073742016.0
/dev18500/demods/2/sample.dio,279876519900160,3760,0.0
/dev18500/demods/2/sample.dio,279876519958528,3761,0.0
/dev18500/demods/2/sample.dio,279876520016896,3762,3222290432.0
/dev18500/demods/2/sample.dio,279876520075264,3763,3221225664.0
/dev18500/demods/2/sample.dio,279876520133632,3764,1073741824.0
/dev18500/demods/2/sample.dio,279876520192000,3765,0.0
/dev18500/demods/2/sample.dio,279876520250368,3766,0.0
/dev18500/demods/2/sample.dio,279876520308736,3767,0.0
/dev18500/demods/2/sample.dio,279876520367104,3768,3221225664.0
/dev18500/demods/2/sample.dio,279876520425472,3769,1073741824.0
/dev18500/demods/2/sample.dio,279876520483840,3770,0.0
/dev18500/demods/2/sample.dio,279876520542208,3771,0.0
/dev18500/demods/2/sample.dio,279876520600576,3772,3222274112.0
/dev18500/demods/2/sample.dio,279876520658944,3773,3221225664.0
/dev18500/demods/2/sample.dio,279876520717312,3774,1073741824.0
/dev18500/demods/2/sample.dio,279876520775680,3775,0.0
/dev18500/demods/2/sample.dio,279876520834048,3776,0.0
/dev18500/demods/2/sample.dio,279876520892416,3777,3222274112.0
/dev18500/demods/2/sample.dio,279876520950784,3778,3221225664.0
/dev18500/demods/2/sample.dio,279876521009152,3779,1073741824.0
/dev18500/demods/2/sample.dio,279876521067520,3780,0.0
/dev18500/demods/2/sample.dio,279876521125888,3781,0.0
/dev18500/demods/2/sample.dio,279876521184256,3782,3222290624.0
/dev18500/demods/2/sample.dio,279876521242624,3783,3221233856.0
/dev18500/demods/2/sample.dio,279876521300992,3784,0.0
/dev18500/demods/2/sample.dio,279876521359360,3785,0.0
/dev18500/demods/2/sample.dio,279876521417728,3786,1048576.0
/dev18500/demods/2/sample.dio,279876521476096,3787,3222274240.0
/dev18500/demods/2/sample.dio,279876521534464,3788,1073741824.0
/dev18500/demods/2/sample.dio,279876521592832,3789,1073741824.0
/dev18500/demods/2/sample.dio,279876521651200,3790,0.0
/dev18500/demods/2/sample.dio,279876521709568,3791,1048576.0
/dev18500/demods/2/sample.dio,279876521767936,3792,3221225664.0
/dev18500/demods/2/sample.dio,279876521826304,3793,1073741824.0
/dev18500/demods/2/sample.dio,279876521884672,3794,0.0
/dev18500/demods/2/sample.dio,279876521943040,3795,0.0
/dev18500/demods/2/sample.dio,279876522001408,3796,3222274048.0
/dev18500/demods/2/sample.dio,279876522059776,3797,3221225664.0
/dev18500/demods/2/sample.dio,279876522118144,3798,1073741824.0
/dev18500/demods/2/sample.dio,279876522176512,3799,0.0
/dev18500/demods/2/sample.dio,279876522234880,3800,0.0
/dev18500/demods/2/sample.dio,279876522293248,3801,3222274048.0
/dev18500/demods/2/sample.dio,279876522351616,3802,3221225664.0
/dev18500/demods/2/sample.dio,279876522409984,3803,1073741824.0
/dev18500/demods/2/sample.dio,279876522468352,3804,0.0
/dev18500/demods/2/sample.dio,279876522526720,3805,0.0
/dev18500/demods/2/sample.dio,279876522585088,3806,3222274240.0
/dev18500/demods/2/sample.dio,279876522643456,3807,3221225664.0
/dev18500/demods/2/sample.dio,279876522701824,3808,0.0
/dev18500/demods/2/sample.dio,279876522760192,3809,0.0
/dev18500/demods/2/sample.dio,279876522818560,3810,1048576.0
/dev18500/demods/2/sample.dio,279876522876928,3811,3222274112.0
/dev18500/demods/2/sample.dio,279876522935296,3812,1073742016.0
/dev18500/demods/2/sample.dio,279876522993664,3813,0.0
/dev18500/demods/2/sample.dio,279876523052032,3814,0.0
/dev18500/demods/2/sample.dio,279876523110400,3815,0.0
/dev18500/demods/2/sample.dio,279876523168768,3816,3222274240.0
/dev18500/demods/2/sample.dio,279876523227136,3817,1073742016.0
/dev18500/demods/2/sample.dio,279876523285504,3818,0.0
/dev18500/demods/2/sample.dio,279876523343872,3819,0.0
/dev18500/demods/2/sample.dio,279876523402240,3820,1048576.0
/dev18500/demods/2/sample.dio,279876523460608,3821,3222274240.0
/dev18500/demods/2/sample.dio,279876523518976,3822,1073741824.0
/dev18500/demods/2/sample.dio,279876523577344,3823,0.0
/dev18500/demods/2/sample.dio,279876523635712,3824,0.0
/dev18500/demods/2/sample.dio,279876523694080,3825,1048576.0
/dev18500/demods/2/sample.dio,279876523752448,3826,3221225664.0
/dev18500/demods/2/sample.dio,279876523810816,3827,1073741824.0
/dev18500/demods/2/sample.dio,279876523869184,3828,0.0
/dev18500/demods/2/sample.dio,279876523927552,3829,0.0
/dev18500/demods/2/sample.dio,279876523985920,3830,3221225536.0
/dev18500/demods/2/sample.dio,279876524044288,3831,3221225664.0
/dev18500/demods/2/sample.dio,279876524102656,3832,1073741824.0
/dev18500/demods/2/sample.dio,279876524161024,3833,0.0
/dev18500/demods/2/sample.dio,279876524219392,3834,0.0
/dev18500/demods/2/sample.dio,279876524277760,3835,3221225536.0
/dev18500/demods/2/sample.dio,279876524336128,3836,3221225664.0
/dev18500/demods/2/sample.dio,279876524394496,3837,1073741824.0
/dev18500/demods/2/sample.dio,279876524452864,3838,0.0
/dev18500/demods/2/sample.dio,279876524511232,3839,0.0
/dev18500/demods/2/sample.dio,279876524569600,3840,3222274240.0
/dev18500/demods/2/sample.dio,279876524627968,3841,3221225664.0
/dev18500/demods/2/sample.dio,279876524686336,3842,0.0
/dev18500/demods/2/sample.dio,279876524744704,3843,0.0
/dev18500/demods/2/sample.dio,279876524803072,3844,1064960.0
/dev18500/demods/2/sample.dio,279876524861440,3845,3222274240.0
/dev18500/demods/2/sample.dio,279876524919808,3846,1073741824.0
/dev18500/demods/2/sample.dio,279876524978176,3847,0.0
/dev18500/demods/2/sample.dio,279876525036544,3848,0.0
/dev18500/demods/2/sample.dio,279876525094912,3849,1048576.0
/dev18500/demods/2/sample.dio,279876525153280,3850,3221225664.0
/dev18500/demods/2/sample.dio,279876525211648,3851,1073741888.0
/dev18500/demods/2/sample.dio,279876525270016,3852,0.0
/dev18500/demods/2/sample.dio,279876525328384,3853,0.0
/dev18500/demods/2/sample.dio,279876525386752,3854,3222274048.0
/dev18500/demods/2/sample.dio,279876525445120,3855,3221225664.0
/dev18500/demods/2/sample.dio,279876525503488,3856,1073741824.0
/dev18500/demods/2/sample.dio,279876525561856,3857,0.0
/dev18500/demods/2/sample.dio,279876525620224,3858,0.0
/dev18500/demods/2/sample.dio,279876525678592,3859,3222274048.0
/dev18500/demods/2/sample.dio,279876525736960,3860,3221225664.0
/dev18500/demods/2/sample.dio,279876525795328,3861,1073741824.0
/dev18500/demods/2/sample.dio,279876525853696,3862,0.0
/dev18500/demods/2/sample.dio,279876525912064,3863,0.0
/dev18500/demods/2/sample.dio,279876525970432,3864,3222274240.0
/dev18500/demods/2/sample.dio,279876526028800,3865,3221225664.0
/dev18500/demods/2/sample.dio,279876526087168,3866,0.0
/dev18500/demods/2/sample.dio,279876526145536,3867,0.0
/dev18500/demods/2/sample.dio,279876526203904,3868,1048576.0
/dev18500/demods/2/sample.dio,279876526262272,3869,3222274240.0
/dev18500/demods/2/sample.dio,279876526320640,3870,1073742016.0
/dev18500/demods/2/sample.dio,279876526379008,3871,1073741824.0
/dev18500/demods/2/sample.dio,279876526437376,3872,0.0
/dev18500/demods/2/sample.dio,279876526495744,3873,0.0
/dev18500/demods/2/sample.dio,279876526554112,3874,3222274240.0
/dev18500/demods/2/sample.dio,279876526612480,3875,1073742016.0
/dev18500/demods/2/sample.dio,279876526670848,3876,0.0
/dev18500/demods/2/sample.dio,279876526729216,3877,0.0
/dev18500/demods/2/sample.dio,279876526787584,3878,1074790400.0
/dev18500/demods/2/sample.dio,279876526845952,3879,3222274240.0
/dev18500/demods/2/sample.dio,279876526904320,3880,1073741824.0
/dev18500/demods/2/sample.dio,279876526962688,3881,0.0
/dev18500/demods/2/sample.dio,279876527021056,3882,0.0
/dev18500/demods/2/sample.dio,279876527079424,3883,1064960.0
/dev18500/demods/2/sample.dio,279876527137792,3884,3221225664.0
/dev18500/demods/2/sample.dio,279876527196160,3885,1073741824.0
/dev18500/demods/2/sample.dio,279876527254528,3886,0.0
/dev18500/demods/2/sample.dio,279876527312896,3887,0.0
/dev18500/demods/2/sample.dio,279876527371264,3888,3222274112.0
/dev18500/demods/2/sample.dio,279876527429632,3889,3221225664.0
/dev18500/demods/2/sample.dio,279876527488000,3890,1073741824.0
/dev18500/demods/2/sample.dio,279876527546368,3891,0.0
/dev18500/demods/2/sample.dio,279876527604736,3892,0.0
/dev18500/demods/2/sample.dio,279876527663104,3893,3221225472.0
/dev18500/demods/2/sample.dio,279876527721472,3894,3221225664.0
/dev18500/demods/2/sample.dio,279876527779840,3895,1073741824.0
/dev18500/demods/2/sample.dio,279876527838208,3896,0.0
/dev18500/demods/2/sample.dio,279876527896576,3897,0.0
/dev18500/demods/2/sample.dio,279876527954944,3898,3222274240.0
/dev18500/demods/2/sample.dio,279876528013312,3899,3221225664.0
/dev18500/demods/2/sample.dio,279876528071680,3900,0.0
/dev18500/demods/2/sample.dio,279876528130048,3901,0.0
/dev18500/demods/2/sample.dio,279876528188416,3902,0.0
/dev18500/demods/2/sample.dio,279876528246784,3903,3222274240.0
/dev18500/demods/2/sample.dio,279876528305152,3904,1073741824.0
/dev18500/demods/2/sample.dio,279876528363520,3905,0.0
/dev18500/demods/2/sample.dio,279876528421888,3906,0.0
/dev18500/demods/2/sample.dio,279876528480256,3907,1048576.0
/dev18500/demods/2/sample.dio,279876528538624,3908,3221225664.0
/dev18500/demods/2/sample.dio,279876528596992,3909,1073741888.0
/dev18500/demods/2/sample.dio,279876528655360,3910,0.0
/dev18500/demods/2/sample.dio,279876528713728,3911,0.0
/dev18500/demods/2/sample.dio,279876528772096,3912,3222274048.0
/dev18500/demods/2/sample.dio,279876528830464,3913,3222274240.0
/dev18500/demods/2/sample.dio,279876528888832,3914,1073741824.0
/dev18500/demods/2/sample.dio,279876528947200,3915,0.0
/dev18500/demods/2/sample.dio,279876529005568,3916,0.0
/dev18500/demods/2/sample.dio,279876529063936,3917,3222274048.0
/dev18500/demods/2/sample.dio,279876529122304,3918,3221225664.0
/dev18500/demods/2/sample.dio,279876529180672,3919,1073741824.0
/dev18500/demods/2/sample.dio,279876529239040,3920,0.0
/dev18500/demods/2/sample.dio,279876529297408,3921,0.0
/dev18500/demods/2/sample.dio,279876529355776,3922,3222274240.0
/dev18500/demods/2/sample.dio,279876529414144,3923,3221225664.0
/dev18500/demods/2/sample.dio,279876529472512,3924,0.0
/dev18500/demods/2/sample.dio,279876529530880,3925,0.0
/dev18500/demods/2/sample.dio,279876529589248,3926,1048576.0
/dev18500/demods/2/sample.dio,279876529647616,3927,3222274240.0
/dev18500/demods/2/sample.dio,279876529705984,3928,1073750080.0
/dev18500/demods/2/sample.dio,279876529764352,3929,1073741824.0
/dev18500/demods/2/sample.dio,279876529822720,3930,0.0
/dev18500/demods/2/sample.dio,279876529881088,3931,0.0
/dev18500/demods/2/sample.dio,279876529939456,3932,3222274240.0
/dev18500/demods/2/sample.dio,279876529997824,3933,1073742016.0
/dev18500/demods/2/sample.dio,279876530056192,3934,0.0
/dev18500/demods/2/sample.dio,279876530114560,3935,0.0
/dev18500/demods/2/sample.dio,279876530172928,3936,1074790400.0
/dev18500/demods/2/sample.dio,279876530231296,3937,3221225664.0
/dev18500/demods/2/sample.dio,279876530289664,3938,1073741824.0
/dev18500/demods/2/sample.dio,279876530348032,3939,0.0
/dev18500/demods/2/sample.dio,279876530406400,3940,0.0
/dev18500/demods/2/sample.dio,279876530464768,3941,1048576.0
/dev18500/demods/2/sample.dio,279876530523136,3942,3221225664.0
/dev18500/demods/2/sample.dio,279876530581504,3943,1073741824.0
/dev18500/demods/2/sample.dio,279876530639872,3944,0.0
/dev18500/demods/2/sample.dio,279876530698240,3945,0.0
/dev18500/demods/2/sample.dio,279876530756608,3946,3222274112.0
/dev18500/demods/2/sample.dio,279876530814976,3947,3221225664.0
/dev18500/demods/2/sample.dio,279876530873344,3948,1073741824.0
/dev18500/demods/2/sample.dio,279876530931712,3949,0.0
/dev18500/demods/2/sample.dio,279876530990080,3950,0.0
/dev18500/demods/2/sample.dio,279876531048448,3951,3222274048.0
/dev18500/demods/2/sample.dio,279876531106816,3952,1073742016.0
/dev18500/demods/2/sample.dio,279876531165184,3953,1073750016.0
/dev18500/demods/2/sample.dio,279876531223552,3954,0.0
/dev18500/demods/2/sample.dio,279876531281920,3955,0.0
/dev18500/demods/2/sample.dio,279876531340288,3956,3221225664.0
/dev18500/demods/2/sample.dio,279876531398656,3957,3221225664.0
/dev18500/demods/2/sample.dio,279876531457024,3958,0.0
/dev18500/demods/2/sample.dio,279876531515392,3959,0.0
/dev18500/demods/2/sample.dio,279876531573760,3960,1048576.0
/dev18500/demods/2/sample.dio,279876531632128,3961,3221225664.0
/dev18500/demods/2/sample.dio,279876531690496,3962,1073741824.0
/dev18500/demods/2/sample.dio,279876531748864,3963,0.0
/dev18500/demods/2/sample.dio,279876531807232,3964,0.0
/dev18500/demods/2/sample.dio,279876531865600,3965,1048576.0
/dev18500/demods/2/sample.dio,279876531923968,3966,3222290624.0
/dev18500/demods/2/sample.dio,279876531982336,3967,1073741888.0
/dev18500/demods/2/sample.dio,279876532040704,3968,0.0
/dev18500/demods/2/sample.dio,279876532099072,3969,0.0
/dev18500/demods/2/sample.dio,279876532157440,3970,3222274048.0
/dev18500/demods/2/sample.dio,279876532215808,3971,3222274240.0
/dev18500/demods/2/sample.dio,279876532274176,3972,1073741824.0
/dev18500/demods/2/sample.dio,279876532332544,3973,0.0
/dev18500/demods/2/sample.dio,279876532390912,3974,0.0
/dev18500/demods/2/sample.dio,279876532449280,3975,1073741824.0
/dev18500/demods/2/sample.dio,279876532507648,3976,3221225664.0
/dev18500/demods/2/sample.dio,279876532566016,3977,1073741824.0
/dev18500/demods/2/sample.dio,279876532624384,3978,0.0
/dev18500/demods/2/sample.dio,279876532682752,3979,0.0
/dev18500/demods/2/sample.dio,279876532741120,3980,3222274240.0
/dev18500/demods/2/sample.dio,279876532799488,3981,3221225664.0
/dev18500/demods/2/sample.dio,279876532857856,3982,1073741824.0
/dev18500/demods/2/sample.dio,279876532916224,3983,0.0
/dev18500/demods/2/sample.dio,279876532974592,3984,0.0
/dev18500/demods/2/sample.dio,279876533032960,3985,3222274240.0
/dev18500/demods/2/sample.dio,279876533091328,3986,1073742016.0
/dev18500/demods/2/sample.dio,279876533149696,3987,1073741824.0
/dev18500/demods/2/sample.dio,279876533208064,3988,0.0
/dev18500/demods/2/sample.dio,279876533266432,3989,0.0
/dev18500/demods/2/sample.dio,279876533324800,3990,3221225664.0
/dev18500/demods/2/sample.dio,279876533383168,3991,1073742016.0
/dev18500/demods/2/sample.dio,279876533441536,3992,0.0
/dev18500/demods/2/sample.dio,279876533499904,3993,0.0
/dev18500/demods/2/sample.dio,279876533558272,3994,1048576.0
/dev18500/demods/2/sample.dio,279876533616640,3995,3222274240.0
/dev18500/demods/2/sample.dio,279876533675008,3996,1073741824.0
/dev18500/demods/2/sample.dio,279876533733376,3997,0.0
/dev18500/demods/2/sample.dio,279876533791744,3998,0.0
/dev18500/demods/2/sample.dio,279876533850112,3999,1048576.0
/dev18500/demods/2/sample.dio,279876533908480,4000,3221225664.0
/dev18500/demods/2/sample.dio,279876533966848,4001,1073741824.0
/dev18500/demods/2/sample.dio,279876534025216,4002,0.0
/dev18500/demods/2/sample.dio,279876534083584,4003,0.0
/dev18500/demods/2/sample.dio,279876534141952,4004,3222274048.0
/dev18500/demods/2/sample.dio,279876534200320,4005,3221225664.0
/dev18500/demods/2/sample.dio,279876534258688,4006,1073741824.0
/dev18500/demods/2/sample.dio,279876534317056,4007,0.0
/dev18500/demods/2/sample.dio,279876534375424,4008,0.0
/dev18500/demods/2/sample.dio,279876534433792,4009,3222274048.0
/dev18500/demods/2/sample.dio,279876534492160,4010,1073742016.0
/dev18500/demods/2/sample.dio,279876534550528,4011,1073741824.0
/dev18500/demods/2/sample.dio,279876534608896,4012,0.0
/dev18500/demods/2/sample.dio,279876534667264,4013,0.0
/dev18500/demods/2/sample.dio,279876534725632,4014,3221225664.0
/dev18500/demods/2/sample.dio,279876534784000,4015,3221225664.0
/dev18500/demods/2/sample.dio,279876534842368,4016,0.0
/dev18500/demods/2/sample.dio,279876534900736,4017,0.0
/dev18500/demods/2/sample.dio,279876534959104,4018,1064960.0
/dev18500/demods/2/sample.dio,279876535017472,4019,3222274240.0
/dev18500/demods/2/sample.dio,279876535075840,4020,1073741888.0
/dev18500/demods/2/sample.dio,279876535134208,4021,0.0
/dev18500/demods/2/sample.dio,279876535192576,4022,0.0
/dev18500/demods/2/sample.dio,279876535250944,4023,1048576.0
/dev18500/demods/2/sample.dio,279876535309312,4024,3221225664.0
/dev18500/demods/2/sample.dio,279876535367680,4025,1073750080.0
/dev18500/demods/2/sample.dio,279876535426048,4026,0.0
/dev18500/demods/2/sample.dio,279876535484416,4027,0.0
/dev18500/demods/2/sample.dio,279876535542784,4028,3222274048.0
/dev18500/demods/2/sample.dio,279876535601152,4029,3221225664.0
/dev18500/demods/2/sample.dio,279876535659520,4030,1073741824.0
/dev18500/demods/2/sample.dio,279876535717888,4031,0.0
/dev18500/demods/2/sample.dio,279876535776256,4032,0.0
/dev18500/demods/2/sample.dio,279876535834624,4033,1048576.0
/dev18500/demods/2/sample.dio,279876535892992,4034,3221225664.0
/dev18500/demods/2/sample.dio,279876535951360,4035,1073741824.0
/dev18500/demods/2/sample.dio,279876536009728,4036,0.0
/dev18500/demods/2/sample.dio,279876536068096,4037,0.0
/dev18500/demods/2/sample.dio,279876536126464,4038,3222274240.0
/dev18500/demods/2/sample.dio,279876536184832,4039,3221225664.0
/dev18500/demods/2/sample.dio,279876536243200,4040,1073741824.0
/dev18500/demods/2/sample.dio,279876536301568,4041,0.0
/dev18500/demods/2/sample.dio,279876536359936,4042,0.0
/dev18500/demods/2/sample.dio,279876536418304,4043,3222274112.0
/dev18500/demods/2/sample.dio,279876536476672,4044,1073742016.0
/dev18500/demods/2/sample.dio,279876536535040,4045,1073741824.0
/dev18500/demods/2/sample.dio,279876536593408,4046,0.0
/dev18500/demods/2/sample.dio,279876536651776,4047,0.0
/dev18500/demods/2/sample.dio,279876536710144,4048,3221225664.0
/dev18500/demods/2/sample.dio,279876536768512,4049,3221225664.0
/dev18500/demods/2/sample.dio,279876536826880,4050,0.0
/dev18500/demods/2/sample.dio,279876536885248,4051,0.0
/dev18500/demods/2/sample.dio,279876536943616,4052,1048576.0
/dev18500/demods/2/sample.dio,279876537001984,4053,3222274240.0
/dev18500/demods/2/sample.dio,279876537060352,4054,1073741824.0
/dev18500/demods/2/sample.dio,279876537118720,4055,0.0
/dev18500/demods/2/sample.dio,279876537177088,4056,0.0
/dev18500/demods/2/sample.dio,279876537235456,4057,1064960.0
/dev18500/demods/2/sample.dio,279876537293824,4058,3221225664.0
/dev18500/demods/2/sample.dio,279876537352192,4059,1073741824.0
/dev18500/demods/2/sample.dio,279876537410560,4060,0.0
/dev18500/demods/2/sample.dio,279876537468928,4061,0.0
/dev18500/demods/2/sample.dio,279876537527296,4062,3222274112.0
/dev18500/demods/2/sample.dio,279876537585664,4063,3221225664.0
/dev18500/demods/2/sample.dio,279876537644032,4064,1073741824.0
/dev18500/demods/2/sample.dio,279876537702400,4065,0.0
/dev18500/demods/2/sample.dio,279876537760768,4066,0.0
/dev18500/demods/2/sample.dio,279876537819136,4067,1073741824.0
/dev18500/demods/2/sample.dio,279876537877504,4068,3221233856.0
/dev18500/demods/2/sample.dio,279876537935872,4069,1073750016.0
/dev18500/demods/2/sample.dio,279876537994240,4070,0.0
/dev18500/demods/2/sample.dio,279876538052608,4071,0.0
/dev18500/demods/2/sample.dio,279876538110976,4072,3222274240.0
/dev18500/demods/2/sample.dio,279876538169344,4073,3221225664.0
/dev18500/demods/2/sample.dio,279876538227712,4074,0.0
/dev18500/demods/2/sample.dio,279876538286080,4075,0.0
/dev18500/demods/2/sample.dio,279876538344448,4076,1048576.0
/dev18500/demods/2/sample.dio,279876538402816,4077,3222274240.0
/dev18500/demods/2/sample.dio,279876538461184,4078,1073741888.0
/dev18500/demods/2/sample.dio,279876538519552,4079,0.0
/dev18500/demods/2/sample.dio,279876538577920,4080,0.0
/dev18500/demods/2/sample.dio,279876538636288,4081,1064960.0
/dev18500/demods/2/sample.dio,279876538694656,4082,3222274240.0
/dev18500/demods/2/sample.dio,279876538753024,4083,1073741888.0
/dev18500/demods/2/sample.dio,279876538811392,4084,0.0
/dev18500/demods/2/sample.dio,279876538869760,4085,0.0
/dev18500/demods/2/sample.dio,279876538928128,4086,3222290432.0
/dev18500/demods/2/sample.dio,279876538986496,4087,3221225664.0
/dev18500/demods/2/sample.dio,279876539044864,4088,1073741824.0
/dev18500/demods/2/sample.dio,279876539103232,4089,0.0
/dev18500/demods/2/sample.dio,279876539161600,4090,0.0
/dev18500/demods/2/sample.dio,279876539219968,4091,1048576.0
/dev18500/demods/2/sample.dio,279876539278336,4092,3221225664.0
/dev18500/demods/2/sample.dio,279876539336704,4093,1073741824.0
/dev18500/demods/2/sample.dio,279876539395072,4094,0.0
/dev18500/demods/2/sample.dio,279876539453440,4095,0.0
/dev18500/demods/2/sample.dio,279876539511808,4096,3222274112.0
/dev18500/demods/2/sample.dio,279876539570176,4097,3221225664.0
/dev18500/demods/2/sample.dio,279876539628544,4098,1073741824.0
/dev18500/demods/2/sample.dio,279876539686912,4099,0.0
/dev18500/demods/2/sample.dio,279876539745280,4100,0.0
/dev18500/demods/2/sample.dio,279876539803648,4101,3222274112.0
/dev18500/demods/2/sample.dio,279876539862016,4102,3221225664.0
/dev18500/demods/2/sample.dio,279876539920384,4103,1073741824.0
/dev18500/demods/2/sample.dio,279876539978752,4104,0.0
/dev18500/demods/2/sample.dio,279876540037120,4105,0.0
/dev18500/demods/2/sample.dio,279876540095488,4106,3222274240.0
/dev18500/demods/2/sample.dio,279876540153856,4107,3221225664.0
/dev18500/demods/2/sample.dio,279876540212224,4108,0.0
/dev18500/demods/2/sample.dio,279876540270592,4109,0.0
/dev18500/demods/2/sample.dio,279876540328960,4110,1048576.0
/dev18500/demods/2/sample.dio,279876540387328,4111,3222274240.0
/dev18500/demods/2/sample.dio,279876540445696,4112,1073741824.0
/dev18500/demods/2/sample.dio,279876540504064,4113,0.0
/dev18500/demods/2/sample.dio,279876540562432,4114,0.0
/dev18500/demods/2/sample.dio,279876540620800,4115,1048576.0
/dev18500/demods/2/sample.dio,279876540679168,4116,3221225664.0
/dev18500/demods/2/sample.dio,279876540737536,4117,1073741824.0
/dev18500/demods/2/sample.dio,279876540795904,4118,0.0
/dev18500/demods/2/sample.dio,279876540854272,4119,0.0
/dev18500/demods/2/sample.dio,279876540912640,4120,1074790400.0
/dev18500/demods/2/sample.dio,279876540971008,4121,3221225664.0
/dev18500/demods/2/sample.dio,279876541029376,4122,1073741824.0
/dev18500/demods/2/sample.dio,279876541087744,4123,0.0
/dev18500/demods/2/sample.dio,279876541146112,4124,0.0
/dev18500/demods/2/sample.dio,279876541204480,4125,3222274048.0
/dev18500/demods/2/sample.dio,279876541262848,4126,3221233856.0
/dev18500/demods/2/sample.dio,279876541321216,4127,1073741824.0
/dev18500/demods/2/sample.dio,279876541379584,4128,0.0
/dev18500/demods/2/sample.dio,279876541437952,4129,0.0
/dev18500/demods/2/sample.dio,279876541496320,4130,3222274240.0
/dev18500/demods/2/sample.dio,279876541554688,4131,3221233856.0
/dev18500/demods/2/sample.dio,279876541613056,4132,0.0
/dev18500/demods/2/sample.dio,279876541671424,4133,0.0
/dev18500/demods/2/sample.dio,279876541729792,4134,1048576.0
/dev18500/demods/2/sample.dio,279876541788160,4135,3222274240.0
/dev18500/demods/2/sample.dio,279876541846528,4136,1073742016.0
/dev18500/demods/2/sample.dio,279876541904896,4137,1073741824.0
/dev18500/demods/2/sample.dio,279876541963264,4138,0.0
/dev18500/demods/2/sample.dio,279876542021632,4139,0.0
/dev18500/demods/2/sample.dio,279876542080000,4140,3221225664.0
/dev18500/demods/2/sample.dio,279876542138368,4141,1073742016.0
/dev18500/demods/2/sample.dio,279876542196736,4142,0.0
/dev18500/demods/2/sample.dio,279876542255104,4143,0.0
/dev18500/demods/2/sample.dio,279876542313472,4144,1074790400.0
/dev18500/demods/2/sample.dio,279876542371840,4145,3222274240.0
/dev18500/demods/2/sample.dio,279876542430208,4146,1073741824.0
/dev18500/demods/2/sample.dio,279876542488576,4147,0.0
/dev18500/demods/2/sample.dio,279876542546944,4148,0.0
/dev18500/demods/2/sample.dio,279876542605312,4149,1074806784.0
/dev18500/demods/2/sample.dio,279876542663680,4150,3221225664.0
/dev18500/demods/2/sample.dio,279876542722048,4151,1073741824.0
/dev18500/demods/2/sample.dio,279876542780416,4152,0.0
/dev18500/demods/2/sample.dio,279876542838784,4153,0.0
/dev18500/demods/2/sample.dio,279876542897152,4154,3222274048.0
/dev18500/demods/2/sample.dio,279876542955520,4155,3221225664.0
/dev18500/demods/2/sample.dio,279876543013888,4156,1073741824.0
/dev18500/demods/2/sample.dio,279876543072256,4157,0.0
/dev18500/demods/2/sample.dio,279876543130624,4158,0.0
/dev18500/demods/2/sample.dio,279876543188992,4159,3222274112.0
/dev18500/demods/2/sample.dio,279876543247360,4160,1073750208.0
/dev18500/demods/2/sample.dio,279876543305728,4161,1073741824.0
/dev18500/demods/2/sample.dio,279876543364096,4162,0.0
/dev18500/demods/2/sample.dio,279876543422464,4163,0.0
/dev18500/demods/2/sample.dio,279876543480832,4164,3222274240.0
/dev18500/demods/2/sample.dio,279876543539200,4165,1073742016.0
/dev18500/demods/2/sample.dio,279876543597568,4166,0.0
/dev18500/demods/2/sample.dio,279876543655936,4167,0.0
/dev18500/demods/2/sample.dio,279876543714304,4168,1048576.0
/dev18500/demods/2/sample.dio,279876543772672,4169,3222274240.0
/dev18500/demods/2/sample.dio,279876543831040,4170,1073741824.0
/dev18500/demods/2/sample.dio,279876543889408,4171,8192.0
/dev18500/demods/2/sample.dio,279876543947776,4172,0.0
/dev18500/demods/2/sample.dio,279876544006144,4173,1064960.0
/dev18500/demods/2/sample.dio,279876544064512,4174,3221225664.0
/dev18500/demods/2/sample.dio,279876544122880,4175,1073742016.0
/dev18500/demods/2/sample.dio,279876544181248,4176,0.0
/dev18500/demods/2/sample.dio,279876544239616,4177,0.0
/dev18500/demods/2/sample.dio,279876544297984,4178,3222274048.0
/dev18500/demods/2/sample.dio,279876544356352,4179,3221225664.0
/dev18500/demods/2/sample.dio,279876544414720,4180,1073741824.0
/dev18500/demods/2/sample.dio,279876544473088,4181,0.0
/dev18500/demods/2/sample.dio,279876544531456,4182,0.0
/dev18500/demods/2/sample.dio,279876544589824,4183,3222274048.0
/dev18500/demods/2/sample.dio,279876544648192,4184,3221225664.0
/dev18500/demods/2/sample.dio,279876544706560,4185,1073741824.0
/dev18500/demods/2/sample.dio,279876544764928,4186,0.0
/dev18500/demods/2/sample.dio,279876544823296,4187,0.0
/dev18500/demods/2/sample.dio,279876544881664,4188,3222274240.0
/dev18500/demods/2/sample.dio,279876544940032,4189,3221225664.0
/dev18500/demods/2/sample.dio,279876544998400,4190,0.0
/dev18500/demods/2/sample.dio,279876545056768,4191,0.0
/dev18500/demods/2/sample.dio,279876545115136,4192,0.0
/dev18500/demods/2/sample.dio,279876545173504,4193,3221225664.0
/dev18500/demods/2/sample.dio,279876545231872,4194,3221225664.0
/dev18500/demods/2/sample.dio,279876545290240,4195,1073741824.0
/dev18500/demods/2/sample.dio,279876545348608,4196,0.0
/dev18500/demods/2/sample.dio,279876545406976,4197,0.0
/dev18500/demods/2/sample.dio,279876545465344,4198,3221225664.0
/dev18500/demods/2/sample.dio,279876545523712,4199,1073742016.0
/dev18500/demods/2/sample.dio,279876545582080,4200,0.0
/dev18500/demods/2/sample.dio,279876545640448,4201,0.0
/dev18500/demods/2/sample.dio,279876545698816,4202,1074790400.0
/dev18500/demods/2/sample.dio,279876545757184,4203,3222274240.0
/dev18500/demods/2/sample.dio,279876545815552,4204,1073741824.0
/dev18500/demods/2/sample.dio,279876545873920,4205,0.0
/dev18500/demods/2/sample.dio,279876545932288,4206,0.0
/dev18500/demods/2/sample.dio,279876545990656,4207,1048576.0
/dev18500/demods/2/sample.dio,279876546049024,4208,3221225664.0
/dev18500/demods/2/sample.dio,279876546107392,4209,1073741824.0
/dev18500/demods/2/sample.dio,279876546165760,4210,0.0
/dev18500/demods/2/sample.dio,279876546224128,4211,0.0
/dev18500/demods/2/sample.dio,279876546282496,4212,3222274112.0
/dev18500/demods/2/sample.dio,279876546340864,4213,3221225664.0
/dev18500/demods/2/sample.dio,279876546399232,4214,1073750016.0
/dev18500/demods/2/sample.dio,279876546457600,4215,0.0
/dev18500/demods/2/sample.dio,279876546515968,4216,0.0
/dev18500/demods/2/sample.dio,279876546574336,4217,3222274112.0
/dev18500/demods/2/sample.dio,279876546632704,4218,3221225664.0
/dev18500/demods/2/sample.dio,279876546691072,4219,1073741824.0
/dev18500/demods/2/sample.dio,279876546749440,4220,0.0
/dev18500/demods/2/sample.dio,279876546807808,4221,0.0
/dev18500/demods/2/sample.dio,279876546866176,4222,3222274240.0
/dev18500/demods/2/sample.dio,279876546924544,4223,3221225664.0
/dev18500/demods/2/sample.dio,279876546982912,4224,0.0
/dev18500/demods/2/sample.dio,279876547041280,4225,0.0
/dev18500/demods/2/sample.dio,279876547099648,4226,1048576.0
/dev18500/demods/2/sample.dio,279876547158016,4227,3222290624.0
/dev18500/demods/2/sample.dio,279876547216384,4228,1073741888.0
/dev18500/demods/2/sample.dio,279876547274752,4229,0.0
/dev18500/demods/2/sample.dio,279876547333120,4230,0.0
/dev18500/demods/2/sample.dio,279876547391488,4231,1048576.0
/dev18500/demods/2/sample.dio,279876547449856,4232,3222274240.0
/dev18500/demods/2/sample.dio,279876547508224,4233,1073750080.0
/dev18500/demods/2/sample.dio,279876547566592,4234,0.0
/dev18500/demods/2/sample.dio,279876547624960,4235,0.0
/dev18500/demods/2/sample.dio,279876547683328,4236,3222290432.0
/dev18500/demods/2/sample.dio,279876547741696,4237,3221225664.0
/dev18500/demods/2/sample.dio,279876547800064,4238,1073741824.0
/dev18500/demods/2/sample.dio,279876547858432,4239,0.0
/dev18500/demods/2/sample.dio,279876547916800,4240,0.0
/dev18500/demods/2/sample.dio,279876547975168,4241,1048576.0
/dev18500/demods/2/sample.dio,279876548033536,4242,3221225664.0
/dev18500/demods/2/sample.dio,279876548091904,4243,1073741824.0
/dev18500/demods/2/sample.dio,279876548150272,4244,0.0
/dev18500/demods/2/sample.dio,279876548208640,4245,0.0
/dev18500/demods/2/sample.dio,279876548267008,4246,3221225664.0
/dev18500/demods/2/sample.dio,279876548325376,4247,3221225664.0
/dev18500/demods/2/sample.dio,279876548383744,4248,8192.0
/dev18500/demods/2/sample.dio,279876548442112,4249,0.0
/dev18500/demods/2/sample.dio,279876548500480,4250,16384.0
/dev18500/demods/2/sample.dio,279876548558848,4251,3222290624.0
/dev18500/demods/2/sample.dio,279876548617216,4252,3221225664.0
/dev18500/demods/2/sample.dio,279876548675584,4253,1073741824.0
/dev18500/demods/2/sample.dio,279876548733952,4254,0.0
/dev18500/demods/2/sample.dio,279876548792320,4255,0.0
/dev18500/demods/2/sample.dio,279876548850688,4256,3222274240.0
/dev18500/demods/2/sample.dio,279876548909056,4257,1073742016.0
/dev18500/demods/2/sample.dio,279876548967424,4258,0.0
/dev18500/demods/2/sample.dio,279876549025792,4259,0.0
/dev18500/demods/2/sample.dio,279876549084160,4260,3162112.0
/dev18500/demods/2/sample.dio,279876549142528,4261,3222274240.0
/dev18500/demods/2/sample.dio,279876549200896,4262,1073741824.0
/dev18500/demods/2/sample.dio,279876549259264,4263,0.0
/dev18500/demods/2/sample.dio,279876549317632,4264,0.0
/dev18500/demods/2/sample.dio,279876549376000,4265,1048576.0
/dev18500/demods/2/sample.dio,279876549434368,4266,3221225664.0
/dev18500/demods/2/sample.dio,279876549492736,4267,1073741824.0
/dev18500/demods/2/sample.dio,279876549551104,4268,0.0
/dev18500/demods/2/sample.dio,279876549609472,4269,0.0
/dev18500/demods/2/sample.dio,279876549667840,4270,3222274112.0
/dev18500/demods/2/sample.dio,279876549726208,4271,3221225664.0
/dev18500/demods/2/sample.dio,279876549784576,4272,1073741824.0
/dev18500/demods/2/sample.dio,279876549842944,4273,0.0
/dev18500/demods/2/sample.dio,279876549901312,4274,0.0
/dev18500/demods/2/sample.dio,279876549959680,4275,1074790400.0
/dev18500/demods/2/sample.dio,279876550018048,4276,3221225664.0
/dev18500/demods/2/sample.dio,279876550076416,4277,1073741824.0
/dev18500/demods/2/sample.dio,279876550134784,4278,0.0
/dev18500/demods/2/sample.dio,279876550193152,4279,0.0
/dev18500/demods/2/sample.dio,279876550251520,4280,3222290624.0
/dev18500/demods/2/sample.dio,279876550309888,4281,3221233856.0
/dev18500/demods/2/sample.dio,279876550368256,4282,1073741824.0
/dev18500/demods/2/sample.dio,279876550426624,4283,0.0
/dev18500/demods/2/sample.dio,279876550484992,4284,1048576.0
/dev18500/demods/2/sample.dio,279876550543360,4285,3222274240.0
/dev18500/demods/2/sample.dio,279876550601728,4286,1073741888.0
/dev18500/demods/2/sample.dio,279876550660096,4287,0.0
/dev18500/demods/2/sample.dio,279876550718464,4288,0.0
/dev18500/demods/2/sample.dio,279876550776832,4289,1048576.0
/dev18500/demods/2/sample.dio,279876550835200,4290,3221225664.0
/dev18500/demods/2/sample.dio,279876550893568,4291,1073742016.0
/dev18500/demods/2/sample.dio,279876550951936,4292,0.0
/dev18500/demods/2/sample.dio,279876551010304,4293,0.0
/dev18500/demods/2/sample.dio,279876551068672,4294,1074790400.0
/dev18500/demods/2/sample.dio,279876551127040,4295,3221225664.0
/dev18500/demods/2/sample.dio,279876551185408,4296,1073741824.0
/dev18500/demods/2/sample.dio,279876551243776,4297,0.0
/dev18500/demods/2/sample.dio,279876551302144,4298,0.0
/dev18500/demods/2/sample.dio,279876551360512,4299,3222274048.0
/dev18500/demods/2/sample.dio,279876551418880,4300,3221225664.0
/dev18500/demods/2/sample.dio,279876551477248,4301,1073741824.0
/dev18500/demods/2/sample.dio,279876551535616,4302,0.0
/dev18500/demods/2/sample.dio,279876551593984,4303,0.0
/dev18500/demods/2/sample.dio,279876551652352,4304,3222274240.0
/dev18500/demods/2/sample.dio,279876551710720,4305,3221225664.0
/dev18500/demods/2/sample.dio,279876551769088,4306,1073741824.0
/dev18500/demods/2/sample.dio,279876551827456,4307,0.0
/dev18500/demods/2/sample.dio,279876551885824,4308,0.0
/dev18500/demods/2/sample.dio,279876551944192,4309,3221225536.0
/dev18500/demods/2/sample.dio,279876552002560,4310,1073742016.0
/dev18500/demods/2/sample.dio,279876552060928,4311,1073741824.0
/dev18500/demods/2/sample.dio,279876552119296,4312,0.0
/dev18500/demods/2/sample.dio,279876552177664,4313,0.0
/dev18500/demods/2/sample.dio,279876552236032,4314,3221242048.0
/dev18500/demods/2/sample.dio,279876552294400,4315,3221225664.0
/dev18500/demods/2/sample.dio,279876552352768,4316,0.0
/dev18500/demods/2/sample.dio,279876552411136,4317,0.0
/dev18500/demods/2/sample.dio,279876552469504,4318,1048576.0
/dev18500/demods/2/sample.dio,279876552527872,4319,3222274240.0
/dev18500/demods/2/sample.dio,279876552586240,4320,1073741888.0
/dev18500/demods/2/sample.dio,279876552644608,4321,0.0
/dev18500/demods/2/sample.dio,279876552702976,4322,0.0
/dev18500/demods/2/sample.dio,279876552761344,4323,1064960.0
/dev18500/demods/2/sample.dio,279876552819712,4324,3221225664.0
/dev18500/demods/2/sample.dio,279876552878080,4325,1073750016.0
/dev18500/demods/2/sample.dio,279876552936448,4326,0.0
/dev18500/demods/2/sample.dio,279876552994816,4327,0.0
/dev18500/demods/2/sample.dio,279876553053184,4328,3222274112.0
/dev18500/demods/2/sample.dio,279876553111552,4329,3221225664.0
/dev18500/demods/2/sample.dio,279876553169920,4330,1073741824.0
/dev18500/demods/2/sample.dio,279876553228288,4331,0.0
/dev18500/demods/2/sample.dio,279876553286656,4332,0.0
/dev18500/demods/2/sample.dio,279876553345024,4333,3222274048.0
/dev18500/demods/2/sample.dio,279876553403392,4334,3221233856.0
/dev18500/demods/2/sample.dio,279876553461760,4335,1073741824.0
/dev18500/demods/2/sample.dio,279876553520128,4336,0.0
/dev18500/demods/2/sample.dio,279876553578496,4337,0.0
/dev18500/demods/2/sample.dio,279876553636864,4338,3222274240.0
/dev18500/demods/2/sample.dio,279876553695232,4339,3221225664.0
/dev18500/demods/2/sample.dio,279876553753600,4340,8192.0
/dev18500/demods/2/sample.dio,279876553811968,4341,0.0
/dev18500/demods/2/sample.dio,279876553870336,4342,1048576.0
/dev18500/demods/2/sample.dio,279876553928704,4343,3222274240.0
/dev18500/demods/2/sample.dio,279876553987072,4344,1073741824.0
/dev18500/demods/2/sample.dio,279876554045440,4345,0.0
/dev18500/demods/2/sample.dio,279876554103808,4346,0.0
/dev18500/demods/2/sample.dio,279876554162176,4347,16384.0
/dev18500/demods/2/sample.dio,279876554220544,4348,3221225664.0
/dev18500/demods/2/sample.dio,279876554278912,4349,1073742016.0
/dev18500/demods/2/sample.dio,279876554337280,4350,0.0
/dev18500/demods/2/sample.dio,279876554395648,4351,0.0
/dev18500/demods/2/sample.dio,279876554454016,4352,3221225472.0
/dev18500/demods/2/sample.dio,279876554512384,4353,3221225664.0
/dev18500/demods/2/sample.dio,279876554570752,4354,1073741824.0
/dev18500/demods/2/sample.dio,279876554629120,4355,0.0
/dev18500/demods/2/sample.dio,279876554687488,4356,0.0
/dev18500/demods/2/sample.dio,279876554745856,4357,1074790400.0
/dev18500/demods/2/sample.dio,279876554804224,4358,3221225664.0
/dev18500/demods/2/sample.dio,279876554862592,4359,1073741824.0
/dev18500/demods/2/sample.dio,279876554920960,4360,0.0
/dev18500/demods/2/sample.dio,279876554979328,4361,0.0
/dev18500/demods/2/sample.dio,279876555037696,4362,3222274240.0
/dev18500/demods/2/sample.dio,279876555096064,4363,3221225664.0
/dev18500/demods/2/sample.dio,279876555154432,4364,1073741824.0
/dev18500/demods/2/sample.dio,279876555212800,4365,0.0
/dev18500/demods/2/sample.dio,279876555271168,4366,0.0
/dev18500/demods/2/sample.dio,279876555329536,4367,3221225536.0
/dev18500/demods/2/sample.dio,279876555387904,4368,1073742016.0
/dev18500/demods/2/sample.dio,279876555446272,4369,1073741824.0
/dev18500/demods/2/sample.dio,279876555504640,4370,0.0
/dev18500/demods/2/sample.dio,279876555563008,4371,0.0
/dev18500/demods/2/sample.dio,279876555621376,4372,3221225664.0
/dev18500/demods/2/sample.dio,279876555679744,4373,3221225664.0
/dev18500/demods/2/sample.dio,279876555738112,4374,0.0
/dev18500/demods/2/sample.dio,279876555796480,4375,0.0
/dev18500/demods/2/sample.dio,279876555854848,4376,1048576.0
/dev18500/demods/2/sample.dio,279876555913216,4377,3222274240.0
/dev18500/demods/2/sample.dio,279876555971584,4378,1073750080.0
/dev18500/demods/2/sample.dio,279876556029952,4379,0.0
/dev18500/demods/2/sample.dio,279876556088320,4380,0.0
/dev18500/demods/2/sample.dio,279876556146688,4381,1048576.0
/dev18500/demods/2/sample.dio,279876556205056,4382,3221225664.0
/dev18500/demods/2/sample.dio,279876556263424,4383,1073741824.0
/dev18500/demods/2/sample.dio,279876556321792,4384,0.0
/dev18500/demods/2/sample.dio,279876556380160,4385,0.0
/dev18500/demods/2/sample.dio,279876556438528,4386,3222290496.0
/dev18500/demods/2/sample.dio,279876556496896,4387,3221225664.0
/dev18500/demods/2/sample.dio,279876556555264,4388,1073741824.0
/dev18500/demods/2/sample.dio,279876556613632,4389,0.0
/dev18500/demods/2/sample.dio,279876556672000,4390,0.0
/dev18500/demods/2/sample.dio,279876556730368,4391,3222274048.0
/dev18500/demods/2/sample.dio,279876556788736,4392,3221225664.0
/dev18500/demods/2/sample.dio,279876556847104,4393,1073741824.0
/dev18500/demods/2/sample.dio,279876556905472,4394,0.0
/dev18500/demods/2/sample.dio,279876556963840,4395,0.0
/dev18500/demods/2/sample.dio,279876557022208,4396,3222274240.0
/dev18500/demods/2/sample.dio,279876557080576,4397,3221225664.0
/dev18500/demods/2/sample.dio,279876557138944,4398,1073741824.0
/dev18500/demods/2/sample.dio,279876557197312,4399,0.0
/dev18500/demods/2/sample.dio,279876557255680,4400,16384.0
/dev18500/demods/2/sample.dio,279876557314048,4401,3222274240.0
/dev18500/demods/2/sample.dio,279876557372416,4402,1073741824.0
/dev18500/demods/2/sample.dio,279876557430784,4403,1073741824.0
/dev18500/demods/2/sample.dio,279876557489152,4404,0.0
/dev18500/demods/2/sample.dio,279876557547520,4405,0.0
/dev18500/demods/2/sample.dio,279876557605888,4406,3221225664.0
/dev18500/demods/2/sample.dio,279876557664256,4407,3221225664.0
/dev18500/demods/2/sample.dio,279876557722624,4408,0.0
/dev18500/demods/2/sample.dio,279876557780992,4409,0.0
/dev18500/demods/2/sample.dio,279876557839360,4410,1074790400.0
/dev18500/demods/2/sample.dio,279876557897728,4411,3221225664.0
/dev18500/demods/2/sample.dio,279876557956096,4412,1073741824.0
/dev18500/demods/2/sample.dio,279876558014464,4413,0.0
/dev18500/demods/2/sample.dio,279876558072832,4414,0.0
/dev18500/demods/2/sample.dio,279876558131200,4415,1074790400.0
/dev18500/demods/2/sample.dio,279876558189568,4416,3221225664.0
/dev18500/demods/2/sample.dio,279876558247936,4417,1073750016.0
/dev18500/demods/2/sample.dio,279876558306304,4418,0.0
/dev18500/demods/2/sample.dio,279876558364672,4419,0.0
/dev18500/demods/2/sample.dio,279876558423040,4420,3222274048.0
/dev18500/demods/2/sample.dio,279876558481408,4421,3221225664.0
/dev18500/demods/2/sample.dio,279876558539776,4422,1073741824.0
/dev18500/demods/2/sample.dio,279876558598144,4423,0.0
/dev18500/demods/2/sample.dio,279876558656512,4424,0.0
/dev18500/demods/2/sample.dio,279876558714880,4425,3221225536.0
/dev18500/demods/2/sample.dio,279876558773248,4426,3221225664.0
/dev18500/demods/2/sample.dio,279876558831616,4427,1073741824.0
/dev18500/demods/2/sample.dio,279876558889984,4428,0.0
/dev18500/demods/2/sample.dio,279876558948352,4429,0.0
/dev18500/demods/2/sample.dio,279876559006720,4430,3222274240.0
/dev18500/demods/2/sample.dio,279876559065088,4431,1073742016.0
/dev18500/demods/2/sample.dio,279876559123456,4432,0.0
/dev18500/demods/2/sample.dio,279876559181824,4433,0.0
/dev18500/demods/2/sample.dio,279876559240192,4434,0.0
/dev18500/demods/2/sample.dio,279876559298560,4435,3221225664.0
/dev18500/demods/2/sample.dio,279876559356928,4436,1073741824.0
/dev18500/demods/2/sample.dio,279876559415296,4437,0.0
/dev18500/demods/2/sample.dio,279876559473664,4438,0.0
/dev18500/demods/2/sample.dio,279876559532032,4439,1048576.0
/dev18500/demods/2/sample.dio,279876559590400,4440,3221225664.0
/dev18500/demods/2/sample.dio,279876559648768,4441,1073742016.0
/dev18500/demods/2/sample.dio,279876559707136,4442,0.0
/dev18500/demods/2/sample.dio,279876559765504,4443,0.0
/dev18500/demods/2/sample.dio,279876559823872,4444,3222290432.0
/dev18500/demods/2/sample.dio,279876559882240,4445,3221225664.0
/dev18500/demods/2/sample.dio,279876559940608,4446,1073741824.0
/dev18500/demods/2/sample.dio,279876559998976,4447,0.0
/dev18500/demods/2/sample.dio,279876560057344,4448,0.0
/dev18500/demods/2/sample.dio,279876560115712,4449,3222274048.0
/dev18500/demods/2/sample.dio,279876560174080,4450,3221233856.0
/dev18500/demods/2/sample.dio,279876560232448,4451,1073741824.0
/dev18500/demods/2/sample.dio,279876560290816,4452,0.0
/dev18500/demods/2/sample.dio,279876560349184,4453,0.0
/dev18500/demods/2/sample.dio,279876560407552,4454,3222274240.0
/dev18500/demods/2/sample.dio,279876560465920,4455,3221225664.0
/dev18500/demods/2/sample.dio,279876560524288,4456,0.0
/dev18500/demods/2/sample.dio,279876560582656,4457,0.0
/dev18500/demods/2/sample.dio,279876560641024,4458,1048576.0
/dev18500/demods/2/sample.dio,279876560699392,4459,3222274240.0
/dev18500/demods/2/sample.dio,279876560757760,4460,1073741888.0
/dev18500/demods/2/sample.dio,279876560816128,4461,0.0
/dev18500/demods/2/sample.dio,279876560874496,4462,0.0
/dev18500/demods/2/sample.dio,279876560932864,4463,1064960.0
/dev18500/demods/2/sample.dio,279876560991232,4464,3221225664.0
/dev18500/demods/2/sample.dio,279876561049600,4465,1073741888.0
/dev18500/demods/2/sample.dio,279876561107968,4466,0.0
/dev18500/demods/2/sample.dio,279876561166336,4467,0.0
/dev18500/demods/2/sample.dio,279876561224704,4468,3221225472.0
/dev18500/demods/2/sample.dio,279876561283072,4469,3222274240.0
/dev18500/demods/2/sample.dio,279876561341440,4470,1073741824.0
/dev18500/demods/2/sample.dio,279876561399808,4471,0.0
/dev18500/demods/2/sample.dio,279876561458176,4472,0.0
/dev18500/demods/2/sample.dio,279876561516544,4473,1048576.0
/dev18500/demods/2/sample.dio,279876561574912,4474,3221225664.0
/dev18500/demods/2/sample.dio,279876561633280,4475,1073741824.0
/dev18500/demods/2/sample.dio,279876561691648,4476,0.0
/dev18500/demods/2/sample.dio,279876561750016,4477,0.0
/dev18500/demods/2/sample.dio,279876561808384,4478,3222274240.0
/dev18500/demods/2/sample.dio,279876561866752,4479,3221225664.0
/dev18500/demods/2/sample.dio,279876561925120,4480,1073741824.0
/dev18500/demods/2/sample.dio,279876561983488,4481,0.0
/dev18500/demods/2/sample.dio,279876562041856,4482,0.0
/dev18500/demods/2/sample.dio,279876562100224,4483,3222274240.0
/dev18500/demods/2/sample.dio,279876562158592,4484,1073742016.0
/dev18500/demods/2/sample.dio,279876562216960,4485,1073741824.0
/dev18500/demods/2/sample.dio,279876562275328,4486,0.0
/dev18500/demods/2/sample.dio,279876562333696,4487,0.0
/dev18500/demods/2/sample.dio,279876562392064,4488,3221225664.0
/dev18500/demods/2/sample.dio,279876562450432,4489,1073750208.0
/dev18500/demods/2/sample.dio,279876562508800,4490,0.0
/dev18500/demods/2/sample.dio,279876562567168,4491,0.0
/dev18500/demods/2/sample.dio,279876562625536,4492,0.0
/dev18500/demods/2/sample.dio,279876562683904,4493,3221225664.0
/dev18500/demods/2/sample.dio,279876562742272,4494,1073741824.0
/dev18500/demods/2/sample.dio,279876562800640,4495,0.0
/dev18500/demods/2/sample.dio,279876562859008,4496,0.0
/dev18500/demods/2/sample.dio,279876562917376,4497,1048576.0
/dev18500/demods/2/sample.dio,279876562975744,4498,3221225664.0
/dev18500/demods/2/sample.dio,279876563034112,4499,1073741824.0
/dev18500/demods/2/sample.dio,279876563092480,4500,0.0
/dev18500/demods/2/sample.dio,279876563150848,4501,0.0
/dev18500/demods/2/sample.dio,279876563209216,4502,3222290496.0
/dev18500/demods/2/sample.dio,279876563267584,4503,3221225664.0
/dev18500/demods/2/sample.dio,279876563325952,4504,1073750016.0
/dev18500/demods/2/sample.dio,279876563384320,4505,0.0
/dev18500/demods/2/sample.dio,279876563442688,4506,0.0
/dev18500/demods/2/sample.dio,279876563501056,4507,3222274048.0
/dev18500/demods/2/sample.dio,279876563559424,4508,3221225664.0
/dev18500/demods/2/sample.dio,279876563617792,4509,1073741824.0
/dev18500/demods/2/sample.dio,279876563676160,4510,0.0
/dev18500/demods/2/sample.dio,279876563734528,4511,0.0
/dev18500/demods/2/sample.dio,279876563792896,4512,3221225664.0
/dev18500/demods/2/sample.dio,279876563851264,4513,3221225664.0
/dev18500/demods/2/sample.dio,279876563909632,4514,0.0
/dev18500/demods/2/sample.dio,279876563968000,4515,0.0
/dev18500/demods/2/sample.dio,279876564026368,4516,1048576.0
/dev18500/demods/2/sample.dio,279876564084736,4517,3222274240.0
/dev18500/demods/2/sample.dio,279876564143104,4518,1073741888.0
/dev18500/demods/2/sample.dio,279876564201472,4519,0.0
/dev18500/demods/2/sample.dio,279876564259840,4520,0.0
/dev18500/demods/2/sample.dio,279876564318208,4521,1048576.0
/dev18500/demods/2/sample.dio,279876564376576,4522,3222274240.0
/dev18500/demods/2/sample.dio,279876564434944,4523,1073741888.0
/dev18500/demods/2/sample.dio,279876564493312,4524,0.0
/dev18500/demods/2/sample.dio,279876564551680,4525,0.0
/dev18500/demods/2/sample.dio,279876564610048,4526,0.0
/dev18500/demods/2/sample.dio,279876564668416,4527,3221225664.0
/dev18500/demods/2/sample.dio,279876564726784,4528,1073741824.0
/dev18500/demods/2/sample.dio,279876564785152,4529,0.0
/dev18500/demods/2/sample.dio,279876564843520,4530,0.0
/dev18500/demods/2/sample.dio,279876564901888,4531,1074790400.0
/dev18500/demods/2/sample.dio,279876564960256,4532,3221225664.0
/dev18500/demods/2/sample.dio,279876565018624,4533,1073741824.0
/dev18500/demods/2/sample.dio,279876565076992,4534,0.0
/dev18500/demods/2/sample.dio,279876565135360,4535,0.0
/dev18500/demods/2/sample.dio,279876565193728,4536,3222274240.0
/dev18500/demods/2/sample.dio,279876565252096,4537,3221225664.0
/dev18500/demods/2/sample.dio,279876565310464,4538,1073741824.0
/dev18500/demods/2/sample.dio,279876565368832,4539,0.0
/dev18500/demods/2/sample.dio,279876565427200,4540,0.0
/dev18500/demods/2/sample.dio,279876565485568,4541,3221225664.0
/dev18500/demods/2/sample.dio,279876565543936,4542,1073742016.0
/dev18500/demods/2/sample.dio,279876565602304,4543,1073741824.0
/dev18500/demods/2/sample.dio,279876565660672,4544,0.0
/dev18500/demods/2/sample.dio,279876565719040,4545,0.0
/dev18500/demods/2/sample.dio,279876565777408,4546,3221225664.0
/dev18500/demods/2/sample.dio,279876565835776,4547,1073742016.0
/dev18500/demods/2/sample.dio,279876565894144,4548,8192.0
/dev18500/demods/2/sample.dio,279876565952512,4549,0.0
/dev18500/demods/2/sample.dio,279876566010880,4550,1048576.0
/dev18500/demods/2/sample.dio,279876566069248,4551,3221225664.0
/dev18500/demods/2/sample.dio,279876566127616,4552,1073750016.0
/dev18500/demods/2/sample.dio,279876566185984,4553,0.0
/dev18500/demods/2/sample.dio,279876566244352,4554,0.0
/dev18500/demods/2/sample.dio,279876566302720,4555,1048576.0
/dev18500/demods/2/sample.dio,279876566361088,4556,3221225664.0
/dev18500/demods/2/sample.dio,279876566419456,4557,1073741824.0
/dev18500/demods/2/sample.dio,279876566477824,4558,0.0
/dev18500/demods/2/sample.dio,279876566536192,4559,0.0
/dev18500/demods/2/sample.dio,279876566594560,4560,1074790400.0
/dev18500/demods/2/sample.dio,279876566652928,4561,3221225664.0
/dev18500/demods/2/sample.dio,279876566711296,4562,1073741824.0
/dev18500/demods/2/sample.dio,279876566769664,4563,0.0
/dev18500/demods/2/sample.dio,279876566828032,4564,0.0
/dev18500/demods/2/sample.dio,279876566886400,4565,3222290432.0
/dev18500/demods/2/sample.dio,279876566944768,4566,3221225664.0
/dev18500/demods/2/sample.dio,279876567003136,4567,1073741824.0
/dev18500/demods/2/sample.dio,279876567061504,4568,0.0
/dev18500/demods/2/sample.dio,279876567119872,4569,0.0
/dev18500/demods/2/sample.dio,279876567178240,4570,3222274240.0
/dev18500/demods/2/sample.dio,279876567236608,4571,3221225664.0
/dev18500/demods/2/sample.dio,279876567294976,4572,0.0
/dev18500/demods/2/sample.dio,279876567353344,4573,0.0
/dev18500/demods/2/sample.dio,279876567411712,4574,1048576.0
/dev18500/demods/2/sample.dio,279876567470080,4575,3222274240.0
/dev18500/demods/2/sample.dio,279876567528448,4576,1073742016.0
/dev18500/demods/2/sample.dio,279876567586816,4577,0.0
/dev18500/demods/2/sample.dio,279876567645184,4578,0.0
/dev18500/demods/2/sample.dio,279876567703552,4579,1048576.0
/dev18500/demods/2/sample.dio,279876567761920,4580,3221225664.0
/dev18500/demods/2/sample.dio,279876567820288,4581,1073741888.0
/dev18500/demods/2/sample.dio,279876567878656,4582,0.0
/dev18500/demods/2/sample.dio,279876567937024,4583,0.0
/dev18500/demods/2/sample.dio,279876567995392,4584,3222274048.0
/dev18500/demods/2/sample.dio,279876568053760,4585,3221225664.0
/dev18500/demods/2/sample.dio,279876568112128,4586,1073741824.0
/dev18500/demods/2/sample.dio,279876568170496,4587,0.0
/dev18500/demods/2/sample.dio,279876568228864,4588,0.0
/dev18500/demods/2/sample.dio,279876568287232,4589,1048576.0
/dev18500/demods/2/sample.dio,279876568345600,4590,3221225664.0
/dev18500/demods/2/sample.dio,279876568403968,4591,1073741824.0
/dev18500/demods/2/sample.dio,279876568462336,4592,0.0
/dev18500/demods/2/sample.dio,279876568520704,4593,0.0
/dev18500/demods/2/sample.dio,279876568579072,4594,3222274112.0
/dev18500/demods/2/sample.dio,279876568637440,4595,3221225664.0
/dev18500/demods/2/sample.dio,279876568695808,4596,1073750016.0
/dev18500/demods/2/sample.dio,279876568754176,4597,0.0
/dev18500/demods/2/sample.dio,279876568812544,4598,0.0
/dev18500/demods/2/sample.dio,279876568870912,4599,3221225536.0
/dev18500/demods/2/sample.dio,279876568929280,4600,3221225664.0
/dev18500/demods/2/sample.dio,279876568987648,4601,1073741824.0
/dev18500/demods/2/sample.dio,279876569046016,4602,0.0
/dev18500/demods/2/sample.dio,279876569104384,4603,0.0
/dev18500/demods/2/sample.dio,279876569162752,4604,3221225664.0
/dev18500/demods/2/sample.dio,279876569221120,4605,3221225664.0
/dev18500/demods/2/sample.dio,279876569279488,4606,0.0
/dev18500/demods/2/sample.dio,279876569337856,4607,0.0
/dev18500/demods/2/sample.dio,279876569396224,4608,1064960.0
/dev18500/demods/2/sample.dio,279876569454592,4609,3222290624.0
/dev18500/demods/2/sample.dio,279876569512960,4610,1073741824.0
/dev18500/demods/2/sample.dio,279876569571328,4611,0.0
/dev18500/demods/2/sample.dio,279876569629696,4612,0.0
/dev18500/demods/2/sample.dio,279876569688064,4613,1048576.0
/dev18500/demods/2/sample.dio,279876569746432,4614,3221225664.0
/dev18500/demods/2/sample.dio,279876569804800,4615,1073741824.0
/dev18500/demods/2/sample.dio,279876569863168,4616,0.0
/dev18500/demods/2/sample.dio,279876569921536,4617,0.0
/dev18500/demods/2/sample.dio,279876569979904,4618,3222274048.0
/dev18500/demods/2/sample.dio,279876570038272,4619,3221225664.0
/dev18500/demods/2/sample.dio,279876570096640,4620,1073741824.0
/dev18500/demods/2/sample.dio,279876570155008,4621,0.0
/dev18500/demods/2/sample.dio,279876570213376,4622,0.0
/dev18500/demods/2/sample.dio,279876570271744,4623,1048576.0
/dev18500/demods/2/sample.dio,279876570330112,4624,3221225664.0
/dev18500/demods/2/sample.dio,279876570388480,4625,1073741824.0
/dev18500/demods/2/sample.dio,279876570446848,4626,0.0
/dev18500/demods/2/sample.dio,279876570505216,4627,0.0
/dev18500/demods/2/sample.dio,279876570563584,4628,3222274240.0
/dev18500/demods/2/sample.dio,279876570621952,4629,3221225664.0
/dev18500/demods/2/sample.dio,279876570680320,4630,0.0
/dev18500/demods/2/sample.dio,279876570738688,4631,0.0
/dev18500/demods/2/sample.dio,279876570797056,4632,0.0
/dev18500/demods/2/sample.dio,279876570855424,4633,3222274240.0
/dev18500/demods/2/sample.dio,279876570913792,4634,1073742016.0
/dev18500/demods/2/sample.dio,279876570972160,4635,1073741824.0
/dev18500/demods/2/sample.dio,279876571030528,4636,0.0
/dev18500/demods/2/sample.dio,279876571088896,4637,0.0
/dev18500/demods/2/sample.dio,279876571147264,4638,3221225664.0
/dev18500/demods/2/sample.dio,279876571205632,4639,1073742016.0
/dev18500/demods/2/sample.dio,279876571264000,4640,0.0
/dev18500/demods/2/sample.dio,279876571322368,4641,0.0
/dev18500/demods/2/sample.dio,279876571380736,4642,3222274048.0
/dev18500/demods/2/sample.dio,279876571439104,4643,3222274240.0
/dev18500/demods/2/sample.dio,279876571497472,4644,1073741824.0
/dev18500/demods/2/sample.dio,279876571555840,4645,0.0
/dev18500/demods/2/sample.dio,279876571614208,4646,0.0
/dev18500/demods/2/sample.dio,279876571672576,4647,1074790400.0
/dev18500/demods/2/sample.dio,279876571730944,4648,3221225664.0
/dev18500/demods/2/sample.dio,279876571789312,4649,1073741824.0
/dev18500/demods/2/sample.dio,279876571847680,4650,0.0
/dev18500/demods/2/sample.dio,279876571906048,4651,0.0
/dev18500/demods/2/sample.dio,279876571964416,4652,3222274112.0
/dev18500/demods/2/sample.dio,279876572022784,4653,3221225664.0
/dev18500/demods/2/sample.dio,279876572081152,4654,1073741824.0
/dev18500/demods/2/sample.dio,279876572139520,4655,0.0
/dev18500/demods/2/sample.dio,279876572197888,4656,16384.0
/dev18500/demods/2/sample.dio,279876572256256,4657,3221225472.0
/dev18500/demods/2/sample.dio,279876572314624,4658,3221225664.0
/dev18500/demods/2/sample.dio,279876572372992,4659,1073741824.0
/dev18500/demods/2/sample.dio,279876572431360,4660,0.0
/dev18500/demods/2/sample.dio,279876572489728,4661,0.0
/dev18500/demods/2/sample.dio,279876572548096,4662,3222274240.0
/dev18500/demods/2/sample.dio,279876572606464,4663,3221225664.0
/dev18500/demods/2/sample.dio,279876572664832,4664,0.0
/dev18500/demods/2/sample.dio,279876572723200,4665,0.0
/dev18500/demods/2/sample.dio,279876572781568,4666,1048576.0
/dev18500/demods/2/sample.dio,279876572839936,4667,3221225664.0
/dev18500/demods/2/sample.dio,279876572898304,4668,1073750016.0
/dev18500/demods/2/sample.dio,279876572956672,4669,8192.0
/dev18500/demods/2/sample.dio,279876573015040,4670,0.0
/dev18500/demods/2/sample.dio,279876573073408,4671,0.0
/dev18500/demods/2/sample.dio,279876573131776,4672,3222274240.0
/dev18500/demods/2/sample.dio,279876573190144,4673,1073741888.0
/dev18500/demods/2/sample.dio,279876573248512,4674,0.0
/dev18500/demods/2/sample.dio,279876573306880,4675,0.0
/dev18500/demods/2/sample.dio,279876573365248,4676,3222274048.0
/dev18500/demods/2/sample.dio,279876573423616,4677,3221225664.0
/dev18500/demods/2/sample.dio,279876573481984,4678,1073741824.0
/dev18500/demods/2/sample.dio,279876573540352,4679,0.0
/dev18500/demods/2/sample.dio,279876573598720,4680,0.0
/dev18500/demods/2/sample.dio,279876573657088,4681,1064960.0
/dev18500/demods/2/sample.dio,279876573715456,4682,3221225664.0
/dev18500/demods/2/sample.dio,279876573773824,4683,1073741824.0
/dev18500/demods/2/sample.dio,279876573832192,4684,0.0
/dev18500/demods/2/sample.dio,279876573890560,4685,0.0
/dev18500/demods/2/sample.dio,279876573948928,4686,3222274240.0
/dev18500/demods/2/sample.dio,279876574007296,4687,3221225664.0
/dev18500/demods/2/sample.dio,279876574065664,4688,1073741824.0
/dev18500/demods/2/sample.dio,279876574124032,4689,0.0
/dev18500/demods/2/sample.dio,279876574182400,4690,0.0
/dev18500/demods/2/sample.dio,279876574240768,4691,3222274240.0
/dev18500/demods/2/sample.dio,279876574299136,4692,1073742016.0
/dev18500/demods/2/sample.dio,279876574357504,4693,1073741824.0
/dev18500/demods/2/sample.dio,279876574415872,4694,0.0
/dev18500/demods/2/sample.dio,279876574474240,4695,0.0
/dev18500/demods/2/sample.dio,279876574532608,4696,3222274240.0
/dev18500/demods/2/sample.dio,279876574590976,4697,1073742016.0
/dev18500/demods/2/sample.dio,279876574649344,4698,0.0
/dev18500/demods/2/sample.dio,279876574707712,4699,0.0
/dev18500/demods/2/sample.dio,279876574766080,4700,1074790400.0
/dev18500/demods/2/sample.dio,279876574824448,4701,3222274240.0
/dev18500/demods/2/sample.dio,279876574882816,4702,1073741824.0
/dev18500/demods/2/sample.dio,279876574941184,4703,0.0
/dev18500/demods/2/sample.dio,279876574999552,4704,0.0
/dev18500/demods/2/sample.dio,279876575057920,4705,1048576.0
/dev18500/demods/2/sample.dio,279876575116288,4706,3221225664.0
/dev18500/demods/2/sample.dio,279876575174656,4707,1073741888.0
/dev18500/demods/2/sample.dio,279876575233024,4708,0.0
/dev18500/demods/2/sample.dio,279876575291392,4709,0.0
/dev18500/demods/2/sample.dio,279876575349760,4710,3222274112.0
/dev18500/demods/2/sample.dio,279876575408128,4711,3221225664.0
/dev18500/demods/2/sample.dio,279876575466496,4712,1073741824.0
/dev18500/demods/2/sample.dio,279876575524864,4713,0.0
/dev18500/demods/2/sample.dio,279876575583232,4714,0.0
/dev18500/demods/2/sample.dio,279876575641600,4715,3222274112.0
/dev18500/demods/2/sample.dio,279876575699968,4716,3221225664.0
/dev18500/demods/2/sample.dio,279876575758336,4717,1073741824.0
/dev18500/demods/2/sample.dio,279876575816704,4718,0.0
/dev18500/demods/2/sample.dio,279876575875072,4719,0.0
/dev18500/demods/2/sample.dio,279876575933440,4720,3222274240.0
/dev18500/demods/2/sample.dio,279876575991808,4721,3221225664.0
/dev18500/demods/2/sample.dio,279876576050176,4722,0.0
/dev18500/demods/2/sample.dio,279876576108544,4723,0.0
/dev18500/demods/2/sample.dio,279876576166912,4724,1048576.0
/dev18500/demods/2/sample.dio,279876576225280,4725,3221225664.0
/dev18500/demods/2/sample.dio,279876576283648,4726,1073741824.0
/dev18500/demods/2/sample.dio,279876576342016,4727,0.0
/dev18500/demods/2/sample.dio,279876576400384,4728,0.0
/dev18500/demods/2/sample.dio,279876576458752,4729,0.0
/dev18500/demods/2/sample.dio,279876576517120,4730,3221225664.0
/dev18500/demods/2/sample.dio,279876576575488,4731,1073750208.0
/dev18500/demods/2/sample.dio,279876576633856,4732,0.0
/dev18500/demods/2/sample.dio,279876576692224,4733,0.0
/dev18500/demods/2/sample.dio,279876576750592,4734,1073741824.0
/dev18500/demods/2/sample.dio,279876576808960,4735,3221225664.0
/dev18500/demods/2/sample.dio,279876576867328,4736,1073741824.0
/dev18500/demods/2/sample.dio,279876576925696,4737,0.0
/dev18500/demods/2/sample.dio,279876576984064,4738,0.0
/dev18500/demods/2/sample.dio,279876577042432,4739,1074790400.0
/dev18500/demods/2/sample.dio,279876577100800,4740,3221225664.0
/dev18500/demods/2/sample.dio,279876577159168,4741,1073741824.0
/dev18500/demods/2/sample.dio,279876577217536,4742,0.0
/dev18500/demods/2/sample.dio,279876577275904,4743,0.0
/dev18500/demods/2/sample.dio,279876577334272,4744,3222274240.0
/dev18500/demods/2/sample.dio,279876577392640,4745,3221225664.0
/dev18500/demods/2/sample.dio,279876577451008,4746,1073750016.0
/dev18500/demods/2/sample.dio,279876577509376,4747,0.0
/dev18500/demods/2/sample.dio,279876577567744,4748,0.0
/dev18500/demods/2/sample.dio,279876577626112,4749,3222274048.0
/dev18500/demods/2/sample.dio,279876577684480,4750,1073750208.0
/dev18500/demods/2/sample.dio,279876577742848,4751,1073741824.0
/dev18500/demods/2/sample.dio,279876577801216,4752,0.0
/dev18500/demods/2/sample.dio,279876577859584,4753,0.0
/dev18500/demods/2/sample.dio,279876577917952,4754,3222274240.0
/dev18500/demods/2/sample.dio,279876577976320,4755,1073742016.0
/dev18500/demods/2/sample.dio,279876578034688,4756,8192.0
/dev18500/demods/2/sample.dio,279876578093056,4757,0.0
/dev18500/demods/2/sample.dio,279876578151424,4758,1048576.0
/dev18500/demods/2/sample.dio,279876578209792,4759,3222274240.0
/dev18500/demods/2/sample.dio,279876578268160,4760,1073741888.0
/dev18500/demods/2/sample.dio,279876578326528,4761,0.0
/dev18500/demods/2/sample.dio,279876578384896,4762,0.0
/dev18500/demods/2/sample.dio,279876578443264,4763,1048576.0
/dev18500/demods/2/sample.dio,279876578501632,4764,3221225664.0
/dev18500/demods/2/sample.dio,279876578560000,4765,1073741824.0
/dev18500/demods/2/sample.dio,279876578618368,4766,0.0
/dev18500/demods/2/sample.dio,279876578676736,4767,0.0
/dev18500/demods/2/sample.dio,279876578735104,4768,3222274048.0
/dev18500/demods/2/sample.dio,279876578793472,4769,3221225664.0
/dev18500/demods/2/sample.dio,279876578851840,4770,1073750016.0
/dev18500/demods/2/sample.dio,279876578910208,4771,0.0
/dev18500/demods/2/sample.dio,279876578968576,4772,0.0
/dev18500/demods/2/sample.dio,279876579026944,4773,3222274048.0
/dev18500/demods/2/sample.dio,279876579085312,4774,3221225664.0
/dev18500/demods/2/sample.dio,279876579143680,4775,1073750016.0
/dev18500/demods/2/sample.dio,279876579202048,4776,0.0
/dev18500/demods/2/sample.dio,279876579260416,4777,0.0
/dev18500/demods/2/sample.dio,279876579318784,4778,3222274112.0
/dev18500/demods/2/sample.dio,279876579377152,4779,3221225664.0
/dev18500/demods/2/sample.dio,279876579435520,4780,1073741824.0
/dev18500/demods/2/sample.dio,279876579493888,4781,0.0
/dev18500/demods/2/sample.dio,279876579552256,4782,0.0
/dev18500/demods/2/sample.dio,279876579610624,4783,3221225664.0
/dev18500/demods/2/sample.dio,279876579668992,4784,1073741888.0
/dev18500/demods/2/sample.dio,279876579727360,4785,1073741824.0
/dev18500/demods/2/sample.dio,279876579785728,4786,0.0
/dev18500/demods/2/sample.dio,279876579844096,4787,16384.0
/dev18500/demods/2/sample.dio,279876579902464,4788,3221242048.0
/dev18500/demods/2/sample.dio,279876579960832,4789,1073750208.0
/dev18500/demods/2/sample.dio,279876580019200,4790,0.0
/dev18500/demods/2/sample.dio,279876580077568,4791,0.0
/dev18500/demods/2/sample.dio,279876580135936,4792,1074790400.0
/dev18500/demods/2/sample.dio,279876580194304,4793,3221225664.0
/dev18500/demods/2/sample.dio,279876580252672,4794,1073741824.0
/dev18500/demods/2/sample.dio,279876580311040,4795,0.0
/dev18500/demods/2/sample.dio,279876580369408,4796,0.0
/dev18500/demods/2/sample.dio,279876580427776,4797,1048576.0
/dev18500/demods/2/sample.dio,279876580486144,4798,3221225664.0
/dev18500/demods/2/sample.dio,279876580544512,4799,1073741824.0
/dev18500/demods/2/sample.dio,279876580602880,4800,0.0
/dev18500/demods/2/sample.dio,279876580661248,4801,0.0
/dev18500/demods/2/sample.dio,279876580719616,4802,3222274112.0
/dev18500/demods/2/sample.dio,279876580777984,4803,3221225664.0
/dev18500/demods/2/sample.dio,279876580836352,4804,1073741824.0
/dev18500/demods/2/sample.dio,279876580894720,4805,0.0
/dev18500/demods/2/sample.dio,279876580953088,4806,0.0
/dev18500/demods/2/sample.dio,279876581011456,4807,3222274112.0
/dev18500/demods/2/sample.dio,279876581069824,4808,3221225664.0
/dev18500/demods/2/sample.dio,279876581128192,4809,1073741824.0
/dev18500/demods/2/sample.dio,279876581186560,4810,0.0
/dev18500/demods/2/sample.dio,279876581244928,4811,0.0
/dev18500/demods/2/sample.dio,279876581303296,4812,3222274240.0
/dev18500/demods/2/sample.dio,279876581361664,4813,3221233856.0
/dev18500/demods/2/sample.dio,279876581420032,4814,0.0
/dev18500/demods/2/sample.dio,279876581478400,4815,0.0
/dev18500/demods/2/sample.dio,279876581536768,4816,1064960.0
/dev18500/demods/2/sample.dio,279876581595136,4817,3222274112.0
/dev18500/demods/2/sample.dio,279876581653504,4818,1073741888.0
/dev18500/demods/2/sample.dio,279876581711872,4819,0.0
/dev18500/demods/2/sample.dio,279876581770240,4820,0.0
/dev18500/demods/2/sample.dio,279876581828608,4821,1048576.0
/dev18500/demods/2/sample.dio,279876581886976,4822,3221225664.0
/dev18500/demods/2/sample.dio,279876581945344,4823,1073741888.0
/dev18500/demods/2/sample.dio,279876582003712,4824,0.0
/dev18500/demods/2/sample.dio,279876582062080,4825,0.0
/dev18500/demods/2/sample.dio,279876582120448,4826,3222274048.0
/dev18500/demods/2/sample.dio,279876582178816,4827,3222274240.0
/dev18500/demods/2/sample.dio,279876582237184,4828,1073741824.0
/dev18500/demods/2/sample.dio,279876582295552,4829,0.0
/dev18500/demods/2/sample.dio,279876582353920,4830,0.0
/dev18500/demods/2/sample.dio,279876582412288,4831,1048576.0
/dev18500/demods/2/sample.dio,279876582470656,4832,3221225664.0
/dev18500/demods/2/sample.dio,279876582529024,4833,1073741824.0
/dev18500/demods/2/sample.dio,279876582587392,4834,0.0
/dev18500/demods/2/sample.dio,279876582645760,4835,0.0
/dev18500/demods/2/sample.dio,279876582704128,4836,3222274112.0
/dev18500/demods/2/sample.dio,279876582762496,4837,3221225664.0
/dev18500/demods/2/sample.dio,279876582820864,4838,1073750016.0
/dev18500/demods/2/sample.dio,279876582879232,4839,0.0
/dev18500/demods/2/sample.dio,279876582937600,4840,0.0
/dev18500/demods/2/sample.dio,279876582995968,4841,3222274112.0
/dev18500/demods/2/sample.dio,279876583054336,4842,3221225664.0
/dev18500/demods/2/sample.dio,279876583112704,4843,1073741824.0
/dev18500/demods/2/sample.dio,279876583171072,4844,0.0
/dev18500/demods/2/sample.dio,279876583229440,4845,0.0
/dev18500/demods/2/sample.dio,279876583287808,4846,3221225664.0
/dev18500/demods/2/sample.dio,279876583346176,4847,1073742016.0
/dev18500/demods/2/sample.dio,279876583404544,4848,0.0
/dev18500/demods/2/sample.dio,279876583462912,4849,0.0
/dev18500/demods/2/sample.dio,279876583521280,4850,1064960.0
/dev18500/demods/2/sample.dio,279876583579648,4851,3221225664.0
/dev18500/demods/2/sample.dio,279876583638016,4852,1073750016.0
/dev18500/demods/2/sample.dio,279876583696384,4853,0.0
/dev18500/demods/2/sample.dio,279876583754752,4854,0.0
/dev18500/demods/2/sample.dio,279876583813120,4855,1048576.0
/dev18500/demods/2/sample.dio,279876583871488,4856,3221225664.0
/dev18500/demods/2/sample.dio,279876583929856,4857,1073741824.0
/dev18500/demods/2/sample.dio,279876583988224,4858,0.0
/dev18500/demods/2/sample.dio,279876584046592,4859,0.0
/dev18500/demods/2/sample.dio,279876584104960,4860,3222274048.0
/dev18500/demods/2/sample.dio,279876584163328,4861,3221225664.0
/dev18500/demods/2/sample.dio,279876584221696,4862,1073741824.0
/dev18500/demods/2/sample.dio,279876584280064,4863,0.0
/dev18500/demods/2/sample.dio,279876584338432,4864,0.0
/dev18500/demods/2/sample.dio,279876584396800,4865,3222274048.0
/dev18500/demods/2/sample.dio,279876584455168,4866,3221233856.0
/dev18500/demods/2/sample.dio,279876584513536,4867,1073741824.0
/dev18500/demods/2/sample.dio,279876584571904,4868,0.0
/dev18500/demods/2/sample.dio,279876584630272,4869,0.0
/dev18500/demods/2/sample.dio,279876584688640,4870,3222274240.0
/dev18500/demods/2/sample.dio,279876584747008,4871,3221225664.0
/dev18500/demods/2/sample.dio,279876584805376,4872,0.0
/dev18500/demods/2/sample.dio,279876584863744,4873,0.0
/dev18500/demods/2/sample.dio,279876584922112,4874,1048576.0
/dev18500/demods/2/sample.dio,279876584980480,4875,3222274112.0
/dev18500/demods/2/sample.dio,279876585038848,4876,1073741888.0
/dev18500/demods/2/sample.dio,279876585097216,4877,1073741824.0
/dev18500/demods/2/sample.dio,279876585155584,4878,0.0
/dev18500/demods/2/sample.dio,279876585213952,4879,0.0
/dev18500/demods/2/sample.dio,279876585272320,4880,3221225664.0
/dev18500/demods/2/sample.dio,279876585330688,4881,3221225664.0
/dev18500/demods/2/sample.dio,279876585389056,4882,0.0
/dev18500/demods/2/sample.dio,279876585447424,4883,0.0
/dev18500/demods/2/sample.dio,279876585505792,4884,1074790400.0
/dev18500/demods/2/sample.dio,279876585564160,4885,3222274240.0
/dev18500/demods/2/sample.dio,279876585622528,4886,1073750016.0
/dev18500/demods/2/sample.dio,279876585680896,4887,0.0
/dev18500/demods/2/sample.dio,279876585739264,4888,0.0
/dev18500/demods/2/sample.dio,279876585797632,4889,1048576.0
/dev18500/demods/2/sample.dio,279876585856000,4890,3221233856.0
/dev18500/demods/2/sample.dio,279876585914368,4891,1073741824.0
/dev18500/demods/2/sample.dio,279876585972736,4892,0.0
/dev18500/demods/2/sample.dio,279876586031104,4893,0.0
/dev18500/demods/2/sample.dio,279876586089472,4894,3222274112.0
/dev18500/demods/2/sample.dio,279876586147840,4895,3221225664.0
/dev18500/demods/2/sample.dio,279876586206208,4896,1073741824.0
/dev18500/demods/2/sample.dio,279876586264576,4897,0.0
/dev18500/demods/2/sample.dio,279876586322944,4898,0.0
/dev18500/demods/2/sample.dio,279876586381312,4899,3222274112.0
/dev18500/demods/2/sample.dio,279876586439680,4900,3221225664.0
/dev18500/demods/2/sample.dio,279876586498048,4901,1073741824.0
/dev18500/demods/2/sample.dio,279876586556416,4902,0.0
/dev18500/demods/2/sample.dio,279876586614784,4903,0.0
/dev18500/demods/2/sample.dio,279876586673152,4904,3221225664.0
/dev18500/demods/2/sample.dio,279876586731520,4905,3221225664.0
/dev18500/demods/2/sample.dio,279876586789888,4906,0.0
/dev18500/demods/2/sample.dio,279876586848256,4907,0.0
/dev18500/demods/2/sample.dio,279876586906624,4908,1064960.0
/dev18500/demods/2/sample.dio,279876586964992,4909,3221225664.0
/dev18500/demods/2/sample.dio,279876587023360,4910,1073741824.0
/dev18500/demods/2/sample.dio,279876587081728,4911,0.0
/dev18500/demods/2/sample.dio,279876587140096,4912,0.0
/dev18500/demods/2/sample.dio,279876587198464,4913,0.0
/dev18500/demods/2/sample.dio,279876587256832,4914,3221233856.0
/dev18500/demods/2/sample.dio,279876587315200,4915,1073742016.0
/dev18500/demods/2/sample.dio,279876587373568,4916,0.0
/dev18500/demods/2/sample.dio,279876587431936,4917,0.0
/dev18500/demods/2/sample.dio,279876587490304,4918,3222274048.0
/dev18500/demods/2/sample.dio,279876587548672,4919,3221225664.0
/dev18500/demods/2/sample.dio,279876587607040,4920,1073741824.0
/dev18500/demods/2/sample.dio,279876587665408,4921,0.0
/dev18500/demods/2/sample.dio,279876587723776,4922,0.0
/dev18500/demods/2/sample.dio,279876587782144,4923,3222274048.0
/dev18500/demods/2/sample.dio,279876587840512,4924,3221225664.0
/dev18500/demods/2/sample.dio,279876587898880,4925,1073741824.0
/dev18500/demods/2/sample.dio,279876587957248,4926,0.0
/dev18500/demods/2/sample.dio,279876588015616,4927,0.0
/dev18500/demods/2/sample.dio,279876588073984,4928,3222274240.0
/dev18500/demods/2/sample.dio,279876588132352,4929,3221233856.0
/dev18500/demods/2/sample.dio,279876588190720,4930,0.0
/dev18500/demods/2/sample.dio,279876588249088,4931,0.0
/dev18500/demods/2/sample.dio,279876588307456,4932,1048576.0
/dev18500/demods/2/sample.dio,279876588365824,4933,3222274240.0
/dev18500/demods/2/sample.dio,279876588424192,4934,1073741888.0
/dev18500/demods/2/sample.dio,279876588482560,4935,1073741824.0
/dev18500/demods/2/sample.dio,279876588540928,4936,0.0
/dev18500/demods/2/sample.dio,279876588599296,4937,0.0
/dev18500/demods/2/sample.dio,279876588657664,4938,3221242048.0
/dev18500/demods/2/sample.dio,279876588716032,4939,3221225664.0
/dev18500/demods/2/sample.dio,279876588774400,4940,0.0
/dev18500/demods/2/sample.dio,279876588832768,4941,0.0
/dev18500/demods/2/sample.dio,279876588891136,4942,1074790400.0
/dev18500/demods/2/sample.dio,279876588949504,4943,3221242048.0
/dev18500/demods/2/sample.dio,279876589007872,4944,1073741824.0
/dev18500/demods/2/sample.dio,279876589066240,4945,0.0
/dev18500/demods/2/sample.dio,279876589124608,4946,0.0
/dev18500/demods/2/sample.dio,279876589182976,4947,1048576.0
/dev18500/demods/2/sample.dio,279876589241344,4948,3221225664.0
/dev18500/demods/2/sample.dio,279876589299712,4949,1073741824.0
/dev18500/demods/2/sample.dio,279876589358080,4950,0.0
/dev18500/demods/2/sample.dio,279876589416448,4951,0.0
/dev18500/demods/2/sample.dio,279876589474816,4952,3222274112.0
/dev18500/demods/2/sample.dio,279876589533184,4953,3221225664.0
/dev18500/demods/2/sample.dio,279876589591552,4954,1073741824.0
/dev18500/demods/2/sample.dio,279876589649920,4955,0.0
/dev18500/demods/2/sample.dio,279876589708288,4956,1048576.0
/dev18500/demods/2/sample.dio,279876589766656,4957,3222274048.0
/dev18500/demods/2/sample.dio,279876589825024,4958,3221225664.0
/dev18500/demods/2/sample.dio,279876589883392,4959,1073741824.0
/dev18500/demods/2/sample.dio,279876589941760,4960,0.0
/dev18500/demods/2/sample.dio,279876590000128,4961,0.0
/dev18500/demods/2/sample.dio,279876590058496,4962,3222274240.0
/dev18500/demods/2/sample.dio,279876590116864,4963,3221225664.0
/dev18500/demods/2/sample.dio,279876590175232,4964,1073741824.0
/dev18500/demods/2/sample.dio,279876590233600,4965,0.0
/dev18500/demods/2/sample.dio,279876590291968,4966,0.0
/dev18500/demods/2/sample.dio,279876590350336,4967,3221225664.0
/dev18500/demods/2/sample.dio,279876590408704,4968,1073750016.0
/dev18500/demods/2/sample.dio,279876590467072,4969,0.0
/dev18500/demods/2/sample.dio,279876590525440,4970,0.0
/dev18500/demods/2/sample.dio,279876590583808,4971,0.0
/dev18500/demods/2/sample.dio,279876590642176,4972,3221225664.0
/dev18500/demods/2/sample.dio,279876590700544,4973,1073742016.0
/dev18500/demods/2/sample.dio,279876590758912,4974,0.0
/dev18500/demods/2/sample.dio,279876590817280,4975,0.0
/dev18500/demods/2/sample.dio,279876590875648,4976,3222274048.0
/dev18500/demods/2/sample.dio,279876590934016,4977,3221225664.0
/dev18500/demods/2/sample.dio,279876590992384,4978,1073741824.0
/dev18500/demods/2/sample.dio,279876591050752,4979,0.0
/dev18500/demods/2/sample.dio,279876591109120,4980,0.0
/dev18500/demods/2/sample.dio,279876591167488,4981,3222274048.0
/dev18500/demods/2/sample.dio,279876591225856,4982,3221225664.0
/dev18500/demods/2/sample.dio,279876591284224,4983,1073741824.0
/dev18500/demods/2/sample.dio,279876591342592,4984,0.0
/dev18500/demods/2/sample.dio,279876591400960,4985,0.0
/dev18500/demods/2/sample.dio,279876591459328,4986,3222274240.0
/dev18500/demods/2/sample.dio,279876591517696,4987,3221225664.0
/dev18500/demods/2/sample.dio,279876591576064,4988,0.0
/dev18500/demods/2/sample.dio,279876591634432,4989,0.0
/dev18500/demods/2/sample.dio,279876591692800,4990,1048576.0
/dev18500/demods/2/sample.dio,279876591751168,4991,3222274240.0
/dev18500/demods/2/sample.dio,279876591809536,4992,1073742016.0
/dev18500/demods/2/sample.dio,279876591867904,4993,0.0
/dev18500/demods/2/sample.dio,279876591926272,4994,0.0
/dev18500/demods/2/sample.dio,279876591984640,4995,0.0
/dev18500/demods/2/sample.dio,279876592043008,4996,3221225664.0
/dev18500/demods/2/sample.dio,279876592101376,4997,1073750208.0
/dev18500/demods/2/sample.dio,279876592159744,4998,0.0
/dev18500/demods/2/sample.dio,279876592218112,4999,0.0
