"FullName","Length"
"C:\Users\Chris\Documents\GitHub\Control_System\evidence\experiments\runs\authorized_mbco_phase_reconstruction_20260904T002152_3132654Z\retry_06_buffered_single_rearm_ddg_20260904T021526_1936864Z\Phase Scan\2026-09-04\20260904T021539_510021Z_run\partial\scan_0000391_attempt_01.npz","1729"
"C:\Users\Chris\Documents\GitHub\Control_System\evidence\experiments\runs\authorized_mbco_phase_reconstruction_20260904T002152_3132654Z\retry_06_buffered_single_rearm_ddg_20260904T021526_1936864Z\Phase Scan\2026-09-04\20260904T021539_510021Z_run\raw\rep_0001\scan_0000000_baseline_attempt_00.npz","17124312"
"C:\Users\Chris\Documents\GitHub\Control_System\evidence\experiments\runs\authorized_mbco_phase_reconstruction_20260904T002152_3132654Z\retry_06_buffered_single_rearm_ddg_20260904T021526_1936864Z\Phase Scan\2026-09-04\20260904T021539_510021Z_run\raw\rep_0001\scan_0000001_phase_000000_attempt_00.npz","14266374"
"C:\Users\Chris\Documents\GitHub\Control_System\evidence\experiments\runs\authorized_mbco_phase_reconstruction_20260904T002152_3132654Z\retry_06_buffered_single_rearm_ddg_20260904T021526_1936864Z\Phase Scan\2026-09-04\20260904T021539_510021Z_run\raw\rep_0001\scan_0000002_phase_000001_attempt_00.npz","13928334"
"C:\Users\Chris\Documents\GitHub\Control_System\evidence\experiments\runs\authorized_mbco_phase_reconstruction_20260904T002152_3132654Z\retry_06_buffered_single_rearm_ddg_20260904T021526_1936864Z\Phase Scan\2026-09-04\20260904T021539_510021Z_run\raw\rep_0001\scan_0000003_phase_000002_attempt_00.npz","13670282"
"C:\Users\Chris\Documents\GitHub\Control_System\evidence\experiments\runs\authorized_mbco_phase_reconstruction_20260904T002152_3132654Z\retry_06_buffered_single_rearm_ddg_20260904T021526_1936864Z\Phase Scan\2026-09-04\20260904T021539_510021Z_run\raw\rep_0001\scan_0000004_phase_000003_attempt_00.npz","13346666"
"C:\Users\Chris\Documents\GitHub\Control_System\evidence\experiments\runs\authorized_mbco_phase_reconstruction_20260904T002152_3132654Z\retry_06_buffered_single_rearm_ddg_20260904T021526_1936864Z\Phase Scan\2026-09-04\20260904T021539_510021Z_run\raw\rep_0001\scan_0000005_phase_000004_attempt_00.npz","13344270"
"C:\Users\Chris\Documents\GitHub\Control_System\evidence\experiments\runs\authorized_mbco_phase_reconstruction_20260904T002152_3132654Z\retry_06_buffered_single_rearm_ddg_20260904T021526_1936864Z\Phase Scan\2026-09-04\20260904T021539_510021Z_run\raw\rep_0001\scan_0000006_phase_000005_attempt_00.npz","13646670"
"C:\Users\Chris\Documents\GitHub\Control_System\evidence\experiments\runs\authorized_mbco_phase_reconstruction_20260904T002152_3132654Z\retry_06_buffered_single_rearm_ddg_20260904T021526_1936864Z\Phase Scan\2026-09-04\20260904T021539_510021Z_run\raw\rep_0001\scan_0000007_phase_000006_attempt_00.npz","13853282"
"C:\Users\Chris\Documents\GitHub\Control_System\evidence\experiments\runs\authorized_mbco_phase_reconstruction_20260904T002152_3132654Z\retry_06_buffered_single_rearm_ddg_20260904T021526_1936864Z\Phase Scan\2026-09-04\20260904T021539_510021Z_run\raw\rep_0001\scan_0000008_phase_000007_attempt_00.npz","13250128"
"C:\Users\Chris\Documents\GitHub\Control_System\evidence\experiments\runs\authorized_mbco_phase_reconstruction_20260904T002152_3132654Z\retry_06_buffered_single_rearm_ddg_20260904T021526_1936864Z\Phase Scan\2026-09-04\20260904T021539_510021Z_run\raw\rep_0001\scan_0000009_phase_000008_attempt_00.npz","13521046"
"C:\Users\Chris\Documents\GitHub\Control_System\evidence\experiments\runs\authorized_mbco_phase_reconstruction_20260904T002152_3132654Z\retry_06_buffered_single_rearm_ddg_20260904T021526_1936864Z\Phase Scan\2026-09-04\20260904T021539_510021Z_run\raw\rep_0001\scan_0000010_phase_000009_attempt_00.npz","14022906"
"C:\Users\Chris\Documents\GitHub\Control_System\evidence\experiments\runs\authorized_mbco_phase_reconstruction_20260904T002152_3132654Z\retry_06_buffered_single_rearm_ddg_20260904T021526_1936864Z\Phase Scan\2026-09-04\20260904T021539_510021Z_run\raw\rep_0001\scan_0000011_phase_000010_attempt_00.npz","13036488"
"C:\Users\Chris\Documents\GitHub\Control_System\evidence\experiments\runs\authorized_mbco_phase_reconstruction_20260904T002152_3132654Z\retry_06_buffered_single_rearm_ddg_20260904T021526_1936864Z\Phase Scan\2026-09-04\20260904T021539_510021Z_run\raw\rep_0001\scan_0000012_phase_000011_attempt_00.npz","13507174"
"C:\Users\Chris\Documents\GitHub\Control_System\evidence\experiments\runs\authorized_mbco_phase_reconstruction_20260904T002152_3132654Z\retry_06_buffered_single_rearm_ddg_20260904T021526_1936864Z\Phase Scan\2026-09-04\20260904T021539_510021Z_run\raw\rep_0001\scan_0000013_phase_000012_attempt_00.npz","13746430"
"C:\Users\Chris\Documents\GitHub\Control_System\evidence\experiments\runs\authorized_mbco_phase_reconstruction_20260904T002152_3132654Z\retry_06_buffered_single_rearm_ddg_20260904T021526_1936864Z\Phase Scan\2026-09-04\20260904T021539_510021Z_run\raw\rep_0001\scan_0000014_phase_000013_attempt_00.npz","13728258"
"C:\Users\Chris\Documents\GitHub\Control_System\evidence\experiments\runs\authorized_mbco_phase_reconstruction_20260904T002152_3132654Z\retry_06_buffered_single_rearm_ddg_20260904T021526_1936864Z\Phase Scan\2026-09-04\20260904T021539_510021Z_run\raw\rep_0001\scan_0000015_phase_000014_attempt_00.npz","13739362"
"C:\Users\Chris\Documents\GitHub\Control_System\evidence\experiments\runs\authorized_mbco_phase_reconstruction_20260904T002152_3132654Z\retry_06_buffered_single_rearm_ddg_20260904T021526_1936864Z\Phase Scan\2026-09-04\20260904T021539_510021Z_run\raw\rep_0001\scan_0000016_phase_000015_attempt_00.npz","13837154"
"C:\Users\Chris\Documents\GitHub\Control_System\evidence\experiments\runs\authorized_mbco_phase_reconstruction_20260904T002152_3132654Z\retry_06_buffered_single_rearm_ddg_20260904T021526_1936864Z\Phase Scan\2026-09-04\20260904T021539_510021Z_run\raw\rep_0001\scan_0000017_phase_000016_attempt_00.npz","13555354"
"C:\Users\Chris\Documents\GitHub\Control_System\evidence\experiments\runs\authorized_mbco_phase_reconstruction_20260904T002152_3132654Z\retry_06_buffered_single_rearm_ddg_20260904T021526_1936864Z\Phase Scan\2026-09-04\20260904T021539_510021Z_run\raw\rep_0001\scan_0000018_phase_000017_attempt_00.npz","14305638"
"C:\Users\Chris\Documents\GitHub\Control_System\evidence\experiments\runs\authorized_mbco_phase_reconstruction_20260904T002152_3132654Z\retry_06_buffered_single_rearm_ddg_20260904T021526_1936864Z\Phase Scan\2026-09-04\20260904T021539_510021Z_run\raw\rep_0001\scan_0000019_phase_000018_attempt_00.npz","13535350"
"C:\Users\Chris\Documents\GitHub\Control_System\evidence\experiments\runs\authorized_mbco_phase_reconstruction_20260904T002152_3132654Z\retry_06_buffered_single_rearm_ddg_20260904T021526_1936864Z\Phase Scan\2026-09-04\20260904T021539_510021Z_run\raw\rep_0001\scan_0000020_phase_000019_attempt_00.npz","13717250"
"C:\Users\Chris\Documents\GitHub\Control_System\evidence\experiments\runs\authorized_mbco_phase_reconstruction_20260904T002152_3132654Z\retry_06_buffered_single_rearm_ddg_20260904T021526_1936864Z\Phase Scan\2026-09-04\20260904T021539_510021Z_run\raw\rep_0001\scan_0000021_phase_000020_attempt_00.npz","13664506"
"C:\Users\Chris\Documents\GitHub\Control_System\evidence\experiments\runs\authorized_mbco_phase_reconstruction_20260904T002152_3132654Z\retry_06_buffered_single_rearm_ddg_20260904T021526_1936864Z\Phase Scan\2026-09-04\20260904T021539_510021Z_run\raw\rep_0001\scan_0000022_phase_000021_attempt_00.npz","13743874"
"C:\Users\Chris\Documents\GitHub\Control_System\evidence\experiments\runs\authorized_mbco_phase_reconstruction_20260904T002152_3132654Z\retry_06_buffered_single_rearm_ddg_20260904T021526_1936864Z\Phase Scan\2026-09-04\20260904T021539_510021Z_run\raw\rep_0001\scan_0000023_phase_000022_attempt_00.npz","13256802"
"C:\Users\Chris\Documents\GitHub\Control_System\evidence\experiments\runs\authorized_mbco_phase_reconstruction_20260904T002152_3132654Z\retry_06_buffered_single_rearm_ddg_20260904T021526_1936864Z\Phase Scan\2026-09-04\20260904T021539_510021Z_run\raw\rep_0001\scan_0000024_phase_000023_attempt_00.npz","13529662"
"C:\Users\Chris\Documents\GitHub\Control_System\evidence\experiments\runs\authorized_mbco_phase_reconstruction_20260904T002152_3132654Z\retry_06_buffered_single_rearm_ddg_20260904T021526_1936864Z\Phase Scan\2026-09-04\20260904T021539_510021Z_run\raw\rep_0001\scan_0000025_phase_000024_attempt_00.npz","13920350"
"C:\Users\Chris\Documents\GitHub\Control_System\evidence\experiments\runs\authorized_mbco_phase_reconstruction_20260904T002152_3132654Z\retry_06_buffered_single_rearm_ddg_20260904T021526_1936864Z\Phase Scan\2026-09-04\20260904T021539_510021Z_run\raw\rep_0001\scan_0000026_phase_000025_attempt_00.npz","14069178"
"C:\Users\Chris\Documents\GitHub\Control_System\evidence\experiments\runs\authorized_mbco_phase_reconstruction_20260904T002152_3132654Z\retry_06_buffered_single_rearm_ddg_20260904T021526_1936864Z\Phase Scan\2026-09-04\20260904T021539_510021Z_run\raw\rep_0001\scan_0000027_phase_000026_attempt_00.npz","13458206"
"C:\Users\Chris\Documents\GitHub\Control_System\evidence\experiments\runs\authorized_mbco_phase_reconstruction_20260904T002152_3132654Z\retry_06_buffered_single_rearm_ddg_20260904T021526_1936864Z\Phase Scan\2026-09-04\20260904T021539_510021Z_run\raw\rep_0001\scan_0000028_phase_000027_attempt_00.npz","13852258"
"C:\Users\Chris\Documents\GitHub\Control_System\evidence\experiments\runs\authorized_mbco_phase_reconstruction_20260904T002152_3132654Z\retry_06_buffered_single_rearm_ddg_20260904T021526_1936864Z\Phase Scan\2026-09-04\20260904T021539_510021Z_run\raw\rep_0001\scan_0000029_phase_000028_attempt_00.npz","13826746"
"C:\Users\Chris\Documents\GitHub\Control_System\evidence\experiments\runs\authorized_mbco_phase_reconstruction_20260904T002152_3132654Z\retry_06_buffered_single_rearm_ddg_20260904T021526_1936864Z\Phase Scan\2026-09-04\20260904T021539_510021Z_run\raw\rep_0001\scan_0000030_phase_000029_attempt_00.npz","13799710"
"C:\Users\Chris\Documents\GitHub\Control_System\evidence\experiments\runs\authorized_mbco_phase_reconstruction_20260904T002152_3132654Z\retry_06_buffered_single_rearm_ddg_20260904T021526_1936864Z\Phase Scan\2026-09-04\20260904T021539_510021Z_run\raw\rep_0001\scan_0000031_phase_000030_attempt_00.npz","13726010"
"C:\Users\Chris\Documents\GitHub\Control_System\evidence\experiments\runs\authorized_mbco_phase_reconstruction_20260904T002152_3132654Z\retry_06_buffered_single_rearm_ddg_20260904T021526_1936864Z\Phase Scan\2026-09-04\20260904T021539_510021Z_run\raw\rep_0001\scan_0000032_phase_000031_attempt_00.npz","13951362"
"C:\Users\Chris\Documents\GitHub\Control_System\evidence\experiments\runs\authorized_mbco_phase_reconstruction_20260904T002152_3132654Z\retry_06_buffered_single_rearm_ddg_20260904T021526_1936864Z\Phase Scan\2026-09-04\20260904T021539_510021Z_run\raw\rep_0001\scan_0000033_phase_000032_attempt_00.npz","13641398"
"C:\Users\Chris\Documents\GitHub\Control_System\evidence\experiments\runs\authorized_mbco_phase_reconstruction_20260904T002152_3132654Z\retry_06_buffered_single_rearm_ddg_20260904T021526_1936864Z\Phase Scan\2026-09-04\20260904T021539_510021Z_run\raw\rep_0001\scan_0000034_phase_000033_attempt_00.npz","13703970"
"C:\Users\Chris\Documents\GitHub\Control_System\evidence\experiments\runs\authorized_mbco_phase_reconstruction_20260904T002152_3132654Z\retry_06_buffered_single_rearm_ddg_20260904T021526_1936864Z\Phase Scan\2026-09-04\20260904T021539_510021Z_run\raw\rep_0001\scan_0000035_phase_000034_attempt_00.npz","13708990"
"C:\Users\Chris\Documents\GitHub\Control_System\evidence\experiments\runs\authorized_mbco_phase_reconstruction_20260904T002152_3132654Z\retry_06_buffered_single_rearm_ddg_20260904T021526_1936864Z\Phase Scan\2026-09-04\20260904T021539_510021Z_run\raw\rep_0001\scan_0000036_phase_000035_attempt_00.npz","13919422"
"C:\Users\Chris\Documents\GitHub\Control_System\evidence\experiments\runs\authorized_mbco_phase_reconstruction_20260904T002152_3132654Z\retry_06_buffered_single_rearm_ddg_20260904T021526_1936864Z\Phase Scan\2026-09-04\20260904T021539_510021Z_run\raw\rep_0001\scan_0000037_phase_000036_attempt_00.npz","13518914"
"C:\Users\Chris\Documents\GitHub\Control_System\evidence\experiments\runs\authorized_mbco_phase_reconstruction_20260904T002152_3132654Z\retry_06_buffered_single_rearm_ddg_20260904T021526_1936864Z\Phase Scan\2026-09-04\20260904T021539_510021Z_run\raw\rep_0001\scan_0000038_phase_000037_attempt_00.npz","13711646"
"C:\Users\Chris\Documents\GitHub\Control_System\evidence\experiments\runs\authorized_mbco_phase_reconstruction_20260904T002152_3132654Z\retry_06_buffered_single_rearm_ddg_20260904T021526_1936864Z\Phase Scan\2026-09-04\20260904T021539_510021Z_run\raw\rep_0001\scan_0000039_phase_000038_attempt_00.npz","13679010"
"C:\Users\Chris\Documents\GitHub\Control_System\evidence\experiments\runs\authorized_mbco_phase_reconstruction_20260904T002152_3132654Z\retry_06_buffered_single_rearm_ddg_20260904T021526_1936864Z\Phase Scan\2026-09-04\20260904T021539_510021Z_run\raw\rep_0001\scan_0000040_phase_000039_attempt_00.npz","13170436"
"C:\Users\Chris\Documents\GitHub\Control_System\evidence\experiments\runs\authorized_mbco_phase_reconstruction_20260904T002152_3132654Z\retry_06_buffered_single_rearm_ddg_20260904T021526_1936864Z\Phase Scan\2026-09-04\20260904T021539_510021Z_run\raw\rep_0001\scan_0000041_phase_000040_attempt_00.npz","13898878"
"C:\Users\Chris\Documents\GitHub\Control_System\evidence\experiments\runs\authorized_mbco_phase_reconstruction_20260904T002152_3132654Z\retry_06_buffered_single_rearm_ddg_20260904T021526_1936864Z\Phase Scan\2026-09-04\20260904T021539_510021Z_run\raw\rep_0001\scan_0000042_phase_000041_attempt_00.npz","13618742"
"C:\Users\Chris\Documents\GitHub\Control_System\evidence\experiments\runs\authorized_mbco_phase_reconstruction_20260904T002152_3132654Z\retry_06_buffered_single_rearm_ddg_20260904T021526_1936864Z\Phase Scan\2026-09-04\20260904T021539_510021Z_run\raw\rep_0001\scan_0000043_phase_000042_attempt_00.npz","13730242"
"C:\Users\Chris\Documents\GitHub\Control_System\evidence\experiments\runs\authorized_mbco_phase_reconstruction_20260904T002152_3132654Z\retry_06_buffered_single_rearm_ddg_20260904T021526_1936864Z\Phase Scan\2026-09-04\20260904T021539_510021Z_run\raw\rep_0001\scan_0000044_phase_000043_attempt_00.npz","13925118"
"C:\Users\Chris\Documents\GitHub\Control_System\evidence\experiments\runs\authorized_mbco_phase_reconstruction_20260904T002152_3132654Z\retry_06_buffered_single_rearm_ddg_20260904T021526_1936864Z\Phase Scan\2026-09-04\20260904T021539_510021Z_run\raw\rep_0001\scan_0000045_phase_000044_attempt_00.npz","13425888"
"C:\Users\Chris\Documents\GitHub\Control_System\evidence\experiments\runs\authorized_mbco_phase_reconstruction_20260904T002152_3132654Z\retry_06_buffered_single_rearm_ddg_20260904T021526_1936864Z\Phase Scan\2026-09-04\20260904T021539_510021Z_run\raw\rep_0001\scan_0000046_phase_000045_attempt_00.npz","13929618"
"C:\Users\Chris\Documents\GitHub\Control_System\evidence\experiments\runs\authorized_mbco_phase_reconstruction_20260904T002152_3132654Z\retry_06_buffered_single_rearm_ddg_20260904T021526_1936864Z\Phase Scan\2026-09-04\20260904T021539_510021Z_run\raw\rep_0001\scan_0000047_phase_000046_attempt_00.npz","13478270"
"C:\Users\Chris\Documents\GitHub\Control_System\evidence\experiments\runs\authorized_mbco_phase_reconstruction_20260904T002152_3132654Z\retry_06_buffered_single_rearm_ddg_20260904T021526_1936864Z\Phase Scan\2026-09-04\20260904T021539_510021Z_run\raw\rep_0001\scan_0000048_phase_000047_attempt_00.npz","13981082"
"C:\Users\Chris\Documents\GitHub\Control_System\evidence\experiments\runs\authorized_mbco_phase_reconstruction_20260904T002152_3132654Z\retry_06_buffered_single_rearm_ddg_20260904T021526_1936864Z\Phase Scan\2026-09-04\20260904T021539_510021Z_run\raw\rep_0001\scan_0000048_phase_000047_attempt_01.npz","13360972"
"C:\Users\Chris\Documents\GitHub\Control_System\evidence\experiments\runs\authorized_mbco_phase_reconstruction_20260904T002152_3132654Z\retry_06_buffered_single_rearm_ddg_20260904T021526_1936864Z\Phase Scan\2026-09-04\20260904T021539_510021Z_run\raw\rep_0001\scan_0000049_phase_000048_attempt_00.npz","13244740"
"C:\Users\Chris\Documents\GitHub\Control_System\evidence\experiments\runs\authorized_mbco_phase_reconstruction_20260904T002152_3132654Z\retry_06_buffered_single_rearm_ddg_20260904T021526_1936864Z\Phase Scan\2026-09-04\20260904T021539_510021Z_run\raw\rep_0001\scan_0000050_phase_000049_attempt_00.npz","14123746"
"C:\Users\Chris\Documents\GitHub\Control_System\evidence\experiments\runs\authorized_mbco_phase_reconstruction_20260904T002152_3132654Z\retry_06_buffered_single_rearm_ddg_20260904T021526_1936864Z\Phase Scan\2026-09-04\20260904T021539_510021Z_run\raw\rep_0001\scan_0000051_phase_000050_attempt_00.npz","14017918"
"C:\Users\Chris\Documents\GitHub\Control_System\evidence\experiments\runs\authorized_mbco_phase_reconstruction_20260904T002152_3132654Z\retry_06_buffered_single_rearm_ddg_20260904T021526_1936864Z\Phase Scan\2026-09-04\20260904T021539_510021Z_run\raw\rep_0001\scan_0000052_phase_000051_attempt_00.npz","13486550"
"C:\Users\Chris\Documents\GitHub\Control_System\evidence\experiments\runs\authorized_mbco_phase_reconstruction_20260904T002152_3132654Z\retry_06_buffered_single_rearm_ddg_20260904T021526_1936864Z\Phase Scan\2026-09-04\20260904T021539_510021Z_run\raw\rep_0001\scan_0000053_phase_000052_attempt_00.npz","13766566"
"C:\Users\Chris\Documents\GitHub\Control_System\evidence\experiments\runs\authorized_mbco_phase_reconstruction_20260904T002152_3132654Z\retry_06_buffered_single_rearm_ddg_20260904T021526_1936864Z\Phase Scan\2026-09-04\20260904T021539_510021Z_run\raw\rep_0001\scan_0000054_phase_000053_attempt_00.npz","13914722"
"C:\Users\Chris\Documents\GitHub\Control_System\evidence\experiments\runs\authorized_mbco_phase_reconstruction_20260904T002152_3132654Z\retry_06_buffered_single_rearm_ddg_20260904T021526_1936864Z\Phase Scan\2026-09-04\20260904T021539_510021Z_run\raw\rep_0001\scan_0000055_phase_000054_attempt_00.npz","13519134"
"C:\Users\Chris\Documents\GitHub\Control_System\evidence\experiments\runs\authorized_mbco_phase_reconstruction_20260904T002152_3132654Z\retry_06_buffered_single_rearm_ddg_20260904T021526_1936864Z\Phase Scan\2026-09-04\20260904T021539_510021Z_run\raw\rep_0001\scan_0000056_phase_000055_attempt_00.npz","13839458"
"C:\Users\Chris\Documents\GitHub\Control_System\evidence\experiments\runs\authorized_mbco_phase_reconstruction_20260904T002152_3132654Z\retry_06_buffered_single_rearm_ddg_20260904T021526_1936864Z\Phase Scan\2026-09-04\20260904T021539_510021Z_run\raw\rep_0001\scan_0000057_phase_000056_attempt_00.npz","13556666"
"C:\Users\Chris\Documents\GitHub\Control_System\evidence\experiments\runs\authorized_mbco_phase_reconstruction_20260904T002152_3132654Z\retry_06_buffered_single_rearm_ddg_20260904T021526_1936864Z\Phase Scan\2026-09-04\20260904T021539_510021Z_run\raw\rep_0001\scan_0000058_phase_000057_attempt_00.npz","14021122"
"C:\Users\Chris\Documents\GitHub\Control_System\evidence\experiments\runs\authorized_mbco_phase_reconstruction_20260904T002152_3132654Z\retry_06_buffered_single_rearm_ddg_20260904T021526_1936864Z\Phase Scan\2026-09-04\20260904T021539_510021Z_run\raw\rep_0001\scan_0000058_phase_000057_attempt_01.npz","13631706"
"C:\Users\Chris\Documents\GitHub\Control_System\evidence\experiments\runs\authorized_mbco_phase_reconstruction_20260904T002152_3132654Z\retry_06_buffered_single_rearm_ddg_20260904T021526_1936864Z\Phase Scan\2026-09-04\20260904T021539_510021Z_run\raw\rep_0001\scan_0000059_phase_000058_attempt_00.npz","13203582"
"C:\Users\Chris\Documents\GitHub\Control_System\evidence\experiments\runs\authorized_mbco_phase_reconstruction_20260904T002152_3132654Z\retry_06_buffered_single_rearm_ddg_20260904T021526_1936864Z\Phase Scan\2026-09-04\20260904T021539_510021Z_run\raw\rep_0001\scan_0000060_phase_000059_attempt_00.npz","13696082"
"C:\Users\Chris\Documents\GitHub\Control_System\evidence\experiments\runs\authorized_mbco_phase_reconstruction_20260904T002152_3132654Z\retry_06_buffered_single_rearm_ddg_20260904T021526_1936864Z\Phase Scan\2026-09-04\20260904T021539_510021Z_run\raw\rep_0001\scan_0000060_phase_000059_attempt_01.npz","13080160"
"C:\Users\Chris\Documents\GitHub\Control_System\evidence\experiments\runs\authorized_mbco_phase_reconstruction_20260904T002152_3132654Z\retry_06_buffered_single_rearm_ddg_20260904T021526_1936864Z\Phase Scan\2026-09-04\20260904T021539_510021Z_run\raw\rep_0001\scan_0000061_phase_000060_attempt_00.npz","13696158"
"C:\Users\Chris\Documents\GitHub\Control_System\evidence\experiments\runs\authorized_mbco_phase_reconstruction_20260904T002152_3132654Z\retry_06_buffered_single_rearm_ddg_20260904T021526_1936864Z\Phase Scan\2026-09-04\20260904T021539_510021Z_run\raw\rep_0001\scan_0000062_phase_000061_attempt_00.npz","13719654"
"C:\Users\Chris\Documents\GitHub\Control_System\evidence\experiments\runs\authorized_mbco_phase_reconstruction_20260904T002152_3132654Z\retry_06_buffered_single_rearm_ddg_20260904T021526_1936864Z\Phase Scan\2026-09-04\20260904T021539_510021Z_run\raw\rep_0001\scan_0000062_phase_000061_attempt_01.npz","13653558"
"C:\Users\Chris\Documents\GitHub\Control_System\evidence\experiments\runs\authorized_mbco_phase_reconstruction_20260904T002152_3132654Z\retry_06_buffered_single_rearm_ddg_20260904T021526_1936864Z\Phase Scan\2026-09-04\20260904T021539_510021Z_run\raw\rep_0001\scan_0000063_phase_000062_attempt_00.npz","13481122"
"C:\Users\Chris\Documents\GitHub\Control_System\evidence\experiments\runs\authorized_mbco_phase_reconstruction_20260904T002152_3132654Z\retry_06_buffered_single_rearm_ddg_20260904T021526_1936864Z\Phase Scan\2026-09-04\20260904T021539_510021Z_run\raw\rep_0001\scan_0000064_phase_000063_attempt_00.npz","13862038"
"C:\Users\Chris\Documents\GitHub\Control_System\evidence\experiments\runs\authorized_mbco_phase_reconstruction_20260904T002152_3132654Z\retry_06_buffered_single_rearm_ddg_20260904T021526_1936864Z\Phase Scan\2026-09-04\20260904T021539_510021Z_run\raw\rep_0001\scan_0000065_phase_000064_attempt_00.npz","13297756"
"C:\Users\Chris\Documents\GitHub\Control_System\evidence\experiments\runs\authorized_mbco_phase_reconstruction_20260904T002152_3132654Z\retry_06_buffered_single_rearm_ddg_20260904T021526_1936864Z\Phase Scan\2026-09-04\20260904T021539_510021Z_run\raw\rep_0001\scan_0000066_phase_000065_attempt_00.npz","13555106"
"C:\Users\Chris\Documents\GitHub\Control_System\evidence\experiments\runs\authorized_mbco_phase_reconstruction_20260904T002152_3132654Z\retry_06_buffered_single_rearm_ddg_20260904T021526_1936864Z\Phase Scan\2026-09-04\20260904T021539_510021Z_run\raw\rep_0001\scan_0000066_phase_000065_attempt_01.npz","13431822"
"C:\Users\Chris\Documents\GitHub\Control_System\evidence\experiments\runs\authorized_mbco_phase_reconstruction_20260904T002152_3132654Z\retry_06_buffered_single_rearm_ddg_20260904T021526_1936864Z\Phase Scan\2026-09-04\20260904T021539_510021Z_run\raw\rep_0001\scan_0000067_phase_000066_attempt_00.npz","14146498"
"C:\Users\Chris\Documents\GitHub\Control_System\evidence\experiments\runs\authorized_mbco_phase_reconstruction_20260904T002152_3132654Z\retry_06_buffered_single_rearm_ddg_20260904T021526_1936864Z\Phase Scan\2026-09-04\20260904T021539_510021Z_run\raw\rep_0001\scan_0000068_phase_000067_attempt_00.npz","13382906"
"C:\Users\Chris\Documents\GitHub\Control_System\evidence\experiments\runs\authorized_mbco_phase_reconstruction_20260904T002152_3132654Z\retry_06_buffered_single_rearm_ddg_20260904T021526_1936864Z\Phase Scan\2026-09-04\20260904T021539_510021Z_run\raw\rep_0001\scan_0000069_phase_000068_attempt_00.npz","13275140"
"C:\Users\Chris\Documents\GitHub\Control_System\evidence\experiments\runs\authorized_mbco_phase_reconstruction_20260904T002152_3132654Z\retry_06_buffered_single_rearm_ddg_20260904T021526_1936864Z\Phase Scan\2026-09-04\20260904T021539_510021Z_run\raw\rep_0001\scan_0000070_phase_000069_attempt_00.npz","13878546"
"C:\Users\Chris\Documents\GitHub\Control_System\evidence\experiments\runs\authorized_mbco_phase_reconstruction_20260904T002152_3132654Z\retry_06_buffered_single_rearm_ddg_20260904T021526_1936864Z\Phase Scan\2026-09-04\20260904T021539_510021Z_run\raw\rep_0001\scan_0000071_phase_000070_attempt_00.npz","13663062"
"C:\Users\Chris\Documents\GitHub\Control_System\evidence\experiments\runs\authorized_mbco_phase_reconstruction_20260904T002152_3132654Z\retry_06_buffered_single_rearm_ddg_20260904T021526_1936864Z\Phase Scan\2026-09-04\20260904T021539_510021Z_run\raw\rep_0001\scan_0000071_phase_000070_attempt_01.npz","13658482"
"C:\Users\Chris\Documents\GitHub\Control_System\evidence\experiments\runs\authorized_mbco_phase_reconstruction_20260904T002152_3132654Z\retry_06_buffered_single_rearm_ddg_20260904T021526_1936864Z\Phase Scan\2026-09-04\20260904T021539_510021Z_run\raw\rep_0001\scan_0000072_phase_000071_attempt_00.npz","13795510"
"C:\Users\Chris\Documents\GitHub\Control_System\evidence\experiments\runs\authorized_mbco_phase_reconstruction_20260904T002152_3132654Z\retry_06_buffered_single_rearm_ddg_20260904T021526_1936864Z\Phase Scan\2026-09-04\20260904T021539_510021Z_run\raw\rep_0001\scan_0000072_phase_000071_attempt_01.npz","13422646"
"C:\Users\Chris\Documents\GitHub\Control_System\evidence\experiments\runs\authorized_mbco_phase_reconstruction_20260904T002152_3132654Z\retry_06_buffered_single_rearm_ddg_20260904T021526_1936864Z\Phase Scan\2026-09-04\20260904T021539_510021Z_run\raw\rep_0001\scan_0000073_phase_000072_attempt_00.npz","13766266"
"C:\Users\Chris\Documents\GitHub\Control_System\evidence\experiments\runs\authorized_mbco_phase_reconstruction_20260904T002152_3132654Z\retry_06_buffered_single_rearm_ddg_20260904T021526_1936864Z\Phase Scan\2026-09-04\20260904T021539_510021Z_run\raw\rep_0001\scan_0000074_phase_000073_attempt_00.npz","13754806"
"C:\Users\Chris\Documents\GitHub\Control_System\evidence\experiments\runs\authorized_mbco_phase_reconstruction_20260904T002152_3132654Z\retry_06_buffered_single_rearm_ddg_20260904T021526_1936864Z\Phase Scan\2026-09-04\20260904T021539_510021Z_run\raw\rep_0001\scan_0000074_phase_000073_attempt_01.npz","13545344"
"C:\Users\Chris\Documents\GitHub\Control_System\evidence\experiments\runs\authorized_mbco_phase_reconstruction_20260904T002152_3132654Z\retry_06_buffered_single_rearm_ddg_20260904T021526_1936864Z\Phase Scan\2026-09-04\20260904T021539_510021Z_run\raw\rep_0001\scan_0000075_phase_000074_attempt_00.npz","14226334"
"C:\Users\Chris\Documents\GitHub\Control_System\evidence\experiments\runs\authorized_mbco_phase_reconstruction_20260904T002152_3132654Z\retry_06_buffered_single_rearm_ddg_20260904T021526_1936864Z\Phase Scan\2026-09-04\20260904T021539_510021Z_run\raw\rep_0001\scan_0000076_phase_000075_attempt_00.npz","13870398"
"C:\Users\Chris\Documents\GitHub\Control_System\evidence\experiments\runs\authorized_mbco_phase_reconstruction_20260904T002152_3132654Z\retry_06_buffered_single_rearm_ddg_20260904T021526_1936864Z\Phase Scan\2026-09-04\20260904T021539_510021Z_run\raw\rep_0001\scan_0000077_phase_000076_attempt_00.npz","13855094"
"C:\Users\Chris\Documents\GitHub\Control_System\evidence\experiments\runs\authorized_mbco_phase_reconstruction_20260904T002152_3132654Z\retry_06_buffered_single_rearm_ddg_20260904T021526_1936864Z\Phase Scan\2026-09-04\20260904T021539_510021Z_run\raw\rep_0001\scan_0000078_phase_000077_attempt_00.npz","13750334"
"C:\Users\Chris\Documents\GitHub\Control_System\evidence\experiments\runs\authorized_mbco_phase_reconstruction_20260904T002152_3132654Z\retry_06_buffered_single_rearm_ddg_20260904T021526_1936864Z\Phase Scan\2026-09-04\20260904T021539_510021Z_run\raw\rep_0001\scan_0000079_phase_000078_attempt_00.npz","13752894"
"C:\Users\Chris\Documents\GitHub\Control_System\evidence\experiments\runs\authorized_mbco_phase_reconstruction_20260904T002152_3132654Z\retry_06_buffered_single_rearm_ddg_20260904T021526_1936864Z\Phase Scan\2026-09-04\20260904T021539_510021Z_run\raw\rep_0001\scan_0000080_phase_000079_attempt_00.npz","13713370"
"C:\Users\Chris\Documents\GitHub\Control_System\evidence\experiments\runs\authorized_mbco_phase_reconstruction_20260904T002152_3132654Z\retry_06_buffered_single_rearm_ddg_20260904T021526_1936864Z\Phase Scan\2026-09-04\20260904T021539_510021Z_run\raw\rep_0001\scan_0000080_phase_000079_attempt_01.npz","13357598"
"C:\Users\Chris\Documents\GitHub\Control_System\evidence\experiments\runs\authorized_mbco_phase_reconstruction_20260904T002152_3132654Z\retry_06_buffered_single_rearm_ddg_20260904T021526_1936864Z\Phase Scan\2026-09-04\20260904T021539_510021Z_run\raw\rep_0001\scan_0000081_phase_000080_attempt_00.npz","14167958"
"C:\Users\Chris\Documents\GitHub\Control_System\evidence\experiments\runs\authorized_mbco_phase_reconstruction_20260904T002152_3132654Z\retry_06_buffered_single_rearm_ddg_20260904T021526_1936864Z\Phase Scan\2026-09-04\20260904T021539_510021Z_run\raw\rep_0001\scan_0000081_phase_000080_attempt_01.npz","13650806"
"C:\Users\Chris\Documents\GitHub\Control_System\evidence\experiments\runs\authorized_mbco_phase_reconstruction_20260904T002152_3132654Z\retry_06_buffered_single_rearm_ddg_20260904T021526_1936864Z\Phase Scan\2026-09-04\20260904T021539_510021Z_run\raw\rep_0001\scan_0000082_phase_000081_attempt_00.npz","13866614"
"C:\Users\Chris\Documents\GitHub\Control_System\evidence\experiments\runs\authorized_mbco_phase_reconstruction_20260904T002152_3132654Z\retry_06_buffered_single_rearm_ddg_20260904T021526_1936864Z\Phase Scan\2026-09-04\20260904T021539_510021Z_run\raw\rep_0001\scan_0000083_phase_000082_attempt_00.npz","13789730"
"C:\Users\Chris\Documents\GitHub\Control_System\evidence\experiments\runs\authorized_mbco_phase_reconstruction_20260904T002152_3132654Z\retry_06_buffered_single_rearm_ddg_20260904T021526_1936864Z\Phase Scan\2026-09-04\20260904T021539_510021Z_run\raw\rep_0001\scan_0000083_phase_000082_attempt_01.npz","13672694"
"C:\Users\Chris\Documents\GitHub\Control_System\evidence\experiments\runs\authorized_mbco_phase_reconstruction_20260904T002152_3132654Z\retry_06_buffered_single_rearm_ddg_20260904T021526_1936864Z\Phase Scan\2026-09-04\20260904T021539_510021Z_run\raw\rep_0001\scan_0000084_phase_000083_attempt_00.npz","13449456"
"C:\Users\Chris\Documents\GitHub\Control_System\evidence\experiments\runs\authorized_mbco_phase_reconstruction_20260904T002152_3132654Z\retry_06_buffered_single_rearm_ddg_20260904T021526_1936864Z\Phase Scan\2026-09-04\20260904T021539_510021Z_run\raw\rep_0001\scan_0000085_phase_000084_attempt_00.npz","14203486"
"C:\Users\Chris\Documents\GitHub\Control_System\evidence\experiments\runs\authorized_mbco_phase_reconstruction_20260904T002152_3132654Z\retry_06_buffered_single_rearm_ddg_20260904T021526_1936864Z\Phase Scan\2026-09-04\20260904T021539_510021Z_run\raw\rep_0001\scan_0000085_phase_000084_attempt_01.npz","13832434"
"C:\Users\Chris\Documents\GitHub\Control_System\evidence\experiments\runs\authorized_mbco_phase_reconstruction_20260904T002152_3132654Z\retry_06_buffered_single_rearm_ddg_20260904T021526_1936864Z\Phase Scan\2026-09-04\20260904T021539_510021Z_run\raw\rep_0001\scan_0000086_phase_000085_attempt_00.npz","13825762"
"C:\Users\Chris\Documents\GitHub\Control_System\evidence\experiments\runs\authorized_mbco_phase_reconstruction_20260904T002152_3132654Z\retry_06_buffered_single_rearm_ddg_20260904T021526_1936864Z\Phase Scan\2026-09-04\20260904T021539_510021Z_run\raw\rep_0001\scan_0000087_phase_000086_attempt_00.npz","13617854"
"C:\Users\Chris\Documents\GitHub\Control_System\evidence\experiments\runs\authorized_mbco_phase_reconstruction_20260904T002152_3132654Z\retry_06_buffered_single_rearm_ddg_20260904T021526_1936864Z\Phase Scan\2026-09-04\20260904T021539_510021Z_run\raw\rep_0001\scan_0000087_phase_000086_attempt_01.npz","13355898"
"C:\Users\Chris\Documents\GitHub\Control_System\evidence\experiments\runs\authorized_mbco_phase_reconstruction_20260904T002152_3132654Z\retry_06_buffered_single_rearm_ddg_20260904T021526_1936864Z\Phase Scan\2026-09-04\20260904T021539_510021Z_run\raw\rep_0001\scan_0000088_phase_000087_attempt_00.npz","13341690"
"C:\Users\Chris\Documents\GitHub\Control_System\evidence\experiments\runs\authorized_mbco_phase_reconstruction_20260904T002152_3132654Z\retry_06_buffered_single_rearm_ddg_20260904T021526_1936864Z\Phase Scan\2026-09-04\20260904T021539_510021Z_run\raw\rep_0001\scan_0000088_phase_000087_attempt_01.npz","13504566"
"C:\Users\Chris\Documents\GitHub\Control_System\evidence\experiments\runs\authorized_mbco_phase_reconstruction_20260904T002152_3132654Z\retry_06_buffered_single_rearm_ddg_20260904T021526_1936864Z\Phase Scan\2026-09-04\20260904T021539_510021Z_run\raw\rep_0001\scan_0000089_phase_000088_attempt_00.npz","13847802"
"C:\Users\Chris\Documents\GitHub\Control_System\evidence\experiments\runs\authorized_mbco_phase_reconstruction_20260904T002152_3132654Z\retry_06_buffered_single_rearm_ddg_20260904T021526_1936864Z\Phase Scan\2026-09-04\20260904T021539_510021Z_run\raw\rep_0001\scan_0000089_phase_000088_attempt_01.npz","13733210"
"C:\Users\Chris\Documents\GitHub\Control_System\evidence\experiments\runs\authorized_mbco_phase_reconstruction_20260904T002152_3132654Z\retry_06_buffered_single_rearm_ddg_20260904T021526_1936864Z\Phase Scan\2026-09-04\20260904T021539_510021Z_run\raw\rep_0001\scan_0000090_phase_000089_attempt_00.npz","13344286"
"C:\Users\Chris\Documents\GitHub\Control_System\evidence\experiments\runs\authorized_mbco_phase_reconstruction_20260904T002152_3132654Z\retry_06_buffered_single_rearm_ddg_20260904T021526_1936864Z\Phase Scan\2026-09-04\20260904T021539_510021Z_run\raw\rep_0001\scan_0000091_phase_000090_attempt_00.npz","13526182"
"C:\Users\Chris\Documents\GitHub\Control_System\evidence\experiments\runs\authorized_mbco_phase_reconstruction_20260904T002152_3132654Z\retry_06_buffered_single_rearm_ddg_20260904T021526_1936864Z\Phase Scan\2026-09-04\20260904T021539_510021Z_run\raw\rep_0001\scan_0000091_phase_000090_attempt_01.npz","14101914"
"C:\Users\Chris\Documents\GitHub\Control_System\evidence\experiments\runs\authorized_mbco_phase_reconstruction_20260904T002152_3132654Z\retry_06_buffered_single_rearm_ddg_20260904T021526_1936864Z\Phase Scan\2026-09-04\20260904T021539_510021Z_run\raw\rep_0001\scan_0000092_phase_000091_attempt_00.npz","13961246"
"C:\Users\Chris\Documents\GitHub\Control_System\evidence\experiments\runs\authorized_mbco_phase_reconstruction_20260904T002152_3132654Z\retry_06_buffered_single_rearm_ddg_20260904T021526_1936864Z\Phase Scan\2026-09-04\20260904T021539_510021Z_run\raw\rep_0001\scan_0000092_phase_000091_attempt_01.npz","13496694"
"C:\Users\Chris\Documents\GitHub\Control_System\evidence\experiments\runs\authorized_mbco_phase_reconstruction_20260904T002152_3132654Z\retry_06_buffered_single_rearm_ddg_20260904T021526_1936864Z\Phase Scan\2026-09-04\20260904T021539_510021Z_run\raw\rep_0001\scan_0000093_phase_000092_attempt_00.npz","13897338"
"C:\Users\Chris\Documents\GitHub\Control_System\evidence\experiments\runs\authorized_mbco_phase_reconstruction_20260904T002152_3132654Z\retry_06_buffered_single_rearm_ddg_20260904T021526_1936864Z\Phase Scan\2026-09-04\20260904T021539_510021Z_run\raw\rep_0001\scan_0000093_phase_000092_attempt_01.npz","13858878"
"C:\Users\Chris\Documents\GitHub\Control_System\evidence\experiments\runs\authorized_mbco_phase_reconstruction_20260904T002152_3132654Z\retry_06_buffered_single_rearm_ddg_20260904T021526_1936864Z\Phase Scan\2026-09-04\20260904T021539_510021Z_run\raw\rep_0001\scan_0000094_phase_000093_attempt_00.npz","13430946"
"C:\Users\Chris\Documents\GitHub\Control_System\evidence\experiments\runs\authorized_mbco_phase_reconstruction_20260904T002152_3132654Z\retry_06_buffered_single_rearm_ddg_20260904T021526_1936864Z\Phase Scan\2026-09-04\20260904T021539_510021Z_run\raw\rep_0001\scan_0000094_phase_000093_attempt_01.npz","13783090"
"C:\Users\Chris\Documents\GitHub\Control_System\evidence\experiments\runs\authorized_mbco_phase_reconstruction_20260904T002152_3132654Z\retry_06_buffered_single_rearm_ddg_20260904T021526_1936864Z\Phase Scan\2026-09-04\20260904T021539_510021Z_run\raw\rep_0001\scan_0000095_phase_000094_attempt_00.npz","13555134"
"C:\Users\Chris\Documents\GitHub\Control_System\evidence\experiments\runs\authorized_mbco_phase_reconstruction_20260904T002152_3132654Z\retry_06_buffered_single_rearm_ddg_20260904T021526_1936864Z\Phase Scan\2026-09-04\20260904T021539_510021Z_run\raw\rep_0001\scan_0000095_phase_000094_attempt_01.npz","13600982"
"C:\Users\Chris\Documents\GitHub\Control_System\evidence\experiments\runs\authorized_mbco_phase_reconstruction_20260904T002152_3132654Z\retry_06_buffered_single_rearm_ddg_20260904T021526_1936864Z\Phase Scan\2026-09-04\20260904T021539_510021Z_run\raw\rep_0001\scan_0000096_phase_000095_attempt_00.npz","13306752"
"C:\Users\Chris\Documents\GitHub\Control_System\evidence\experiments\runs\authorized_mbco_phase_reconstruction_20260904T002152_3132654Z\retry_06_buffered_single_rearm_ddg_20260904T021526_1936864Z\Phase Scan\2026-09-04\20260904T021539_510021Z_run\raw\rep_0001\scan_0000096_phase_000095_attempt_01.npz","13683126"
"C:\Users\Chris\Documents\GitHub\Control_System\evidence\experiments\runs\authorized_mbco_phase_reconstruction_20260904T002152_3132654Z\retry_06_buffered_single_rearm_ddg_20260904T021526_1936864Z\Phase Scan\2026-09-04\20260904T021539_510021Z_run\raw\rep_0001\scan_0000097_phase_000096_attempt_00.npz","13727010"
"C:\Users\Chris\Documents\GitHub\Control_System\evidence\experiments\runs\authorized_mbco_phase_reconstruction_20260904T002152_3132654Z\retry_06_buffered_single_rearm_ddg_20260904T021526_1936864Z\Phase Scan\2026-09-04\20260904T021539_510021Z_run\raw\rep_0001\scan_0000097_phase_000096_attempt_01.npz","13662170"
"C:\Users\Chris\Documents\GitHub\Control_System\evidence\experiments\runs\authorized_mbco_phase_reconstruction_20260904T002152_3132654Z\retry_06_buffered_single_rearm_ddg_20260904T021526_1936864Z\Phase Scan\2026-09-04\20260904T021539_510021Z_run\raw\rep_0001\scan_0000098_phase_000097_attempt_00.npz","13643858"
"C:\Users\Chris\Documents\GitHub\Control_System\evidence\experiments\runs\authorized_mbco_phase_reconstruction_20260904T002152_3132654Z\retry_06_buffered_single_rearm_ddg_20260904T021526_1936864Z\Phase Scan\2026-09-04\20260904T021539_510021Z_run\raw\rep_0001\scan_0000098_phase_000097_attempt_01.npz","13010496"
"C:\Users\Chris\Documents\GitHub\Control_System\evidence\experiments\runs\authorized_mbco_phase_reconstruction_20260904T002152_3132654Z\retry_06_buffered_single_rearm_ddg_20260904T021526_1936864Z\Phase Scan\2026-09-04\20260904T021539_510021Z_run\raw\rep_0001\scan_0000099_phase_000098_attempt_00.npz","13426218"
"C:\Users\Chris\Documents\GitHub\Control_System\evidence\experiments\runs\authorized_mbco_phase_reconstruction_20260904T002152_3132654Z\retry_06_buffered_single_rearm_ddg_20260904T021526_1936864Z\Phase Scan\2026-09-04\20260904T021539_510021Z_run\raw\rep_0001\scan_0000099_phase_000098_attempt_01.npz","13923318"
"C:\Users\Chris\Documents\GitHub\Control_System\evidence\experiments\runs\authorized_mbco_phase_reconstruction_20260904T002152_3132654Z\retry_06_buffered_single_rearm_ddg_20260904T021526_1936864Z\Phase Scan\2026-09-04\20260904T021539_510021Z_run\raw\rep_0001\scan_0000100_phase_000099_attempt_00.npz","13614278"
"C:\Users\Chris\Documents\GitHub\Control_System\evidence\experiments\runs\authorized_mbco_phase_reconstruction_20260904T002152_3132654Z\retry_06_buffered_single_rearm_ddg_20260904T021526_1936864Z\Phase Scan\2026-09-04\20260904T021539_510021Z_run\raw\rep_0001\scan_0000100_phase_000099_attempt_01.npz","13693498"
"C:\Users\Chris\Documents\GitHub\Control_System\evidence\experiments\runs\authorized_mbco_phase_reconstruction_20260904T002152_3132654Z\retry_06_buffered_single_rearm_ddg_20260904T021526_1936864Z\Phase Scan\2026-09-04\20260904T021539_510021Z_run\raw\rep_0001\scan_0000101_phase_000100_attempt_00.npz","13353010"
"C:\Users\Chris\Documents\GitHub\Control_System\evidence\experiments\runs\authorized_mbco_phase_reconstruction_20260904T002152_3132654Z\retry_06_buffered_single_rearm_ddg_20260904T021526_1936864Z\Phase Scan\2026-09-04\20260904T021539_510021Z_run\raw\rep_0001\scan_0000101_phase_000100_attempt_01.npz","13705066"
"C:\Users\Chris\Documents\GitHub\Control_System\evidence\experiments\runs\authorized_mbco_phase_reconstruction_20260904T002152_3132654Z\retry_06_buffered_single_rearm_ddg_20260904T021526_1936864Z\Phase Scan\2026-09-04\20260904T021539_510021Z_run\raw\rep_0001\scan_0000102_phase_000101_attempt_00.npz","13510382"
"C:\Users\Chris\Documents\GitHub\Control_System\evidence\experiments\runs\authorized_mbco_phase_reconstruction_20260904T002152_3132654Z\retry_06_buffered_single_rearm_ddg_20260904T021526_1936864Z\Phase Scan\2026-09-04\20260904T021539_510021Z_run\raw\rep_0001\scan_0000102_phase_000101_attempt_01.npz","13540166"
"C:\Users\Chris\Documents\GitHub\Control_System\evidence\experiments\runs\authorized_mbco_phase_reconstruction_20260904T002152_3132654Z\retry_06_buffered_single_rearm_ddg_20260904T021526_1936864Z\Phase Scan\2026-09-04\20260904T021539_510021Z_run\raw\rep_0001\scan_0000103_phase_000102_attempt_00.npz","14046834"
"C:\Users\Chris\Documents\GitHub\Control_System\evidence\experiments\runs\authorized_mbco_phase_reconstruction_20260904T002152_3132654Z\retry_06_buffered_single_rearm_ddg_20260904T021526_1936864Z\Phase Scan\2026-09-04\20260904T021539_510021Z_run\raw\rep_0001\scan_0000103_phase_000102_attempt_01.npz","13443974"
"C:\Users\Chris\Documents\GitHub\Control_System\evidence\experiments\runs\authorized_mbco_phase_reconstruction_20260904T002152_3132654Z\retry_06_buffered_single_rearm_ddg_20260904T021526_1936864Z\Phase Scan\2026-09-04\20260904T021539_510021Z_run\raw\rep_0001\scan_0000104_phase_000103_attempt_00.npz","13733198"
"C:\Users\Chris\Documents\GitHub\Control_System\evidence\experiments\runs\authorized_mbco_phase_reconstruction_20260904T002152_3132654Z\retry_06_buffered_single_rearm_ddg_20260904T021526_1936864Z\Phase Scan\2026-09-04\20260904T021539_510021Z_run\raw\rep_0001\scan_0000104_phase_000103_attempt_01.npz","14005214"
"C:\Users\Chris\Documents\GitHub\Control_System\evidence\experiments\runs\authorized_mbco_phase_reconstruction_20260904T002152_3132654Z\retry_06_buffered_single_rearm_ddg_20260904T021526_1936864Z\Phase Scan\2026-09-04\20260904T021539_510021Z_run\raw\rep_0001\scan_0000105_phase_000104_attempt_00.npz","13883086"
"C:\Users\Chris\Documents\GitHub\Control_System\evidence\experiments\runs\authorized_mbco_phase_reconstruction_20260904T002152_3132654Z\retry_06_buffered_single_rearm_ddg_20260904T021526_1936864Z\Phase Scan\2026-09-04\20260904T021539_510021Z_run\raw\rep_0001\scan_0000105_phase_000104_attempt_01.npz","13616962"
"C:\Users\Chris\Documents\GitHub\Control_System\evidence\experiments\runs\authorized_mbco_phase_reconstruction_20260904T002152_3132654Z\retry_06_buffered_single_rearm_ddg_20260904T021526_1936864Z\Phase Scan\2026-09-04\20260904T021539_510021Z_run\raw\rep_0001\scan_0000106_phase_000105_attempt_00.npz","13720078"
"C:\Users\Chris\Documents\GitHub\Control_System\evidence\experiments\runs\authorized_mbco_phase_reconstruction_20260904T002152_3132654Z\retry_06_buffered_single_rearm_ddg_20260904T021526_1936864Z\Phase Scan\2026-09-04\20260904T021539_510021Z_run\raw\rep_0001\scan_0000106_phase_000105_attempt_01.npz","13228628"
"C:\Users\Chris\Documents\GitHub\Control_System\evidence\experiments\runs\authorized_mbco_phase_reconstruction_20260904T002152_3132654Z\retry_06_buffered_single_rearm_ddg_20260904T021526_1936864Z\Phase Scan\2026-09-04\20260904T021539_510021Z_run\raw\rep_0001\scan_0000107_phase_000106_attempt_00.npz","13553486"
"C:\Users\Chris\Documents\GitHub\Control_System\evidence\experiments\runs\authorized_mbco_phase_reconstruction_20260904T002152_3132654Z\retry_06_buffered_single_rearm_ddg_20260904T021526_1936864Z\Phase Scan\2026-09-04\20260904T021539_510021Z_run\raw\rep_0001\scan_0000107_phase_000106_attempt_01.npz","13745966"
"C:\Users\Chris\Documents\GitHub\Control_System\evidence\experiments\runs\authorized_mbco_phase_reconstruction_20260904T002152_3132654Z\retry_06_buffered_single_rearm_ddg_20260904T021526_1936864Z\Phase Scan\2026-09-04\20260904T021539_510021Z_run\raw\rep_0001\scan_0000108_phase_000107_attempt_00.npz","13856426"
"C:\Users\Chris\Documents\GitHub\Control_System\evidence\experiments\runs\authorized_mbco_phase_reconstruction_20260904T002152_3132654Z\retry_06_buffered_single_rearm_ddg_20260904T021526_1936864Z\Phase Scan\2026-09-04\20260904T021539_510021Z_run\raw\rep_0001\scan_0000108_phase_000107_attempt_01.npz","13872614"
"C:\Users\Chris\Documents\GitHub\Control_System\evidence\experiments\runs\authorized_mbco_phase_reconstruction_20260904T002152_3132654Z\retry_06_buffered_single_rearm_ddg_20260904T021526_1936864Z\Phase Scan\2026-09-04\20260904T021539_510021Z_run\raw\rep_0001\scan_0000109_phase_000108_attempt_00.npz","13289560"
"C:\Users\Chris\Documents\GitHub\Control_System\evidence\experiments\runs\authorized_mbco_phase_reconstruction_20260904T002152_3132654Z\retry_06_buffered_single_rearm_ddg_20260904T021526_1936864Z\Phase Scan\2026-09-04\20260904T021539_510021Z_run\raw\rep_0001\scan_0000109_phase_000108_attempt_01.npz","13750534"
"C:\Users\Chris\Documents\GitHub\Control_System\evidence\experiments\runs\authorized_mbco_phase_reconstruction_20260904T002152_3132654Z\retry_06_buffered_single_rearm_ddg_20260904T021526_1936864Z\Phase Scan\2026-09-04\20260904T021539_510021Z_run\raw\rep_0001\scan_0000110_phase_000109_attempt_00.npz","13345422"
"C:\Users\Chris\Documents\GitHub\Control_System\evidence\experiments\runs\authorized_mbco_phase_reconstruction_20260904T002152_3132654Z\retry_06_buffered_single_rearm_ddg_20260904T021526_1936864Z\Phase Scan\2026-09-04\20260904T021539_510021Z_run\raw\rep_0001\scan_0000110_phase_000109_attempt_01.npz","13116496"
"C:\Users\Chris\Documents\GitHub\Control_System\evidence\experiments\runs\authorized_mbco_phase_reconstruction_20260904T002152_3132654Z\retry_06_buffered_single_rearm_ddg_20260904T021526_1936864Z\Phase Scan\2026-09-04\20260904T021539_510021Z_run\raw\rep_0001\scan_0000111_phase_000110_attempt_00.npz","14104434"
"C:\Users\Chris\Documents\GitHub\Control_System\evidence\experiments\runs\authorized_mbco_phase_reconstruction_20260904T002152_3132654Z\retry_06_buffered_single_rearm_ddg_20260904T021526_1936864Z\Phase Scan\2026-09-04\20260904T021539_510021Z_run\raw\rep_0001\scan_0000111_phase_000110_attempt_01.npz","14325038"
"C:\Users\Chris\Documents\GitHub\Control_System\evidence\experiments\runs\authorized_mbco_phase_reconstruction_20260904T002152_3132654Z\retry_06_buffered_single_rearm_ddg_20260904T021526_1936864Z\Phase Scan\2026-09-04\20260904T021539_510021Z_run\raw\rep_0001\scan_0000112_phase_000111_attempt_00.npz","13625942"
"C:\Users\Chris\Documents\GitHub\Control_System\evidence\experiments\runs\authorized_mbco_phase_reconstruction_20260904T002152_3132654Z\retry_06_buffered_single_rearm_ddg_20260904T021526_1936864Z\Phase Scan\2026-09-04\20260904T021539_510021Z_run\raw\rep_0001\scan_0000112_phase_000111_attempt_01.npz","14146818"
"C:\Users\Chris\Documents\GitHub\Control_System\evidence\experiments\runs\authorized_mbco_phase_reconstruction_20260904T002152_3132654Z\retry_06_buffered_single_rearm_ddg_20260904T021526_1936864Z\Phase Scan\2026-09-04\20260904T021539_510021Z_run\raw\rep_0001\scan_0000113_phase_000112_attempt_00.npz","13993430"
"C:\Users\Chris\Documents\GitHub\Control_System\evidence\experiments\runs\authorized_mbco_phase_reconstruction_20260904T002152_3132654Z\retry_06_buffered_single_rearm_ddg_20260904T021526_1936864Z\Phase Scan\2026-09-04\20260904T021539_510021Z_run\raw\rep_0001\scan_0000113_phase_000112_attempt_01.npz","13387896"
"C:\Users\Chris\Documents\GitHub\Control_System\evidence\experiments\runs\authorized_mbco_phase_reconstruction_20260904T002152_3132654Z\retry_06_buffered_single_rearm_ddg_20260904T021526_1936864Z\Phase Scan\2026-09-04\20260904T021539_510021Z_run\raw\rep_0001\scan_0000114_phase_000113_attempt_00.npz","13946322"
"C:\Users\Chris\Documents\GitHub\Control_System\evidence\experiments\runs\authorized_mbco_phase_reconstruction_20260904T002152_3132654Z\retry_06_buffered_single_rearm_ddg_20260904T021526_1936864Z\Phase Scan\2026-09-04\20260904T021539_510021Z_run\raw\rep_0001\scan_0000114_phase_000113_attempt_01.npz","13810538"
"C:\Users\Chris\Documents\GitHub\Control_System\evidence\experiments\runs\authorized_mbco_phase_reconstruction_20260904T002152_3132654Z\retry_06_buffered_single_rearm_ddg_20260904T021526_1936864Z\Phase Scan\2026-09-04\20260904T021539_510021Z_run\raw\rep_0001\scan_0000115_phase_000114_attempt_00.npz","13865618"
"C:\Users\Chris\Documents\GitHub\Control_System\evidence\experiments\runs\authorized_mbco_phase_reconstruction_20260904T002152_3132654Z\retry_06_buffered_single_rearm_ddg_20260904T021526_1936864Z\Phase Scan\2026-09-04\20260904T021539_510021Z_run\raw\rep_0001\scan_0000115_phase_000114_attempt_01.npz","13472522"
"C:\Users\Chris\Documents\GitHub\Control_System\evidence\experiments\runs\authorized_mbco_phase_reconstruction_20260904T002152_3132654Z\retry_06_buffered_single_rearm_ddg_20260904T021526_1936864Z\Phase Scan\2026-09-04\20260904T021539_510021Z_run\raw\rep_0001\scan_0000116_phase_000115_attempt_00.npz","13439506"
"C:\Users\Chris\Documents\GitHub\Control_System\evidence\experiments\runs\authorized_mbco_phase_reconstruction_20260904T002152_3132654Z\retry_06_buffered_single_rearm_ddg_20260904T021526_1936864Z\Phase Scan\2026-09-04\20260904T021539_510021Z_run\raw\rep_0001\scan_0000116_phase_000115_attempt_01.npz","13795630"
"C:\Users\Chris\Documents\GitHub\Control_System\evidence\experiments\runs\authorized_mbco_phase_reconstruction_20260904T002152_3132654Z\retry_06_buffered_single_rearm_ddg_20260904T021526_1936864Z\Phase Scan\2026-09-04\20260904T021539_510021Z_run\raw\rep_0001\scan_0000117_phase_000116_attempt_00.npz","13755954"
"C:\Users\Chris\Documents\GitHub\Control_System\evidence\experiments\runs\authorized_mbco_phase_reconstruction_20260904T002152_3132654Z\retry_06_buffered_single_rearm_ddg_20260904T021526_1936864Z\Phase Scan\2026-09-04\20260904T021539_510021Z_run\raw\rep_0001\scan_0000117_phase_000116_attempt_01.npz","13457354"
"C:\Users\Chris\Documents\GitHub\Control_System\evidence\experiments\runs\authorized_mbco_phase_reconstruction_20260904T002152_3132654Z\retry_06_buffered_single_rearm_ddg_20260904T021526_1936864Z\Phase Scan\2026-09-04\20260904T021539_510021Z_run\raw\rep_0001\scan_0000118_phase_000117_attempt_00.npz","13914898"
"C:\Users\Chris\Documents\GitHub\Control_System\evidence\experiments\runs\authorized_mbco_phase_reconstruction_20260904T002152_3132654Z\retry_06_buffered_single_rearm_ddg_20260904T021526_1936864Z\Phase Scan\2026-09-04\20260904T021539_510021Z_run\raw\rep_0001\scan_0000118_phase_000117_attempt_01.npz","14060102"
"C:\Users\Chris\Documents\GitHub\Control_System\evidence\experiments\runs\authorized_mbco_phase_reconstruction_20260904T002152_3132654Z\retry_06_buffered_single_rearm_ddg_20260904T021526_1936864Z\Phase Scan\2026-09-04\20260904T021539_510021Z_run\raw\rep_0001\scan_0000119_phase_000118_attempt_00.npz","13735922"
"C:\Users\Chris\Documents\GitHub\Control_System\evidence\experiments\runs\authorized_mbco_phase_reconstruction_20260904T002152_3132654Z\retry_06_buffered_single_rearm_ddg_20260904T021526_1936864Z\Phase Scan\2026-09-04\20260904T021539_510021Z_run\raw\rep_0001\scan_0000119_phase_000118_attempt_01.npz","13667074"
"C:\Users\Chris\Documents\GitHub\Control_System\evidence\experiments\runs\authorized_mbco_phase_reconstruction_20260904T002152_3132654Z\retry_06_buffered_single_rearm_ddg_20260904T021526_1936864Z\Phase Scan\2026-09-04\20260904T021539_510021Z_run\raw\rep_0001\scan_0000120_phase_000119_attempt_00.npz","13635122"
"C:\Users\Chris\Documents\GitHub\Control_System\evidence\experiments\runs\authorized_mbco_phase_reconstruction_20260904T002152_3132654Z\retry_06_buffered_single_rearm_ddg_20260904T021526_1936864Z\Phase Scan\2026-09-04\20260904T021539_510021Z_run\raw\rep_0001\scan_0000120_phase_000119_attempt_01.npz","13956402"
"C:\Users\Chris\Documents\GitHub\Control_System\evidence\experiments\runs\authorized_mbco_phase_reconstruction_20260904T002152_3132654Z\retry_06_buffered_single_rearm_ddg_20260904T021526_1936864Z\Phase Scan\2026-09-04\20260904T021539_510021Z_run\raw\rep_0001\scan_0000121_phase_000120_attempt_00.npz","14017462"
"C:\Users\Chris\Documents\GitHub\Control_System\evidence\experiments\runs\authorized_mbco_phase_reconstruction_20260904T002152_3132654Z\retry_06_buffered_single_rearm_ddg_20260904T021526_1936864Z\Phase Scan\2026-09-04\20260904T021539_510021Z_run\raw\rep_0001\scan_0000121_phase_000120_attempt_01.npz","13671266"
"C:\Users\Chris\Documents\GitHub\Control_System\evidence\experiments\runs\authorized_mbco_phase_reconstruction_20260904T002152_3132654Z\retry_06_buffered_single_rearm_ddg_20260904T021526_1936864Z\Phase Scan\2026-09-04\20260904T021539_510021Z_run\raw\rep_0001\scan_0000122_phase_000121_attempt_00.npz","13715510"
"C:\Users\Chris\Documents\GitHub\Control_System\evidence\experiments\runs\authorized_mbco_phase_reconstruction_20260904T002152_3132654Z\retry_06_buffered_single_rearm_ddg_20260904T021526_1936864Z\Phase Scan\2026-09-04\20260904T021539_510021Z_run\raw\rep_0001\scan_0000122_phase_000121_attempt_01.npz","13291850"
"C:\Users\Chris\Documents\GitHub\Control_System\evidence\experiments\runs\authorized_mbco_phase_reconstruction_20260904T002152_3132654Z\retry_06_buffered_single_rearm_ddg_20260904T021526_1936864Z\Phase Scan\2026-09-04\20260904T021539_510021Z_run\raw\rep_0001\scan_0000123_phase_000122_attempt_00.npz","13877330"
"C:\Users\Chris\Documents\GitHub\Control_System\evidence\experiments\runs\authorized_mbco_phase_reconstruction_20260904T002152_3132654Z\retry_06_buffered_single_rearm_ddg_20260904T021526_1936864Z\Phase Scan\2026-09-04\20260904T021539_510021Z_run\raw\rep_0001\scan_0000123_phase_000122_attempt_01.npz","13927242"
"C:\Users\Chris\Documents\GitHub\Control_System\evidence\experiments\runs\authorized_mbco_phase_reconstruction_20260904T002152_3132654Z\retry_06_buffered_single_rearm_ddg_20260904T021526_1936864Z\Phase Scan\2026-09-04\20260904T021539_510021Z_run\raw\rep_0001\scan_0000124_phase_000123_attempt_00.npz","13574458"
"C:\Users\Chris\Documents\GitHub\Control_System\evidence\experiments\runs\authorized_mbco_phase_reconstruction_20260904T002152_3132654Z\retry_06_buffered_single_rearm_ddg_20260904T021526_1936864Z\Phase Scan\2026-09-04\20260904T021539_510021Z_run\raw\rep_0001\scan_0000124_phase_000123_attempt_01.npz","13623174"
"C:\Users\Chris\Documents\GitHub\Control_System\evidence\experiments\runs\authorized_mbco_phase_reconstruction_20260904T002152_3132654Z\retry_06_buffered_single_rearm_ddg_20260904T021526_1936864Z\Phase Scan\2026-09-04\20260904T021539_510021Z_run\raw\rep_0001\scan_0000125_phase_000124_attempt_00.npz","13996170"
"C:\Users\Chris\Documents\GitHub\Control_System\evidence\experiments\runs\authorized_mbco_phase_reconstruction_20260904T002152_3132654Z\retry_06_buffered_single_rearm_ddg_20260904T021526_1936864Z\Phase Scan\2026-09-04\20260904T021539_510021Z_run\raw\rep_0001\scan_0000125_phase_000124_attempt_01.npz","13981506"
"C:\Users\Chris\Documents\GitHub\Control_System\evidence\experiments\runs\authorized_mbco_phase_reconstruction_20260904T002152_3132654Z\retry_06_buffered_single_rearm_ddg_20260904T021526_1936864Z\Phase Scan\2026-09-04\20260904T021539_510021Z_run\raw\rep_0001\scan_0000126_phase_000125_attempt_00.npz","13610998"
"C:\Users\Chris\Documents\GitHub\Control_System\evidence\experiments\runs\authorized_mbco_phase_reconstruction_20260904T002152_3132654Z\retry_06_buffered_single_rearm_ddg_20260904T021526_1936864Z\Phase Scan\2026-09-04\20260904T021539_510021Z_run\raw\rep_0001\scan_0000126_phase_000125_attempt_01.npz","13730182"
"C:\Users\Chris\Documents\GitHub\Control_System\evidence\experiments\runs\authorized_mbco_phase_reconstruction_20260904T002152_3132654Z\retry_06_buffered_single_rearm_ddg_20260904T021526_1936864Z\Phase Scan\2026-09-04\20260904T021539_510021Z_run\raw\rep_0001\scan_0000127_phase_000126_attempt_00.npz","14038510"
"C:\Users\Chris\Documents\GitHub\Control_System\evidence\experiments\runs\authorized_mbco_phase_reconstruction_20260904T002152_3132654Z\retry_06_buffered_single_rearm_ddg_20260904T021526_1936864Z\Phase Scan\2026-09-04\20260904T021539_510021Z_run\raw\rep_0001\scan_0000127_phase_000126_attempt_01.npz","13907078"
"C:\Users\Chris\Documents\GitHub\Control_System\evidence\experiments\runs\authorized_mbco_phase_reconstruction_20260904T002152_3132654Z\retry_06_buffered_single_rearm_ddg_20260904T021526_1936864Z\Phase Scan\2026-09-04\20260904T021539_510021Z_run\raw\rep_0001\scan_0000128_phase_000127_attempt_00.npz","13458326"
"C:\Users\Chris\Documents\GitHub\Control_System\evidence\experiments\runs\authorized_mbco_phase_reconstruction_20260904T002152_3132654Z\retry_06_buffered_single_rearm_ddg_20260904T021526_1936864Z\Phase Scan\2026-09-04\20260904T021539_510021Z_run\raw\rep_0001\scan_0000128_phase_000127_attempt_01.npz","13767302"
"C:\Users\Chris\Documents\GitHub\Control_System\evidence\experiments\runs\authorized_mbco_phase_reconstruction_20260904T002152_3132654Z\retry_06_buffered_single_rearm_ddg_20260904T021526_1936864Z\Phase Scan\2026-09-04\20260904T021539_510021Z_run\raw\rep_0001\scan_0000129_phase_000128_attempt_00.npz","13557654"
"C:\Users\Chris\Documents\GitHub\Control_System\evidence\experiments\runs\authorized_mbco_phase_reconstruction_20260904T002152_3132654Z\retry_06_buffered_single_rearm_ddg_20260904T021526_1936864Z\Phase Scan\2026-09-04\20260904T021539_510021Z_run\raw\rep_0001\scan_0000129_phase_000128_attempt_01.npz","13622726"
"C:\Users\Chris\Documents\GitHub\Control_System\evidence\experiments\runs\authorized_mbco_phase_reconstruction_20260904T002152_3132654Z\retry_06_buffered_single_rearm_ddg_20260904T021526_1936864Z\Phase Scan\2026-09-04\20260904T021539_510021Z_run\raw\rep_0001\scan_0000130_phase_000129_attempt_00.npz","13476238"
"C:\Users\Chris\Documents\GitHub\Control_System\evidence\experiments\runs\authorized_mbco_phase_reconstruction_20260904T002152_3132654Z\retry_06_buffered_single_rearm_ddg_20260904T021526_1936864Z\Phase Scan\2026-09-04\20260904T021539_510021Z_run\raw\rep_0001\scan_0000130_phase_000129_attempt_01.npz","13709570"
"C:\Users\Chris\Documents\GitHub\Control_System\evidence\experiments\runs\authorized_mbco_phase_reconstruction_20260904T002152_3132654Z\retry_06_buffered_single_rearm_ddg_20260904T021526_1936864Z\Phase Scan\2026-09-04\20260904T021539_510021Z_run\raw\rep_0001\scan_0000131_phase_000130_attempt_00.npz","14304402"
"C:\Users\Chris\Documents\GitHub\Control_System\evidence\experiments\runs\authorized_mbco_phase_reconstruction_20260904T002152_3132654Z\retry_06_buffered_single_rearm_ddg_20260904T021526_1936864Z\Phase Scan\2026-09-04\20260904T021539_510021Z_run\raw\rep_0001\scan_0000131_phase_000130_attempt_01.npz","13989410"
"C:\Users\Chris\Documents\GitHub\Control_System\evidence\experiments\runs\authorized_mbco_phase_reconstruction_20260904T002152_3132654Z\retry_06_buffered_single_rearm_ddg_20260904T021526_1936864Z\Phase Scan\2026-09-04\20260904T021539_510021Z_run\raw\rep_0001\scan_0000132_phase_000131_attempt_00.npz","13480018"
"C:\Users\Chris\Documents\GitHub\Control_System\evidence\experiments\runs\authorized_mbco_phase_reconstruction_20260904T002152_3132654Z\retry_06_buffered_single_rearm_ddg_20260904T021526_1936864Z\Phase Scan\2026-09-04\20260904T021539_510021Z_run\raw\rep_0001\scan_0000132_phase_000131_attempt_01.npz","13551306"
"C:\Users\Chris\Documents\GitHub\Control_System\evidence\experiments\runs\authorized_mbco_phase_reconstruction_20260904T002152_3132654Z\retry_06_buffered_single_rearm_ddg_20260904T021526_1936864Z\Phase Scan\2026-09-04\20260904T021539_510021Z_run\raw\rep_0001\scan_0000133_phase_000132_attempt_00.npz","14056274"
"C:\Users\Chris\Documents\GitHub\Control_System\evidence\experiments\runs\authorized_mbco_phase_reconstruction_20260904T002152_3132654Z\retry_06_buffered_single_rearm_ddg_20260904T021526_1936864Z\Phase Scan\2026-09-04\20260904T021539_510021Z_run\raw\rep_0001\scan_0000133_phase_000132_attempt_01.npz","13576354"
"C:\Users\Chris\Documents\GitHub\Control_System\evidence\experiments\runs\authorized_mbco_phase_reconstruction_20260904T002152_3132654Z\retry_06_buffered_single_rearm_ddg_20260904T021526_1936864Z\Phase Scan\2026-09-04\20260904T021539_510021Z_run\raw\rep_0001\scan_0000134_phase_000133_attempt_00.npz","14145654"
"C:\Users\Chris\Documents\GitHub\Control_System\evidence\experiments\runs\authorized_mbco_phase_reconstruction_20260904T002152_3132654Z\retry_06_buffered_single_rearm_ddg_20260904T021526_1936864Z\Phase Scan\2026-09-04\20260904T021539_510021Z_run\raw\rep_0001\scan_0000134_phase_000133_attempt_01.npz","13765098"
"C:\Users\Chris\Documents\GitHub\Control_System\evidence\experiments\runs\authorized_mbco_phase_reconstruction_20260904T002152_3132654Z\retry_06_buffered_single_rearm_ddg_20260904T021526_1936864Z\Phase Scan\2026-09-04\20260904T021539_510021Z_run\raw\rep_0001\scan_0000135_phase_000134_attempt_00.npz","14102646"
"C:\Users\Chris\Documents\GitHub\Control_System\evidence\experiments\runs\authorized_mbco_phase_reconstruction_20260904T002152_3132654Z\retry_06_buffered_single_rearm_ddg_20260904T021526_1936864Z\Phase Scan\2026-09-04\20260904T021539_510021Z_run\raw\rep_0001\scan_0000135_phase_000134_attempt_01.npz","13681606"
"C:\Users\Chris\Documents\GitHub\Control_System\evidence\experiments\runs\authorized_mbco_phase_reconstruction_20260904T002152_3132654Z\retry_06_buffered_single_rearm_ddg_20260904T021526_1936864Z\Phase Scan\2026-09-04\20260904T021539_510021Z_run\raw\rep_0001\scan_0000136_phase_000135_attempt_00.npz","14114938"
"C:\Users\Chris\Documents\GitHub\Control_System\evidence\experiments\runs\authorized_mbco_phase_reconstruction_20260904T002152_3132654Z\retry_06_buffered_single_rearm_ddg_20260904T021526_1936864Z\Phase Scan\2026-09-04\20260904T021539_510021Z_run\raw\rep_0001\scan_0000136_phase_000135_attempt_01.npz","13986346"
"C:\Users\Chris\Documents\GitHub\Control_System\evidence\experiments\runs\authorized_mbco_phase_reconstruction_20260904T002152_3132654Z\retry_06_buffered_single_rearm_ddg_20260904T021526_1936864Z\Phase Scan\2026-09-04\20260904T021539_510021Z_run\raw\rep_0001\scan_0000137_phase_000136_attempt_00.npz","13991566"
"C:\Users\Chris\Documents\GitHub\Control_System\evidence\experiments\runs\authorized_mbco_phase_reconstruction_20260904T002152_3132654Z\retry_06_buffered_single_rearm_ddg_20260904T021526_1936864Z\Phase Scan\2026-09-04\20260904T021539_510021Z_run\raw\rep_0001\scan_0000137_phase_000136_attempt_01.npz","13926302"
"C:\Users\Chris\Documents\GitHub\Control_System\evidence\experiments\runs\authorized_mbco_phase_reconstruction_20260904T002152_3132654Z\retry_06_buffered_single_rearm_ddg_20260904T021526_1936864Z\Phase Scan\2026-09-04\20260904T021539_510021Z_run\raw\rep_0001\scan_0000138_phase_000137_attempt_00.npz","13629394"
"C:\Users\Chris\Documents\GitHub\Control_System\evidence\experiments\runs\authorized_mbco_phase_reconstruction_20260904T002152_3132654Z\retry_06_buffered_single_rearm_ddg_20260904T021526_1936864Z\Phase Scan\2026-09-04\20260904T021539_510021Z_run\raw\rep_0001\scan_0000138_phase_000137_attempt_01.npz","13798414"
"C:\Users\Chris\Documents\GitHub\Control_System\evidence\experiments\runs\authorized_mbco_phase_reconstruction_20260904T002152_3132654Z\retry_06_buffered_single_rearm_ddg_20260904T021526_1936864Z\Phase Scan\2026-09-04\20260904T021539_510021Z_run\raw\rep_0001\scan_0000139_phase_000138_attempt_00.npz","14000182"
"C:\Users\Chris\Documents\GitHub\Control_System\evidence\experiments\runs\authorized_mbco_phase_reconstruction_20260904T002152_3132654Z\retry_06_buffered_single_rearm_ddg_20260904T021526_1936864Z\Phase Scan\2026-09-04\20260904T021539_510021Z_run\raw\rep_0001\scan_0000139_phase_000138_attempt_01.npz","13319814"
"C:\Users\Chris\Documents\GitHub\Control_System\evidence\experiments\runs\authorized_mbco_phase_reconstruction_20260904T002152_3132654Z\retry_06_buffered_single_rearm_ddg_20260904T021526_1936864Z\Phase Scan\2026-09-04\20260904T021539_510021Z_run\raw\rep_0001\scan_0000140_phase_000139_attempt_00.npz","13662094"
"C:\Users\Chris\Documents\GitHub\Control_System\evidence\experiments\runs\authorized_mbco_phase_reconstruction_20260904T002152_3132654Z\retry_06_buffered_single_rearm_ddg_20260904T021526_1936864Z\Phase Scan\2026-09-04\20260904T021539_510021Z_run\raw\rep_0001\scan_0000140_phase_000139_attempt_01.npz","14035906"
"C:\Users\Chris\Documents\GitHub\Control_System\evidence\experiments\runs\authorized_mbco_phase_reconstruction_20260904T002152_3132654Z\retry_06_buffered_single_rearm_ddg_20260904T021526_1936864Z\Phase Scan\2026-09-04\20260904T021539_510021Z_run\raw\rep_0001\scan_0000141_phase_000140_attempt_00.npz","13686478"
"C:\Users\Chris\Documents\GitHub\Control_System\evidence\experiments\runs\authorized_mbco_phase_reconstruction_20260904T002152_3132654Z\retry_06_buffered_single_rearm_ddg_20260904T021526_1936864Z\Phase Scan\2026-09-04\20260904T021539_510021Z_run\raw\rep_0001\scan_0000141_phase_000140_attempt_01.npz","13010832"
"C:\Users\Chris\Documents\GitHub\Control_System\evidence\experiments\runs\authorized_mbco_phase_reconstruction_20260904T002152_3132654Z\retry_06_buffered_single_rearm_ddg_20260904T021526_1936864Z\Phase Scan\2026-09-04\20260904T021539_510021Z_run\raw\rep_0001\scan_0000142_phase_000141_attempt_00.npz","13699470"
"C:\Users\Chris\Documents\GitHub\Control_System\evidence\experiments\runs\authorized_mbco_phase_reconstruction_20260904T002152_3132654Z\retry_06_buffered_single_rearm_ddg_20260904T021526_1936864Z\Phase Scan\2026-09-04\20260904T021539_510021Z_run\raw\rep_0001\scan_0000142_phase_000141_attempt_01.npz","13689262"
"C:\Users\Chris\Documents\GitHub\Control_System\evidence\experiments\runs\authorized_mbco_phase_reconstruction_20260904T002152_3132654Z\retry_06_buffered_single_rearm_ddg_20260904T021526_1936864Z\Phase Scan\2026-09-04\20260904T021539_510021Z_run\raw\rep_0001\scan_0000143_phase_000142_attempt_00.npz","13844846"
"C:\Users\Chris\Documents\GitHub\Control_System\evidence\experiments\runs\authorized_mbco_phase_reconstruction_20260904T002152_3132654Z\retry_06_buffered_single_rearm_ddg_20260904T021526_1936864Z\Phase Scan\2026-09-04\20260904T021539_510021Z_run\raw\rep_0001\scan_0000143_phase_000142_attempt_01.npz","13825158"
"C:\Users\Chris\Documents\GitHub\Control_System\evidence\experiments\runs\authorized_mbco_phase_reconstruction_20260904T002152_3132654Z\retry_06_buffered_single_rearm_ddg_20260904T021526_1936864Z\Phase Scan\2026-09-04\20260904T021539_510021Z_run\raw\rep_0001\scan_0000144_phase_000143_attempt_00.npz","12998360"
"C:\Users\Chris\Documents\GitHub\Control_System\evidence\experiments\runs\authorized_mbco_phase_reconstruction_20260904T002152_3132654Z\retry_06_buffered_single_rearm_ddg_20260904T021526_1936864Z\Phase Scan\2026-09-04\20260904T021539_510021Z_run\raw\rep_0001\scan_0000144_phase_000143_attempt_01.npz","13971178"
"C:\Users\Chris\Documents\GitHub\Control_System\evidence\experiments\runs\authorized_mbco_phase_reconstruction_20260904T002152_3132654Z\retry_06_buffered_single_rearm_ddg_20260904T021526_1936864Z\Phase Scan\2026-09-04\20260904T021539_510021Z_run\raw\rep_0001\scan_0000145_phase_000144_attempt_00.npz","13371750"
"C:\Users\Chris\Documents\GitHub\Control_System\evidence\experiments\runs\authorized_mbco_phase_reconstruction_20260904T002152_3132654Z\retry_06_buffered_single_rearm_ddg_20260904T021526_1936864Z\Phase Scan\2026-09-04\20260904T021539_510021Z_run\raw\rep_0001\scan_0000145_phase_000144_attempt_01.npz","13653762"
"C:\Users\Chris\Documents\GitHub\Control_System\evidence\experiments\runs\authorized_mbco_phase_reconstruction_20260904T002152_3132654Z\retry_06_buffered_single_rearm_ddg_20260904T021526_1936864Z\Phase Scan\2026-09-04\20260904T021539_510021Z_run\raw\rep_0001\scan_0000146_phase_000145_attempt_00.npz","13300178"
"C:\Users\Chris\Documents\GitHub\Control_System\evidence\experiments\runs\authorized_mbco_phase_reconstruction_20260904T002152_3132654Z\retry_06_buffered_single_rearm_ddg_20260904T021526_1936864Z\Phase Scan\2026-09-04\20260904T021539_510021Z_run\raw\rep_0001\scan_0000146_phase_000145_attempt_01.npz","13826506"
"C:\Users\Chris\Documents\GitHub\Control_System\evidence\experiments\runs\authorized_mbco_phase_reconstruction_20260904T002152_3132654Z\retry_06_buffered_single_rearm_ddg_20260904T021526_1936864Z\Phase Scan\2026-09-04\20260904T021539_510021Z_run\raw\rep_0001\scan_0000147_phase_000146_attempt_00.npz","13550930"
"C:\Users\Chris\Documents\GitHub\Control_System\evidence\experiments\runs\authorized_mbco_phase_reconstruction_20260904T002152_3132654Z\retry_06_buffered_single_rearm_ddg_20260904T021526_1936864Z\Phase Scan\2026-09-04\20260904T021539_510021Z_run\raw\rep_0001\scan_0000147_phase_000146_attempt_01.npz","13348398"
"C:\Users\Chris\Documents\GitHub\Control_System\evidence\experiments\runs\authorized_mbco_phase_reconstruction_20260904T002152_3132654Z\retry_06_buffered_single_rearm_ddg_20260904T021526_1936864Z\Phase Scan\2026-09-04\20260904T021539_510021Z_run\raw\rep_0001\scan_0000148_phase_000147_attempt_00.npz","13565198"
"C:\Users\Chris\Documents\GitHub\Control_System\evidence\experiments\runs\authorized_mbco_phase_reconstruction_20260904T002152_3132654Z\retry_06_buffered_single_rearm_ddg_20260904T021526_1936864Z\Phase Scan\2026-09-04\20260904T021539_510021Z_run\raw\rep_0001\scan_0000148_phase_000147_attempt_01.npz","13818410"
"C:\Users\Chris\Documents\GitHub\Control_System\evidence\experiments\runs\authorized_mbco_phase_reconstruction_20260904T002152_3132654Z\retry_06_buffered_single_rearm_ddg_20260904T021526_1936864Z\Phase Scan\2026-09-04\20260904T021539_510021Z_run\raw\rep_0001\scan_0000149_phase_000148_attempt_00.npz","13935090"
"C:\Users\Chris\Documents\GitHub\Control_System\evidence\experiments\runs\authorized_mbco_phase_reconstruction_20260904T002152_3132654Z\retry_06_buffered_single_rearm_ddg_20260904T021526_1936864Z\Phase Scan\2026-09-04\20260904T021539_510021Z_run\raw\rep_0001\scan_0000149_phase_000148_attempt_01.npz","13766402"
"C:\Users\Chris\Documents\GitHub\Control_System\evidence\experiments\runs\authorized_mbco_phase_reconstruction_20260904T002152_3132654Z\retry_06_buffered_single_rearm_ddg_20260904T021526_1936864Z\Phase Scan\2026-09-04\20260904T021539_510021Z_run\raw\rep_0001\scan_0000150_phase_000149_attempt_00.npz","13827834"
"C:\Users\Chris\Documents\GitHub\Control_System\evidence\experiments\runs\authorized_mbco_phase_reconstruction_20260904T002152_3132654Z\retry_06_buffered_single_rearm_ddg_20260904T021526_1936864Z\Phase Scan\2026-09-04\20260904T021539_510021Z_run\raw\rep_0001\scan_0000150_phase_000149_attempt_01.npz","13739622"
"C:\Users\Chris\Documents\GitHub\Control_System\evidence\experiments\runs\authorized_mbco_phase_reconstruction_20260904T002152_3132654Z\retry_06_buffered_single_rearm_ddg_20260904T021526_1936864Z\Phase Scan\2026-09-04\20260904T021539_510021Z_run\raw\rep_0001\scan_0000151_phase_000150_attempt_00.npz","13360138"
"C:\Users\Chris\Documents\GitHub\Control_System\evidence\experiments\runs\authorized_mbco_phase_reconstruction_20260904T002152_3132654Z\retry_06_buffered_single_rearm_ddg_20260904T021526_1936864Z\Phase Scan\2026-09-04\20260904T021539_510021Z_run\raw\rep_0001\scan_0000151_phase_000150_attempt_01.npz","13717638"
"C:\Users\Chris\Documents\GitHub\Control_System\evidence\experiments\runs\authorized_mbco_phase_reconstruction_20260904T002152_3132654Z\retry_06_buffered_single_rearm_ddg_20260904T021526_1936864Z\Phase Scan\2026-09-04\20260904T021539_510021Z_run\raw\rep_0001\scan_0000152_phase_000151_attempt_00.npz","13968526"
"C:\Users\Chris\Documents\GitHub\Control_System\evidence\experiments\runs\authorized_mbco_phase_reconstruction_20260904T002152_3132654Z\retry_06_buffered_single_rearm_ddg_20260904T021526_1936864Z\Phase Scan\2026-09-04\20260904T021539_510021Z_run\raw\rep_0001\scan_0000152_phase_000151_attempt_01.npz","13931434"
"C:\Users\Chris\Documents\GitHub\Control_System\evidence\experiments\runs\authorized_mbco_phase_reconstruction_20260904T002152_3132654Z\retry_06_buffered_single_rearm_ddg_20260904T021526_1936864Z\Phase Scan\2026-09-04\20260904T021539_510021Z_run\raw\rep_0001\scan_0000153_phase_000152_attempt_00.npz","13924562"
"C:\Users\Chris\Documents\GitHub\Control_System\evidence\experiments\runs\authorized_mbco_phase_reconstruction_20260904T002152_3132654Z\retry_06_buffered_single_rearm_ddg_20260904T021526_1936864Z\Phase Scan\2026-09-04\20260904T021539_510021Z_run\raw\rep_0001\scan_0000153_phase_000152_attempt_01.npz","13483664"
"C:\Users\Chris\Documents\GitHub\Control_System\evidence\experiments\runs\authorized_mbco_phase_reconstruction_20260904T002152_3132654Z\retry_06_buffered_single_rearm_ddg_20260904T021526_1936864Z\Phase Scan\2026-09-04\20260904T021539_510021Z_run\raw\rep_0001\scan_0000154_phase_000153_attempt_00.npz","13396466"
"C:\Users\Chris\Documents\GitHub\Control_System\evidence\experiments\runs\authorized_mbco_phase_reconstruction_20260904T002152_3132654Z\retry_06_buffered_single_rearm_ddg_20260904T021526_1936864Z\Phase Scan\2026-09-04\20260904T021539_510021Z_run\raw\rep_0001\scan_0000154_phase_000153_attempt_01.npz","13601510"
"C:\Users\Chris\Documents\GitHub\Control_System\evidence\experiments\runs\authorized_mbco_phase_reconstruction_20260904T002152_3132654Z\retry_06_buffered_single_rearm_ddg_20260904T021526_1936864Z\Phase Scan\2026-09-04\20260904T021539_510021Z_run\raw\rep_0001\scan_0000155_phase_000154_attempt_00.npz","13713874"
"C:\Users\Chris\Documents\GitHub\Control_System\evidence\experiments\runs\authorized_mbco_phase_reconstruction_20260904T002152_3132654Z\retry_06_buffered_single_rearm_ddg_20260904T021526_1936864Z\Phase Scan\2026-09-04\20260904T021539_510021Z_run\raw\rep_0001\scan_0000155_phase_000154_attempt_01.npz","12973008"
"C:\Users\Chris\Documents\GitHub\Control_System\evidence\experiments\runs\authorized_mbco_phase_reconstruction_20260904T002152_3132654Z\retry_06_buffered_single_rearm_ddg_20260904T021526_1936864Z\Phase Scan\2026-09-04\20260904T021539_510021Z_run\raw\rep_0001\scan_0000156_phase_000155_attempt_00.npz","13675106"
"C:\Users\Chris\Documents\GitHub\Control_System\evidence\experiments\runs\authorized_mbco_phase_reconstruction_20260904T002152_3132654Z\retry_06_buffered_single_rearm_ddg_20260904T021526_1936864Z\Phase Scan\2026-09-04\20260904T021539_510021Z_run\raw\rep_0001\scan_0000156_phase_000155_attempt_01.npz","13457446"
"C:\Users\Chris\Documents\GitHub\Control_System\evidence\experiments\runs\authorized_mbco_phase_reconstruction_20260904T002152_3132654Z\retry_06_buffered_single_rearm_ddg_20260904T021526_1936864Z\Phase Scan\2026-09-04\20260904T021539_510021Z_run\raw\rep_0001\scan_0000157_phase_000156_attempt_00.npz","13967154"
"C:\Users\Chris\Documents\GitHub\Control_System\evidence\experiments\runs\authorized_mbco_phase_reconstruction_20260904T002152_3132654Z\retry_06_buffered_single_rearm_ddg_20260904T021526_1936864Z\Phase Scan\2026-09-04\20260904T021539_510021Z_run\raw\rep_0001\scan_0000157_phase_000156_attempt_01.npz","14017162"
"C:\Users\Chris\Documents\GitHub\Control_System\evidence\experiments\runs\authorized_mbco_phase_reconstruction_20260904T002152_3132654Z\retry_06_buffered_single_rearm_ddg_20260904T021526_1936864Z\Phase Scan\2026-09-04\20260904T021539_510021Z_run\raw\rep_0001\scan_0000158_phase_000157_attempt_00.npz","13780690"
"C:\Users\Chris\Documents\GitHub\Control_System\evidence\experiments\runs\authorized_mbco_phase_reconstruction_20260904T002152_3132654Z\retry_06_buffered_single_rearm_ddg_20260904T021526_1936864Z\Phase Scan\2026-09-04\20260904T021539_510021Z_run\raw\rep_0001\scan_0000158_phase_000157_attempt_01.npz","13619306"
"C:\Users\Chris\Documents\GitHub\Control_System\evidence\experiments\runs\authorized_mbco_phase_reconstruction_20260904T002152_3132654Z\retry_06_buffered_single_rearm_ddg_20260904T021526_1936864Z\Phase Scan\2026-09-04\20260904T021539_510021Z_run\raw\rep_0001\scan_0000159_phase_000158_attempt_00.npz","13070004"
"C:\Users\Chris\Documents\GitHub\Control_System\evidence\experiments\runs\authorized_mbco_phase_reconstruction_20260904T002152_3132654Z\retry_06_buffered_single_rearm_ddg_20260904T021526_1936864Z\Phase Scan\2026-09-04\20260904T021539_510021Z_run\raw\rep_0001\scan_0000159_phase_000158_attempt_01.npz","13882406"
"C:\Users\Chris\Documents\GitHub\Control_System\evidence\experiments\runs\authorized_mbco_phase_reconstruction_20260904T002152_3132654Z\retry_06_buffered_single_rearm_ddg_20260904T021526_1936864Z\Phase Scan\2026-09-04\20260904T021539_510021Z_run\raw\rep_0001\scan_0000160_phase_000159_attempt_00.npz","13605750"
"C:\Users\Chris\Documents\GitHub\Control_System\evidence\experiments\runs\authorized_mbco_phase_reconstruction_20260904T002152_3132654Z\retry_06_buffered_single_rearm_ddg_20260904T021526_1936864Z\Phase Scan\2026-09-04\20260904T021539_510021Z_run\raw\rep_0001\scan_0000160_phase_000159_attempt_01.npz","13449482"
"C:\Users\Chris\Documents\GitHub\Control_System\evidence\experiments\runs\authorized_mbco_phase_reconstruction_20260904T002152_3132654Z\retry_06_buffered_single_rearm_ddg_20260904T021526_1936864Z\Phase Scan\2026-09-04\20260904T021539_510021Z_run\raw\rep_0001\scan_0000161_phase_000160_attempt_00.npz","12807668"
"C:\Users\Chris\Documents\GitHub\Control_System\evidence\experiments\runs\authorized_mbco_phase_reconstruction_20260904T002152_3132654Z\retry_06_buffered_single_rearm_ddg_20260904T021526_1936864Z\Phase Scan\2026-09-04\20260904T021539_510021Z_run\raw\rep_0001\scan_0000161_phase_000160_attempt_01.npz","13811654"
"C:\Users\Chris\Documents\GitHub\Control_System\evidence\experiments\runs\authorized_mbco_phase_reconstruction_20260904T002152_3132654Z\retry_06_buffered_single_rearm_ddg_20260904T021526_1936864Z\Phase Scan\2026-09-04\20260904T021539_510021Z_run\raw\rep_0001\scan_0000162_phase_000161_attempt_00.npz","13529550"
"C:\Users\Chris\Documents\GitHub\Control_System\evidence\experiments\runs\authorized_mbco_phase_reconstruction_20260904T002152_3132654Z\retry_06_buffered_single_rearm_ddg_20260904T021526_1936864Z\Phase Scan\2026-09-04\20260904T021539_510021Z_run\raw\rep_0001\scan_0000162_phase_000161_attempt_01.npz","13101008"
"C:\Users\Chris\Documents\GitHub\Control_System\evidence\experiments\runs\authorized_mbco_phase_reconstruction_20260904T002152_3132654Z\retry_06_buffered_single_rearm_ddg_20260904T021526_1936864Z\Phase Scan\2026-09-04\20260904T021539_510021Z_run\raw\rep_0001\scan_0000163_phase_000162_attempt_00.npz","13536950"
"C:\Users\Chris\Documents\GitHub\Control_System\evidence\experiments\runs\authorized_mbco_phase_reconstruction_20260904T002152_3132654Z\retry_06_buffered_single_rearm_ddg_20260904T021526_1936864Z\Phase Scan\2026-09-04\20260904T021539_510021Z_run\raw\rep_0001\scan_0000163_phase_000162_attempt_01.npz","13701310"
"C:\Users\Chris\Documents\GitHub\Control_System\evidence\experiments\runs\authorized_mbco_phase_reconstruction_20260904T002152_3132654Z\retry_06_buffered_single_rearm_ddg_20260904T021526_1936864Z\Phase Scan\2026-09-04\20260904T021539_510021Z_run\raw\rep_0001\scan_0000164_phase_000163_attempt_00.npz","13555338"
"C:\Users\Chris\Documents\GitHub\Control_System\evidence\experiments\runs\authorized_mbco_phase_reconstruction_20260904T002152_3132654Z\retry_06_buffered_single_rearm_ddg_20260904T021526_1936864Z\Phase Scan\2026-09-04\20260904T021539_510021Z_run\raw\rep_0001\scan_0000164_phase_000163_attempt_01.npz","13208276"
"C:\Users\Chris\Documents\GitHub\Control_System\evidence\experiments\runs\authorized_mbco_phase_reconstruction_20260904T002152_3132654Z\retry_06_buffered_single_rearm_ddg_20260904T021526_1936864Z\Phase Scan\2026-09-04\20260904T021539_510021Z_run\raw\rep_0001\scan_0000165_phase_000164_attempt_00.npz","13554962"
"C:\Users\Chris\Documents\GitHub\Control_System\evidence\experiments\runs\authorized_mbco_phase_reconstruction_20260904T002152_3132654Z\retry_06_buffered_single_rearm_ddg_20260904T021526_1936864Z\Phase Scan\2026-09-04\20260904T021539_510021Z_run\raw\rep_0001\scan_0000165_phase_000164_attempt_01.npz","13718730"
"C:\Users\Chris\Documents\GitHub\Control_System\evidence\experiments\runs\authorized_mbco_phase_reconstruction_20260904T002152_3132654Z\retry_06_buffered_single_rearm_ddg_20260904T021526_1936864Z\Phase Scan\2026-09-04\20260904T021539_510021Z_run\raw\rep_0001\scan_0000166_phase_000165_attempt_00.npz","13706442"
"C:\Users\Chris\Documents\GitHub\Control_System\evidence\experiments\runs\authorized_mbco_phase_reconstruction_20260904T002152_3132654Z\retry_06_buffered_single_rearm_ddg_20260904T021526_1936864Z\Phase Scan\2026-09-04\20260904T021539_510021Z_run\raw\rep_0001\scan_0000166_phase_000165_attempt_01.npz","13326382"
"C:\Users\Chris\Documents\GitHub\Control_System\evidence\experiments\runs\authorized_mbco_phase_reconstruction_20260904T002152_3132654Z\retry_06_buffered_single_rearm_ddg_20260904T021526_1936864Z\Phase Scan\2026-09-04\20260904T021539_510021Z_run\raw\rep_0001\scan_0000167_phase_000166_attempt_00.npz","13611214"
"C:\Users\Chris\Documents\GitHub\Control_System\evidence\experiments\runs\authorized_mbco_phase_reconstruction_20260904T002152_3132654Z\retry_06_buffered_single_rearm_ddg_20260904T021526_1936864Z\Phase Scan\2026-09-04\20260904T021539_510021Z_run\raw\rep_0001\scan_0000167_phase_000166_attempt_01.npz","13567526"
"C:\Users\Chris\Documents\GitHub\Control_System\evidence\experiments\runs\authorized_mbco_phase_reconstruction_20260904T002152_3132654Z\retry_06_buffered_single_rearm_ddg_20260904T021526_1936864Z\Phase Scan\2026-09-04\20260904T021539_510021Z_run\raw\rep_0001\scan_0000168_phase_000167_attempt_00.npz","14072174"
"C:\Users\Chris\Documents\GitHub\Control_System\evidence\experiments\runs\authorized_mbco_phase_reconstruction_20260904T002152_3132654Z\retry_06_buffered_single_rearm_ddg_20260904T021526_1936864Z\Phase Scan\2026-09-04\20260904T021539_510021Z_run\raw\rep_0001\scan_0000168_phase_000167_attempt_01.npz","14014950"
"C:\Users\Chris\Documents\GitHub\Control_System\evidence\experiments\runs\authorized_mbco_phase_reconstruction_20260904T002152_3132654Z\retry_06_buffered_single_rearm_ddg_20260904T021526_1936864Z\Phase Scan\2026-09-04\20260904T021539_510021Z_run\raw\rep_0001\scan_0000169_phase_000168_attempt_00.npz","13979410"
"C:\Users\Chris\Documents\GitHub\Control_System\evidence\experiments\runs\authorized_mbco_phase_reconstruction_20260904T002152_3132654Z\retry_06_buffered_single_rearm_ddg_20260904T021526_1936864Z\Phase Scan\2026-09-04\20260904T021539_510021Z_run\raw\rep_0001\scan_0000169_phase_000168_attempt_01.npz","13514282"
"C:\Users\Chris\Documents\GitHub\Control_System\evidence\experiments\runs\authorized_mbco_phase_reconstruction_20260904T002152_3132654Z\retry_06_buffered_single_rearm_ddg_20260904T021526_1936864Z\Phase Scan\2026-09-04\20260904T021539_510021Z_run\raw\rep_0001\scan_0000170_phase_000169_attempt_00.npz","13746482"
"C:\Users\Chris\Documents\GitHub\Control_System\evidence\experiments\runs\authorized_mbco_phase_reconstruction_20260904T002152_3132654Z\retry_06_buffered_single_rearm_ddg_20260904T021526_1936864Z\Phase Scan\2026-09-04\20260904T021539_510021Z_run\raw\rep_0001\scan_0000170_phase_000169_attempt_01.npz","13211624"
"C:\Users\Chris\Documents\GitHub\Control_System\evidence\experiments\runs\authorized_mbco_phase_reconstruction_20260904T002152_3132654Z\retry_06_buffered_single_rearm_ddg_20260904T021526_1936864Z\Phase Scan\2026-09-04\20260904T021539_510021Z_run\raw\rep_0001\scan_0000171_phase_000170_attempt_00.npz","14129678"
"C:\Users\Chris\Documents\GitHub\Control_System\evidence\experiments\runs\authorized_mbco_phase_reconstruction_20260904T002152_3132654Z\retry_06_buffered_single_rearm_ddg_20260904T021526_1936864Z\Phase Scan\2026-09-04\20260904T021539_510021Z_run\raw\rep_0001\scan_0000171_phase_000170_attempt_01.npz","13721410"
"C:\Users\Chris\Documents\GitHub\Control_System\evidence\experiments\runs\authorized_mbco_phase_reconstruction_20260904T002152_3132654Z\retry_06_buffered_single_rearm_ddg_20260904T021526_1936864Z\Phase Scan\2026-09-04\20260904T021539_510021Z_run\raw\rep_0001\scan_0000172_phase_000171_attempt_00.npz","13603790"
"C:\Users\Chris\Documents\GitHub\Control_System\evidence\experiments\runs\authorized_mbco_phase_reconstruction_20260904T002152_3132654Z\retry_06_buffered_single_rearm_ddg_20260904T021526_1936864Z\Phase Scan\2026-09-04\20260904T021539_510021Z_run\raw\rep_0001\scan_0000172_phase_000171_attempt_01.npz","13543338"
"C:\Users\Chris\Documents\GitHub\Control_System\evidence\experiments\runs\authorized_mbco_phase_reconstruction_20260904T002152_3132654Z\retry_06_buffered_single_rearm_ddg_20260904T021526_1936864Z\Phase Scan\2026-09-04\20260904T021539_510021Z_run\raw\rep_0001\scan_0000173_phase_000172_attempt_00.npz","13913718"
"C:\Users\Chris\Documents\GitHub\Control_System\evidence\experiments\runs\authorized_mbco_phase_reconstruction_20260904T002152_3132654Z\retry_06_buffered_single_rearm_ddg_20260904T021526_1936864Z\Phase Scan\2026-09-04\20260904T021539_510021Z_run\raw\rep_0001\scan_0000173_phase_000172_attempt_01.npz","14099590"
"C:\Users\Chris\Documents\GitHub\Control_System\evidence\experiments\runs\authorized_mbco_phase_reconstruction_20260904T002152_3132654Z\retry_06_buffered_single_rearm_ddg_20260904T021526_1936864Z\Phase Scan\2026-09-04\20260904T021539_510021Z_run\raw\rep_0001\scan_0000174_phase_000173_attempt_00.npz","13685818"
"C:\Users\Chris\Documents\GitHub\Control_System\evidence\experiments\runs\authorized_mbco_phase_reconstruction_20260904T002152_3132654Z\retry_06_buffered_single_rearm_ddg_20260904T021526_1936864Z\Phase Scan\2026-09-04\20260904T021539_510021Z_run\raw\rep_0001\scan_0000174_phase_000173_attempt_01.npz","13280414"
"C:\Users\Chris\Documents\GitHub\Control_System\evidence\experiments\runs\authorized_mbco_phase_reconstruction_20260904T002152_3132654Z\retry_06_buffered_single_rearm_ddg_20260904T021526_1936864Z\Phase Scan\2026-09-04\20260904T021539_510021Z_run\raw\rep_0001\scan_0000175_phase_000174_attempt_00.npz","13995826"
"C:\Users\Chris\Documents\GitHub\Control_System\evidence\experiments\runs\authorized_mbco_phase_reconstruction_20260904T002152_3132654Z\retry_06_buffered_single_rearm_ddg_20260904T021526_1936864Z\Phase Scan\2026-09-04\20260904T021539_510021Z_run\raw\rep_0001\scan_0000175_phase_000174_attempt_01.npz","13454190"
"C:\Users\Chris\Documents\GitHub\Control_System\evidence\experiments\runs\authorized_mbco_phase_reconstruction_20260904T002152_3132654Z\retry_06_buffered_single_rearm_ddg_20260904T021526_1936864Z\Phase Scan\2026-09-04\20260904T021539_510021Z_run\raw\rep_0001\scan_0000176_phase_000175_attempt_00.npz","13646290"
"C:\Users\Chris\Documents\GitHub\Control_System\evidence\experiments\runs\authorized_mbco_phase_reconstruction_20260904T002152_3132654Z\retry_06_buffered_single_rearm_ddg_20260904T021526_1936864Z\Phase Scan\2026-09-04\20260904T021539_510021Z_run\raw\rep_0001\scan_0000176_phase_000175_attempt_01.npz","13743726"
"C:\Users\Chris\Documents\GitHub\Control_System\evidence\experiments\runs\authorized_mbco_phase_reconstruction_20260904T002152_3132654Z\retry_06_buffered_single_rearm_ddg_20260904T021526_1936864Z\Phase Scan\2026-09-04\20260904T021539_510021Z_run\raw\rep_0001\scan_0000177_phase_000176_attempt_00.npz","13799410"
"C:\Users\Chris\Documents\GitHub\Control_System\evidence\experiments\runs\authorized_mbco_phase_reconstruction_20260904T002152_3132654Z\retry_06_buffered_single_rearm_ddg_20260904T021526_1936864Z\Phase Scan\2026-09-04\20260904T021539_510021Z_run\raw\rep_0001\scan_0000177_phase_000176_attempt_01.npz","13580166"
"C:\Users\Chris\Documents\GitHub\Control_System\evidence\experiments\runs\authorized_mbco_phase_reconstruction_20260904T002152_3132654Z\retry_06_buffered_single_rearm_ddg_20260904T021526_1936864Z\Phase Scan\2026-09-04\20260904T021539_510021Z_run\raw\rep_0001\scan_0000178_phase_000177_attempt_00.npz","13356882"
"C:\Users\Chris\Documents\GitHub\Control_System\evidence\experiments\runs\authorized_mbco_phase_reconstruction_20260904T002152_3132654Z\retry_06_buffered_single_rearm_ddg_20260904T021526_1936864Z\Phase Scan\2026-09-04\20260904T021539_510021Z_run\raw\rep_0001\scan_0000178_phase_000177_attempt_01.npz","13977442"
"C:\Users\Chris\Documents\GitHub\Control_System\evidence\experiments\runs\authorized_mbco_phase_reconstruction_20260904T002152_3132654Z\retry_06_buffered_single_rearm_ddg_20260904T021526_1936864Z\Phase Scan\2026-09-04\20260904T021539_510021Z_run\raw\rep_0001\scan_0000179_phase_000178_attempt_00.npz","13374546"
"C:\Users\Chris\Documents\GitHub\Control_System\evidence\experiments\runs\authorized_mbco_phase_reconstruction_20260904T002152_3132654Z\retry_06_buffered_single_rearm_ddg_20260904T021526_1936864Z\Phase Scan\2026-09-04\20260904T021539_510021Z_run\raw\rep_0001\scan_0000179_phase_000178_attempt_01.npz","13257194"
"C:\Users\Chris\Documents\GitHub\Control_System\evidence\experiments\runs\authorized_mbco_phase_reconstruction_20260904T002152_3132654Z\retry_06_buffered_single_rearm_ddg_20260904T021526_1936864Z\Phase Scan\2026-09-04\20260904T021539_510021Z_run\raw\rep_0001\scan_0000180_phase_000179_attempt_00.npz","13855808"
"C:\Users\Chris\Documents\GitHub\Control_System\evidence\experiments\runs\authorized_mbco_phase_reconstruction_20260904T002152_3132654Z\retry_06_buffered_single_rearm_ddg_20260904T021526_1936864Z\Phase Scan\2026-09-04\20260904T021539_510021Z_run\raw\rep_0001\scan_0000180_phase_000179_attempt_01.npz","13897030"
"C:\Users\Chris\Documents\GitHub\Control_System\evidence\experiments\runs\authorized_mbco_phase_reconstruction_20260904T002152_3132654Z\retry_06_buffered_single_rearm_ddg_20260904T021526_1936864Z\Phase Scan\2026-09-04\20260904T021539_510021Z_run\raw\rep_0001\scan_0000181_phase_000180_attempt_00.npz","13423542"
"C:\Users\Chris\Documents\GitHub\Control_System\evidence\experiments\runs\authorized_mbco_phase_reconstruction_20260904T002152_3132654Z\retry_06_buffered_single_rearm_ddg_20260904T021526_1936864Z\Phase Scan\2026-09-04\20260904T021539_510021Z_run\raw\rep_0001\scan_0000181_phase_000180_attempt_01.npz","14069550"
"C:\Users\Chris\Documents\GitHub\Control_System\evidence\experiments\runs\authorized_mbco_phase_reconstruction_20260904T002152_3132654Z\retry_06_buffered_single_rearm_ddg_20260904T021526_1936864Z\Phase Scan\2026-09-04\20260904T021539_510021Z_run\raw\rep_0001\scan_0000182_phase_000181_attempt_00.npz","13524410"
"C:\Users\Chris\Documents\GitHub\Control_System\evidence\experiments\runs\authorized_mbco_phase_reconstruction_20260904T002152_3132654Z\retry_06_buffered_single_rearm_ddg_20260904T021526_1936864Z\Phase Scan\2026-09-04\20260904T021539_510021Z_run\raw\rep_0001\scan_0000182_phase_000181_attempt_01.npz","13614218"
"C:\Users\Chris\Documents\GitHub\Control_System\evidence\experiments\runs\authorized_mbco_phase_reconstruction_20260904T002152_3132654Z\retry_06_buffered_single_rearm_ddg_20260904T021526_1936864Z\Phase Scan\2026-09-04\20260904T021539_510021Z_run\raw\rep_0001\scan_0000183_phase_000182_attempt_00.npz","13383638"
"C:\Users\Chris\Documents\GitHub\Control_System\evidence\experiments\runs\authorized_mbco_phase_reconstruction_20260904T002152_3132654Z\retry_06_buffered_single_rearm_ddg_20260904T021526_1936864Z\Phase Scan\2026-09-04\20260904T021539_510021Z_run\raw\rep_0001\scan_0000183_phase_000182_attempt_01.npz","13741486"
"C:\Users\Chris\Documents\GitHub\Control_System\evidence\experiments\runs\authorized_mbco_phase_reconstruction_20260904T002152_3132654Z\retry_06_buffered_single_rearm_ddg_20260904T021526_1936864Z\Phase Scan\2026-09-04\20260904T021539_510021Z_run\raw\rep_0001\scan_0000184_phase_000183_attempt_00.npz","13491770"
"C:\Users\Chris\Documents\GitHub\Control_System\evidence\experiments\runs\authorized_mbco_phase_reconstruction_20260904T002152_3132654Z\retry_06_buffered_single_rearm_ddg_20260904T021526_1936864Z\Phase Scan\2026-09-04\20260904T021539_510021Z_run\raw\rep_0001\scan_0000184_phase_000183_attempt_01.npz","13589810"
"C:\Users\Chris\Documents\GitHub\Control_System\evidence\experiments\runs\authorized_mbco_phase_reconstruction_20260904T002152_3132654Z\retry_06_buffered_single_rearm_ddg_20260904T021526_1936864Z\Phase Scan\2026-09-04\20260904T021539_510021Z_run\raw\rep_0001\scan_0000185_phase_000184_attempt_00.npz","13575382"
"C:\Users\Chris\Documents\GitHub\Control_System\evidence\experiments\runs\authorized_mbco_phase_reconstruction_20260904T002152_3132654Z\retry_06_buffered_single_rearm_ddg_20260904T021526_1936864Z\Phase Scan\2026-09-04\20260904T021539_510021Z_run\raw\rep_0001\scan_0000185_phase_000184_attempt_01.npz","14180746"
"C:\Users\Chris\Documents\GitHub\Control_System\evidence\experiments\runs\authorized_mbco_phase_reconstruction_20260904T002152_3132654Z\retry_06_buffered_single_rearm_ddg_20260904T021526_1936864Z\Phase Scan\2026-09-04\20260904T021539_510021Z_run\raw\rep_0001\scan_0000186_phase_000185_attempt_00.npz","13608846"
"C:\Users\Chris\Documents\GitHub\Control_System\evidence\experiments\runs\authorized_mbco_phase_reconstruction_20260904T002152_3132654Z\retry_06_buffered_single_rearm_ddg_20260904T021526_1936864Z\Phase Scan\2026-09-04\20260904T021539_510021Z_run\raw\rep_0001\scan_0000186_phase_000185_attempt_01.npz","13513670"
"C:\Users\Chris\Documents\GitHub\Control_System\evidence\experiments\runs\authorized_mbco_phase_reconstruction_20260904T002152_3132654Z\retry_06_buffered_single_rearm_ddg_20260904T021526_1936864Z\Phase Scan\2026-09-04\20260904T021539_510021Z_run\raw\rep_0001\scan_0000187_phase_000186_attempt_00.npz","13751118"
"C:\Users\Chris\Documents\GitHub\Control_System\evidence\experiments\runs\authorized_mbco_phase_reconstruction_20260904T002152_3132654Z\retry_06_buffered_single_rearm_ddg_20260904T021526_1936864Z\Phase Scan\2026-09-04\20260904T021539_510021Z_run\raw\rep_0001\scan_0000187_phase_000186_attempt_01.npz","13806570"
"C:\Users\Chris\Documents\GitHub\Control_System\evidence\experiments\runs\authorized_mbco_phase_reconstruction_20260904T002152_3132654Z\retry_06_buffered_single_rearm_ddg_20260904T021526_1936864Z\Phase Scan\2026-09-04\20260904T021539_510021Z_run\raw\rep_0001\scan_0000188_phase_000187_attempt_00.npz","13594774"
"C:\Users\Chris\Documents\GitHub\Control_System\evidence\experiments\runs\authorized_mbco_phase_reconstruction_20260904T002152_3132654Z\retry_06_buffered_single_rearm_ddg_20260904T021526_1936864Z\Phase Scan\2026-09-04\20260904T021539_510021Z_run\raw\rep_0001\scan_0000188_phase_000187_attempt_01.npz","13616866"
"C:\Users\Chris\Documents\GitHub\Control_System\evidence\experiments\runs\authorized_mbco_phase_reconstruction_20260904T002152_3132654Z\retry_06_buffered_single_rearm_ddg_20260904T021526_1936864Z\Phase Scan\2026-09-04\20260904T021539_510021Z_run\raw\rep_0001\scan_0000189_phase_000188_attempt_00.npz","13697002"
"C:\Users\Chris\Documents\GitHub\Control_System\evidence\experiments\runs\authorized_mbco_phase_reconstruction_20260904T002152_3132654Z\retry_06_buffered_single_rearm_ddg_20260904T021526_1936864Z\Phase Scan\2026-09-04\20260904T021539_510021Z_run\raw\rep_0001\scan_0000189_phase_000188_attempt_01.npz","13698442"
"C:\Users\Chris\Documents\GitHub\Control_System\evidence\experiments\runs\authorized_mbco_phase_reconstruction_20260904T002152_3132654Z\retry_06_buffered_single_rearm_ddg_20260904T021526_1936864Z\Phase Scan\2026-09-04\20260904T021539_510021Z_run\raw\rep_0001\scan_0000190_phase_000189_attempt_00.npz","13582346"
"C:\Users\Chris\Documents\GitHub\Control_System\evidence\experiments\runs\authorized_mbco_phase_reconstruction_20260904T002152_3132654Z\retry_06_buffered_single_rearm_ddg_20260904T021526_1936864Z\Phase Scan\2026-09-04\20260904T021539_510021Z_run\raw\rep_0001\scan_0000190_phase_000189_attempt_01.npz","13858374"
"C:\Users\Chris\Documents\GitHub\Control_System\evidence\experiments\runs\authorized_mbco_phase_reconstruction_20260904T002152_3132654Z\retry_06_buffered_single_rearm_ddg_20260904T021526_1936864Z\Phase Scan\2026-09-04\20260904T021539_510021Z_run\raw\rep_0001\scan_0000191_phase_000190_attempt_00.npz","13385458"
"C:\Users\Chris\Documents\GitHub\Control_System\evidence\experiments\runs\authorized_mbco_phase_reconstruction_20260904T002152_3132654Z\retry_06_buffered_single_rearm_ddg_20260904T021526_1936864Z\Phase Scan\2026-09-04\20260904T021539_510021Z_run\raw\rep_0001\scan_0000191_phase_000190_attempt_01.npz","13836550"
"C:\Users\Chris\Documents\GitHub\Control_System\evidence\experiments\runs\authorized_mbco_phase_reconstruction_20260904T002152_3132654Z\retry_06_buffered_single_rearm_ddg_20260904T021526_1936864Z\Phase Scan\2026-09-04\20260904T021539_510021Z_run\raw\rep_0001\scan_0000192_phase_000191_attempt_00.npz","13927530"
"C:\Users\Chris\Documents\GitHub\Control_System\evidence\experiments\runs\authorized_mbco_phase_reconstruction_20260904T002152_3132654Z\retry_06_buffered_single_rearm_ddg_20260904T021526_1936864Z\Phase Scan\2026-09-04\20260904T021539_510021Z_run\raw\rep_0001\scan_0000192_phase_000191_attempt_01.npz","13326136"
"C:\Users\Chris\Documents\GitHub\Control_System\evidence\experiments\runs\authorized_mbco_phase_reconstruction_20260904T002152_3132654Z\retry_06_buffered_single_rearm_ddg_20260904T021526_1936864Z\Phase Scan\2026-09-04\20260904T021539_510021Z_run\raw\rep_0001\scan_0000193_phase_000192_attempt_00.npz","13850446"
"C:\Users\Chris\Documents\GitHub\Control_System\evidence\experiments\runs\authorized_mbco_phase_reconstruction_20260904T002152_3132654Z\retry_06_buffered_single_rearm_ddg_20260904T021526_1936864Z\Phase Scan\2026-09-04\20260904T021539_510021Z_run\raw\rep_0001\scan_0000193_phase_000192_attempt_01.npz","13625938"
"C:\Users\Chris\Documents\GitHub\Control_System\evidence\experiments\runs\authorized_mbco_phase_reconstruction_20260904T002152_3132654Z\retry_06_buffered_single_rearm_ddg_20260904T021526_1936864Z\Phase Scan\2026-09-04\20260904T021539_510021Z_run\raw\rep_0001\scan_0000194_phase_000193_attempt_00.npz","13697202"
"C:\Users\Chris\Documents\GitHub\Control_System\evidence\experiments\runs\authorized_mbco_phase_reconstruction_20260904T002152_3132654Z\retry_06_buffered_single_rearm_ddg_20260904T021526_1936864Z\Phase Scan\2026-09-04\20260904T021539_510021Z_run\raw\rep_0001\scan_0000194_phase_000193_attempt_01.npz","14098786"
"C:\Users\Chris\Documents\GitHub\Control_System\evidence\experiments\runs\authorized_mbco_phase_reconstruction_20260904T002152_3132654Z\retry_06_buffered_single_rearm_ddg_20260904T021526_1936864Z\Phase Scan\2026-09-04\20260904T021539_510021Z_run\raw\rep_0001\scan_0000195_phase_000194_attempt_00.npz","13885322"
"C:\Users\Chris\Documents\GitHub\Control_System\evidence\experiments\runs\authorized_mbco_phase_reconstruction_20260904T002152_3132654Z\retry_06_buffered_single_rearm_ddg_20260904T021526_1936864Z\Phase Scan\2026-09-04\20260904T021539_510021Z_run\raw\rep_0001\scan_0000195_phase_000194_attempt_01.npz","13688494"
"C:\Users\Chris\Documents\GitHub\Control_System\evidence\experiments\runs\authorized_mbco_phase_reconstruction_20260904T002152_3132654Z\retry_06_buffered_single_rearm_ddg_20260904T021526_1936864Z\Phase Scan\2026-09-04\20260904T021539_510021Z_run\raw\rep_0001\scan_0000196_phase_000195_attempt_00.npz","14121290"
"C:\Users\Chris\Documents\GitHub\Control_System\evidence\experiments\runs\authorized_mbco_phase_reconstruction_20260904T002152_3132654Z\retry_06_buffered_single_rearm_ddg_20260904T021526_1936864Z\Phase Scan\2026-09-04\20260904T021539_510021Z_run\raw\rep_0001\scan_0000196_phase_000195_attempt_01.npz","13332142"
"C:\Users\Chris\Documents\GitHub\Control_System\evidence\experiments\runs\authorized_mbco_phase_reconstruction_20260904T002152_3132654Z\retry_06_buffered_single_rearm_ddg_20260904T021526_1936864Z\Phase Scan\2026-09-04\20260904T021539_510021Z_run\raw\rep_0001\scan_0000197_phase_000196_attempt_00.npz","13975118"
"C:\Users\Chris\Documents\GitHub\Control_System\evidence\experiments\runs\authorized_mbco_phase_reconstruction_20260904T002152_3132654Z\retry_06_buffered_single_rearm_ddg_20260904T021526_1936864Z\Phase Scan\2026-09-04\20260904T021539_510021Z_run\raw\rep_0001\scan_0000197_phase_000196_attempt_01.npz","13620746"
"C:\Users\Chris\Documents\GitHub\Control_System\evidence\experiments\runs\authorized_mbco_phase_reconstruction_20260904T002152_3132654Z\retry_06_buffered_single_rearm_ddg_20260904T021526_1936864Z\Phase Scan\2026-09-04\20260904T021539_510021Z_run\raw\rep_0001\scan_0000198_phase_000197_attempt_00.npz","14257678"
"C:\Users\Chris\Documents\GitHub\Control_System\evidence\experiments\runs\authorized_mbco_phase_reconstruction_20260904T002152_3132654Z\retry_06_buffered_single_rearm_ddg_20260904T021526_1936864Z\Phase Scan\2026-09-04\20260904T021539_510021Z_run\raw\rep_0001\scan_0000198_phase_000197_attempt_01.npz","13321272"
"C:\Users\Chris\Documents\GitHub\Control_System\evidence\experiments\runs\authorized_mbco_phase_reconstruction_20260904T002152_3132654Z\retry_06_buffered_single_rearm_ddg_20260904T021526_1936864Z\Phase Scan\2026-09-04\20260904T021539_510021Z_run\raw\rep_0001\scan_0000199_phase_000198_attempt_00.npz","13195872"
"C:\Users\Chris\Documents\GitHub\Control_System\evidence\experiments\runs\authorized_mbco_phase_reconstruction_20260904T002152_3132654Z\retry_06_buffered_single_rearm_ddg_20260904T021526_1936864Z\Phase Scan\2026-09-04\20260904T021539_510021Z_run\raw\rep_0001\scan_0000199_phase_000198_attempt_01.npz","13522480"
"C:\Users\Chris\Documents\GitHub\Control_System\evidence\experiments\runs\authorized_mbco_phase_reconstruction_20260904T002152_3132654Z\retry_06_buffered_single_rearm_ddg_20260904T021526_1936864Z\Phase Scan\2026-09-04\20260904T021539_510021Z_run\raw\rep_0001\scan_0000200_phase_000199_attempt_00.npz","13002496"
"C:\Users\Chris\Documents\GitHub\Control_System\evidence\experiments\runs\authorized_mbco_phase_reconstruction_20260904T002152_3132654Z\retry_06_buffered_single_rearm_ddg_20260904T021526_1936864Z\Phase Scan\2026-09-04\20260904T021539_510021Z_run\raw\rep_0001\scan_0000200_phase_000199_attempt_01.npz","13424434"
"C:\Users\Chris\Documents\GitHub\Control_System\evidence\experiments\runs\authorized_mbco_phase_reconstruction_20260904T002152_3132654Z\retry_06_buffered_single_rearm_ddg_20260904T021526_1936864Z\Phase Scan\2026-09-04\20260904T021539_510021Z_run\raw\rep_0001\scan_0000201_phase_000200_attempt_00.npz","14070322"
"C:\Users\Chris\Documents\GitHub\Control_System\evidence\experiments\runs\authorized_mbco_phase_reconstruction_20260904T002152_3132654Z\retry_06_buffered_single_rearm_ddg_20260904T021526_1936864Z\Phase Scan\2026-09-04\20260904T021539_510021Z_run\raw\rep_0001\scan_0000201_phase_000200_attempt_01.npz","13924946"
"C:\Users\Chris\Documents\GitHub\Control_System\evidence\experiments\runs\authorized_mbco_phase_reconstruction_20260904T002152_3132654Z\retry_06_buffered_single_rearm_ddg_20260904T021526_1936864Z\Phase Scan\2026-09-04\20260904T021539_510021Z_run\raw\rep_0001\scan_0000202_phase_000201_attempt_00.npz","14273518"
"C:\Users\Chris\Documents\GitHub\Control_System\evidence\experiments\runs\authorized_mbco_phase_reconstruction_20260904T002152_3132654Z\retry_06_buffered_single_rearm_ddg_20260904T021526_1936864Z\Phase Scan\2026-09-04\20260904T021539_510021Z_run\raw\rep_0001\scan_0000202_phase_000201_attempt_01.npz","14083026"
"C:\Users\Chris\Documents\GitHub\Control_System\evidence\experiments\runs\authorized_mbco_phase_reconstruction_20260904T002152_3132654Z\retry_06_buffered_single_rearm_ddg_20260904T021526_1936864Z\Phase Scan\2026-09-04\20260904T021539_510021Z_run\raw\rep_0001\scan_0000203_phase_000202_attempt_00.npz","13617390"
"C:\Users\Chris\Documents\GitHub\Control_System\evidence\experiments\runs\authorized_mbco_phase_reconstruction_20260904T002152_3132654Z\retry_06_buffered_single_rearm_ddg_20260904T021526_1936864Z\Phase Scan\2026-09-04\20260904T021539_510021Z_run\raw\rep_0001\scan_0000203_phase_000202_attempt_01.npz","13808174"
"C:\Users\Chris\Documents\GitHub\Control_System\evidence\experiments\runs\authorized_mbco_phase_reconstruction_20260904T002152_3132654Z\retry_06_buffered_single_rearm_ddg_20260904T021526_1936864Z\Phase Scan\2026-09-04\20260904T021539_510021Z_run\raw\rep_0001\scan_0000204_phase_000203_attempt_00.npz","13739642"
"C:\Users\Chris\Documents\GitHub\Control_System\evidence\experiments\runs\authorized_mbco_phase_reconstruction_20260904T002152_3132654Z\retry_06_buffered_single_rearm_ddg_20260904T021526_1936864Z\Phase Scan\2026-09-04\20260904T021539_510021Z_run\raw\rep_0001\scan_0000204_phase_000203_attempt_01.npz","13662570"
"C:\Users\Chris\Documents\GitHub\Control_System\evidence\experiments\runs\authorized_mbco_phase_reconstruction_20260904T002152_3132654Z\retry_06_buffered_single_rearm_ddg_20260904T021526_1936864Z\Phase Scan\2026-09-04\20260904T021539_510021Z_run\raw\rep_0001\scan_0000205_phase_000204_attempt_00.npz","13493682"
"C:\Users\Chris\Documents\GitHub\Control_System\evidence\experiments\runs\authorized_mbco_phase_reconstruction_20260904T002152_3132654Z\retry_06_buffered_single_rearm_ddg_20260904T021526_1936864Z\Phase Scan\2026-09-04\20260904T021539_510021Z_run\raw\rep_0001\scan_0000205_phase_000204_attempt_01.npz","13717514"
"C:\Users\Chris\Documents\GitHub\Control_System\evidence\experiments\runs\authorized_mbco_phase_reconstruction_20260904T002152_3132654Z\retry_06_buffered_single_rearm_ddg_20260904T021526_1936864Z\Phase Scan\2026-09-04\20260904T021539_510021Z_run\raw\rep_0001\scan_0000206_phase_000205_attempt_00.npz","14161530"
"C:\Users\Chris\Documents\GitHub\Control_System\evidence\experiments\runs\authorized_mbco_phase_reconstruction_20260904T002152_3132654Z\retry_06_buffered_single_rearm_ddg_20260904T021526_1936864Z\Phase Scan\2026-09-04\20260904T021539_510021Z_run\raw\rep_0001\scan_0000206_phase_000205_attempt_01.npz","13006096"
"C:\Users\Chris\Documents\GitHub\Control_System\evidence\experiments\runs\authorized_mbco_phase_reconstruction_20260904T002152_3132654Z\retry_06_buffered_single_rearm_ddg_20260904T021526_1936864Z\Phase Scan\2026-09-04\20260904T021539_510021Z_run\raw\rep_0001\scan_0000207_phase_000206_attempt_00.npz","13891030"
"C:\Users\Chris\Documents\GitHub\Control_System\evidence\experiments\runs\authorized_mbco_phase_reconstruction_20260904T002152_3132654Z\retry_06_buffered_single_rearm_ddg_20260904T021526_1936864Z\Phase Scan\2026-09-04\20260904T021539_510021Z_run\raw\rep_0001\scan_0000207_phase_000206_attempt_01.npz","13805582"
"C:\Users\Chris\Documents\GitHub\Control_System\evidence\experiments\runs\authorized_mbco_phase_reconstruction_20260904T002152_3132654Z\retry_06_buffered_single_rearm_ddg_20260904T021526_1936864Z\Phase Scan\2026-09-04\20260904T021539_510021Z_run\raw\rep_0001\scan_0000208_phase_000207_attempt_00.npz","13980622"
"C:\Users\Chris\Documents\GitHub\Control_System\evidence\experiments\runs\authorized_mbco_phase_reconstruction_20260904T002152_3132654Z\retry_06_buffered_single_rearm_ddg_20260904T021526_1936864Z\Phase Scan\2026-09-04\20260904T021539_510021Z_run\raw\rep_0001\scan_0000208_phase_000207_attempt_01.npz","13850478"
"C:\Users\Chris\Documents\GitHub\Control_System\evidence\experiments\runs\authorized_mbco_phase_reconstruction_20260904T002152_3132654Z\retry_06_buffered_single_rearm_ddg_20260904T021526_1936864Z\Phase Scan\2026-09-04\20260904T021539_510021Z_run\raw\rep_0001\scan_0000209_phase_000208_attempt_00.npz","13728970"
"C:\Users\Chris\Documents\GitHub\Control_System\evidence\experiments\runs\authorized_mbco_phase_reconstruction_20260904T002152_3132654Z\retry_06_buffered_single_rearm_ddg_20260904T021526_1936864Z\Phase Scan\2026-09-04\20260904T021539_510021Z_run\raw\rep_0001\scan_0000209_phase_000208_attempt_01.npz","14174094"
"C:\Users\Chris\Documents\GitHub\Control_System\evidence\experiments\runs\authorized_mbco_phase_reconstruction_20260904T002152_3132654Z\retry_06_buffered_single_rearm_ddg_20260904T021526_1936864Z\Phase Scan\2026-09-04\20260904T021539_510021Z_run\raw\rep_0001\scan_0000210_phase_000209_attempt_00.npz","14442646"
"C:\Users\Chris\Documents\GitHub\Control_System\evidence\experiments\runs\authorized_mbco_phase_reconstruction_20260904T002152_3132654Z\retry_06_buffered_single_rearm_ddg_20260904T021526_1936864Z\Phase Scan\2026-09-04\20260904T021539_510021Z_run\raw\rep_0001\scan_0000210_phase_000209_attempt_01.npz","13632878"
"C:\Users\Chris\Documents\GitHub\Control_System\evidence\experiments\runs\authorized_mbco_phase_reconstruction_20260904T002152_3132654Z\retry_06_buffered_single_rearm_ddg_20260904T021526_1936864Z\Phase Scan\2026-09-04\20260904T021539_510021Z_run\raw\rep_0001\scan_0000211_phase_000210_attempt_00.npz","13369170"
"C:\Users\Chris\Documents\GitHub\Control_System\evidence\experiments\runs\authorized_mbco_phase_reconstruction_20260904T002152_3132654Z\retry_06_buffered_single_rearm_ddg_20260904T021526_1936864Z\Phase Scan\2026-09-04\20260904T021539_510021Z_run\raw\rep_0001\scan_0000211_phase_000210_attempt_01.npz","13497458"
"C:\Users\Chris\Documents\GitHub\Control_System\evidence\experiments\runs\authorized_mbco_phase_reconstruction_20260904T002152_3132654Z\retry_06_buffered_single_rearm_ddg_20260904T021526_1936864Z\Phase Scan\2026-09-04\20260904T021539_510021Z_run\raw\rep_0001\scan_0000212_phase_000211_attempt_00.npz","13292270"
"C:\Users\Chris\Documents\GitHub\Control_System\evidence\experiments\runs\authorized_mbco_phase_reconstruction_20260904T002152_3132654Z\retry_06_buffered_single_rearm_ddg_20260904T021526_1936864Z\Phase Scan\2026-09-04\20260904T021539_510021Z_run\raw\rep_0001\scan_0000212_phase_000211_attempt_01.npz","13731362"
"C:\Users\Chris\Documents\GitHub\Control_System\evidence\experiments\runs\authorized_mbco_phase_reconstruction_20260904T002152_3132654Z\retry_06_buffered_single_rearm_ddg_20260904T021526_1936864Z\Phase Scan\2026-09-04\20260904T021539_510021Z_run\raw\rep_0001\scan_0000213_phase_000212_attempt_00.npz","13995602"
"C:\Users\Chris\Documents\GitHub\Control_System\evidence\experiments\runs\authorized_mbco_phase_reconstruction_20260904T002152_3132654Z\retry_06_buffered_single_rearm_ddg_20260904T021526_1936864Z\Phase Scan\2026-09-04\20260904T021539_510021Z_run\raw\rep_0001\scan_0000213_phase_000212_attempt_01.npz","14025962"
"C:\Users\Chris\Documents\GitHub\Control_System\evidence\experiments\runs\authorized_mbco_phase_reconstruction_20260904T002152_3132654Z\retry_06_buffered_single_rearm_ddg_20260904T021526_1936864Z\Phase Scan\2026-09-04\20260904T021539_510021Z_run\raw\rep_0001\scan_0000214_phase_000213_attempt_00.npz","13999758"
"C:\Users\Chris\Documents\GitHub\Control_System\evidence\experiments\runs\authorized_mbco_phase_reconstruction_20260904T002152_3132654Z\retry_06_buffered_single_rearm_ddg_20260904T021526_1936864Z\Phase Scan\2026-09-04\20260904T021539_510021Z_run\raw\rep_0001\scan_0000214_phase_000213_attempt_01.npz","13507038"
"C:\Users\Chris\Documents\GitHub\Control_System\evidence\experiments\runs\authorized_mbco_phase_reconstruction_20260904T002152_3132654Z\retry_06_buffered_single_rearm_ddg_20260904T021526_1936864Z\Phase Scan\2026-09-04\20260904T021539_510021Z_run\raw\rep_0001\scan_0000215_phase_000214_attempt_00.npz","13985062"
"C:\Users\Chris\Documents\GitHub\Control_System\evidence\experiments\runs\authorized_mbco_phase_reconstruction_20260904T002152_3132654Z\retry_06_buffered_single_rearm_ddg_20260904T021526_1936864Z\Phase Scan\2026-09-04\20260904T021539_510021Z_run\raw\rep_0001\scan_0000215_phase_000214_attempt_01.npz","13825838"
"C:\Users\Chris\Documents\GitHub\Control_System\evidence\experiments\runs\authorized_mbco_phase_reconstruction_20260904T002152_3132654Z\retry_06_buffered_single_rearm_ddg_20260904T021526_1936864Z\Phase Scan\2026-09-04\20260904T021539_510021Z_run\raw\rep_0001\scan_0000216_phase_000215_attempt_00.npz","13676566"
"C:\Users\Chris\Documents\GitHub\Control_System\evidence\experiments\runs\authorized_mbco_phase_reconstruction_20260904T002152_3132654Z\retry_06_buffered_single_rearm_ddg_20260904T021526_1936864Z\Phase Scan\2026-09-04\20260904T021539_510021Z_run\raw\rep_0001\scan_0000216_phase_000215_attempt_01.npz","13814894"
"C:\Users\Chris\Documents\GitHub\Control_System\evidence\experiments\runs\authorized_mbco_phase_reconstruction_20260904T002152_3132654Z\retry_06_buffered_single_rearm_ddg_20260904T021526_1936864Z\Phase Scan\2026-09-04\20260904T021539_510021Z_run\raw\rep_0001\scan_0000217_phase_000216_attempt_00.npz","14018962"
"C:\Users\Chris\Documents\GitHub\Control_System\evidence\experiments\runs\authorized_mbco_phase_reconstruction_20260904T002152_3132654Z\retry_06_buffered_single_rearm_ddg_20260904T021526_1936864Z\Phase Scan\2026-09-04\20260904T021539_510021Z_run\raw\rep_0001\scan_0000217_phase_000216_attempt_01.npz","13734734"
"C:\Users\Chris\Documents\GitHub\Control_System\evidence\experiments\runs\authorized_mbco_phase_reconstruction_20260904T002152_3132654Z\retry_06_buffered_single_rearm_ddg_20260904T021526_1936864Z\Phase Scan\2026-09-04\20260904T021539_510021Z_run\raw\rep_0001\scan_0000218_phase_000217_attempt_00.npz","13515474"
"C:\Users\Chris\Documents\GitHub\Control_System\evidence\experiments\runs\authorized_mbco_phase_reconstruction_20260904T002152_3132654Z\retry_06_buffered_single_rearm_ddg_20260904T021526_1936864Z\Phase Scan\2026-09-04\20260904T021539_510021Z_run\raw\rep_0001\scan_0000218_phase_000217_attempt_01.npz","13798790"
"C:\Users\Chris\Documents\GitHub\Control_System\evidence\experiments\runs\authorized_mbco_phase_reconstruction_20260904T002152_3132654Z\retry_06_buffered_single_rearm_ddg_20260904T021526_1936864Z\Phase Scan\2026-09-04\20260904T021539_510021Z_run\raw\rep_0001\scan_0000219_phase_000218_attempt_00.npz","13981242"
"C:\Users\Chris\Documents\GitHub\Control_System\evidence\experiments\runs\authorized_mbco_phase_reconstruction_20260904T002152_3132654Z\retry_06_buffered_single_rearm_ddg_20260904T021526_1936864Z\Phase Scan\2026-09-04\20260904T021539_510021Z_run\raw\rep_0001\scan_0000219_phase_000218_attempt_01.npz","13543914"
"C:\Users\Chris\Documents\GitHub\Control_System\evidence\experiments\runs\authorized_mbco_phase_reconstruction_20260904T002152_3132654Z\retry_06_buffered_single_rearm_ddg_20260904T021526_1936864Z\Phase Scan\2026-09-04\20260904T021539_510021Z_run\raw\rep_0001\scan_0000220_phase_000219_attempt_00.npz","14126354"
"C:\Users\Chris\Documents\GitHub\Control_System\evidence\experiments\runs\authorized_mbco_phase_reconstruction_20260904T002152_3132654Z\retry_06_buffered_single_rearm_ddg_20260904T021526_1936864Z\Phase Scan\2026-09-04\20260904T021539_510021Z_run\raw\rep_0001\scan_0000220_phase_000219_attempt_01.npz","13329126"
"C:\Users\Chris\Documents\GitHub\Control_System\evidence\experiments\runs\authorized_mbco_phase_reconstruction_20260904T002152_3132654Z\retry_06_buffered_single_rearm_ddg_20260904T021526_1936864Z\Phase Scan\2026-09-04\20260904T021539_510021Z_run\raw\rep_0001\scan_0000221_phase_000220_attempt_00.npz","13753806"
"C:\Users\Chris\Documents\GitHub\Control_System\evidence\experiments\runs\authorized_mbco_phase_reconstruction_20260904T002152_3132654Z\retry_06_buffered_single_rearm_ddg_20260904T021526_1936864Z\Phase Scan\2026-09-04\20260904T021539_510021Z_run\raw\rep_0001\scan_0000221_phase_000220_attempt_01.npz","13546122"
"C:\Users\Chris\Documents\GitHub\Control_System\evidence\experiments\runs\authorized_mbco_phase_reconstruction_20260904T002152_3132654Z\retry_06_buffered_single_rearm_ddg_20260904T021526_1936864Z\Phase Scan\2026-09-04\20260904T021539_510021Z_run\raw\rep_0001\scan_0000222_phase_000221_attempt_00.npz","13335772"
"C:\Users\Chris\Documents\GitHub\Control_System\evidence\experiments\runs\authorized_mbco_phase_reconstruction_20260904T002152_3132654Z\retry_06_buffered_single_rearm_ddg_20260904T021526_1936864Z\Phase Scan\2026-09-04\20260904T021539_510021Z_run\raw\rep_0001\scan_0000222_phase_000221_attempt_01.npz","13467794"
"C:\Users\Chris\Documents\GitHub\Control_System\evidence\experiments\runs\authorized_mbco_phase_reconstruction_20260904T002152_3132654Z\retry_06_buffered_single_rearm_ddg_20260904T021526_1936864Z\Phase Scan\2026-09-04\20260904T021539_510021Z_run\raw\rep_0001\scan_0000223_phase_000222_attempt_00.npz","13784502"
"C:\Users\Chris\Documents\GitHub\Control_System\evidence\experiments\runs\authorized_mbco_phase_reconstruction_20260904T002152_3132654Z\retry_06_buffered_single_rearm_ddg_20260904T021526_1936864Z\Phase Scan\2026-09-04\20260904T021539_510021Z_run\raw\rep_0001\scan_0000223_phase_000222_attempt_01.npz","14435890"
"C:\Users\Chris\Documents\GitHub\Control_System\evidence\experiments\runs\authorized_mbco_phase_reconstruction_20260904T002152_3132654Z\retry_06_buffered_single_rearm_ddg_20260904T021526_1936864Z\Phase Scan\2026-09-04\20260904T021539_510021Z_run\raw\rep_0001\scan_0000224_phase_000223_attempt_00.npz","13512850"
"C:\Users\Chris\Documents\GitHub\Control_System\evidence\experiments\runs\authorized_mbco_phase_reconstruction_20260904T002152_3132654Z\retry_06_buffered_single_rearm_ddg_20260904T021526_1936864Z\Phase Scan\2026-09-04\20260904T021539_510021Z_run\raw\rep_0001\scan_0000224_phase_000223_attempt_01.npz","13066028"
"C:\Users\Chris\Documents\GitHub\Control_System\evidence\experiments\runs\authorized_mbco_phase_reconstruction_20260904T002152_3132654Z\retry_06_buffered_single_rearm_ddg_20260904T021526_1936864Z\Phase Scan\2026-09-04\20260904T021539_510021Z_run\raw\rep_0001\scan_0000225_phase_000224_attempt_00.npz","13306780"
"C:\Users\Chris\Documents\GitHub\Control_System\evidence\experiments\runs\authorized_mbco_phase_reconstruction_20260904T002152_3132654Z\retry_06_buffered_single_rearm_ddg_20260904T021526_1936864Z\Phase Scan\2026-09-04\20260904T021539_510021Z_run\raw\rep_0001\scan_0000225_phase_000224_attempt_01.npz","13190868"
"C:\Users\Chris\Documents\GitHub\Control_System\evidence\experiments\runs\authorized_mbco_phase_reconstruction_20260904T002152_3132654Z\retry_06_buffered_single_rearm_ddg_20260904T021526_1936864Z\Phase Scan\2026-09-04\20260904T021539_510021Z_run\raw\rep_0001\scan_0000226_phase_000225_attempt_00.npz","13437124"
"C:\Users\Chris\Documents\GitHub\Control_System\evidence\experiments\runs\authorized_mbco_phase_reconstruction_20260904T002152_3132654Z\retry_06_buffered_single_rearm_ddg_20260904T021526_1936864Z\Phase Scan\2026-09-04\20260904T021539_510021Z_run\raw\rep_0001\scan_0000226_phase_000225_attempt_01.npz","13902922"
"C:\Users\Chris\Documents\GitHub\Control_System\evidence\experiments\runs\authorized_mbco_phase_reconstruction_20260904T002152_3132654Z\retry_06_buffered_single_rearm_ddg_20260904T021526_1936864Z\Phase Scan\2026-09-04\20260904T021539_510021Z_run\raw\rep_0001\scan_0000227_phase_000226_attempt_00.npz","13530294"
"C:\Users\Chris\Documents\GitHub\Control_System\evidence\experiments\runs\authorized_mbco_phase_reconstruction_20260904T002152_3132654Z\retry_06_buffered_single_rearm_ddg_20260904T021526_1936864Z\Phase Scan\2026-09-04\20260904T021539_510021Z_run\raw\rep_0001\scan_0000227_phase_000226_attempt_01.npz","13093080"
"C:\Users\Chris\Documents\GitHub\Control_System\evidence\experiments\runs\authorized_mbco_phase_reconstruction_20260904T002152_3132654Z\retry_06_buffered_single_rearm_ddg_20260904T021526_1936864Z\Phase Scan\2026-09-04\20260904T021539_510021Z_run\raw\rep_0001\scan_0000228_phase_000227_attempt_00.npz","13677498"
"C:\Users\Chris\Documents\GitHub\Control_System\evidence\experiments\runs\authorized_mbco_phase_reconstruction_20260904T002152_3132654Z\retry_06_buffered_single_rearm_ddg_20260904T021526_1936864Z\Phase Scan\2026-09-04\20260904T021539_510021Z_run\raw\rep_0001\scan_0000228_phase_000227_attempt_01.npz","13246638"
"C:\Users\Chris\Documents\GitHub\Control_System\evidence\experiments\runs\authorized_mbco_phase_reconstruction_20260904T002152_3132654Z\retry_06_buffered_single_rearm_ddg_20260904T021526_1936864Z\Phase Scan\2026-09-04\20260904T021539_510021Z_run\raw\rep_0001\scan_0000229_phase_000228_attempt_00.npz","13410290"
"C:\Users\Chris\Documents\GitHub\Control_System\evidence\experiments\runs\authorized_mbco_phase_reconstruction_20260904T002152_3132654Z\retry_06_buffered_single_rearm_ddg_20260904T021526_1936864Z\Phase Scan\2026-09-04\20260904T021539_510021Z_run\raw\rep_0001\scan_0000229_phase_000228_attempt_01.npz","13317784"
"C:\Users\Chris\Documents\GitHub\Control_System\evidence\experiments\runs\authorized_mbco_phase_reconstruction_20260904T002152_3132654Z\retry_06_buffered_single_rearm_ddg_20260904T021526_1936864Z\Phase Scan\2026-09-04\20260904T021539_510021Z_run\raw\rep_0001\scan_0000230_phase_000229_attempt_00.npz","13694802"
"C:\Users\Chris\Documents\GitHub\Control_System\evidence\experiments\runs\authorized_mbco_phase_reconstruction_20260904T002152_3132654Z\retry_06_buffered_single_rearm_ddg_20260904T021526_1936864Z\Phase Scan\2026-09-04\20260904T021539_510021Z_run\raw\rep_0001\scan_0000230_phase_000229_attempt_01.npz","13914182"
"C:\Users\Chris\Documents\GitHub\Control_System\evidence\experiments\runs\authorized_mbco_phase_reconstruction_20260904T002152_3132654Z\retry_06_buffered_single_rearm_ddg_20260904T021526_1936864Z\Phase Scan\2026-09-04\20260904T021539_510021Z_run\raw\rep_0001\scan_0000231_phase_000230_attempt_00.npz","13828342"
"C:\Users\Chris\Documents\GitHub\Control_System\evidence\experiments\runs\authorized_mbco_phase_reconstruction_20260904T002152_3132654Z\retry_06_buffered_single_rearm_ddg_20260904T021526_1936864Z\Phase Scan\2026-09-04\20260904T021539_510021Z_run\raw\rep_0001\scan_0000231_phase_000230_attempt_01.npz","13243982"
"C:\Users\Chris\Documents\GitHub\Control_System\evidence\experiments\runs\authorized_mbco_phase_reconstruction_20260904T002152_3132654Z\retry_06_buffered_single_rearm_ddg_20260904T021526_1936864Z\Phase Scan\2026-09-04\20260904T021539_510021Z_run\raw\rep_0001\scan_0000232_phase_000231_attempt_00.npz","13398754"
"C:\Users\Chris\Documents\GitHub\Control_System\evidence\experiments\runs\authorized_mbco_phase_reconstruction_20260904T002152_3132654Z\retry_06_buffered_single_rearm_ddg_20260904T021526_1936864Z\Phase Scan\2026-09-04\20260904T021539_510021Z_run\raw\rep_0001\scan_0000232_phase_000231_attempt_01.npz","13913774"
"C:\Users\Chris\Documents\GitHub\Control_System\evidence\experiments\runs\authorized_mbco_phase_reconstruction_20260904T002152_3132654Z\retry_06_buffered_single_rearm_ddg_20260904T021526_1936864Z\Phase Scan\2026-09-04\20260904T021539_510021Z_run\raw\rep_0001\scan_0000233_phase_000232_attempt_00.npz","13572986"
"C:\Users\Chris\Documents\GitHub\Control_System\evidence\experiments\runs\authorized_mbco_phase_reconstruction_20260904T002152_3132654Z\retry_06_buffered_single_rearm_ddg_20260904T021526_1936864Z\Phase Scan\2026-09-04\20260904T021539_510021Z_run\raw\rep_0001\scan_0000233_phase_000232_attempt_01.npz","13423690"
"C:\Users\Chris\Documents\GitHub\Control_System\evidence\experiments\runs\authorized_mbco_phase_reconstruction_20260904T002152_3132654Z\retry_06_buffered_single_rearm_ddg_20260904T021526_1936864Z\Phase Scan\2026-09-04\20260904T021539_510021Z_run\raw\rep_0001\scan_0000234_phase_000233_attempt_00.npz","14035898"
"C:\Users\Chris\Documents\GitHub\Control_System\evidence\experiments\runs\authorized_mbco_phase_reconstruction_20260904T002152_3132654Z\retry_06_buffered_single_rearm_ddg_20260904T021526_1936864Z\Phase Scan\2026-09-04\20260904T021539_510021Z_run\raw\rep_0001\scan_0000234_phase_000233_attempt_01.npz","13022314"
"C:\Users\Chris\Documents\GitHub\Control_System\evidence\experiments\runs\authorized_mbco_phase_reconstruction_20260904T002152_3132654Z\retry_06_buffered_single_rearm_ddg_20260904T021526_1936864Z\Phase Scan\2026-09-04\20260904T021539_510021Z_run\raw\rep_0001\scan_0000235_phase_000234_attempt_00.npz","13939598"
"C:\Users\Chris\Documents\GitHub\Control_System\evidence\experiments\runs\authorized_mbco_phase_reconstruction_20260904T002152_3132654Z\retry_06_buffered_single_rearm_ddg_20260904T021526_1936864Z\Phase Scan\2026-09-04\20260904T021539_510021Z_run\raw\rep_0001\scan_0000235_phase_000234_attempt_01.npz","13911822"
"C:\Users\Chris\Documents\GitHub\Control_System\evidence\experiments\runs\authorized_mbco_phase_reconstruction_20260904T002152_3132654Z\retry_06_buffered_single_rearm_ddg_20260904T021526_1936864Z\Phase Scan\2026-09-04\20260904T021539_510021Z_run\raw\rep_0001\scan_0000236_phase_000235_attempt_00.npz","13501366"
"C:\Users\Chris\Documents\GitHub\Control_System\evidence\experiments\runs\authorized_mbco_phase_reconstruction_20260904T002152_3132654Z\retry_06_buffered_single_rearm_ddg_20260904T021526_1936864Z\Phase Scan\2026-09-04\20260904T021539_510021Z_run\raw\rep_0001\scan_0000236_phase_000235_attempt_01.npz","13774986"
"C:\Users\Chris\Documents\GitHub\Control_System\evidence\experiments\runs\authorized_mbco_phase_reconstruction_20260904T002152_3132654Z\retry_06_buffered_single_rearm_ddg_20260904T021526_1936864Z\Phase Scan\2026-09-04\20260904T021539_510021Z_run\raw\rep_0001\scan_0000237_phase_000236_attempt_00.npz","13868434"
"C:\Users\Chris\Documents\GitHub\Control_System\evidence\experiments\runs\authorized_mbco_phase_reconstruction_20260904T002152_3132654Z\retry_06_buffered_single_rearm_ddg_20260904T021526_1936864Z\Phase Scan\2026-09-04\20260904T021539_510021Z_run\raw\rep_0001\scan_0000237_phase_000236_attempt_01.npz","14311926"
"C:\Users\Chris\Documents\GitHub\Control_System\evidence\experiments\runs\authorized_mbco_phase_reconstruction_20260904T002152_3132654Z\retry_06_buffered_single_rearm_ddg_20260904T021526_1936864Z\Phase Scan\2026-09-04\20260904T021539_510021Z_run\raw\rep_0001\scan_0000238_phase_000237_attempt_00.npz","13918478"
"C:\Users\Chris\Documents\GitHub\Control_System\evidence\experiments\runs\authorized_mbco_phase_reconstruction_20260904T002152_3132654Z\retry_06_buffered_single_rearm_ddg_20260904T021526_1936864Z\Phase Scan\2026-09-04\20260904T021539_510021Z_run\raw\rep_0001\scan_0000238_phase_000237_attempt_01.npz","13882798"
"C:\Users\Chris\Documents\GitHub\Control_System\evidence\experiments\runs\authorized_mbco_phase_reconstruction_20260904T002152_3132654Z\retry_06_buffered_single_rearm_ddg_20260904T021526_1936864Z\Phase Scan\2026-09-04\20260904T021539_510021Z_run\raw\rep_0001\scan_0000239_phase_000238_attempt_00.npz","13746486"
"C:\Users\Chris\Documents\GitHub\Control_System\evidence\experiments\runs\authorized_mbco_phase_reconstruction_20260904T002152_3132654Z\retry_06_buffered_single_rearm_ddg_20260904T021526_1936864Z\Phase Scan\2026-09-04\20260904T021539_510021Z_run\raw\rep_0001\scan_0000239_phase_000238_attempt_01.npz","13640326"
"C:\Users\Chris\Documents\GitHub\Control_System\evidence\experiments\runs\authorized_mbco_phase_reconstruction_20260904T002152_3132654Z\retry_06_buffered_single_rearm_ddg_20260904T021526_1936864Z\Phase Scan\2026-09-04\20260904T021539_510021Z_run\raw\rep_0001\scan_0000240_phase_000239_attempt_00.npz","14068750"
"C:\Users\Chris\Documents\GitHub\Control_System\evidence\experiments\runs\authorized_mbco_phase_reconstruction_20260904T002152_3132654Z\retry_06_buffered_single_rearm_ddg_20260904T021526_1936864Z\Phase Scan\2026-09-04\20260904T021539_510021Z_run\raw\rep_0001\scan_0000240_phase_000239_attempt_01.npz","14007818"
"C:\Users\Chris\Documents\GitHub\Control_System\evidence\experiments\runs\authorized_mbco_phase_reconstruction_20260904T002152_3132654Z\retry_06_buffered_single_rearm_ddg_20260904T021526_1936864Z\Phase Scan\2026-09-04\20260904T021539_510021Z_run\raw\rep_0001\scan_0000241_phase_000240_attempt_00.npz","13878478"
"C:\Users\Chris\Documents\GitHub\Control_System\evidence\experiments\runs\authorized_mbco_phase_reconstruction_20260904T002152_3132654Z\retry_06_buffered_single_rearm_ddg_20260904T021526_1936864Z\Phase Scan\2026-09-04\20260904T021539_510021Z_run\raw\rep_0001\scan_0000241_phase_000240_attempt_01.npz","12970502"
"C:\Users\Chris\Documents\GitHub\Control_System\evidence\experiments\runs\authorized_mbco_phase_reconstruction_20260904T002152_3132654Z\retry_06_buffered_single_rearm_ddg_20260904T021526_1936864Z\Phase Scan\2026-09-04\20260904T021539_510021Z_run\raw\rep_0001\scan_0000242_phase_000241_attempt_00.npz","13415886"
"C:\Users\Chris\Documents\GitHub\Control_System\evidence\experiments\runs\authorized_mbco_phase_reconstruction_20260904T002152_3132654Z\retry_06_buffered_single_rearm_ddg_20260904T021526_1936864Z\Phase Scan\2026-09-04\20260904T021539_510021Z_run\raw\rep_0001\scan_0000242_phase_000241_attempt_01.npz","14016710"
"C:\Users\Chris\Documents\GitHub\Control_System\evidence\experiments\runs\authorized_mbco_phase_reconstruction_20260904T002152_3132654Z\retry_06_buffered_single_rearm_ddg_20260904T021526_1936864Z\Phase Scan\2026-09-04\20260904T021539_510021Z_run\raw\rep_0001\scan_0000243_phase_000242_attempt_00.npz","13946418"
"C:\Users\Chris\Documents\GitHub\Control_System\evidence\experiments\runs\authorized_mbco_phase_reconstruction_20260904T002152_3132654Z\retry_06_buffered_single_rearm_ddg_20260904T021526_1936864Z\Phase Scan\2026-09-04\20260904T021539_510021Z_run\raw\rep_0001\scan_0000243_phase_000242_attempt_01.npz","13813138"
"C:\Users\Chris\Documents\GitHub\Control_System\evidence\experiments\runs\authorized_mbco_phase_reconstruction_20260904T002152_3132654Z\retry_06_buffered_single_rearm_ddg_20260904T021526_1936864Z\Phase Scan\2026-09-04\20260904T021539_510021Z_run\raw\rep_0001\scan_0000244_phase_000243_attempt_00.npz","14174930"
"C:\Users\Chris\Documents\GitHub\Control_System\evidence\experiments\runs\authorized_mbco_phase_reconstruction_20260904T002152_3132654Z\retry_06_buffered_single_rearm_ddg_20260904T021526_1936864Z\Phase Scan\2026-09-04\20260904T021539_510021Z_run\raw\rep_0001\scan_0000244_phase_000243_attempt_01.npz","13532170"
"C:\Users\Chris\Documents\GitHub\Control_System\evidence\experiments\runs\authorized_mbco_phase_reconstruction_20260904T002152_3132654Z\retry_06_buffered_single_rearm_ddg_20260904T021526_1936864Z\Phase Scan\2026-09-04\20260904T021539_510021Z_run\raw\rep_0001\scan_0000245_phase_000244_attempt_00.npz","13672430"
"C:\Users\Chris\Documents\GitHub\Control_System\evidence\experiments\runs\authorized_mbco_phase_reconstruction_20260904T002152_3132654Z\retry_06_buffered_single_rearm_ddg_20260904T021526_1936864Z\Phase Scan\2026-09-04\20260904T021539_510021Z_run\raw\rep_0001\scan_0000245_phase_000244_attempt_01.npz","13866662"
"C:\Users\Chris\Documents\GitHub\Control_System\evidence\experiments\runs\authorized_mbco_phase_reconstruction_20260904T002152_3132654Z\retry_06_buffered_single_rearm_ddg_20260904T021526_1936864Z\Phase Scan\2026-09-04\20260904T021539_510021Z_run\raw\rep_0001\scan_0000246_phase_000245_attempt_00.npz","13704210"
"C:\Users\Chris\Documents\GitHub\Control_System\evidence\experiments\runs\authorized_mbco_phase_reconstruction_20260904T002152_3132654Z\retry_06_buffered_single_rearm_ddg_20260904T021526_1936864Z\Phase Scan\2026-09-04\20260904T021539_510021Z_run\raw\rep_0001\scan_0000246_phase_000245_attempt_01.npz","13801134"
"C:\Users\Chris\Documents\GitHub\Control_System\evidence\experiments\runs\authorized_mbco_phase_reconstruction_20260904T002152_3132654Z\retry_06_buffered_single_rearm_ddg_20260904T021526_1936864Z\Phase Scan\2026-09-04\20260904T021539_510021Z_run\raw\rep_0001\scan_0000247_phase_000246_attempt_00.npz","13355484"
"C:\Users\Chris\Documents\GitHub\Control_System\evidence\experiments\runs\authorized_mbco_phase_reconstruction_20260904T002152_3132654Z\retry_06_buffered_single_rearm_ddg_20260904T021526_1936864Z\Phase Scan\2026-09-04\20260904T021539_510021Z_run\raw\rep_0001\scan_0000247_phase_000246_attempt_01.npz","13131304"
"C:\Users\Chris\Documents\GitHub\Control_System\evidence\experiments\runs\authorized_mbco_phase_reconstruction_20260904T002152_3132654Z\retry_06_buffered_single_rearm_ddg_20260904T021526_1936864Z\Phase Scan\2026-09-04\20260904T021539_510021Z_run\raw\rep_0001\scan_0000248_phase_000247_attempt_00.npz","13886922"
"C:\Users\Chris\Documents\GitHub\Control_System\evidence\experiments\runs\authorized_mbco_phase_reconstruction_20260904T002152_3132654Z\retry_06_buffered_single_rearm_ddg_20260904T021526_1936864Z\Phase Scan\2026-09-04\20260904T021539_510021Z_run\raw\rep_0001\scan_0000248_phase_000247_attempt_01.npz","13758662"
"C:\Users\Chris\Documents\GitHub\Control_System\evidence\experiments\runs\authorized_mbco_phase_reconstruction_20260904T002152_3132654Z\retry_06_buffered_single_rearm_ddg_20260904T021526_1936864Z\Phase Scan\2026-09-04\20260904T021539_510021Z_run\raw\rep_0001\scan_0000249_phase_000248_attempt_00.npz","13325518"
"C:\Users\Chris\Documents\GitHub\Control_System\evidence\experiments\runs\authorized_mbco_phase_reconstruction_20260904T002152_3132654Z\retry_06_buffered_single_rearm_ddg_20260904T021526_1936864Z\Phase Scan\2026-09-04\20260904T021539_510021Z_run\raw\rep_0001\scan_0000249_phase_000248_attempt_01.npz","13812170"
"C:\Users\Chris\Documents\GitHub\Control_System\evidence\experiments\runs\authorized_mbco_phase_reconstruction_20260904T002152_3132654Z\retry_06_buffered_single_rearm_ddg_20260904T021526_1936864Z\Phase Scan\2026-09-04\20260904T021539_510021Z_run\raw\rep_0001\scan_0000250_phase_000249_attempt_00.npz","13708238"
"C:\Users\Chris\Documents\GitHub\Control_System\evidence\experiments\runs\authorized_mbco_phase_reconstruction_20260904T002152_3132654Z\retry_06_buffered_single_rearm_ddg_20260904T021526_1936864Z\Phase Scan\2026-09-04\20260904T021539_510021Z_run\raw\rep_0001\scan_0000250_phase_000249_attempt_01.npz","13442118"
"C:\Users\Chris\Documents\GitHub\Control_System\evidence\experiments\runs\authorized_mbco_phase_reconstruction_20260904T002152_3132654Z\retry_06_buffered_single_rearm_ddg_20260904T021526_1936864Z\Phase Scan\2026-09-04\20260904T021539_510021Z_run\raw\rep_0001\scan_0000251_phase_000250_attempt_00.npz","13916918"
"C:\Users\Chris\Documents\GitHub\Control_System\evidence\experiments\runs\authorized_mbco_phase_reconstruction_20260904T002152_3132654Z\retry_06_buffered_single_rearm_ddg_20260904T021526_1936864Z\Phase Scan\2026-09-04\20260904T021539_510021Z_run\raw\rep_0001\scan_0000251_phase_000250_attempt_01.npz","13912618"
"C:\Users\Chris\Documents\GitHub\Control_System\evidence\experiments\runs\authorized_mbco_phase_reconstruction_20260904T002152_3132654Z\retry_06_buffered_single_rearm_ddg_20260904T021526_1936864Z\Phase Scan\2026-09-04\20260904T021539_510021Z_run\raw\rep_0001\scan_0000252_phase_000251_attempt_00.npz","13804050"
"C:\Users\Chris\Documents\GitHub\Control_System\evidence\experiments\runs\authorized_mbco_phase_reconstruction_20260904T002152_3132654Z\retry_06_buffered_single_rearm_ddg_20260904T021526_1936864Z\Phase Scan\2026-09-04\20260904T021539_510021Z_run\raw\rep_0001\scan_0000252_phase_000251_attempt_01.npz","13634442"
"C:\Users\Chris\Documents\GitHub\Control_System\evidence\experiments\runs\authorized_mbco_phase_reconstruction_20260904T002152_3132654Z\retry_06_buffered_single_rearm_ddg_20260904T021526_1936864Z\Phase Scan\2026-09-04\20260904T021539_510021Z_run\raw\rep_0001\scan_0000253_phase_000252_attempt_00.npz","13915278"
"C:\Users\Chris\Documents\GitHub\Control_System\evidence\experiments\runs\authorized_mbco_phase_reconstruction_20260904T002152_3132654Z\retry_06_buffered_single_rearm_ddg_20260904T021526_1936864Z\Phase Scan\2026-09-04\20260904T021539_510021Z_run\raw\rep_0001\scan_0000253_phase_000252_attempt_01.npz","13821042"
"C:\Users\Chris\Documents\GitHub\Control_System\evidence\experiments\runs\authorized_mbco_phase_reconstruction_20260904T002152_3132654Z\retry_06_buffered_single_rearm_ddg_20260904T021526_1936864Z\Phase Scan\2026-09-04\20260904T021539_510021Z_run\raw\rep_0001\scan_0000254_phase_000253_attempt_00.npz","14044914"
"C:\Users\Chris\Documents\GitHub\Control_System\evidence\experiments\runs\authorized_mbco_phase_reconstruction_20260904T002152_3132654Z\retry_06_buffered_single_rearm_ddg_20260904T021526_1936864Z\Phase Scan\2026-09-04\20260904T021539_510021Z_run\raw\rep_0001\scan_0000254_phase_000253_attempt_01.npz","13539246"
"C:\Users\Chris\Documents\GitHub\Control_System\evidence\experiments\runs\authorized_mbco_phase_reconstruction_20260904T002152_3132654Z\retry_06_buffered_single_rearm_ddg_20260904T021526_1936864Z\Phase Scan\2026-09-04\20260904T021539_510021Z_run\raw\rep_0001\scan_0000255_phase_000254_attempt_00.npz","13468986"
"C:\Users\Chris\Documents\GitHub\Control_System\evidence\experiments\runs\authorized_mbco_phase_reconstruction_20260904T002152_3132654Z\retry_06_buffered_single_rearm_ddg_20260904T021526_1936864Z\Phase Scan\2026-09-04\20260904T021539_510021Z_run\raw\rep_0001\scan_0000255_phase_000254_attempt_01.npz","13457962"
"C:\Users\Chris\Documents\GitHub\Control_System\evidence\experiments\runs\authorized_mbco_phase_reconstruction_20260904T002152_3132654Z\retry_06_buffered_single_rearm_ddg_20260904T021526_1936864Z\Phase Scan\2026-09-04\20260904T021539_510021Z_run\raw\rep_0001\scan_0000256_phase_000255_attempt_00.npz","13697042"
"C:\Users\Chris\Documents\GitHub\Control_System\evidence\experiments\runs\authorized_mbco_phase_reconstruction_20260904T002152_3132654Z\retry_06_buffered_single_rearm_ddg_20260904T021526_1936864Z\Phase Scan\2026-09-04\20260904T021539_510021Z_run\raw\rep_0001\scan_0000256_phase_000255_attempt_01.npz","13444214"
"C:\Users\Chris\Documents\GitHub\Control_System\evidence\experiments\runs\authorized_mbco_phase_reconstruction_20260904T002152_3132654Z\retry_06_buffered_single_rearm_ddg_20260904T021526_1936864Z\Phase Scan\2026-09-04\20260904T021539_510021Z_run\raw\rep_0001\scan_0000257_phase_000256_attempt_00.npz","13851538"
"C:\Users\Chris\Documents\GitHub\Control_System\evidence\experiments\runs\authorized_mbco_phase_reconstruction_20260904T002152_3132654Z\retry_06_buffered_single_rearm_ddg_20260904T021526_1936864Z\Phase Scan\2026-09-04\20260904T021539_510021Z_run\raw\rep_0001\scan_0000257_phase_000256_attempt_01.npz","13912230"
"C:\Users\Chris\Documents\GitHub\Control_System\evidence\experiments\runs\authorized_mbco_phase_reconstruction_20260904T002152_3132654Z\retry_06_buffered_single_rearm_ddg_20260904T021526_1936864Z\Phase Scan\2026-09-04\20260904T021539_510021Z_run\raw\rep_0001\scan_0000258_phase_000257_attempt_00.npz","13568498"
"C:\Users\Chris\Documents\GitHub\Control_System\evidence\experiments\runs\authorized_mbco_phase_reconstruction_20260904T002152_3132654Z\retry_06_buffered_single_rearm_ddg_20260904T021526_1936864Z\Phase Scan\2026-09-04\20260904T021539_510021Z_run\raw\rep_0001\scan_0000258_phase_000257_attempt_01.npz","13919346"
"C:\Users\Chris\Documents\GitHub\Control_System\evidence\experiments\runs\authorized_mbco_phase_reconstruction_20260904T002152_3132654Z\retry_06_buffered_single_rearm_ddg_20260904T021526_1936864Z\Phase Scan\2026-09-04\20260904T021539_510021Z_run\raw\rep_0001\scan_0000259_phase_000258_attempt_00.npz","13753586"
"C:\Users\Chris\Documents\GitHub\Control_System\evidence\experiments\runs\authorized_mbco_phase_reconstruction_20260904T002152_3132654Z\retry_06_buffered_single_rearm_ddg_20260904T021526_1936864Z\Phase Scan\2026-09-04\20260904T021539_510021Z_run\raw\rep_0001\scan_0000259_phase_000258_attempt_01.npz","13511502"
"C:\Users\Chris\Documents\GitHub\Control_System\evidence\experiments\runs\authorized_mbco_phase_reconstruction_20260904T002152_3132654Z\retry_06_buffered_single_rearm_ddg_20260904T021526_1936864Z\Phase Scan\2026-09-04\20260904T021539_510021Z_run\raw\rep_0001\scan_0000260_phase_000259_attempt_00.npz","14101558"
"C:\Users\Chris\Documents\GitHub\Control_System\evidence\experiments\runs\authorized_mbco_phase_reconstruction_20260904T002152_3132654Z\retry_06_buffered_single_rearm_ddg_20260904T021526_1936864Z\Phase Scan\2026-09-04\20260904T021539_510021Z_run\raw\rep_0001\scan_0000260_phase_000259_attempt_01.npz","14199562"
"C:\Users\Chris\Documents\GitHub\Control_System\evidence\experiments\runs\authorized_mbco_phase_reconstruction_20260904T002152_3132654Z\retry_06_buffered_single_rearm_ddg_20260904T021526_1936864Z\Phase Scan\2026-09-04\20260904T021539_510021Z_run\raw\rep_0001\scan_0000261_phase_000260_attempt_00.npz","14178770"
"C:\Users\Chris\Documents\GitHub\Control_System\evidence\experiments\runs\authorized_mbco_phase_reconstruction_20260904T002152_3132654Z\retry_06_buffered_single_rearm_ddg_20260904T021526_1936864Z\Phase Scan\2026-09-04\20260904T021539_510021Z_run\raw\rep_0001\scan_0000261_phase_000260_attempt_01.npz","13467310"
"C:\Users\Chris\Documents\GitHub\Control_System\evidence\experiments\runs\authorized_mbco_phase_reconstruction_20260904T002152_3132654Z\retry_06_buffered_single_rearm_ddg_20260904T021526_1936864Z\Phase Scan\2026-09-04\20260904T021539_510021Z_run\raw\rep_0001\scan_0000262_phase_000261_attempt_00.npz","13632242"
"C:\Users\Chris\Documents\GitHub\Control_System\evidence\experiments\runs\authorized_mbco_phase_reconstruction_20260904T002152_3132654Z\retry_06_buffered_single_rearm_ddg_20260904T021526_1936864Z\Phase Scan\2026-09-04\20260904T021539_510021Z_run\raw\rep_0001\scan_0000262_phase_000261_attempt_01.npz","13925486"
"C:\Users\Chris\Documents\GitHub\Control_System\evidence\experiments\runs\authorized_mbco_phase_reconstruction_20260904T002152_3132654Z\retry_06_buffered_single_rearm_ddg_20260904T021526_1936864Z\Phase Scan\2026-09-04\20260904T021539_510021Z_run\raw\rep_0001\scan_0000263_phase_000262_attempt_00.npz","14274578"
"C:\Users\Chris\Documents\GitHub\Control_System\evidence\experiments\runs\authorized_mbco_phase_reconstruction_20260904T002152_3132654Z\retry_06_buffered_single_rearm_ddg_20260904T021526_1936864Z\Phase Scan\2026-09-04\20260904T021539_510021Z_run\raw\rep_0001\scan_0000263_phase_000262_attempt_01.npz","13760590"
"C:\Users\Chris\Documents\GitHub\Control_System\evidence\experiments\runs\authorized_mbco_phase_reconstruction_20260904T002152_3132654Z\retry_06_buffered_single_rearm_ddg_20260904T021526_1936864Z\Phase Scan\2026-09-04\20260904T021539_510021Z_run\raw\rep_0001\scan_0000264_phase_000263_attempt_00.npz","13800106"
"C:\Users\Chris\Documents\GitHub\Control_System\evidence\experiments\runs\authorized_mbco_phase_reconstruction_20260904T002152_3132654Z\retry_06_buffered_single_rearm_ddg_20260904T021526_1936864Z\Phase Scan\2026-09-04\20260904T021539_510021Z_run\raw\rep_0001\scan_0000264_phase_000263_attempt_01.npz","13508690"
"C:\Users\Chris\Documents\GitHub\Control_System\evidence\experiments\runs\authorized_mbco_phase_reconstruction_20260904T002152_3132654Z\retry_06_buffered_single_rearm_ddg_20260904T021526_1936864Z\Phase Scan\2026-09-04\20260904T021539_510021Z_run\raw\rep_0001\scan_0000265_phase_000264_attempt_00.npz","13600118"
"C:\Users\Chris\Documents\GitHub\Control_System\evidence\experiments\runs\authorized_mbco_phase_reconstruction_20260904T002152_3132654Z\retry_06_buffered_single_rearm_ddg_20260904T021526_1936864Z\Phase Scan\2026-09-04\20260904T021539_510021Z_run\raw\rep_0001\scan_0000265_phase_000264_attempt_01.npz","14412778"
"C:\Users\Chris\Documents\GitHub\Control_System\evidence\experiments\runs\authorized_mbco_phase_reconstruction_20260904T002152_3132654Z\retry_06_buffered_single_rearm_ddg_20260904T021526_1936864Z\Phase Scan\2026-09-04\20260904T021539_510021Z_run\raw\rep_0001\scan_0000266_phase_000265_attempt_00.npz","13753906"
"C:\Users\Chris\Documents\GitHub\Control_System\evidence\experiments\runs\authorized_mbco_phase_reconstruction_20260904T002152_3132654Z\retry_06_buffered_single_rearm_ddg_20260904T021526_1936864Z\Phase Scan\2026-09-04\20260904T021539_510021Z_run\raw\rep_0001\scan_0000266_phase_000265_attempt_01.npz","13240586"
"C:\Users\Chris\Documents\GitHub\Control_System\evidence\experiments\runs\authorized_mbco_phase_reconstruction_20260904T002152_3132654Z\retry_06_buffered_single_rearm_ddg_20260904T021526_1936864Z\Phase Scan\2026-09-04\20260904T021539_510021Z_run\raw\rep_0001\scan_0000267_phase_000266_attempt_00.npz","13440694"
"C:\Users\Chris\Documents\GitHub\Control_System\evidence\experiments\runs\authorized_mbco_phase_reconstruction_20260904T002152_3132654Z\retry_06_buffered_single_rearm_ddg_20260904T021526_1936864Z\Phase Scan\2026-09-04\20260904T021539_510021Z_run\raw\rep_0001\scan_0000267_phase_000266_attempt_01.npz","13248782"
"C:\Users\Chris\Documents\GitHub\Control_System\evidence\experiments\runs\authorized_mbco_phase_reconstruction_20260904T002152_3132654Z\retry_06_buffered_single_rearm_ddg_20260904T021526_1936864Z\Phase Scan\2026-09-04\20260904T021539_510021Z_run\raw\rep_0001\scan_0000268_phase_000267_attempt_00.npz","13455994"
"C:\Users\Chris\Documents\GitHub\Control_System\evidence\experiments\runs\authorized_mbco_phase_reconstruction_20260904T002152_3132654Z\retry_06_buffered_single_rearm_ddg_20260904T021526_1936864Z\Phase Scan\2026-09-04\20260904T021539_510021Z_run\raw\rep_0001\scan_0000268_phase_000267_attempt_01.npz","13709646"
"C:\Users\Chris\Documents\GitHub\Control_System\evidence\experiments\runs\authorized_mbco_phase_reconstruction_20260904T002152_3132654Z\retry_06_buffered_single_rearm_ddg_20260904T021526_1936864Z\Phase Scan\2026-09-04\20260904T021539_510021Z_run\raw\rep_0001\scan_0000269_phase_000268_attempt_00.npz","13759830"
"C:\Users\Chris\Documents\GitHub\Control_System\evidence\experiments\runs\authorized_mbco_phase_reconstruction_20260904T002152_3132654Z\retry_06_buffered_single_rearm_ddg_20260904T021526_1936864Z\Phase Scan\2026-09-04\20260904T021539_510021Z_run\raw\rep_0001\scan_0000269_phase_000268_attempt_01.npz","13110928"
"C:\Users\Chris\Documents\GitHub\Control_System\evidence\experiments\runs\authorized_mbco_phase_reconstruction_20260904T002152_3132654Z\retry_06_buffered_single_rearm_ddg_20260904T021526_1936864Z\Phase Scan\2026-09-04\20260904T021539_510021Z_run\raw\rep_0001\scan_0000270_phase_000269_attempt_00.npz","14041714"
"C:\Users\Chris\Documents\GitHub\Control_System\evidence\experiments\runs\authorized_mbco_phase_reconstruction_20260904T002152_3132654Z\retry_06_buffered_single_rearm_ddg_20260904T021526_1936864Z\Phase Scan\2026-09-04\20260904T021539_510021Z_run\raw\rep_0001\scan_0000270_phase_000269_attempt_01.npz","13987270"
"C:\Users\Chris\Documents\GitHub\Control_System\evidence\experiments\runs\authorized_mbco_phase_reconstruction_20260904T002152_3132654Z\retry_06_buffered_single_rearm_ddg_20260904T021526_1936864Z\Phase Scan\2026-09-04\20260904T021539_510021Z_run\raw\rep_0001\scan_0000271_phase_000270_attempt_00.npz","14086806"
"C:\Users\Chris\Documents\GitHub\Control_System\evidence\experiments\runs\authorized_mbco_phase_reconstruction_20260904T002152_3132654Z\retry_06_buffered_single_rearm_ddg_20260904T021526_1936864Z\Phase Scan\2026-09-04\20260904T021539_510021Z_run\raw\rep_0001\scan_0000271_phase_000270_attempt_01.npz","13492358"
"C:\Users\Chris\Documents\GitHub\Control_System\evidence\experiments\runs\authorized_mbco_phase_reconstruction_20260904T002152_3132654Z\retry_06_buffered_single_rearm_ddg_20260904T021526_1936864Z\Phase Scan\2026-09-04\20260904T021539_510021Z_run\raw\rep_0001\scan_0000272_phase_000271_attempt_00.npz","14006198"
"C:\Users\Chris\Documents\GitHub\Control_System\evidence\experiments\runs\authorized_mbco_phase_reconstruction_20260904T002152_3132654Z\retry_06_buffered_single_rearm_ddg_20260904T021526_1936864Z\Phase Scan\2026-09-04\20260904T021539_510021Z_run\raw\rep_0001\scan_0000272_phase_000271_attempt_01.npz","13417546"
"C:\Users\Chris\Documents\GitHub\Control_System\evidence\experiments\runs\authorized_mbco_phase_reconstruction_20260904T002152_3132654Z\retry_06_buffered_single_rearm_ddg_20260904T021526_1936864Z\Phase Scan\2026-09-04\20260904T021539_510021Z_run\raw\rep_0001\scan_0000273_phase_000272_attempt_00.npz","13857938"
"C:\Users\Chris\Documents\GitHub\Control_System\evidence\experiments\runs\authorized_mbco_phase_reconstruction_20260904T002152_3132654Z\retry_06_buffered_single_rearm_ddg_20260904T021526_1936864Z\Phase Scan\2026-09-04\20260904T021539_510021Z_run\raw\rep_0001\scan_0000273_phase_000272_attempt_01.npz","13120198"
"C:\Users\Chris\Documents\GitHub\Control_System\evidence\experiments\runs\authorized_mbco_phase_reconstruction_20260904T002152_3132654Z\retry_06_buffered_single_rearm_ddg_20260904T021526_1936864Z\Phase Scan\2026-09-04\20260904T021539_510021Z_run\raw\rep_0001\scan_0000274_phase_000273_attempt_00.npz","13953810"
"C:\Users\Chris\Documents\GitHub\Control_System\evidence\experiments\runs\authorized_mbco_phase_reconstruction_20260904T002152_3132654Z\retry_06_buffered_single_rearm_ddg_20260904T021526_1936864Z\Phase Scan\2026-09-04\20260904T021539_510021Z_run\raw\rep_0001\scan_0000274_phase_000273_attempt_01.npz","13894606"
"C:\Users\Chris\Documents\GitHub\Control_System\evidence\experiments\runs\authorized_mbco_phase_reconstruction_20260904T002152_3132654Z\retry_06_buffered_single_rearm_ddg_20260904T021526_1936864Z\Phase Scan\2026-09-04\20260904T021539_510021Z_run\raw\rep_0001\scan_0000275_phase_000274_attempt_00.npz","13775446"
"C:\Users\Chris\Documents\GitHub\Control_System\evidence\experiments\runs\authorized_mbco_phase_reconstruction_20260904T002152_3132654Z\retry_06_buffered_single_rearm_ddg_20260904T021526_1936864Z\Phase Scan\2026-09-04\20260904T021539_510021Z_run\raw\rep_0001\scan_0000275_phase_000274_attempt_01.npz","13376042"
"C:\Users\Chris\Documents\GitHub\Control_System\evidence\experiments\runs\authorized_mbco_phase_reconstruction_20260904T002152_3132654Z\retry_06_buffered_single_rearm_ddg_20260904T021526_1936864Z\Phase Scan\2026-09-04\20260904T021539_510021Z_run\raw\rep_0001\scan_0000276_phase_000275_attempt_00.npz","13594490"
"C:\Users\Chris\Documents\GitHub\Control_System\evidence\experiments\runs\authorized_mbco_phase_reconstruction_20260904T002152_3132654Z\retry_06_buffered_single_rearm_ddg_20260904T021526_1936864Z\Phase Scan\2026-09-04\20260904T021539_510021Z_run\raw\rep_0001\scan_0000276_phase_000275_attempt_01.npz","13564266"
"C:\Users\Chris\Documents\GitHub\Control_System\evidence\experiments\runs\authorized_mbco_phase_reconstruction_20260904T002152_3132654Z\retry_06_buffered_single_rearm_ddg_20260904T021526_1936864Z\Phase Scan\2026-09-04\20260904T021539_510021Z_run\raw\rep_0001\scan_0000277_phase_000276_attempt_00.npz","13768462"
"C:\Users\Chris\Documents\GitHub\Control_System\evidence\experiments\runs\authorized_mbco_phase_reconstruction_20260904T002152_3132654Z\retry_06_buffered_single_rearm_ddg_20260904T021526_1936864Z\Phase Scan\2026-09-04\20260904T021539_510021Z_run\raw\rep_0001\scan_0000277_phase_000276_attempt_01.npz","13521066"
"C:\Users\Chris\Documents\GitHub\Control_System\evidence\experiments\runs\authorized_mbco_phase_reconstruction_20260904T002152_3132654Z\retry_06_buffered_single_rearm_ddg_20260904T021526_1936864Z\Phase Scan\2026-09-04\20260904T021539_510021Z_run\raw\rep_0001\scan_0000278_phase_000277_attempt_00.npz","13675026"
"C:\Users\Chris\Documents\GitHub\Control_System\evidence\experiments\runs\authorized_mbco_phase_reconstruction_20260904T002152_3132654Z\retry_06_buffered_single_rearm_ddg_20260904T021526_1936864Z\Phase Scan\2026-09-04\20260904T021539_510021Z_run\raw\rep_0001\scan_0000278_phase_000277_attempt_01.npz","13453702"
"C:\Users\Chris\Documents\GitHub\Control_System\evidence\experiments\runs\authorized_mbco_phase_reconstruction_20260904T002152_3132654Z\retry_06_buffered_single_rearm_ddg_20260904T021526_1936864Z\Phase Scan\2026-09-04\20260904T021539_510021Z_run\raw\rep_0001\scan_0000279_phase_000278_attempt_00.npz","13911626"
"C:\Users\Chris\Documents\GitHub\Control_System\evidence\experiments\runs\authorized_mbco_phase_reconstruction_20260904T002152_3132654Z\retry_06_buffered_single_rearm_ddg_20260904T021526_1936864Z\Phase Scan\2026-09-04\20260904T021539_510021Z_run\raw\rep_0001\scan_0000279_phase_000278_attempt_01.npz","14232714"
"C:\Users\Chris\Documents\GitHub\Control_System\evidence\experiments\runs\authorized_mbco_phase_reconstruction_20260904T002152_3132654Z\retry_06_buffered_single_rearm_ddg_20260904T021526_1936864Z\Phase Scan\2026-09-04\20260904T021539_510021Z_run\raw\rep_0001\scan_0000280_phase_000279_attempt_00.npz","14146574"
"C:\Users\Chris\Documents\GitHub\Control_System\evidence\experiments\runs\authorized_mbco_phase_reconstruction_20260904T002152_3132654Z\retry_06_buffered_single_rearm_ddg_20260904T021526_1936864Z\Phase Scan\2026-09-04\20260904T021539_510021Z_run\raw\rep_0001\scan_0000280_phase_000279_attempt_01.npz","13757194"
"C:\Users\Chris\Documents\GitHub\Control_System\evidence\experiments\runs\authorized_mbco_phase_reconstruction_20260904T002152_3132654Z\retry_06_buffered_single_rearm_ddg_20260904T021526_1936864Z\Phase Scan\2026-09-04\20260904T021539_510021Z_run\raw\rep_0001\scan_0000281_phase_000280_attempt_00.npz","13533970"
"C:\Users\Chris\Documents\GitHub\Control_System\evidence\experiments\runs\authorized_mbco_phase_reconstruction_20260904T002152_3132654Z\retry_06_buffered_single_rearm_ddg_20260904T021526_1936864Z\Phase Scan\2026-09-04\20260904T021539_510021Z_run\raw\rep_0001\scan_0000281_phase_000280_attempt_01.npz","13858414"
"C:\Users\Chris\Documents\GitHub\Control_System\evidence\experiments\runs\authorized_mbco_phase_reconstruction_20260904T002152_3132654Z\retry_06_buffered_single_rearm_ddg_20260904T021526_1936864Z\Phase Scan\2026-09-04\20260904T021539_510021Z_run\raw\rep_0001\scan_0000282_phase_000281_attempt_00.npz","13903822"
"C:\Users\Chris\Documents\GitHub\Control_System\evidence\experiments\runs\authorized_mbco_phase_reconstruction_20260904T002152_3132654Z\retry_06_buffered_single_rearm_ddg_20260904T021526_1936864Z\Phase Scan\2026-09-04\20260904T021539_510021Z_run\raw\rep_0001\scan_0000282_phase_000281_attempt_01.npz","13895986"
"C:\Users\Chris\Documents\GitHub\Control_System\evidence\experiments\runs\authorized_mbco_phase_reconstruction_20260904T002152_3132654Z\retry_06_buffered_single_rearm_ddg_20260904T021526_1936864Z\Phase Scan\2026-09-04\20260904T021539_510021Z_run\raw\rep_0001\scan_0000283_phase_000282_attempt_00.npz","13768466"
"C:\Users\Chris\Documents\GitHub\Control_System\evidence\experiments\runs\authorized_mbco_phase_reconstruction_20260904T002152_3132654Z\retry_06_buffered_single_rearm_ddg_20260904T021526_1936864Z\Phase Scan\2026-09-04\20260904T021539_510021Z_run\raw\rep_0001\scan_0000283_phase_000282_attempt_01.npz","13605578"
"C:\Users\Chris\Documents\GitHub\Control_System\evidence\experiments\runs\authorized_mbco_phase_reconstruction_20260904T002152_3132654Z\retry_06_buffered_single_rearm_ddg_20260904T021526_1936864Z\Phase Scan\2026-09-04\20260904T021539_510021Z_run\raw\rep_0001\scan_0000284_phase_000283_attempt_00.npz","13844690"
"C:\Users\Chris\Documents\GitHub\Control_System\evidence\experiments\runs\authorized_mbco_phase_reconstruction_20260904T002152_3132654Z\retry_06_buffered_single_rearm_ddg_20260904T021526_1936864Z\Phase Scan\2026-09-04\20260904T021539_510021Z_run\raw\rep_0001\scan_0000284_phase_000283_attempt_01.npz","13526378"
"C:\Users\Chris\Documents\GitHub\Control_System\evidence\experiments\runs\authorized_mbco_phase_reconstruction_20260904T002152_3132654Z\retry_06_buffered_single_rearm_ddg_20260904T021526_1936864Z\Phase Scan\2026-09-04\20260904T021539_510021Z_run\raw\rep_0001\scan_0000285_phase_000284_attempt_00.npz","13694226"
"C:\Users\Chris\Documents\GitHub\Control_System\evidence\experiments\runs\authorized_mbco_phase_reconstruction_20260904T002152_3132654Z\retry_06_buffered_single_rearm_ddg_20260904T021526_1936864Z\Phase Scan\2026-09-04\20260904T021539_510021Z_run\raw\rep_0001\scan_0000285_phase_000284_attempt_01.npz","13402418"
"C:\Users\Chris\Documents\GitHub\Control_System\evidence\experiments\runs\authorized_mbco_phase_reconstruction_20260904T002152_3132654Z\retry_06_buffered_single_rearm_ddg_20260904T021526_1936864Z\Phase Scan\2026-09-04\20260904T021539_510021Z_run\raw\rep_0001\scan_0000286_phase_000285_attempt_00.npz","13628302"
"C:\Users\Chris\Documents\GitHub\Control_System\evidence\experiments\runs\authorized_mbco_phase_reconstruction_20260904T002152_3132654Z\retry_06_buffered_single_rearm_ddg_20260904T021526_1936864Z\Phase Scan\2026-09-04\20260904T021539_510021Z_run\raw\rep_0001\scan_0000286_phase_000285_attempt_01.npz","14484174"
"C:\Users\Chris\Documents\GitHub\Control_System\evidence\experiments\runs\authorized_mbco_phase_reconstruction_20260904T002152_3132654Z\retry_06_buffered_single_rearm_ddg_20260904T021526_1936864Z\Phase Scan\2026-09-04\20260904T021539_510021Z_run\raw\rep_0001\scan_0000287_phase_000286_attempt_00.npz","13407452"
"C:\Users\Chris\Documents\GitHub\Control_System\evidence\experiments\runs\authorized_mbco_phase_reconstruction_20260904T002152_3132654Z\retry_06_buffered_single_rearm_ddg_20260904T021526_1936864Z\Phase Scan\2026-09-04\20260904T021539_510021Z_run\raw\rep_0001\scan_0000287_phase_000286_attempt_01.npz","13507570"
"C:\Users\Chris\Documents\GitHub\Control_System\evidence\experiments\runs\authorized_mbco_phase_reconstruction_20260904T002152_3132654Z\retry_06_buffered_single_rearm_ddg_20260904T021526_1936864Z\Phase Scan\2026-09-04\20260904T021539_510021Z_run\raw\rep_0001\scan_0000288_phase_000287_attempt_00.npz","13632078"
"C:\Users\Chris\Documents\GitHub\Control_System\evidence\experiments\runs\authorized_mbco_phase_reconstruction_20260904T002152_3132654Z\retry_06_buffered_single_rearm_ddg_20260904T021526_1936864Z\Phase Scan\2026-09-04\20260904T021539_510021Z_run\raw\rep_0001\scan_0000288_phase_000287_attempt_01.npz","13289162"
"C:\Users\Chris\Documents\GitHub\Control_System\evidence\experiments\runs\authorized_mbco_phase_reconstruction_20260904T002152_3132654Z\retry_06_buffered_single_rearm_ddg_20260904T021526_1936864Z\Phase Scan\2026-09-04\20260904T021539_510021Z_run\raw\rep_0001\scan_0000289_phase_000288_attempt_00.npz","13469670"
"C:\Users\Chris\Documents\GitHub\Control_System\evidence\experiments\runs\authorized_mbco_phase_reconstruction_20260904T002152_3132654Z\retry_06_buffered_single_rearm_ddg_20260904T021526_1936864Z\Phase Scan\2026-09-04\20260904T021539_510021Z_run\raw\rep_0001\scan_0000289_phase_000288_attempt_01.npz","13931018"
"C:\Users\Chris\Documents\GitHub\Control_System\evidence\experiments\runs\authorized_mbco_phase_reconstruction_20260904T002152_3132654Z\retry_06_buffered_single_rearm_ddg_20260904T021526_1936864Z\Phase Scan\2026-09-04\20260904T021539_510021Z_run\raw\rep_0001\scan_0000290_phase_000289_attempt_00.npz","13646002"
"C:\Users\Chris\Documents\GitHub\Control_System\evidence\experiments\runs\authorized_mbco_phase_reconstruction_20260904T002152_3132654Z\retry_06_buffered_single_rearm_ddg_20260904T021526_1936864Z\Phase Scan\2026-09-04\20260904T021539_510021Z_run\raw\rep_0001\scan_0000290_phase_000289_attempt_01.npz","13913774"
"C:\Users\Chris\Documents\GitHub\Control_System\evidence\experiments\runs\authorized_mbco_phase_reconstruction_20260904T002152_3132654Z\retry_06_buffered_single_rearm_ddg_20260904T021526_1936864Z\Phase Scan\2026-09-04\20260904T021539_510021Z_run\raw\rep_0001\scan_0000291_phase_000290_attempt_00.npz","13670770"
"C:\Users\Chris\Documents\GitHub\Control_System\evidence\experiments\runs\authorized_mbco_phase_reconstruction_20260904T002152_3132654Z\retry_06_buffered_single_rearm_ddg_20260904T021526_1936864Z\Phase Scan\2026-09-04\20260904T021539_510021Z_run\raw\rep_0001\scan_0000291_phase_000290_attempt_01.npz","13725190"
"C:\Users\Chris\Documents\GitHub\Control_System\evidence\experiments\runs\authorized_mbco_phase_reconstruction_20260904T002152_3132654Z\retry_06_buffered_single_rearm_ddg_20260904T021526_1936864Z\Phase Scan\2026-09-04\20260904T021539_510021Z_run\raw\rep_0001\scan_0000292_phase_000291_attempt_00.npz","14004918"
"C:\Users\Chris\Documents\GitHub\Control_System\evidence\experiments\runs\authorized_mbco_phase_reconstruction_20260904T002152_3132654Z\retry_06_buffered_single_rearm_ddg_20260904T021526_1936864Z\Phase Scan\2026-09-04\20260904T021539_510021Z_run\raw\rep_0001\scan_0000292_phase_000291_attempt_01.npz","13523118"
"C:\Users\Chris\Documents\GitHub\Control_System\evidence\experiments\runs\authorized_mbco_phase_reconstruction_20260904T002152_3132654Z\retry_06_buffered_single_rearm_ddg_20260904T021526_1936864Z\Phase Scan\2026-09-04\20260904T021539_510021Z_run\raw\rep_0001\scan_0000293_phase_000292_attempt_00.npz","13410574"
"C:\Users\Chris\Documents\GitHub\Control_System\evidence\experiments\runs\authorized_mbco_phase_reconstruction_20260904T002152_3132654Z\retry_06_buffered_single_rearm_ddg_20260904T021526_1936864Z\Phase Scan\2026-09-04\20260904T021539_510021Z_run\raw\rep_0001\scan_0000293_phase_000292_attempt_01.npz","13855782"
"C:\Users\Chris\Documents\GitHub\Control_System\evidence\experiments\runs\authorized_mbco_phase_reconstruction_20260904T002152_3132654Z\retry_06_buffered_single_rearm_ddg_20260904T021526_1936864Z\Phase Scan\2026-09-04\20260904T021539_510021Z_run\raw\rep_0001\scan_0000294_phase_000293_attempt_00.npz","13319114"
"C:\Users\Chris\Documents\GitHub\Control_System\evidence\experiments\runs\authorized_mbco_phase_reconstruction_20260904T002152_3132654Z\retry_06_buffered_single_rearm_ddg_20260904T021526_1936864Z\Phase Scan\2026-09-04\20260904T021539_510021Z_run\raw\rep_0001\scan_0000294_phase_000293_attempt_01.npz","13347170"
"C:\Users\Chris\Documents\GitHub\Control_System\evidence\experiments\runs\authorized_mbco_phase_reconstruction_20260904T002152_3132654Z\retry_06_buffered_single_rearm_ddg_20260904T021526_1936864Z\Phase Scan\2026-09-04\20260904T021539_510021Z_run\raw\rep_0001\scan_0000295_phase_000294_attempt_00.npz","14029750"
"C:\Users\Chris\Documents\GitHub\Control_System\evidence\experiments\runs\authorized_mbco_phase_reconstruction_20260904T002152_3132654Z\retry_06_buffered_single_rearm_ddg_20260904T021526_1936864Z\Phase Scan\2026-09-04\20260904T021539_510021Z_run\raw\rep_0001\scan_0000295_phase_000294_attempt_01.npz","13629254"
"C:\Users\Chris\Documents\GitHub\Control_System\evidence\experiments\runs\authorized_mbco_phase_reconstruction_20260904T002152_3132654Z\retry_06_buffered_single_rearm_ddg_20260904T021526_1936864Z\Phase Scan\2026-09-04\20260904T021539_510021Z_run\raw\rep_0001\scan_0000296_phase_000295_attempt_00.npz","12997596"
"C:\Users\Chris\Documents\GitHub\Control_System\evidence\experiments\runs\authorized_mbco_phase_reconstruction_20260904T002152_3132654Z\retry_06_buffered_single_rearm_ddg_20260904T021526_1936864Z\Phase Scan\2026-09-04\20260904T021539_510021Z_run\raw\rep_0001\scan_0000296_phase_000295_attempt_01.npz","13433422"
"C:\Users\Chris\Documents\GitHub\Control_System\evidence\experiments\runs\authorized_mbco_phase_reconstruction_20260904T002152_3132654Z\retry_06_buffered_single_rearm_ddg_20260904T021526_1936864Z\Phase Scan\2026-09-04\20260904T021539_510021Z_run\raw\rep_0001\scan_0000297_phase_000296_attempt_00.npz","13035004"
"C:\Users\Chris\Documents\GitHub\Control_System\evidence\experiments\runs\authorized_mbco_phase_reconstruction_20260904T002152_3132654Z\retry_06_buffered_single_rearm_ddg_20260904T021526_1936864Z\Phase Scan\2026-09-04\20260904T021539_510021Z_run\raw\rep_0001\scan_0000297_phase_000296_attempt_01.npz","13839790"
"C:\Users\Chris\Documents\GitHub\Control_System\evidence\experiments\runs\authorized_mbco_phase_reconstruction_20260904T002152_3132654Z\retry_06_buffered_single_rearm_ddg_20260904T021526_1936864Z\Phase Scan\2026-09-04\20260904T021539_510021Z_run\raw\rep_0001\scan_0000298_phase_000297_attempt_00.npz","13505746"
"C:\Users\Chris\Documents\GitHub\Control_System\evidence\experiments\runs\authorized_mbco_phase_reconstruction_20260904T002152_3132654Z\retry_06_buffered_single_rearm_ddg_20260904T021526_1936864Z\Phase Scan\2026-09-04\20260904T021539_510021Z_run\raw\rep_0001\scan_0000298_phase_000297_attempt_01.npz","13966854"
"C:\Users\Chris\Documents\GitHub\Control_System\evidence\experiments\runs\authorized_mbco_phase_reconstruction_20260904T002152_3132654Z\retry_06_buffered_single_rearm_ddg_20260904T021526_1936864Z\Phase Scan\2026-09-04\20260904T021539_510021Z_run\raw\rep_0001\scan_0000299_phase_000298_attempt_00.npz","13861558"
"C:\Users\Chris\Documents\GitHub\Control_System\evidence\experiments\runs\authorized_mbco_phase_reconstruction_20260904T002152_3132654Z\retry_06_buffered_single_rearm_ddg_20260904T021526_1936864Z\Phase Scan\2026-09-04\20260904T021539_510021Z_run\raw\rep_0001\scan_0000299_phase_000298_attempt_01.npz","13598022"
"C:\Users\Chris\Documents\GitHub\Control_System\evidence\experiments\runs\authorized_mbco_phase_reconstruction_20260904T002152_3132654Z\retry_06_buffered_single_rearm_ddg_20260904T021526_1936864Z\Phase Scan\2026-09-04\20260904T021539_510021Z_run\raw\rep_0001\scan_0000300_phase_000299_attempt_00.npz","13757970"
"C:\Users\Chris\Documents\GitHub\Control_System\evidence\experiments\runs\authorized_mbco_phase_reconstruction_20260904T002152_3132654Z\retry_06_buffered_single_rearm_ddg_20260904T021526_1936864Z\Phase Scan\2026-09-04\20260904T021539_510021Z_run\raw\rep_0001\scan_0000300_phase_000299_attempt_01.npz","13983750"
"C:\Users\Chris\Documents\GitHub\Control_System\evidence\experiments\runs\authorized_mbco_phase_reconstruction_20260904T002152_3132654Z\retry_06_buffered_single_rearm_ddg_20260904T021526_1936864Z\Phase Scan\2026-09-04\20260904T021539_510021Z_run\raw\rep_0001\scan_0000301_phase_000300_attempt_00.npz","13276942"
"C:\Users\Chris\Documents\GitHub\Control_System\evidence\experiments\runs\authorized_mbco_phase_reconstruction_20260904T002152_3132654Z\retry_06_buffered_single_rearm_ddg_20260904T021526_1936864Z\Phase Scan\2026-09-04\20260904T021539_510021Z_run\raw\rep_0001\scan_0000301_phase_000300_attempt_01.npz","13531082"
"C:\Users\Chris\Documents\GitHub\Control_System\evidence\experiments\runs\authorized_mbco_phase_reconstruction_20260904T002152_3132654Z\retry_06_buffered_single_rearm_ddg_20260904T021526_1936864Z\Phase Scan\2026-09-04\20260904T021539_510021Z_run\raw\rep_0001\scan_0000302_phase_000301_attempt_00.npz","13025766"
"C:\Users\Chris\Documents\GitHub\Control_System\evidence\experiments\runs\authorized_mbco_phase_reconstruction_20260904T002152_3132654Z\retry_06_buffered_single_rearm_ddg_20260904T021526_1936864Z\Phase Scan\2026-09-04\20260904T021539_510021Z_run\raw\rep_0001\scan_0000302_phase_000301_attempt_01.npz","13951754"
"C:\Users\Chris\Documents\GitHub\Control_System\evidence\experiments\runs\authorized_mbco_phase_reconstruction_20260904T002152_3132654Z\retry_06_buffered_single_rearm_ddg_20260904T021526_1936864Z\Phase Scan\2026-09-04\20260904T021539_510021Z_run\raw\rep_0001\scan_0000303_phase_000302_attempt_00.npz","13412982"
"C:\Users\Chris\Documents\GitHub\Control_System\evidence\experiments\runs\authorized_mbco_phase_reconstruction_20260904T002152_3132654Z\retry_06_buffered_single_rearm_ddg_20260904T021526_1936864Z\Phase Scan\2026-09-04\20260904T021539_510021Z_run\raw\rep_0001\scan_0000303_phase_000302_attempt_01.npz","13684042"
"C:\Users\Chris\Documents\GitHub\Control_System\evidence\experiments\runs\authorized_mbco_phase_reconstruction_20260904T002152_3132654Z\retry_06_buffered_single_rearm_ddg_20260904T021526_1936864Z\Phase Scan\2026-09-04\20260904T021539_510021Z_run\raw\rep_0001\scan_0000304_phase_000303_attempt_00.npz","13775794"
"C:\Users\Chris\Documents\GitHub\Control_System\evidence\experiments\runs\authorized_mbco_phase_reconstruction_20260904T002152_3132654Z\retry_06_buffered_single_rearm_ddg_20260904T021526_1936864Z\Phase Scan\2026-09-04\20260904T021539_510021Z_run\raw\rep_0001\scan_0000304_phase_000303_attempt_01.npz","13508242"
"C:\Users\Chris\Documents\GitHub\Control_System\evidence\experiments\runs\authorized_mbco_phase_reconstruction_20260904T002152_3132654Z\retry_06_buffered_single_rearm_ddg_20260904T021526_1936864Z\Phase Scan\2026-09-04\20260904T021539_510021Z_run\raw\rep_0001\scan_0000305_phase_000304_attempt_00.npz","13882574"
"C:\Users\Chris\Documents\GitHub\Control_System\evidence\experiments\runs\authorized_mbco_phase_reconstruction_20260904T002152_3132654Z\retry_06_buffered_single_rearm_ddg_20260904T021526_1936864Z\Phase Scan\2026-09-04\20260904T021539_510021Z_run\raw\rep_0001\scan_0000305_phase_000304_attempt_01.npz","13533450"
"C:\Users\Chris\Documents\GitHub\Control_System\evidence\experiments\runs\authorized_mbco_phase_reconstruction_20260904T002152_3132654Z\retry_06_buffered_single_rearm_ddg_20260904T021526_1936864Z\Phase Scan\2026-09-04\20260904T021539_510021Z_run\raw\rep_0001\scan_0000306_phase_000305_attempt_00.npz","13927786"
"C:\Users\Chris\Documents\GitHub\Control_System\evidence\experiments\runs\authorized_mbco_phase_reconstruction_20260904T002152_3132654Z\retry_06_buffered_single_rearm_ddg_20260904T021526_1936864Z\Phase Scan\2026-09-04\20260904T021539_510021Z_run\raw\rep_0001\scan_0000306_phase_000305_attempt_01.npz","13815790"
"C:\Users\Chris\Documents\GitHub\Control_System\evidence\experiments\runs\authorized_mbco_phase_reconstruction_20260904T002152_3132654Z\retry_06_buffered_single_rearm_ddg_20260904T021526_1936864Z\Phase Scan\2026-09-04\20260904T021539_510021Z_run\raw\rep_0001\scan_0000307_phase_000306_attempt_00.npz","13344472"
"C:\Users\Chris\Documents\GitHub\Control_System\evidence\experiments\runs\authorized_mbco_phase_reconstruction_20260904T002152_3132654Z\retry_06_buffered_single_rearm_ddg_20260904T021526_1936864Z\Phase Scan\2026-09-04\20260904T021539_510021Z_run\raw\rep_0001\scan_0000307_phase_000306_attempt_01.npz","13989258"
"C:\Users\Chris\Documents\GitHub\Control_System\evidence\experiments\runs\authorized_mbco_phase_reconstruction_20260904T002152_3132654Z\retry_06_buffered_single_rearm_ddg_20260904T021526_1936864Z\Phase Scan\2026-09-04\20260904T021539_510021Z_run\raw\rep_0001\scan_0000308_phase_000307_attempt_00.npz","13437714"
"C:\Users\Chris\Documents\GitHub\Control_System\evidence\experiments\runs\authorized_mbco_phase_reconstruction_20260904T002152_3132654Z\retry_06_buffered_single_rearm_ddg_20260904T021526_1936864Z\Phase Scan\2026-09-04\20260904T021539_510021Z_run\raw\rep_0001\scan_0000308_phase_000307_attempt_01.npz","13137454"
"C:\Users\Chris\Documents\GitHub\Control_System\evidence\experiments\runs\authorized_mbco_phase_reconstruction_20260904T002152_3132654Z\retry_06_buffered_single_rearm_ddg_20260904T021526_1936864Z\Phase Scan\2026-09-04\20260904T021539_510021Z_run\raw\rep_0001\scan_0000309_phase_000308_attempt_00.npz","13805298"
"C:\Users\Chris\Documents\GitHub\Control_System\evidence\experiments\runs\authorized_mbco_phase_reconstruction_20260904T002152_3132654Z\retry_06_buffered_single_rearm_ddg_20260904T021526_1936864Z\Phase Scan\2026-09-04\20260904T021539_510021Z_run\raw\rep_0001\scan_0000309_phase_000308_attempt_01.npz","13451846"
"C:\Users\Chris\Documents\GitHub\Control_System\evidence\experiments\runs\authorized_mbco_phase_reconstruction_20260904T002152_3132654Z\retry_06_buffered_single_rearm_ddg_20260904T021526_1936864Z\Phase Scan\2026-09-04\20260904T021539_510021Z_run\raw\rep_0001\scan_0000310_phase_000309_attempt_00.npz","14083662"
"C:\Users\Chris\Documents\GitHub\Control_System\evidence\experiments\runs\authorized_mbco_phase_reconstruction_20260904T002152_3132654Z\retry_06_buffered_single_rearm_ddg_20260904T021526_1936864Z\Phase Scan\2026-09-04\20260904T021539_510021Z_run\raw\rep_0001\scan_0000310_phase_000309_attempt_01.npz","13673198"
"C:\Users\Chris\Documents\GitHub\Control_System\evidence\experiments\runs\authorized_mbco_phase_reconstruction_20260904T002152_3132654Z\retry_06_buffered_single_rearm_ddg_20260904T021526_1936864Z\Phase Scan\2026-09-04\20260904T021539_510021Z_run\raw\rep_0001\scan_0000311_phase_000310_attempt_00.npz","13355090"
"C:\Users\Chris\Documents\GitHub\Control_System\evidence\experiments\runs\authorized_mbco_phase_reconstruction_20260904T002152_3132654Z\retry_06_buffered_single_rearm_ddg_20260904T021526_1936864Z\Phase Scan\2026-09-04\20260904T021539_510021Z_run\raw\rep_0001\scan_0000311_phase_000310_attempt_01.npz","13702918"
"C:\Users\Chris\Documents\GitHub\Control_System\evidence\experiments\runs\authorized_mbco_phase_reconstruction_20260904T002152_3132654Z\retry_06_buffered_single_rearm_ddg_20260904T021526_1936864Z\Phase Scan\2026-09-04\20260904T021539_510021Z_run\raw\rep_0001\scan_0000312_phase_000311_attempt_00.npz","13532174"
"C:\Users\Chris\Documents\GitHub\Control_System\evidence\experiments\runs\authorized_mbco_phase_reconstruction_20260904T002152_3132654Z\retry_06_buffered_single_rearm_ddg_20260904T021526_1936864Z\Phase Scan\2026-09-04\20260904T021539_510021Z_run\raw\rep_0001\scan_0000312_phase_000311_attempt_01.npz","13274350"
"C:\Users\Chris\Documents\GitHub\Control_System\evidence\experiments\runs\authorized_mbco_phase_reconstruction_20260904T002152_3132654Z\retry_06_buffered_single_rearm_ddg_20260904T021526_1936864Z\Phase Scan\2026-09-04\20260904T021539_510021Z_run\raw\rep_0001\scan_0000313_phase_000312_attempt_00.npz","13618894"
"C:\Users\Chris\Documents\GitHub\Control_System\evidence\experiments\runs\authorized_mbco_phase_reconstruction_20260904T002152_3132654Z\retry_06_buffered_single_rearm_ddg_20260904T021526_1936864Z\Phase Scan\2026-09-04\20260904T021539_510021Z_run\raw\rep_0001\scan_0000313_phase_000312_attempt_01.npz","13327598"
"C:\Users\Chris\Documents\GitHub\Control_System\evidence\experiments\runs\authorized_mbco_phase_reconstruction_20260904T002152_3132654Z\retry_06_buffered_single_rearm_ddg_20260904T021526_1936864Z\Phase Scan\2026-09-04\20260904T021539_510021Z_run\raw\rep_0001\scan_0000314_phase_000313_attempt_00.npz","13256310"
"C:\Users\Chris\Documents\GitHub\Control_System\evidence\experiments\runs\authorized_mbco_phase_reconstruction_20260904T002152_3132654Z\retry_06_buffered_single_rearm_ddg_20260904T021526_1936864Z\Phase Scan\2026-09-04\20260904T021539_510021Z_run\raw\rep_0001\scan_0000314_phase_000313_attempt_01.npz","14002438"
"C:\Users\Chris\Documents\GitHub\Control_System\evidence\experiments\runs\authorized_mbco_phase_reconstruction_20260904T002152_3132654Z\retry_06_buffered_single_rearm_ddg_20260904T021526_1936864Z\Phase Scan\2026-09-04\20260904T021539_510021Z_run\raw\rep_0001\scan_0000315_phase_000314_attempt_00.npz","13562418"
"C:\Users\Chris\Documents\GitHub\Control_System\evidence\experiments\runs\authorized_mbco_phase_reconstruction_20260904T002152_3132654Z\retry_06_buffered_single_rearm_ddg_20260904T021526_1936864Z\Phase Scan\2026-09-04\20260904T021539_510021Z_run\raw\rep_0001\scan_0000315_phase_000314_attempt_01.npz","13878702"
"C:\Users\Chris\Documents\GitHub\Control_System\evidence\experiments\runs\authorized_mbco_phase_reconstruction_20260904T002152_3132654Z\retry_06_buffered_single_rearm_ddg_20260904T021526_1936864Z\Phase Scan\2026-09-04\20260904T021539_510021Z_run\raw\rep_0001\scan_0000316_phase_000315_attempt_00.npz","13789394"
"C:\Users\Chris\Documents\GitHub\Control_System\evidence\experiments\runs\authorized_mbco_phase_reconstruction_20260904T002152_3132654Z\retry_06_buffered_single_rearm_ddg_20260904T021526_1936864Z\Phase Scan\2026-09-04\20260904T021539_510021Z_run\raw\rep_0001\scan_0000316_phase_000315_attempt_01.npz","13933766"
"C:\Users\Chris\Documents\GitHub\Control_System\evidence\experiments\runs\authorized_mbco_phase_reconstruction_20260904T002152_3132654Z\retry_06_buffered_single_rearm_ddg_20260904T021526_1936864Z\Phase Scan\2026-09-04\20260904T021539_510021Z_run\raw\rep_0001\scan_0000317_phase_000316_attempt_00.npz","13669814"
"C:\Users\Chris\Documents\GitHub\Control_System\evidence\experiments\runs\authorized_mbco_phase_reconstruction_20260904T002152_3132654Z\retry_06_buffered_single_rearm_ddg_20260904T021526_1936864Z\Phase Scan\2026-09-04\20260904T021539_510021Z_run\raw\rep_0001\scan_0000317_phase_000316_attempt_01.npz","13782282"
"C:\Users\Chris\Documents\GitHub\Control_System\evidence\experiments\runs\authorized_mbco_phase_reconstruction_20260904T002152_3132654Z\retry_06_buffered_single_rearm_ddg_20260904T021526_1936864Z\Phase Scan\2026-09-04\20260904T021539_510021Z_run\raw\rep_0001\scan_0000318_phase_000317_attempt_00.npz","13614170"
"C:\Users\Chris\Documents\GitHub\Control_System\evidence\experiments\runs\authorized_mbco_phase_reconstruction_20260904T002152_3132654Z\retry_06_buffered_single_rearm_ddg_20260904T021526_1936864Z\Phase Scan\2026-09-04\20260904T021539_510021Z_run\raw\rep_0001\scan_0000318_phase_000317_attempt_01.npz","13504366"
"C:\Users\Chris\Documents\GitHub\Control_System\evidence\experiments\runs\authorized_mbco_phase_reconstruction_20260904T002152_3132654Z\retry_06_buffered_single_rearm_ddg_20260904T021526_1936864Z\Phase Scan\2026-09-04\20260904T021539_510021Z_run\raw\rep_0001\scan_0000319_phase_000318_attempt_00.npz","13417998"
"C:\Users\Chris\Documents\GitHub\Control_System\evidence\experiments\runs\authorized_mbco_phase_reconstruction_20260904T002152_3132654Z\retry_06_buffered_single_rearm_ddg_20260904T021526_1936864Z\Phase Scan\2026-09-04\20260904T021539_510021Z_run\raw\rep_0001\scan_0000319_phase_000318_attempt_01.npz","13289870"
"C:\Users\Chris\Documents\GitHub\Control_System\evidence\experiments\runs\authorized_mbco_phase_reconstruction_20260904T002152_3132654Z\retry_06_buffered_single_rearm_ddg_20260904T021526_1936864Z\Phase Scan\2026-09-04\20260904T021539_510021Z_run\raw\rep_0001\scan_0000320_phase_000319_attempt_00.npz","13355314"
"C:\Users\Chris\Documents\GitHub\Control_System\evidence\experiments\runs\authorized_mbco_phase_reconstruction_20260904T002152_3132654Z\retry_06_buffered_single_rearm_ddg_20260904T021526_1936864Z\Phase Scan\2026-09-04\20260904T021539_510021Z_run\raw\rep_0001\scan_0000320_phase_000319_attempt_01.npz","13499022"
"C:\Users\Chris\Documents\GitHub\Control_System\evidence\experiments\runs\authorized_mbco_phase_reconstruction_20260904T002152_3132654Z\retry_06_buffered_single_rearm_ddg_20260904T021526_1936864Z\Phase Scan\2026-09-04\20260904T021539_510021Z_run\raw\rep_0001\scan_0000321_phase_000320_attempt_00.npz","13621262"
"C:\Users\Chris\Documents\GitHub\Control_System\evidence\experiments\runs\authorized_mbco_phase_reconstruction_20260904T002152_3132654Z\retry_06_buffered_single_rearm_ddg_20260904T021526_1936864Z\Phase Scan\2026-09-04\20260904T021539_510021Z_run\raw\rep_0001\scan_0000321_phase_000320_attempt_01.npz","14292850"
"C:\Users\Chris\Documents\GitHub\Control_System\evidence\experiments\runs\authorized_mbco_phase_reconstruction_20260904T002152_3132654Z\retry_06_buffered_single_rearm_ddg_20260904T021526_1936864Z\Phase Scan\2026-09-04\20260904T021539_510021Z_run\raw\rep_0001\scan_0000322_phase_000321_attempt_00.npz","13800438"
"C:\Users\Chris\Documents\GitHub\Control_System\evidence\experiments\runs\authorized_mbco_phase_reconstruction_20260904T002152_3132654Z\retry_06_buffered_single_rearm_ddg_20260904T021526_1936864Z\Phase Scan\2026-09-04\20260904T021539_510021Z_run\raw\rep_0001\scan_0000322_phase_000321_attempt_01.npz","13484430"
"C:\Users\Chris\Documents\GitHub\Control_System\evidence\experiments\runs\authorized_mbco_phase_reconstruction_20260904T002152_3132654Z\retry_06_buffered_single_rearm_ddg_20260904T021526_1936864Z\Phase Scan\2026-09-04\20260904T021539_510021Z_run\raw\rep_0001\scan_0000323_phase_000322_attempt_00.npz","13691350"
"C:\Users\Chris\Documents\GitHub\Control_System\evidence\experiments\runs\authorized_mbco_phase_reconstruction_20260904T002152_3132654Z\retry_06_buffered_single_rearm_ddg_20260904T021526_1936864Z\Phase Scan\2026-09-04\20260904T021539_510021Z_run\raw\rep_0001\scan_0000323_phase_000322_attempt_01.npz","13861514"
"C:\Users\Chris\Documents\GitHub\Control_System\evidence\experiments\runs\authorized_mbco_phase_reconstruction_20260904T002152_3132654Z\retry_06_buffered_single_rearm_ddg_20260904T021526_1936864Z\Phase Scan\2026-09-04\20260904T021539_510021Z_run\raw\rep_0001\scan_0000324_phase_000323_attempt_00.npz","13954450"
"C:\Users\Chris\Documents\GitHub\Control_System\evidence\experiments\runs\authorized_mbco_phase_reconstruction_20260904T002152_3132654Z\retry_06_buffered_single_rearm_ddg_20260904T021526_1936864Z\Phase Scan\2026-09-04\20260904T021539_510021Z_run\raw\rep_0001\scan_0000324_phase_000323_attempt_01.npz","14148962"
"C:\Users\Chris\Documents\GitHub\Control_System\evidence\experiments\runs\authorized_mbco_phase_reconstruction_20260904T002152_3132654Z\retry_06_buffered_single_rearm_ddg_20260904T021526_1936864Z\Phase Scan\2026-09-04\20260904T021539_510021Z_run\raw\rep_0001\scan_0000325_phase_000324_attempt_00.npz","13912178"
"C:\Users\Chris\Documents\GitHub\Control_System\evidence\experiments\runs\authorized_mbco_phase_reconstruction_20260904T002152_3132654Z\retry_06_buffered_single_rearm_ddg_20260904T021526_1936864Z\Phase Scan\2026-09-04\20260904T021539_510021Z_run\raw\rep_0001\scan_0000325_phase_000324_attempt_01.npz","13514506"
"C:\Users\Chris\Documents\GitHub\Control_System\evidence\experiments\runs\authorized_mbco_phase_reconstruction_20260904T002152_3132654Z\retry_06_buffered_single_rearm_ddg_20260904T021526_1936864Z\Phase Scan\2026-09-04\20260904T021539_510021Z_run\raw\rep_0001\scan_0000326_phase_000325_attempt_00.npz","13846798"
"C:\Users\Chris\Documents\GitHub\Control_System\evidence\experiments\runs\authorized_mbco_phase_reconstruction_20260904T002152_3132654Z\retry_06_buffered_single_rearm_ddg_20260904T021526_1936864Z\Phase Scan\2026-09-04\20260904T021539_510021Z_run\raw\rep_0001\scan_0000326_phase_000325_attempt_01.npz","13662706"
"C:\Users\Chris\Documents\GitHub\Control_System\evidence\experiments\runs\authorized_mbco_phase_reconstruction_20260904T002152_3132654Z\retry_06_buffered_single_rearm_ddg_20260904T021526_1936864Z\Phase Scan\2026-09-04\20260904T021539_510021Z_run\raw\rep_0001\scan_0000327_phase_000326_attempt_00.npz","13664398"
"C:\Users\Chris\Documents\GitHub\Control_System\evidence\experiments\runs\authorized_mbco_phase_reconstruction_20260904T002152_3132654Z\retry_06_buffered_single_rearm_ddg_20260904T021526_1936864Z\Phase Scan\2026-09-04\20260904T021539_510021Z_run\raw\rep_0001\scan_0000327_phase_000326_attempt_01.npz","13638534"
"C:\Users\Chris\Documents\GitHub\Control_System\evidence\experiments\runs\authorized_mbco_phase_reconstruction_20260904T002152_3132654Z\retry_06_buffered_single_rearm_ddg_20260904T021526_1936864Z\Phase Scan\2026-09-04\20260904T021539_510021Z_run\raw\rep_0001\scan_0000328_phase_000327_attempt_00.npz","13194454"
"C:\Users\Chris\Documents\GitHub\Control_System\evidence\experiments\runs\authorized_mbco_phase_reconstruction_20260904T002152_3132654Z\retry_06_buffered_single_rearm_ddg_20260904T021526_1936864Z\Phase Scan\2026-09-04\20260904T021539_510021Z_run\raw\rep_0001\scan_0000328_phase_000327_attempt_01.npz","14173346"
"C:\Users\Chris\Documents\GitHub\Control_System\evidence\experiments\runs\authorized_mbco_phase_reconstruction_20260904T002152_3132654Z\retry_06_buffered_single_rearm_ddg_20260904T021526_1936864Z\Phase Scan\2026-09-04\20260904T021539_510021Z_run\raw\rep_0001\scan_0000329_phase_000328_attempt_00.npz","14177234"
"C:\Users\Chris\Documents\GitHub\Control_System\evidence\experiments\runs\authorized_mbco_phase_reconstruction_20260904T002152_3132654Z\retry_06_buffered_single_rearm_ddg_20260904T021526_1936864Z\Phase Scan\2026-09-04\20260904T021539_510021Z_run\raw\rep_0001\scan_0000329_phase_000328_attempt_01.npz","13687150"
"C:\Users\Chris\Documents\GitHub\Control_System\evidence\experiments\runs\authorized_mbco_phase_reconstruction_20260904T002152_3132654Z\retry_06_buffered_single_rearm_ddg_20260904T021526_1936864Z\Phase Scan\2026-09-04\20260904T021539_510021Z_run\raw\rep_0001\scan_0000330_phase_000329_attempt_00.npz","13841894"
"C:\Users\Chris\Documents\GitHub\Control_System\evidence\experiments\runs\authorized_mbco_phase_reconstruction_20260904T002152_3132654Z\retry_06_buffered_single_rearm_ddg_20260904T021526_1936864Z\Phase Scan\2026-09-04\20260904T021539_510021Z_run\raw\rep_0001\scan_0000330_phase_000329_attempt_01.npz","13527390"
"C:\Users\Chris\Documents\GitHub\Control_System\evidence\experiments\runs\authorized_mbco_phase_reconstruction_20260904T002152_3132654Z\retry_06_buffered_single_rearm_ddg_20260904T021526_1936864Z\Phase Scan\2026-09-04\20260904T021539_510021Z_run\raw\rep_0001\scan_0000331_phase_000330_attempt_00.npz","13820018"
"C:\Users\Chris\Documents\GitHub\Control_System\evidence\experiments\runs\authorized_mbco_phase_reconstruction_20260904T002152_3132654Z\retry_06_buffered_single_rearm_ddg_20260904T021526_1936864Z\Phase Scan\2026-09-04\20260904T021539_510021Z_run\raw\rep_0001\scan_0000331_phase_000330_attempt_01.npz","13525298"
"C:\Users\Chris\Documents\GitHub\Control_System\evidence\experiments\runs\authorized_mbco_phase_reconstruction_20260904T002152_3132654Z\retry_06_buffered_single_rearm_ddg_20260904T021526_1936864Z\Phase Scan\2026-09-04\20260904T021539_510021Z_run\raw\rep_0001\scan_0000332_phase_000331_attempt_00.npz","13417782"
"C:\Users\Chris\Documents\GitHub\Control_System\evidence\experiments\runs\authorized_mbco_phase_reconstruction_20260904T002152_3132654Z\retry_06_buffered_single_rearm_ddg_20260904T021526_1936864Z\Phase Scan\2026-09-04\20260904T021539_510021Z_run\raw\rep_0001\scan_0000332_phase_000331_attempt_01.npz","13285834"
"C:\Users\Chris\Documents\GitHub\Control_System\evidence\experiments\runs\authorized_mbco_phase_reconstruction_20260904T002152_3132654Z\retry_06_buffered_single_rearm_ddg_20260904T021526_1936864Z\Phase Scan\2026-09-04\20260904T021539_510021Z_run\raw\rep_0001\scan_0000333_phase_000332_attempt_00.npz","13502094"
"C:\Users\Chris\Documents\GitHub\Control_System\evidence\experiments\runs\authorized_mbco_phase_reconstruction_20260904T002152_3132654Z\retry_06_buffered_single_rearm_ddg_20260904T021526_1936864Z\Phase Scan\2026-09-04\20260904T021539_510021Z_run\raw\rep_0001\scan_0000333_phase_000332_attempt_01.npz","13210062"
"C:\Users\Chris\Documents\GitHub\Control_System\evidence\experiments\runs\authorized_mbco_phase_reconstruction_20260904T002152_3132654Z\retry_06_buffered_single_rearm_ddg_20260904T021526_1936864Z\Phase Scan\2026-09-04\20260904T021539_510021Z_run\raw\rep_0001\scan_0000334_phase_000333_attempt_00.npz","13770938"
"C:\Users\Chris\Documents\GitHub\Control_System\evidence\experiments\runs\authorized_mbco_phase_reconstruction_20260904T002152_3132654Z\retry_06_buffered_single_rearm_ddg_20260904T021526_1936864Z\Phase Scan\2026-09-04\20260904T021539_510021Z_run\raw\rep_0001\scan_0000334_phase_000333_attempt_01.npz","13340402"
"C:\Users\Chris\Documents\GitHub\Control_System\evidence\experiments\runs\authorized_mbco_phase_reconstruction_20260904T002152_3132654Z\retry_06_buffered_single_rearm_ddg_20260904T021526_1936864Z\Phase Scan\2026-09-04\20260904T021539_510021Z_run\raw\rep_0001\scan_0000335_phase_000334_attempt_00.npz","14073846"
"C:\Users\Chris\Documents\GitHub\Control_System\evidence\experiments\runs\authorized_mbco_phase_reconstruction_20260904T002152_3132654Z\retry_06_buffered_single_rearm_ddg_20260904T021526_1936864Z\Phase Scan\2026-09-04\20260904T021539_510021Z_run\raw\rep_0001\scan_0000335_phase_000334_attempt_01.npz","13895786"
"C:\Users\Chris\Documents\GitHub\Control_System\evidence\experiments\runs\authorized_mbco_phase_reconstruction_20260904T002152_3132654Z\retry_06_buffered_single_rearm_ddg_20260904T021526_1936864Z\Phase Scan\2026-09-04\20260904T021539_510021Z_run\raw\rep_0001\scan_0000336_phase_000335_attempt_00.npz","13269202"
"C:\Users\Chris\Documents\GitHub\Control_System\evidence\experiments\runs\authorized_mbco_phase_reconstruction_20260904T002152_3132654Z\retry_06_buffered_single_rearm_ddg_20260904T021526_1936864Z\Phase Scan\2026-09-04\20260904T021539_510021Z_run\raw\rep_0001\scan_0000336_phase_000335_attempt_01.npz","13806278"
"C:\Users\Chris\Documents\GitHub\Control_System\evidence\experiments\runs\authorized_mbco_phase_reconstruction_20260904T002152_3132654Z\retry_06_buffered_single_rearm_ddg_20260904T021526_1936864Z\Phase Scan\2026-09-04\20260904T021539_510021Z_run\raw\rep_0001\scan_0000337_phase_000336_attempt_00.npz","13754514"
"C:\Users\Chris\Documents\GitHub\Control_System\evidence\experiments\runs\authorized_mbco_phase_reconstruction_20260904T002152_3132654Z\retry_06_buffered_single_rearm_ddg_20260904T021526_1936864Z\Phase Scan\2026-09-04\20260904T021539_510021Z_run\raw\rep_0001\scan_0000337_phase_000336_attempt_01.npz","13690418"
"C:\Users\Chris\Documents\GitHub\Control_System\evidence\experiments\runs\authorized_mbco_phase_reconstruction_20260904T002152_3132654Z\retry_06_buffered_single_rearm_ddg_20260904T021526_1936864Z\Phase Scan\2026-09-04\20260904T021539_510021Z_run\raw\rep_0001\scan_0000338_phase_000337_attempt_00.npz","13727122"
"C:\Users\Chris\Documents\GitHub\Control_System\evidence\experiments\runs\authorized_mbco_phase_reconstruction_20260904T002152_3132654Z\retry_06_buffered_single_rearm_ddg_20260904T021526_1936864Z\Phase Scan\2026-09-04\20260904T021539_510021Z_run\raw\rep_0001\scan_0000338_phase_000337_attempt_01.npz","13370890"
"C:\Users\Chris\Documents\GitHub\Control_System\evidence\experiments\runs\authorized_mbco_phase_reconstruction_20260904T002152_3132654Z\retry_06_buffered_single_rearm_ddg_20260904T021526_1936864Z\Phase Scan\2026-09-04\20260904T021539_510021Z_run\raw\rep_0001\scan_0000339_phase_000338_attempt_00.npz","13968566"
"C:\Users\Chris\Documents\GitHub\Control_System\evidence\experiments\runs\authorized_mbco_phase_reconstruction_20260904T002152_3132654Z\retry_06_buffered_single_rearm_ddg_20260904T021526_1936864Z\Phase Scan\2026-09-04\20260904T021539_510021Z_run\raw\rep_0001\scan_0000339_phase_000338_attempt_01.npz","13891250"
"C:\Users\Chris\Documents\GitHub\Control_System\evidence\experiments\runs\authorized_mbco_phase_reconstruction_20260904T002152_3132654Z\retry_06_buffered_single_rearm_ddg_20260904T021526_1936864Z\Phase Scan\2026-09-04\20260904T021539_510021Z_run\raw\rep_0001\scan_0000340_phase_000339_attempt_00.npz","13206862"
"C:\Users\Chris\Documents\GitHub\Control_System\evidence\experiments\runs\authorized_mbco_phase_reconstruction_20260904T002152_3132654Z\retry_06_buffered_single_rearm_ddg_20260904T021526_1936864Z\Phase Scan\2026-09-04\20260904T021539_510021Z_run\raw\rep_0001\scan_0000340_phase_000339_attempt_01.npz","13574258"
"C:\Users\Chris\Documents\GitHub\Control_System\evidence\experiments\runs\authorized_mbco_phase_reconstruction_20260904T002152_3132654Z\retry_06_buffered_single_rearm_ddg_20260904T021526_1936864Z\Phase Scan\2026-09-04\20260904T021539_510021Z_run\raw\rep_0001\scan_0000341_phase_000340_attempt_00.npz","13476370"
"C:\Users\Chris\Documents\GitHub\Control_System\evidence\experiments\runs\authorized_mbco_phase_reconstruction_20260904T002152_3132654Z\retry_06_buffered_single_rearm_ddg_20260904T021526_1936864Z\Phase Scan\2026-09-04\20260904T021539_510021Z_run\raw\rep_0001\scan_0000341_phase_000340_attempt_01.npz","13685546"
"C:\Users\Chris\Documents\GitHub\Control_System\evidence\experiments\runs\authorized_mbco_phase_reconstruction_20260904T002152_3132654Z\retry_06_buffered_single_rearm_ddg_20260904T021526_1936864Z\Phase Scan\2026-09-04\20260904T021539_510021Z_run\raw\rep_0001\scan_0000342_phase_000341_attempt_00.npz","13768074"
"C:\Users\Chris\Documents\GitHub\Control_System\evidence\experiments\runs\authorized_mbco_phase_reconstruction_20260904T002152_3132654Z\retry_06_buffered_single_rearm_ddg_20260904T021526_1936864Z\Phase Scan\2026-09-04\20260904T021539_510021Z_run\raw\rep_0001\scan_0000342_phase_000341_attempt_01.npz","13006584"
"C:\Users\Chris\Documents\GitHub\Control_System\evidence\experiments\runs\authorized_mbco_phase_reconstruction_20260904T002152_3132654Z\retry_06_buffered_single_rearm_ddg_20260904T021526_1936864Z\Phase Scan\2026-09-04\20260904T021539_510021Z_run\raw\rep_0001\scan_0000343_phase_000342_attempt_00.npz","13741586"
"C:\Users\Chris\Documents\GitHub\Control_System\evidence\experiments\runs\authorized_mbco_phase_reconstruction_20260904T002152_3132654Z\retry_06_buffered_single_rearm_ddg_20260904T021526_1936864Z\Phase Scan\2026-09-04\20260904T021539_510021Z_run\raw\rep_0001\scan_0000343_phase_000342_attempt_01.npz","13473362"
"C:\Users\Chris\Documents\GitHub\Control_System\evidence\experiments\runs\authorized_mbco_phase_reconstruction_20260904T002152_3132654Z\retry_06_buffered_single_rearm_ddg_20260904T021526_1936864Z\Phase Scan\2026-09-04\20260904T021539_510021Z_run\raw\rep_0001\scan_0000344_phase_000343_attempt_00.npz","13930382"
"C:\Users\Chris\Documents\GitHub\Control_System\evidence\experiments\runs\authorized_mbco_phase_reconstruction_20260904T002152_3132654Z\retry_06_buffered_single_rearm_ddg_20260904T021526_1936864Z\Phase Scan\2026-09-04\20260904T021539_510021Z_run\raw\rep_0001\scan_0000344_phase_000343_attempt_01.npz","13357770"
"C:\Users\Chris\Documents\GitHub\Control_System\evidence\experiments\runs\authorized_mbco_phase_reconstruction_20260904T002152_3132654Z\retry_06_buffered_single_rearm_ddg_20260904T021526_1936864Z\Phase Scan\2026-09-04\20260904T021539_510021Z_run\raw\rep_0001\scan_0000345_phase_000344_attempt_00.npz","13859898"
"C:\Users\Chris\Documents\GitHub\Control_System\evidence\experiments\runs\authorized_mbco_phase_reconstruction_20260904T002152_3132654Z\retry_06_buffered_single_rearm_ddg_20260904T021526_1936864Z\Phase Scan\2026-09-04\20260904T021539_510021Z_run\raw\rep_0001\scan_0000345_phase_000344_attempt_01.npz","13686126"
"C:\Users\Chris\Documents\GitHub\Control_System\evidence\experiments\runs\authorized_mbco_phase_reconstruction_20260904T002152_3132654Z\retry_06_buffered_single_rearm_ddg_20260904T021526_1936864Z\Phase Scan\2026-09-04\20260904T021539_510021Z_run\raw\rep_0001\scan_0000346_phase_000345_attempt_00.npz","13474294"
"C:\Users\Chris\Documents\GitHub\Control_System\evidence\experiments\runs\authorized_mbco_phase_reconstruction_20260904T002152_3132654Z\retry_06_buffered_single_rearm_ddg_20260904T021526_1936864Z\Phase Scan\2026-09-04\20260904T021539_510021Z_run\raw\rep_0001\scan_0000346_phase_000345_attempt_01.npz","13598862"
"C:\Users\Chris\Documents\GitHub\Control_System\evidence\experiments\runs\authorized_mbco_phase_reconstruction_20260904T002152_3132654Z\retry_06_buffered_single_rearm_ddg_20260904T021526_1936864Z\Phase Scan\2026-09-04\20260904T021539_510021Z_run\raw\rep_0001\scan_0000347_phase_000346_attempt_00.npz","14018318"
"C:\Users\Chris\Documents\GitHub\Control_System\evidence\experiments\runs\authorized_mbco_phase_reconstruction_20260904T002152_3132654Z\retry_06_buffered_single_rearm_ddg_20260904T021526_1936864Z\Phase Scan\2026-09-04\20260904T021539_510021Z_run\raw\rep_0001\scan_0000347_phase_000346_attempt_01.npz","13454642"
"C:\Users\Chris\Documents\GitHub\Control_System\evidence\experiments\runs\authorized_mbco_phase_reconstruction_20260904T002152_3132654Z\retry_06_buffered_single_rearm_ddg_20260904T021526_1936864Z\Phase Scan\2026-09-04\20260904T021539_510021Z_run\raw\rep_0001\scan_0000348_phase_000347_attempt_00.npz","13671446"
"C:\Users\Chris\Documents\GitHub\Control_System\evidence\experiments\runs\authorized_mbco_phase_reconstruction_20260904T002152_3132654Z\retry_06_buffered_single_rearm_ddg_20260904T021526_1936864Z\Phase Scan\2026-09-04\20260904T021539_510021Z_run\raw\rep_0001\scan_0000348_phase_000347_attempt_01.npz","13390386"
"C:\Users\Chris\Documents\GitHub\Control_System\evidence\experiments\runs\authorized_mbco_phase_reconstruction_20260904T002152_3132654Z\retry_06_buffered_single_rearm_ddg_20260904T021526_1936864Z\Phase Scan\2026-09-04\20260904T021539_510021Z_run\raw\rep_0001\scan_0000349_phase_000348_attempt_00.npz","13760398"
"C:\Users\Chris\Documents\GitHub\Control_System\evidence\experiments\runs\authorized_mbco_phase_reconstruction_20260904T002152_3132654Z\retry_06_buffered_single_rearm_ddg_20260904T021526_1936864Z\Phase Scan\2026-09-04\20260904T021539_510021Z_run\raw\rep_0001\scan_0000349_phase_000348_attempt_01.npz","13998798"
"C:\Users\Chris\Documents\GitHub\Control_System\evidence\experiments\runs\authorized_mbco_phase_reconstruction_20260904T002152_3132654Z\retry_06_buffered_single_rearm_ddg_20260904T021526_1936864Z\Phase Scan\2026-09-04\20260904T021539_510021Z_run\raw\rep_0001\scan_0000350_phase_000349_attempt_00.npz","13307218"
"C:\Users\Chris\Documents\GitHub\Control_System\evidence\experiments\runs\authorized_mbco_phase_reconstruction_20260904T002152_3132654Z\retry_06_buffered_single_rearm_ddg_20260904T021526_1936864Z\Phase Scan\2026-09-04\20260904T021539_510021Z_run\raw\rep_0001\scan_0000350_phase_000349_attempt_01.npz","13743118"
"C:\Users\Chris\Documents\GitHub\Control_System\evidence\experiments\runs\authorized_mbco_phase_reconstruction_20260904T002152_3132654Z\retry_06_buffered_single_rearm_ddg_20260904T021526_1936864Z\Phase Scan\2026-09-04\20260904T021539_510021Z_run\raw\rep_0001\scan_0000351_phase_000350_attempt_00.npz","13607142"
"C:\Users\Chris\Documents\GitHub\Control_System\evidence\experiments\runs\authorized_mbco_phase_reconstruction_20260904T002152_3132654Z\retry_06_buffered_single_rearm_ddg_20260904T021526_1936864Z\Phase Scan\2026-09-04\20260904T021539_510021Z_run\raw\rep_0001\scan_0000351_phase_000350_attempt_01.npz","13436046"
"C:\Users\Chris\Documents\GitHub\Control_System\evidence\experiments\runs\authorized_mbco_phase_reconstruction_20260904T002152_3132654Z\retry_06_buffered_single_rearm_ddg_20260904T021526_1936864Z\Phase Scan\2026-09-04\20260904T021539_510021Z_run\raw\rep_0001\scan_0000352_phase_000351_attempt_00.npz","13451672"
"C:\Users\Chris\Documents\GitHub\Control_System\evidence\experiments\runs\authorized_mbco_phase_reconstruction_20260904T002152_3132654Z\retry_06_buffered_single_rearm_ddg_20260904T021526_1936864Z\Phase Scan\2026-09-04\20260904T021539_510021Z_run\raw\rep_0001\scan_0000352_phase_000351_attempt_01.npz","13422250"
"C:\Users\Chris\Documents\GitHub\Control_System\evidence\experiments\runs\authorized_mbco_phase_reconstruction_20260904T002152_3132654Z\retry_06_buffered_single_rearm_ddg_20260904T021526_1936864Z\Phase Scan\2026-09-04\20260904T021539_510021Z_run\raw\rep_0001\scan_0000353_phase_000352_attempt_00.npz","13690362"
"C:\Users\Chris\Documents\GitHub\Control_System\evidence\experiments\runs\authorized_mbco_phase_reconstruction_20260904T002152_3132654Z\retry_06_buffered_single_rearm_ddg_20260904T021526_1936864Z\Phase Scan\2026-09-04\20260904T021539_510021Z_run\raw\rep_0001\scan_0000353_phase_000352_attempt_01.npz","13410670"
"C:\Users\Chris\Documents\GitHub\Control_System\evidence\experiments\runs\authorized_mbco_phase_reconstruction_20260904T002152_3132654Z\retry_06_buffered_single_rearm_ddg_20260904T021526_1936864Z\Phase Scan\2026-09-04\20260904T021539_510021Z_run\raw\rep_0001\scan_0000354_phase_000353_attempt_00.npz","14178922"
"C:\Users\Chris\Documents\GitHub\Control_System\evidence\experiments\runs\authorized_mbco_phase_reconstruction_20260904T002152_3132654Z\retry_06_buffered_single_rearm_ddg_20260904T021526_1936864Z\Phase Scan\2026-09-04\20260904T021539_510021Z_run\raw\rep_0001\scan_0000354_phase_000353_attempt_01.npz","13155476"
"C:\Users\Chris\Documents\GitHub\Control_System\evidence\experiments\runs\authorized_mbco_phase_reconstruction_20260904T002152_3132654Z\retry_06_buffered_single_rearm_ddg_20260904T021526_1936864Z\Phase Scan\2026-09-04\20260904T021539_510021Z_run\raw\rep_0001\scan_0000355_phase_000354_attempt_00.npz","14149970"
"C:\Users\Chris\Documents\GitHub\Control_System\evidence\experiments\runs\authorized_mbco_phase_reconstruction_20260904T002152_3132654Z\retry_06_buffered_single_rearm_ddg_20260904T021526_1936864Z\Phase Scan\2026-09-04\20260904T021539_510021Z_run\raw\rep_0001\scan_0000355_phase_000354_attempt_01.npz","13454282"
"C:\Users\Chris\Documents\GitHub\Control_System\evidence\experiments\runs\authorized_mbco_phase_reconstruction_20260904T002152_3132654Z\retry_06_buffered_single_rearm_ddg_20260904T021526_1936864Z\Phase Scan\2026-09-04\20260904T021539_510021Z_run\raw\rep_0001\scan_0000356_phase_000355_attempt_00.npz","13808714"
"C:\Users\Chris\Documents\GitHub\Control_System\evidence\experiments\runs\authorized_mbco_phase_reconstruction_20260904T002152_3132654Z\retry_06_buffered_single_rearm_ddg_20260904T021526_1936864Z\Phase Scan\2026-09-04\20260904T021539_510021Z_run\raw\rep_0001\scan_0000356_phase_000355_attempt_01.npz","13862406"
"C:\Users\Chris\Documents\GitHub\Control_System\evidence\experiments\runs\authorized_mbco_phase_reconstruction_20260904T002152_3132654Z\retry_06_buffered_single_rearm_ddg_20260904T021526_1936864Z\Phase Scan\2026-09-04\20260904T021539_510021Z_run\raw\rep_0001\scan_0000357_phase_000356_attempt_00.npz","13608270"
"C:\Users\Chris\Documents\GitHub\Control_System\evidence\experiments\runs\authorized_mbco_phase_reconstruction_20260904T002152_3132654Z\retry_06_buffered_single_rearm_ddg_20260904T021526_1936864Z\Phase Scan\2026-09-04\20260904T021539_510021Z_run\raw\rep_0001\scan_0000357_phase_000356_attempt_01.npz","14149682"
"C:\Users\Chris\Documents\GitHub\Control_System\evidence\experiments\runs\authorized_mbco_phase_reconstruction_20260904T002152_3132654Z\retry_06_buffered_single_rearm_ddg_20260904T021526_1936864Z\Phase Scan\2026-09-04\20260904T021539_510021Z_run\raw\rep_0001\scan_0000358_phase_000357_attempt_00.npz","13597810"
"C:\Users\Chris\Documents\GitHub\Control_System\evidence\experiments\runs\authorized_mbco_phase_reconstruction_20260904T002152_3132654Z\retry_06_buffered_single_rearm_ddg_20260904T021526_1936864Z\Phase Scan\2026-09-04\20260904T021539_510021Z_run\raw\rep_0001\scan_0000358_phase_000357_attempt_01.npz","13766150"
"C:\Users\Chris\Documents\GitHub\Control_System\evidence\experiments\runs\authorized_mbco_phase_reconstruction_20260904T002152_3132654Z\retry_06_buffered_single_rearm_ddg_20260904T021526_1936864Z\Phase Scan\2026-09-04\20260904T021539_510021Z_run\raw\rep_0001\scan_0000359_phase_000358_attempt_00.npz","13259478"
"C:\Users\Chris\Documents\GitHub\Control_System\evidence\experiments\runs\authorized_mbco_phase_reconstruction_20260904T002152_3132654Z\retry_06_buffered_single_rearm_ddg_20260904T021526_1936864Z\Phase Scan\2026-09-04\20260904T021539_510021Z_run\raw\rep_0001\scan_0000359_phase_000358_attempt_01.npz","13520522"
"C:\Users\Chris\Documents\GitHub\Control_System\evidence\experiments\runs\authorized_mbco_phase_reconstruction_20260904T002152_3132654Z\retry_06_buffered_single_rearm_ddg_20260904T021526_1936864Z\Phase Scan\2026-09-04\20260904T021539_510021Z_run\raw\rep_0001\scan_0000360_phase_000359_attempt_00.npz","13748394"
"C:\Users\Chris\Documents\GitHub\Control_System\evidence\experiments\runs\authorized_mbco_phase_reconstruction_20260904T002152_3132654Z\retry_06_buffered_single_rearm_ddg_20260904T021526_1936864Z\Phase Scan\2026-09-04\20260904T021539_510021Z_run\raw\rep_0001\scan_0000360_phase_000359_attempt_01.npz","13802826"
"C:\Users\Chris\Documents\GitHub\Control_System\evidence\experiments\runs\authorized_mbco_phase_reconstruction_20260904T002152_3132654Z\retry_06_buffered_single_rearm_ddg_20260904T021526_1936864Z\Phase Scan\2026-09-04\20260904T021539_510021Z_run\raw\rep_0001\scan_0000361_phase_000360_attempt_00.npz","13843406"
"C:\Users\Chris\Documents\GitHub\Control_System\evidence\experiments\runs\authorized_mbco_phase_reconstruction_20260904T002152_3132654Z\retry_06_buffered_single_rearm_ddg_20260904T021526_1936864Z\Phase Scan\2026-09-04\20260904T021539_510021Z_run\raw\rep_0001\scan_0000361_phase_000360_attempt_01.npz","13724334"
"C:\Users\Chris\Documents\GitHub\Control_System\evidence\experiments\runs\authorized_mbco_phase_reconstruction_20260904T002152_3132654Z\retry_06_buffered_single_rearm_ddg_20260904T021526_1936864Z\Phase Scan\2026-09-04\20260904T021539_510021Z_run\raw\rep_0001\scan_0000362_phase_000361_attempt_00.npz","13332178"
"C:\Users\Chris\Documents\GitHub\Control_System\evidence\experiments\runs\authorized_mbco_phase_reconstruction_20260904T002152_3132654Z\retry_06_buffered_single_rearm_ddg_20260904T021526_1936864Z\Phase Scan\2026-09-04\20260904T021539_510021Z_run\raw\rep_0001\scan_0000362_phase_000361_attempt_01.npz","13604206"
"C:\Users\Chris\Documents\GitHub\Control_System\evidence\experiments\runs\authorized_mbco_phase_reconstruction_20260904T002152_3132654Z\retry_06_buffered_single_rearm_ddg_20260904T021526_1936864Z\Phase Scan\2026-09-04\20260904T021539_510021Z_run\raw\rep_0001\scan_0000363_phase_000362_attempt_00.npz","13677458"
"C:\Users\Chris\Documents\GitHub\Control_System\evidence\experiments\runs\authorized_mbco_phase_reconstruction_20260904T002152_3132654Z\retry_06_buffered_single_rearm_ddg_20260904T021526_1936864Z\Phase Scan\2026-09-04\20260904T021539_510021Z_run\raw\rep_0001\scan_0000363_phase_000362_attempt_01.npz","13408020"
"C:\Users\Chris\Documents\GitHub\Control_System\evidence\experiments\runs\authorized_mbco_phase_reconstruction_20260904T002152_3132654Z\retry_06_buffered_single_rearm_ddg_20260904T021526_1936864Z\Phase Scan\2026-09-04\20260904T021539_510021Z_run\raw\rep_0001\scan_0000364_phase_000363_attempt_00.npz","12976184"
"C:\Users\Chris\Documents\GitHub\Control_System\evidence\experiments\runs\authorized_mbco_phase_reconstruction_20260904T002152_3132654Z\retry_06_buffered_single_rearm_ddg_20260904T021526_1936864Z\Phase Scan\2026-09-04\20260904T021539_510021Z_run\raw\rep_0001\scan_0000364_phase_000363_attempt_01.npz","13771594"
"C:\Users\Chris\Documents\GitHub\Control_System\evidence\experiments\runs\authorized_mbco_phase_reconstruction_20260904T002152_3132654Z\retry_06_buffered_single_rearm_ddg_20260904T021526_1936864Z\Phase Scan\2026-09-04\20260904T021539_510021Z_run\raw\rep_0001\scan_0000365_phase_000364_attempt_00.npz","13456886"
"C:\Users\Chris\Documents\GitHub\Control_System\evidence\experiments\runs\authorized_mbco_phase_reconstruction_20260904T002152_3132654Z\retry_06_buffered_single_rearm_ddg_20260904T021526_1936864Z\Phase Scan\2026-09-04\20260904T021539_510021Z_run\raw\rep_0001\scan_0000365_phase_000364_attempt_01.npz","13904586"
"C:\Users\Chris\Documents\GitHub\Control_System\evidence\experiments\runs\authorized_mbco_phase_reconstruction_20260904T002152_3132654Z\retry_06_buffered_single_rearm_ddg_20260904T021526_1936864Z\Phase Scan\2026-09-04\20260904T021539_510021Z_run\raw\rep_0001\scan_0000366_phase_000365_attempt_00.npz","13263442"
"C:\Users\Chris\Documents\GitHub\Control_System\evidence\experiments\runs\authorized_mbco_phase_reconstruction_20260904T002152_3132654Z\retry_06_buffered_single_rearm_ddg_20260904T021526_1936864Z\Phase Scan\2026-09-04\20260904T021539_510021Z_run\raw\rep_0001\scan_0000366_phase_000365_attempt_01.npz","13297710"
"C:\Users\Chris\Documents\GitHub\Control_System\evidence\experiments\runs\authorized_mbco_phase_reconstruction_20260904T002152_3132654Z\retry_06_buffered_single_rearm_ddg_20260904T021526_1936864Z\Phase Scan\2026-09-04\20260904T021539_510021Z_run\raw\rep_0001\scan_0000367_phase_000366_attempt_00.npz","13545430"
"C:\Users\Chris\Documents\GitHub\Control_System\evidence\experiments\runs\authorized_mbco_phase_reconstruction_20260904T002152_3132654Z\retry_06_buffered_single_rearm_ddg_20260904T021526_1936864Z\Phase Scan\2026-09-04\20260904T021539_510021Z_run\raw\rep_0001\scan_0000367_phase_000366_attempt_01.npz","13788558"
"C:\Users\Chris\Documents\GitHub\Control_System\evidence\experiments\runs\authorized_mbco_phase_reconstruction_20260904T002152_3132654Z\retry_06_buffered_single_rearm_ddg_20260904T021526_1936864Z\Phase Scan\2026-09-04\20260904T021539_510021Z_run\raw\rep_0001\scan_0000368_phase_000367_attempt_00.npz","13861010"
"C:\Users\Chris\Documents\GitHub\Control_System\evidence\experiments\runs\authorized_mbco_phase_reconstruction_20260904T002152_3132654Z\retry_06_buffered_single_rearm_ddg_20260904T021526_1936864Z\Phase Scan\2026-09-04\20260904T021539_510021Z_run\raw\rep_0001\scan_0000368_phase_000367_attempt_01.npz","13300504"
"C:\Users\Chris\Documents\GitHub\Control_System\evidence\experiments\runs\authorized_mbco_phase_reconstruction_20260904T002152_3132654Z\retry_06_buffered_single_rearm_ddg_20260904T021526_1936864Z\Phase Scan\2026-09-04\20260904T021539_510021Z_run\raw\rep_0001\scan_0000369_phase_000368_attempt_00.npz","13395790"
"C:\Users\Chris\Documents\GitHub\Control_System\evidence\experiments\runs\authorized_mbco_phase_reconstruction_20260904T002152_3132654Z\retry_06_buffered_single_rearm_ddg_20260904T021526_1936864Z\Phase Scan\2026-09-04\20260904T021539_510021Z_run\raw\rep_0001\scan_0000369_phase_000368_attempt_01.npz","13686602"
"C:\Users\Chris\Documents\GitHub\Control_System\evidence\experiments\runs\authorized_mbco_phase_reconstruction_20260904T002152_3132654Z\retry_06_buffered_single_rearm_ddg_20260904T021526_1936864Z\Phase Scan\2026-09-04\20260904T021539_510021Z_run\raw\rep_0001\scan_0000370_phase_000369_attempt_00.npz","13394614"
"C:\Users\Chris\Documents\GitHub\Control_System\evidence\experiments\runs\authorized_mbco_phase_reconstruction_20260904T002152_3132654Z\retry_06_buffered_single_rearm_ddg_20260904T021526_1936864Z\Phase Scan\2026-09-04\20260904T021539_510021Z_run\raw\rep_0001\scan_0000370_phase_000369_attempt_01.npz","13970958"
"C:\Users\Chris\Documents\GitHub\Control_System\evidence\experiments\runs\authorized_mbco_phase_reconstruction_20260904T002152_3132654Z\retry_06_buffered_single_rearm_ddg_20260904T021526_1936864Z\Phase Scan\2026-09-04\20260904T021539_510021Z_run\raw\rep_0001\scan_0000371_phase_000370_attempt_00.npz","13876298"
"C:\Users\Chris\Documents\GitHub\Control_System\evidence\experiments\runs\authorized_mbco_phase_reconstruction_20260904T002152_3132654Z\retry_06_buffered_single_rearm_ddg_20260904T021526_1936864Z\Phase Scan\2026-09-04\20260904T021539_510021Z_run\raw\rep_0001\scan_0000371_phase_000370_attempt_01.npz","13688102"
"C:\Users\Chris\Documents\GitHub\Control_System\evidence\experiments\runs\authorized_mbco_phase_reconstruction_20260904T002152_3132654Z\retry_06_buffered_single_rearm_ddg_20260904T021526_1936864Z\Phase Scan\2026-09-04\20260904T021539_510021Z_run\raw\rep_0001\scan_0000372_phase_000371_attempt_00.npz","13318894"
"C:\Users\Chris\Documents\GitHub\Control_System\evidence\experiments\runs\authorized_mbco_phase_reconstruction_20260904T002152_3132654Z\retry_06_buffered_single_rearm_ddg_20260904T021526_1936864Z\Phase Scan\2026-09-04\20260904T021539_510021Z_run\raw\rep_0001\scan_0000372_phase_000371_attempt_01.npz","13816270"
"C:\Users\Chris\Documents\GitHub\Control_System\evidence\experiments\runs\authorized_mbco_phase_reconstruction_20260904T002152_3132654Z\retry_06_buffered_single_rearm_ddg_20260904T021526_1936864Z\Phase Scan\2026-09-04\20260904T021539_510021Z_run\raw\rep_0001\scan_0000373_phase_000372_attempt_00.npz","13266592"
"C:\Users\Chris\Documents\GitHub\Control_System\evidence\experiments\runs\authorized_mbco_phase_reconstruction_20260904T002152_3132654Z\retry_06_buffered_single_rearm_ddg_20260904T021526_1936864Z\Phase Scan\2026-09-04\20260904T021539_510021Z_run\raw\rep_0001\scan_0000373_phase_000372_attempt_01.npz","13217134"
"C:\Users\Chris\Documents\GitHub\Control_System\evidence\experiments\runs\authorized_mbco_phase_reconstruction_20260904T002152_3132654Z\retry_06_buffered_single_rearm_ddg_20260904T021526_1936864Z\Phase Scan\2026-09-04\20260904T021539_510021Z_run\raw\rep_0001\scan_0000374_phase_000373_attempt_00.npz","13634706"
"C:\Users\Chris\Documents\GitHub\Control_System\evidence\experiments\runs\authorized_mbco_phase_reconstruction_20260904T002152_3132654Z\retry_06_buffered_single_rearm_ddg_20260904T021526_1936864Z\Phase Scan\2026-09-04\20260904T021539_510021Z_run\raw\rep_0001\scan_0000374_phase_000373_attempt_01.npz","13597514"
"C:\Users\Chris\Documents\GitHub\Control_System\evidence\experiments\runs\authorized_mbco_phase_reconstruction_20260904T002152_3132654Z\retry_06_buffered_single_rearm_ddg_20260904T021526_1936864Z\Phase Scan\2026-09-04\20260904T021539_510021Z_run\raw\rep_0001\scan_0000375_phase_000374_attempt_00.npz","13296558"
"C:\Users\Chris\Documents\GitHub\Control_System\evidence\experiments\runs\authorized_mbco_phase_reconstruction_20260904T002152_3132654Z\retry_06_buffered_single_rearm_ddg_20260904T021526_1936864Z\Phase Scan\2026-09-04\20260904T021539_510021Z_run\raw\rep_0001\scan_0000375_phase_000374_attempt_01.npz","14030282"
"C:\Users\Chris\Documents\GitHub\Control_System\evidence\experiments\runs\authorized_mbco_phase_reconstruction_20260904T002152_3132654Z\retry_06_buffered_single_rearm_ddg_20260904T021526_1936864Z\Phase Scan\2026-09-04\20260904T021539_510021Z_run\raw\rep_0001\scan_0000376_phase_000375_attempt_00.npz","13440946"
"C:\Users\Chris\Documents\GitHub\Control_System\evidence\experiments\runs\authorized_mbco_phase_reconstruction_20260904T002152_3132654Z\retry_06_buffered_single_rearm_ddg_20260904T021526_1936864Z\Phase Scan\2026-09-04\20260904T021539_510021Z_run\raw\rep_0001\scan_0000376_phase_000375_attempt_01.npz","14028550"
"C:\Users\Chris\Documents\GitHub\Control_System\evidence\experiments\runs\authorized_mbco_phase_reconstruction_20260904T002152_3132654Z\retry_06_buffered_single_rearm_ddg_20260904T021526_1936864Z\Phase Scan\2026-09-04\20260904T021539_510021Z_run\raw\rep_0001\scan_0000377_phase_000376_attempt_00.npz","14133330"
"C:\Users\Chris\Documents\GitHub\Control_System\evidence\experiments\runs\authorized_mbco_phase_reconstruction_20260904T002152_3132654Z\retry_06_buffered_single_rearm_ddg_20260904T021526_1936864Z\Phase Scan\2026-09-04\20260904T021539_510021Z_run\raw\rep_0001\scan_0000377_phase_000376_attempt_01.npz","13677066"
"C:\Users\Chris\Documents\GitHub\Control_System\evidence\experiments\runs\authorized_mbco_phase_reconstruction_20260904T002152_3132654Z\retry_06_buffered_single_rearm_ddg_20260904T021526_1936864Z\Phase Scan\2026-09-04\20260904T021539_510021Z_run\raw\rep_0001\scan_0000378_phase_000377_attempt_00.npz","14158422"
"C:\Users\Chris\Documents\GitHub\Control_System\evidence\experiments\runs\authorized_mbco_phase_reconstruction_20260904T002152_3132654Z\retry_06_buffered_single_rearm_ddg_20260904T021526_1936864Z\Phase Scan\2026-09-04\20260904T021539_510021Z_run\raw\rep_0001\scan_0000378_phase_000377_attempt_01.npz","13715182"
"C:\Users\Chris\Documents\GitHub\Control_System\evidence\experiments\runs\authorized_mbco_phase_reconstruction_20260904T002152_3132654Z\retry_06_buffered_single_rearm_ddg_20260904T021526_1936864Z\Phase Scan\2026-09-04\20260904T021539_510021Z_run\raw\rep_0001\scan_0000379_phase_000378_attempt_00.npz","13515854"
"C:\Users\Chris\Documents\GitHub\Control_System\evidence\experiments\runs\authorized_mbco_phase_reconstruction_20260904T002152_3132654Z\retry_06_buffered_single_rearm_ddg_20260904T021526_1936864Z\Phase Scan\2026-09-04\20260904T021539_510021Z_run\raw\rep_0001\scan_0000379_phase_000378_attempt_01.npz","14028786"
"C:\Users\Chris\Documents\GitHub\Control_System\evidence\experiments\runs\authorized_mbco_phase_reconstruction_20260904T002152_3132654Z\retry_06_buffered_single_rearm_ddg_20260904T021526_1936864Z\Phase Scan\2026-09-04\20260904T021539_510021Z_run\raw\rep_0001\scan_0000380_phase_000379_attempt_00.npz","13055288"
"C:\Users\Chris\Documents\GitHub\Control_System\evidence\experiments\runs\authorized_mbco_phase_reconstruction_20260904T002152_3132654Z\retry_06_buffered_single_rearm_ddg_20260904T021526_1936864Z\Phase Scan\2026-09-04\20260904T021539_510021Z_run\raw\rep_0001\scan_0000380_phase_000379_attempt_01.npz","13269382"
"C:\Users\Chris\Documents\GitHub\Control_System\evidence\experiments\runs\authorized_mbco_phase_reconstruction_20260904T002152_3132654Z\retry_06_buffered_single_rearm_ddg_20260904T021526_1936864Z\Phase Scan\2026-09-04\20260904T021539_510021Z_run\raw\rep_0001\scan_0000381_phase_000380_attempt_00.npz","13714102"
"C:\Users\Chris\Documents\GitHub\Control_System\evidence\experiments\runs\authorized_mbco_phase_reconstruction_20260904T002152_3132654Z\retry_06_buffered_single_rearm_ddg_20260904T021526_1936864Z\Phase Scan\2026-09-04\20260904T021539_510021Z_run\raw\rep_0001\scan_0000381_phase_000380_attempt_01.npz","13884362"
"C:\Users\Chris\Documents\GitHub\Control_System\evidence\experiments\runs\authorized_mbco_phase_reconstruction_20260904T002152_3132654Z\retry_06_buffered_single_rearm_ddg_20260904T021526_1936864Z\Phase Scan\2026-09-04\20260904T021539_510021Z_run\raw\rep_0001\scan_0000382_phase_000381_attempt_00.npz","13953678"
"C:\Users\Chris\Documents\GitHub\Control_System\evidence\experiments\runs\authorized_mbco_phase_reconstruction_20260904T002152_3132654Z\retry_06_buffered_single_rearm_ddg_20260904T021526_1936864Z\Phase Scan\2026-09-04\20260904T021539_510021Z_run\raw\rep_0001\scan_0000382_phase_000381_attempt_01.npz","13129816"
"C:\Users\Chris\Documents\GitHub\Control_System\evidence\experiments\runs\authorized_mbco_phase_reconstruction_20260904T002152_3132654Z\retry_06_buffered_single_rearm_ddg_20260904T021526_1936864Z\Phase Scan\2026-09-04\20260904T021539_510021Z_run\raw\rep_0001\scan_0000383_phase_000382_attempt_00.npz","13452366"
"C:\Users\Chris\Documents\GitHub\Control_System\evidence\experiments\runs\authorized_mbco_phase_reconstruction_20260904T002152_3132654Z\retry_06_buffered_single_rearm_ddg_20260904T021526_1936864Z\Phase Scan\2026-09-04\20260904T021539_510021Z_run\raw\rep_0001\scan_0000383_phase_000382_attempt_01.npz","13220084"
"C:\Users\Chris\Documents\GitHub\Control_System\evidence\experiments\runs\authorized_mbco_phase_reconstruction_20260904T002152_3132654Z\retry_06_buffered_single_rearm_ddg_20260904T021526_1936864Z\Phase Scan\2026-09-04\20260904T021539_510021Z_run\raw\rep_0001\scan_0000384_phase_000383_attempt_00.npz","13505594"
"C:\Users\Chris\Documents\GitHub\Control_System\evidence\experiments\runs\authorized_mbco_phase_reconstruction_20260904T002152_3132654Z\retry_06_buffered_single_rearm_ddg_20260904T021526_1936864Z\Phase Scan\2026-09-04\20260904T021539_510021Z_run\raw\rep_0001\scan_0000384_phase_000383_attempt_01.npz","14028234"
"C:\Users\Chris\Documents\GitHub\Control_System\evidence\experiments\runs\authorized_mbco_phase_reconstruction_20260904T002152_3132654Z\retry_06_buffered_single_rearm_ddg_20260904T021526_1936864Z\Phase Scan\2026-09-04\20260904T021539_510021Z_run\raw\rep_0001\scan_0000385_phase_000384_attempt_00.npz","13501614"
"C:\Users\Chris\Documents\GitHub\Control_System\evidence\experiments\runs\authorized_mbco_phase_reconstruction_20260904T002152_3132654Z\retry_06_buffered_single_rearm_ddg_20260904T021526_1936864Z\Phase Scan\2026-09-04\20260904T021539_510021Z_run\raw\rep_0001\scan_0000385_phase_000384_attempt_01.npz","13735562"
"C:\Users\Chris\Documents\GitHub\Control_System\evidence\experiments\runs\authorized_mbco_phase_reconstruction_20260904T002152_3132654Z\retry_06_buffered_single_rearm_ddg_20260904T021526_1936864Z\Phase Scan\2026-09-04\20260904T021539_510021Z_run\raw\rep_0001\scan_0000386_phase_000385_attempt_00.npz","13622414"
"C:\Users\Chris\Documents\GitHub\Control_System\evidence\experiments\runs\authorized_mbco_phase_reconstruction_20260904T002152_3132654Z\retry_06_buffered_single_rearm_ddg_20260904T021526_1936864Z\Phase Scan\2026-09-04\20260904T021539_510021Z_run\raw\rep_0001\scan_0000386_phase_000385_attempt_01.npz","13424330"
"C:\Users\Chris\Documents\GitHub\Control_System\evidence\experiments\runs\authorized_mbco_phase_reconstruction_20260904T002152_3132654Z\retry_06_buffered_single_rearm_ddg_20260904T021526_1936864Z\Phase Scan\2026-09-04\20260904T021539_510021Z_run\raw\rep_0001\scan_0000387_phase_000386_attempt_00.npz","13899214"
"C:\Users\Chris\Documents\GitHub\Control_System\evidence\experiments\runs\authorized_mbco_phase_reconstruction_20260904T002152_3132654Z\retry_06_buffered_single_rearm_ddg_20260904T021526_1936864Z\Phase Scan\2026-09-04\20260904T021539_510021Z_run\raw\rep_0001\scan_0000387_phase_000386_attempt_01.npz","13597518"
"C:\Users\Chris\Documents\GitHub\Control_System\evidence\experiments\runs\authorized_mbco_phase_reconstruction_20260904T002152_3132654Z\retry_06_buffered_single_rearm_ddg_20260904T021526_1936864Z\Phase Scan\2026-09-04\20260904T021539_510021Z_run\raw\rep_0001\scan_0000388_phase_000387_attempt_00.npz","13377738"
"C:\Users\Chris\Documents\GitHub\Control_System\evidence\experiments\runs\authorized_mbco_phase_reconstruction_20260904T002152_3132654Z\retry_06_buffered_single_rearm_ddg_20260904T021526_1936864Z\Phase Scan\2026-09-04\20260904T021539_510021Z_run\raw\rep_0001\scan_0000388_phase_000387_attempt_01.npz","13940846"
"C:\Users\Chris\Documents\GitHub\Control_System\evidence\experiments\runs\authorized_mbco_phase_reconstruction_20260904T002152_3132654Z\retry_06_buffered_single_rearm_ddg_20260904T021526_1936864Z\Phase Scan\2026-09-04\20260904T021539_510021Z_run\raw\rep_0001\scan_0000389_phase_000388_attempt_00.npz","13755154"
"C:\Users\Chris\Documents\GitHub\Control_System\evidence\experiments\runs\authorized_mbco_phase_reconstruction_20260904T002152_3132654Z\retry_06_buffered_single_rearm_ddg_20260904T021526_1936864Z\Phase Scan\2026-09-04\20260904T021539_510021Z_run\raw\rep_0001\scan_0000389_phase_000388_attempt_01.npz","13517450"
"C:\Users\Chris\Documents\GitHub\Control_System\evidence\experiments\runs\authorized_mbco_phase_reconstruction_20260904T002152_3132654Z\retry_06_buffered_single_rearm_ddg_20260904T021526_1936864Z\Phase Scan\2026-09-04\20260904T021539_510021Z_run\raw\rep_0001\scan_0000390_phase_000389_attempt_00.npz","13850102"
"C:\Users\Chris\Documents\GitHub\Control_System\evidence\experiments\runs\authorized_mbco_phase_reconstruction_20260904T002152_3132654Z\retry_06_buffered_single_rearm_ddg_20260904T021526_1936864Z\Phase Scan\2026-09-04\20260904T021539_510021Z_run\raw\rep_0001\scan_0000390_phase_000389_attempt_01.npz","13319790"
"C:\Users\Chris\Documents\GitHub\Control_System\evidence\experiments\runs\authorized_mbco_phase_reconstruction_20260904T002152_3132654Z\retry_06_buffered_single_rearm_ddg_20260904T021526_1936864Z\Phase Scan\2026-09-04\20260904T021539_510021Z_run\raw\rep_0001\scan_0000391_phase_000390_attempt_00.npz","13525646"
"C:\Users\Chris\Documents\GitHub\Control_System\evidence\experiments\runs\authorized_mbco_phase_reconstruction_20260904T002152_3132654Z\retry_06_buffered_single_rearm_ddg_20260904T021526_1936864Z\Phase Scan\2026-09-04\20260904T021539_510021Z_run\raw\rep_0001\scan_0000392_phase_000391_attempt_00.npz","13288814"
"C:\Users\Chris\Documents\GitHub\Control_System\evidence\experiments\runs\authorized_mbco_phase_reconstruction_20260904T002152_3132654Z\retry_06_buffered_single_rearm_ddg_20260904T021526_1936864Z\Phase Scan\2026-09-04\20260904T021539_510021Z_run\raw\rep_0001\scan_0000393_phase_000392_attempt_00.npz","14134546"
"C:\Users\Chris\Documents\GitHub\Control_System\evidence\experiments\runs\authorized_mbco_phase_reconstruction_20260904T002152_3132654Z\retry_06_buffered_single_rearm_ddg_20260904T021526_1936864Z\Phase Scan\2026-09-04\20260904T021539_510021Z_run\raw\rep_0001\scan_0000394_phase_000393_attempt_00.npz","13862546"
"C:\Users\Chris\Documents\GitHub\Control_System\evidence\experiments\runs\authorized_mbco_phase_reconstruction_20260904T002152_3132654Z\retry_06_buffered_single_rearm_ddg_20260904T021526_1936864Z\Phase Scan\2026-09-04\20260904T021539_510021Z_run\raw\rep_0001\scan_0000395_phase_000394_attempt_00.npz","13717966"
"C:\Users\Chris\Documents\GitHub\Control_System\evidence\experiments\runs\authorized_mbco_phase_reconstruction_20260904T002152_3132654Z\retry_06_buffered_single_rearm_ddg_20260904T021526_1936864Z\Phase Scan\2026-09-04\20260904T021539_510021Z_run\raw\rep_0001\scan_0000396_phase_000395_attempt_00.npz","13406414"
"C:\Users\Chris\Documents\GitHub\Control_System\evidence\experiments\runs\authorized_mbco_phase_reconstruction_20260904T002152_3132654Z\retry_06_buffered_single_rearm_ddg_20260904T021526_1936864Z\Phase Scan\2026-09-04\20260904T021539_510021Z_run\raw\rep_0001\scan_0000397_phase_000396_attempt_00.npz","13565778"
"C:\Users\Chris\Documents\GitHub\Control_System\evidence\experiments\runs\authorized_mbco_phase_reconstruction_20260904T002152_3132654Z\retry_06_buffered_single_rearm_ddg_20260904T021526_1936864Z\Phase Scan\2026-09-04\20260904T021539_510021Z_run\raw\rep_0001\scan_0000398_phase_000397_attempt_00.npz","14111666"
"C:\Users\Chris\Documents\GitHub\Control_System\evidence\experiments\runs\authorized_mbco_phase_reconstruction_20260904T002152_3132654Z\retry_06_buffered_single_rearm_ddg_20260904T021526_1936864Z\Phase Scan\2026-09-04\20260904T021539_510021Z_run\raw\rep_0001\scan_0000399_phase_000398_attempt_00.npz","13228326"
"C:\Users\Chris\Documents\GitHub\Control_System\evidence\experiments\runs\authorized_mbco_phase_reconstruction_20260904T002152_3132654Z\retry_06_buffered_single_rearm_ddg_20260904T021526_1936864Z\Phase Scan\2026-09-04\20260904T021539_510021Z_run\raw\rep_0001\scan_0000400_phase_000399_attempt_00.npz","13655886"
"C:\Users\Chris\Documents\GitHub\Control_System\evidence\experiments\runs\authorized_mbco_phase_reconstruction_20260904T002152_3132654Z\retry_06_buffered_single_rearm_ddg_20260904T021526_1936864Z\Phase Scan\2026-09-04\20260904T021539_510021Z_run\raw\rep_0001\scan_0000401_phase_000400_attempt_00.npz","13076448"
"C:\Users\Chris\Documents\GitHub\Control_System\evidence\experiments\runs\authorized_mbco_phase_reconstruction_20260904T002152_3132654Z\retry_06_buffered_single_rearm_ddg_20260904T021526_1936864Z\Phase Scan\2026-09-04\20260904T021539_510021Z_run\raw\rep_0001\scan_0000402_phase_000401_attempt_00.npz","13642826"
"C:\Users\Chris\Documents\GitHub\Control_System\evidence\experiments\runs\authorized_mbco_phase_reconstruction_20260904T002152_3132654Z\retry_06_buffered_single_rearm_ddg_20260904T021526_1936864Z\Phase Scan\2026-09-04\20260904T021539_510021Z_run\raw\rep_0001\scan_0000403_phase_000402_attempt_00.npz","13664042"
"C:\Users\Chris\Documents\GitHub\Control_System\evidence\experiments\runs\authorized_mbco_phase_reconstruction_20260904T002152_3132654Z\retry_06_buffered_single_rearm_ddg_20260904T021526_1936864Z\Phase Scan\2026-09-04\20260904T021539_510021Z_run\raw\rep_0001\scan_0000404_phase_000403_attempt_00.npz","13651814"
"C:\Users\Chris\Documents\GitHub\Control_System\evidence\experiments\runs\authorized_mbco_phase_reconstruction_20260904T002152_3132654Z\retry_06_buffered_single_rearm_ddg_20260904T021526_1936864Z\Phase Scan\2026-09-04\20260904T021539_510021Z_run\raw\rep_0001\scan_0000405_phase_000404_attempt_00.npz","13769670"
"C:\Users\Chris\Documents\GitHub\Control_System\evidence\experiments\runs\authorized_mbco_phase_reconstruction_20260904T002152_3132654Z\retry_06_buffered_single_rearm_ddg_20260904T021526_1936864Z\Phase Scan\2026-09-04\20260904T021539_510021Z_run\raw\rep_0001\scan_0000406_phase_000405_attempt_00.npz","13390858"
"C:\Users\Chris\Documents\GitHub\Control_System\evidence\experiments\runs\authorized_mbco_phase_reconstruction_20260904T002152_3132654Z\retry_06_buffered_single_rearm_ddg_20260904T021526_1936864Z\Phase Scan\2026-09-04\20260904T021539_510021Z_run\raw\rep_0001\scan_0000407_phase_000406_attempt_00.npz","13381958"
"C:\Users\Chris\Documents\GitHub\Control_System\evidence\experiments\runs\authorized_mbco_phase_reconstruction_20260904T002152_3132654Z\retry_06_buffered_single_rearm_ddg_20260904T021526_1936864Z\Phase Scan\2026-09-04\20260904T021539_510021Z_run\raw\rep_0001\scan_0000408_phase_000407_attempt_00.npz","13663746"
"C:\Users\Chris\Documents\GitHub\Control_System\evidence\experiments\runs\authorized_mbco_phase_reconstruction_20260904T002152_3132654Z\retry_06_buffered_single_rearm_ddg_20260904T021526_1936864Z\Phase Scan\2026-09-04\20260904T021539_510021Z_run\raw\rep_0001\scan_0000409_phase_000408_attempt_00.npz","13833970"
"C:\Users\Chris\Documents\GitHub\Control_System\evidence\experiments\runs\authorized_mbco_phase_reconstruction_20260904T002152_3132654Z\retry_06_buffered_single_rearm_ddg_20260904T021526_1936864Z\Phase Scan\2026-09-04\20260904T021539_510021Z_run\raw\rep_0001\scan_0000410_phase_000409_attempt_00.npz","13853578"
"C:\Users\Chris\Documents\GitHub\Control_System\evidence\experiments\runs\authorized_mbco_phase_reconstruction_20260904T002152_3132654Z\retry_06_buffered_single_rearm_ddg_20260904T021526_1936864Z\Phase Scan\2026-09-04\20260904T021539_510021Z_run\raw\rep_0001\scan_0000411_phase_000410_attempt_00.npz","13508166"
"C:\Users\Chris\Documents\GitHub\Control_System\evidence\experiments\runs\authorized_mbco_phase_reconstruction_20260904T002152_3132654Z\retry_06_buffered_single_rearm_ddg_20260904T021526_1936864Z\Phase Scan\2026-09-04\20260904T021539_510021Z_run\raw\rep_0001\scan_0000412_phase_000411_attempt_00.npz","13517322"
"C:\Users\Chris\Documents\GitHub\Control_System\evidence\experiments\runs\authorized_mbco_phase_reconstruction_20260904T002152_3132654Z\retry_06_buffered_single_rearm_ddg_20260904T021526_1936864Z\Phase Scan\2026-09-04\20260904T021539_510021Z_run\raw\rep_0001\scan_0000413_phase_000412_attempt_00.npz","13542250"
"C:\Users\Chris\Documents\GitHub\Control_System\evidence\experiments\runs\authorized_mbco_phase_reconstruction_20260904T002152_3132654Z\retry_06_buffered_single_rearm_ddg_20260904T021526_1936864Z\Phase Scan\2026-09-04\20260904T021539_510021Z_run\raw\rep_0001\scan_0000414_phase_000413_attempt_00.npz","13756906"
"C:\Users\Chris\Documents\GitHub\Control_System\evidence\experiments\runs\authorized_mbco_phase_reconstruction_20260904T002152_3132654Z\retry_06_buffered_single_rearm_ddg_20260904T021526_1936864Z\Phase Scan\2026-09-04\20260904T021539_510021Z_run\raw\rep_0001\scan_0000415_phase_000414_attempt_00.npz","13469742"
"C:\Users\Chris\Documents\GitHub\Control_System\evidence\experiments\runs\authorized_mbco_phase_reconstruction_20260904T002152_3132654Z\retry_06_buffered_single_rearm_ddg_20260904T021526_1936864Z\Phase Scan\2026-09-04\20260904T021539_510021Z_run\raw\rep_0001\scan_0000416_phase_000415_attempt_00.npz","13776198"
"C:\Users\Chris\Documents\GitHub\Control_System\evidence\experiments\runs\authorized_mbco_phase_reconstruction_20260904T002152_3132654Z\retry_06_buffered_single_rearm_ddg_20260904T021526_1936864Z\Phase Scan\2026-09-04\20260904T021539_510021Z_run\raw\rep_0001\scan_0000417_phase_000416_attempt_00.npz","13453166"
"C:\Users\Chris\Documents\GitHub\Control_System\evidence\experiments\runs\authorized_mbco_phase_reconstruction_20260904T002152_3132654Z\retry_06_buffered_single_rearm_ddg_20260904T021526_1936864Z\Phase Scan\2026-09-04\20260904T021539_510021Z_run\raw\rep_0001\scan_0000418_phase_000417_attempt_00.npz","13724210"
"C:\Users\Chris\Documents\GitHub\Control_System\evidence\experiments\runs\authorized_mbco_phase_reconstruction_20260904T002152_3132654Z\retry_06_buffered_single_rearm_ddg_20260904T021526_1936864Z\Phase Scan\2026-09-04\20260904T021539_510021Z_run\raw\rep_0001\scan_0000419_phase_000418_attempt_00.npz","13893706"
"C:\Users\Chris\Documents\GitHub\Control_System\evidence\experiments\runs\authorized_mbco_phase_reconstruction_20260904T002152_3132654Z\retry_06_buffered_single_rearm_ddg_20260904T021526_1936864Z\Phase Scan\2026-09-04\20260904T021539_510021Z_run\raw\rep_0001\scan_0000420_phase_000419_attempt_00.npz","13990218"
"C:\Users\Chris\Documents\GitHub\Control_System\evidence\experiments\runs\authorized_mbco_phase_reconstruction_20260904T002152_3132654Z\retry_06_buffered_single_rearm_ddg_20260904T021526_1936864Z\Phase Scan\2026-09-04\20260904T021539_510021Z_run\raw\rep_0001\scan_0000421_phase_000420_attempt_00.npz","13485362"
"C:\Users\Chris\Documents\GitHub\Control_System\evidence\experiments\runs\authorized_mbco_phase_reconstruction_20260904T002152_3132654Z\retry_06_buffered_single_rearm_ddg_20260904T021526_1936864Z\Phase Scan\2026-09-04\20260904T021539_510021Z_run\raw\rep_0001\scan_0000422_phase_000421_attempt_00.npz","13978478"
"C:\Users\Chris\Documents\GitHub\Control_System\evidence\experiments\runs\authorized_mbco_phase_reconstruction_20260904T002152_3132654Z\retry_06_buffered_single_rearm_ddg_20260904T021526_1936864Z\Phase Scan\2026-09-04\20260904T021539_510021Z_run\raw\rep_0001\scan_0000423_phase_000422_attempt_00.npz","13772170"
"C:\Users\Chris\Documents\GitHub\Control_System\evidence\experiments\runs\authorized_mbco_phase_reconstruction_20260904T002152_3132654Z\retry_06_buffered_single_rearm_ddg_20260904T021526_1936864Z\Phase Scan\2026-09-04\20260904T021539_510021Z_run\raw\rep_0001\scan_0000424_phase_000423_attempt_00.npz","14037638"
"C:\Users\Chris\Documents\GitHub\Control_System\evidence\experiments\runs\authorized_mbco_phase_reconstruction_20260904T002152_3132654Z\retry_06_buffered_single_rearm_ddg_20260904T021526_1936864Z\Phase Scan\2026-09-04\20260904T021539_510021Z_run\raw\rep_0001\scan_0000425_phase_000424_attempt_00.npz","13948938"
"C:\Users\Chris\Documents\GitHub\Control_System\evidence\experiments\runs\authorized_mbco_phase_reconstruction_20260904T002152_3132654Z\retry_06_buffered_single_rearm_ddg_20260904T021526_1936864Z\Phase Scan\2026-09-04\20260904T021539_510021Z_run\raw\rep_0001\scan_0000426_phase_000425_attempt_00.npz","13896774"
"C:\Users\Chris\Documents\GitHub\Control_System\evidence\experiments\runs\authorized_mbco_phase_reconstruction_20260904T002152_3132654Z\retry_06_buffered_single_rearm_ddg_20260904T021526_1936864Z\Phase Scan\2026-09-04\20260904T021539_510021Z_run\raw\rep_0001\scan_0000427_phase_000426_attempt_00.npz","13184322"
"C:\Users\Chris\Documents\GitHub\Control_System\evidence\experiments\runs\authorized_mbco_phase_reconstruction_20260904T002152_3132654Z\retry_06_buffered_single_rearm_ddg_20260904T021526_1936864Z\Phase Scan\2026-09-04\20260904T021539_510021Z_run\raw\rep_0001\scan_0000428_phase_000427_attempt_00.npz","13532398"
"C:\Users\Chris\Documents\GitHub\Control_System\evidence\experiments\runs\authorized_mbco_phase_reconstruction_20260904T002152_3132654Z\retry_06_buffered_single_rearm_ddg_20260904T021526_1936864Z\Phase Scan\2026-09-04\20260904T021539_510021Z_run\raw\rep_0001\scan_0000429_phase_000428_attempt_00.npz","13595022"
"C:\Users\Chris\Documents\GitHub\Control_System\evidence\experiments\runs\authorized_mbco_phase_reconstruction_20260904T002152_3132654Z\retry_06_buffered_single_rearm_ddg_20260904T021526_1936864Z\Phase Scan\2026-09-04\20260904T021539_510021Z_run\raw\rep_0001\scan_0000430_phase_000429_attempt_00.npz","13635882"
"C:\Users\Chris\Documents\GitHub\Control_System\evidence\experiments\runs\authorized_mbco_phase_reconstruction_20260904T002152_3132654Z\retry_06_buffered_single_rearm_ddg_20260904T021526_1936864Z\Phase Scan\2026-09-04\20260904T021539_510021Z_run\raw\rep_0001\scan_0000431_phase_000430_attempt_00.npz","13687146"
"C:\Users\Chris\Documents\GitHub\Control_System\evidence\experiments\runs\authorized_mbco_phase_reconstruction_20260904T002152_3132654Z\retry_06_buffered_single_rearm_ddg_20260904T021526_1936864Z\Phase Scan\2026-09-04\20260904T021539_510021Z_run\raw\rep_0001\scan_0000432_phase_000431_attempt_00.npz","13552110"
"C:\Users\Chris\Documents\GitHub\Control_System\evidence\experiments\runs\authorized_mbco_phase_reconstruction_20260904T002152_3132654Z\retry_06_buffered_single_rearm_ddg_20260904T021526_1936864Z\Phase Scan\2026-09-04\20260904T021539_510021Z_run\raw\rep_0001\scan_0000433_phase_000432_attempt_00.npz","13570758"
"C:\Users\Chris\Documents\GitHub\Control_System\evidence\experiments\runs\authorized_mbco_phase_reconstruction_20260904T002152_3132654Z\retry_06_buffered_single_rearm_ddg_20260904T021526_1936864Z\Phase Scan\2026-09-04\20260904T021539_510021Z_run\raw\rep_0001\scan_0000434_phase_000433_attempt_00.npz","13281510"
"C:\Users\Chris\Documents\GitHub\Control_System\evidence\experiments\runs\authorized_mbco_phase_reconstruction_20260904T002152_3132654Z\retry_06_buffered_single_rearm_ddg_20260904T021526_1936864Z\Phase Scan\2026-09-04\20260904T021539_510021Z_run\raw\rep_0001\scan_0000435_phase_000434_attempt_00.npz","13931586"
"C:\Users\Chris\Documents\GitHub\Control_System\evidence\experiments\runs\authorized_mbco_phase_reconstruction_20260904T002152_3132654Z\retry_06_buffered_single_rearm_ddg_20260904T021526_1936864Z\Phase Scan\2026-09-04\20260904T021539_510021Z_run\raw\rep_0001\scan_0000436_phase_000435_attempt_00.npz","13260010"
"C:\Users\Chris\Documents\GitHub\Control_System\evidence\experiments\runs\authorized_mbco_phase_reconstruction_20260904T002152_3132654Z\retry_06_buffered_single_rearm_ddg_20260904T021526_1936864Z\Phase Scan\2026-09-04\20260904T021539_510021Z_run\raw\rep_0001\scan_0000437_phase_000436_attempt_00.npz","13869954"
"C:\Users\Chris\Documents\GitHub\Control_System\evidence\experiments\runs\authorized_mbco_phase_reconstruction_20260904T002152_3132654Z\retry_06_buffered_single_rearm_ddg_20260904T021526_1936864Z\Phase Scan\2026-09-04\20260904T021539_510021Z_run\raw\rep_0001\scan_0000438_phase_000437_attempt_00.npz","13623722"
"C:\Users\Chris\Documents\GitHub\Control_System\evidence\experiments\runs\authorized_mbco_phase_reconstruction_20260904T002152_3132654Z\retry_06_buffered_single_rearm_ddg_20260904T021526_1936864Z\Phase Scan\2026-09-04\20260904T021539_510021Z_run\raw\rep_0001\scan_0000439_phase_000438_attempt_00.npz","13333218"
"C:\Users\Chris\Documents\GitHub\Control_System\evidence\experiments\runs\authorized_mbco_phase_reconstruction_20260904T002152_3132654Z\retry_06_buffered_single_rearm_ddg_20260904T021526_1936864Z\Phase Scan\2026-09-04\20260904T021539_510021Z_run\raw\rep_0001\scan_0000440_phase_000439_attempt_00.npz","13645534"
"C:\Users\Chris\Documents\GitHub\Control_System\evidence\experiments\runs\authorized_mbco_phase_reconstruction_20260904T002152_3132654Z\retry_06_buffered_single_rearm_ddg_20260904T021526_1936864Z\Phase Scan\2026-09-04\20260904T021539_510021Z_run\raw\rep_0001\scan_0000441_phase_000440_attempt_00.npz","13496902"
"C:\Users\Chris\Documents\GitHub\Control_System\evidence\experiments\runs\authorized_mbco_phase_reconstruction_20260904T002152_3132654Z\retry_06_buffered_single_rearm_ddg_20260904T021526_1936864Z\Phase Scan\2026-09-04\20260904T021539_510021Z_run\raw\rep_0001\scan_0000442_phase_000441_attempt_00.npz","13776390"
"C:\Users\Chris\Documents\GitHub\Control_System\evidence\experiments\runs\authorized_mbco_phase_reconstruction_20260904T002152_3132654Z\retry_06_buffered_single_rearm_ddg_20260904T021526_1936864Z\Phase Scan\2026-09-04\20260904T021539_510021Z_run\raw\rep_0001\scan_0000443_phase_000442_attempt_00.npz","14177898"
"C:\Users\Chris\Documents\GitHub\Control_System\evidence\experiments\runs\authorized_mbco_phase_reconstruction_20260904T002152_3132654Z\retry_06_buffered_single_rearm_ddg_20260904T021526_1936864Z\Phase Scan\2026-09-04\20260904T021539_510021Z_run\raw\rep_0001\scan_0000444_phase_000443_attempt_00.npz","13788042"
"C:\Users\Chris\Documents\GitHub\Control_System\evidence\experiments\runs\authorized_mbco_phase_reconstruction_20260904T002152_3132654Z\retry_06_buffered_single_rearm_ddg_20260904T021526_1936864Z\Phase Scan\2026-09-04\20260904T021539_510021Z_run\raw\rep_0001\scan_0000445_phase_000444_attempt_00.npz","13051846"
"C:\Users\Chris\Documents\GitHub\Control_System\evidence\experiments\runs\authorized_mbco_phase_reconstruction_20260904T002152_3132654Z\retry_06_buffered_single_rearm_ddg_20260904T021526_1936864Z\Phase Scan\2026-09-04\20260904T021539_510021Z_run\raw\rep_0001\scan_0000446_phase_000445_attempt_00.npz","13481870"
"C:\Users\Chris\Documents\GitHub\Control_System\evidence\experiments\runs\authorized_mbco_phase_reconstruction_20260904T002152_3132654Z\retry_06_buffered_single_rearm_ddg_20260904T021526_1936864Z\Phase Scan\2026-09-04\20260904T021539_510021Z_run\raw\rep_0001\scan_0000447_phase_000446_attempt_00.npz","13540262"
"C:\Users\Chris\Documents\GitHub\Control_System\evidence\experiments\runs\authorized_mbco_phase_reconstruction_20260904T002152_3132654Z\retry_06_buffered_single_rearm_ddg_20260904T021526_1936864Z\Phase Scan\2026-09-04\20260904T021539_510021Z_run\raw\rep_0001\scan_0000448_phase_000447_attempt_00.npz","13847366"
"C:\Users\Chris\Documents\GitHub\Control_System\evidence\experiments\runs\authorized_mbco_phase_reconstruction_20260904T002152_3132654Z\retry_06_buffered_single_rearm_ddg_20260904T021526_1936864Z\Phase Scan\2026-09-04\20260904T021539_510021Z_run\raw\rep_0001\scan_0000449_phase_000448_attempt_00.npz","13617418"
"C:\Users\Chris\Documents\GitHub\Control_System\evidence\experiments\runs\authorized_mbco_phase_reconstruction_20260904T002152_3132654Z\retry_06_buffered_single_rearm_ddg_20260904T021526_1936864Z\Phase Scan\2026-09-04\20260904T021539_510021Z_run\raw\rep_0001\scan_0000450_phase_000449_attempt_00.npz","13491114"
"C:\Users\Chris\Documents\GitHub\Control_System\evidence\experiments\runs\authorized_mbco_phase_reconstruction_20260904T002152_3132654Z\retry_06_buffered_single_rearm_ddg_20260904T021526_1936864Z\Phase Scan\2026-09-04\20260904T021539_510021Z_run\raw\rep_0001\scan_0000451_phase_000450_attempt_00.npz","13796322"
"C:\Users\Chris\Documents\GitHub\Control_System\evidence\experiments\runs\authorized_mbco_phase_reconstruction_20260904T002152_3132654Z\retry_06_buffered_single_rearm_ddg_20260904T021526_1936864Z\Phase Scan\2026-09-04\20260904T021539_510021Z_run\raw\rep_0001\scan_0000452_phase_000451_attempt_00.npz","13229770"
"C:\Users\Chris\Documents\GitHub\Control_System\evidence\experiments\runs\authorized_mbco_phase_reconstruction_20260904T002152_3132654Z\retry_06_buffered_single_rearm_ddg_20260904T021526_1936864Z\Phase Scan\2026-09-04\20260904T021539_510021Z_run\raw\rep_0001\scan_0000453_phase_000452_attempt_00.npz","13691010"
"C:\Users\Chris\Documents\GitHub\Control_System\evidence\experiments\runs\authorized_mbco_phase_reconstruction_20260904T002152_3132654Z\retry_06_buffered_single_rearm_ddg_20260904T021526_1936864Z\Phase Scan\2026-09-04\20260904T021539_510021Z_run\raw\rep_0001\scan_0000454_phase_000453_attempt_00.npz","13530566"
"C:\Users\Chris\Documents\GitHub\Control_System\evidence\experiments\runs\authorized_mbco_phase_reconstruction_20260904T002152_3132654Z\retry_06_buffered_single_rearm_ddg_20260904T021526_1936864Z\Phase Scan\2026-09-04\20260904T021539_510021Z_run\raw\rep_0001\scan_0000455_phase_000454_attempt_00.npz","13468294"
"C:\Users\Chris\Documents\GitHub\Control_System\evidence\experiments\runs\authorized_mbco_phase_reconstruction_20260904T002152_3132654Z\retry_06_buffered_single_rearm_ddg_20260904T021526_1936864Z\Phase Scan\2026-09-04\20260904T021539_510021Z_run\raw\rep_0001\scan_0000456_phase_000455_attempt_00.npz","14055214"
"C:\Users\Chris\Documents\GitHub\Control_System\evidence\experiments\runs\authorized_mbco_phase_reconstruction_20260904T002152_3132654Z\retry_06_buffered_single_rearm_ddg_20260904T021526_1936864Z\Phase Scan\2026-09-04\20260904T021539_510021Z_run\raw\rep_0001\scan_0000457_phase_000456_attempt_00.npz","13957770"
"C:\Users\Chris\Documents\GitHub\Control_System\evidence\experiments\runs\authorized_mbco_phase_reconstruction_20260904T002152_3132654Z\retry_06_buffered_single_rearm_ddg_20260904T021526_1936864Z\Phase Scan\2026-09-04\20260904T021539_510021Z_run\raw\rep_0001\scan_0000458_phase_000457_attempt_00.npz","14012038"
"C:\Users\Chris\Documents\GitHub\Control_System\evidence\experiments\runs\authorized_mbco_phase_reconstruction_20260904T002152_3132654Z\retry_06_buffered_single_rearm_ddg_20260904T021526_1936864Z\Phase Scan\2026-09-04\20260904T021539_510021Z_run\raw\rep_0001\scan_0000459_phase_000458_attempt_00.npz","13480074"
"C:\Users\Chris\Documents\GitHub\Control_System\evidence\experiments\runs\authorized_mbco_phase_reconstruction_20260904T002152_3132654Z\retry_06_buffered_single_rearm_ddg_20260904T021526_1936864Z\Phase Scan\2026-09-04\20260904T021539_510021Z_run\raw\rep_0001\scan_0000460_phase_000459_attempt_00.npz","13471658"
"C:\Users\Chris\Documents\GitHub\Control_System\evidence\experiments\runs\authorized_mbco_phase_reconstruction_20260904T002152_3132654Z\retry_06_buffered_single_rearm_ddg_20260904T021526_1936864Z\Phase Scan\2026-09-04\20260904T021539_510021Z_run\raw\rep_0001\scan_0000461_phase_000460_attempt_00.npz","13836354"
"C:\Users\Chris\Documents\GitHub\Control_System\evidence\experiments\runs\authorized_mbco_phase_reconstruction_20260904T002152_3132654Z\retry_06_buffered_single_rearm_ddg_20260904T021526_1936864Z\Phase Scan\2026-09-04\20260904T021539_510021Z_run\raw\rep_0001\scan_0000462_phase_000461_attempt_00.npz","13781086"
"C:\Users\Chris\Documents\GitHub\Control_System\evidence\experiments\runs\authorized_mbco_phase_reconstruction_20260904T002152_3132654Z\retry_06_buffered_single_rearm_ddg_20260904T021526_1936864Z\Phase Scan\2026-09-04\20260904T021539_510021Z_run\raw\rep_0001\scan_0000463_phase_000462_attempt_00.npz","13078310"
"C:\Users\Chris\Documents\GitHub\Control_System\evidence\experiments\runs\authorized_mbco_phase_reconstruction_20260904T002152_3132654Z\retry_06_buffered_single_rearm_ddg_20260904T021526_1936864Z\Phase Scan\2026-09-04\20260904T021539_510021Z_run\raw\rep_0001\scan_0000464_phase_000463_attempt_00.npz","13676134"
"C:\Users\Chris\Documents\GitHub\Control_System\evidence\experiments\runs\authorized_mbco_phase_reconstruction_20260904T002152_3132654Z\retry_06_buffered_single_rearm_ddg_20260904T021526_1936864Z\Phase Scan\2026-09-04\20260904T021539_510021Z_run\raw\rep_0001\scan_0000465_phase_000464_attempt_00.npz","13985902"
"C:\Users\Chris\Documents\GitHub\Control_System\evidence\experiments\runs\authorized_mbco_phase_reconstruction_20260904T002152_3132654Z\retry_06_buffered_single_rearm_ddg_20260904T021526_1936864Z\Phase Scan\2026-09-04\20260904T021539_510021Z_run\raw\rep_0001\scan_0000466_phase_000465_attempt_00.npz","13958922"
"C:\Users\Chris\Documents\GitHub\Control_System\evidence\experiments\runs\authorized_mbco_phase_reconstruction_20260904T002152_3132654Z\retry_06_buffered_single_rearm_ddg_20260904T021526_1936864Z\Phase Scan\2026-09-04\20260904T021539_510021Z_run\raw\rep_0001\scan_0000467_phase_000466_attempt_00.npz","13083004"
"C:\Users\Chris\Documents\GitHub\Control_System\evidence\experiments\runs\authorized_mbco_phase_reconstruction_20260904T002152_3132654Z\retry_06_buffered_single_rearm_ddg_20260904T021526_1936864Z\Phase Scan\2026-09-04\20260904T021539_510021Z_run\raw\rep_0001\scan_0000468_phase_000467_attempt_00.npz","13755842"
"C:\Users\Chris\Documents\GitHub\Control_System\evidence\experiments\runs\authorized_mbco_phase_reconstruction_20260904T002152_3132654Z\retry_06_buffered_single_rearm_ddg_20260904T021526_1936864Z\Phase Scan\2026-09-04\20260904T021539_510021Z_run\raw\rep_0001\scan_0000469_phase_000468_attempt_00.npz","13233030"
"C:\Users\Chris\Documents\GitHub\Control_System\evidence\experiments\runs\authorized_mbco_phase_reconstruction_20260904T002152_3132654Z\retry_06_buffered_single_rearm_ddg_20260904T021526_1936864Z\Phase Scan\2026-09-04\20260904T021539_510021Z_run\raw\rep_0001\scan_0000470_phase_000469_attempt_00.npz","13686730"
"C:\Users\Chris\Documents\GitHub\Control_System\evidence\experiments\runs\authorized_mbco_phase_reconstruction_20260904T002152_3132654Z\retry_06_buffered_single_rearm_ddg_20260904T021526_1936864Z\Phase Scan\2026-09-04\20260904T021539_510021Z_run\raw\rep_0001\scan_0000471_phase_000470_attempt_00.npz","13326964"
"C:\Users\Chris\Documents\GitHub\Control_System\evidence\experiments\runs\authorized_mbco_phase_reconstruction_20260904T002152_3132654Z\retry_06_buffered_single_rearm_ddg_20260904T021526_1936864Z\Phase Scan\2026-09-04\20260904T021539_510021Z_run\raw\rep_0001\scan_0000472_phase_000471_attempt_00.npz","13617666"
"C:\Users\Chris\Documents\GitHub\Control_System\evidence\experiments\runs\authorized_mbco_phase_reconstruction_20260904T002152_3132654Z\retry_06_buffered_single_rearm_ddg_20260904T021526_1936864Z\Phase Scan\2026-09-04\20260904T021539_510021Z_run\raw\rep_0001\scan_0000473_phase_000472_attempt_00.npz","13542286"
"C:\Users\Chris\Documents\GitHub\Control_System\evidence\experiments\runs\authorized_mbco_phase_reconstruction_20260904T002152_3132654Z\retry_06_buffered_single_rearm_ddg_20260904T021526_1936864Z\Phase Scan\2026-09-04\20260904T021539_510021Z_run\raw\rep_0001\scan_0000474_phase_000473_attempt_00.npz","13885106"
"C:\Users\Chris\Documents\GitHub\Control_System\evidence\experiments\runs\authorized_mbco_phase_reconstruction_20260904T002152_3132654Z\retry_06_buffered_single_rearm_ddg_20260904T021526_1936864Z\Phase Scan\2026-09-04\20260904T021539_510021Z_run\raw\rep_0001\scan_0000475_phase_000474_attempt_00.npz","13382186"
"C:\Users\Chris\Documents\GitHub\Control_System\evidence\experiments\runs\authorized_mbco_phase_reconstruction_20260904T002152_3132654Z\retry_06_buffered_single_rearm_ddg_20260904T021526_1936864Z\Phase Scan\2026-09-04\20260904T021539_510021Z_run\raw\rep_0001\scan_0000476_phase_000475_attempt_00.npz","13207416"
"C:\Users\Chris\Documents\GitHub\Control_System\evidence\experiments\runs\authorized_mbco_phase_reconstruction_20260904T002152_3132654Z\retry_06_buffered_single_rearm_ddg_20260904T021526_1936864Z\Phase Scan\2026-09-04\20260904T021539_510021Z_run\raw\rep_0001\scan_0000477_phase_000476_attempt_00.npz","13744522"
"C:\Users\Chris\Documents\GitHub\Control_System\evidence\experiments\runs\authorized_mbco_phase_reconstruction_20260904T002152_3132654Z\retry_06_buffered_single_rearm_ddg_20260904T021526_1936864Z\Phase Scan\2026-09-04\20260904T021539_510021Z_run\raw\rep_0001\scan_0000478_phase_000477_attempt_00.npz","13289834"
"C:\Users\Chris\Documents\GitHub\Control_System\evidence\experiments\runs\authorized_mbco_phase_reconstruction_20260904T002152_3132654Z\retry_06_buffered_single_rearm_ddg_20260904T021526_1936864Z\Phase Scan\2026-09-04\20260904T021539_510021Z_run\raw\rep_0001\scan_0000479_phase_000478_attempt_00.npz","13966726"
"C:\Users\Chris\Documents\GitHub\Control_System\evidence\experiments\runs\authorized_mbco_phase_reconstruction_20260904T002152_3132654Z\retry_06_buffered_single_rearm_ddg_20260904T021526_1936864Z\Phase Scan\2026-09-04\20260904T021539_510021Z_run\raw\rep_0001\scan_0000480_phase_000479_attempt_00.npz","13977454"
"C:\Users\Chris\Documents\GitHub\Control_System\evidence\experiments\runs\authorized_mbco_phase_reconstruction_20260904T002152_3132654Z\retry_06_buffered_single_rearm_ddg_20260904T021526_1936864Z\Phase Scan\2026-09-04\20260904T021539_510021Z_run\raw\rep_0001\scan_0000481_phase_000480_attempt_00.npz","13235006"
"C:\Users\Chris\Documents\GitHub\Control_System\evidence\experiments\runs\authorized_mbco_phase_reconstruction_20260904T002152_3132654Z\retry_06_buffered_single_rearm_ddg_20260904T021526_1936864Z\Phase Scan\2026-09-04\20260904T021539_510021Z_run\raw\rep_0001\scan_0000482_phase_000481_attempt_00.npz","13967106"
"C:\Users\Chris\Documents\GitHub\Control_System\evidence\experiments\runs\authorized_mbco_phase_reconstruction_20260904T002152_3132654Z\retry_06_buffered_single_rearm_ddg_20260904T021526_1936864Z\Phase Scan\2026-09-04\20260904T021539_510021Z_run\raw\rep_0001\scan_0000483_phase_000482_attempt_00.npz","13459150"
"C:\Users\Chris\Documents\GitHub\Control_System\evidence\experiments\runs\authorized_mbco_phase_reconstruction_20260904T002152_3132654Z\retry_06_buffered_single_rearm_ddg_20260904T021526_1936864Z\Phase Scan\2026-09-04\20260904T021539_510021Z_run\raw\rep_0001\scan_0000484_phase_000483_attempt_00.npz","13888178"
"C:\Users\Chris\Documents\GitHub\Control_System\evidence\experiments\runs\authorized_mbco_phase_reconstruction_20260904T002152_3132654Z\retry_06_buffered_single_rearm_ddg_20260904T021526_1936864Z\Phase Scan\2026-09-04\20260904T021539_510021Z_run\raw\rep_0001\scan_0000485_phase_000484_attempt_00.npz","13659626"
"C:\Users\Chris\Documents\GitHub\Control_System\evidence\experiments\runs\authorized_mbco_phase_reconstruction_20260904T002152_3132654Z\retry_06_buffered_single_rearm_ddg_20260904T021526_1936864Z\Phase Scan\2026-09-04\20260904T021539_510021Z_run\raw\rep_0001\scan_0000486_phase_000485_attempt_00.npz","13903882"
"C:\Users\Chris\Documents\GitHub\Control_System\evidence\experiments\runs\authorized_mbco_phase_reconstruction_20260904T002152_3132654Z\retry_06_buffered_single_rearm_ddg_20260904T021526_1936864Z\Phase Scan\2026-09-04\20260904T021539_510021Z_run\raw\rep_0001\scan_0000487_phase_000486_attempt_00.npz","13950602"
"C:\Users\Chris\Documents\GitHub\Control_System\evidence\experiments\runs\authorized_mbco_phase_reconstruction_20260904T002152_3132654Z\retry_06_buffered_single_rearm_ddg_20260904T021526_1936864Z\Phase Scan\2026-09-04\20260904T021539_510021Z_run\raw\rep_0001\scan_0000488_phase_000487_attempt_00.npz","13906054"
"C:\Users\Chris\Documents\GitHub\Control_System\evidence\experiments\runs\authorized_mbco_phase_reconstruction_20260904T002152_3132654Z\retry_06_buffered_single_rearm_ddg_20260904T021526_1936864Z\Phase Scan\2026-09-04\20260904T021539_510021Z_run\raw\rep_0001\scan_0000489_phase_000488_attempt_00.npz","14021450"
"C:\Users\Chris\Documents\GitHub\Control_System\evidence\experiments\runs\authorized_mbco_phase_reconstruction_20260904T002152_3132654Z\retry_06_buffered_single_rearm_ddg_20260904T021526_1936864Z\Phase Scan\2026-09-04\20260904T021539_510021Z_run\raw\rep_0001\scan_0000490_phase_000489_attempt_00.npz","13360590"
"C:\Users\Chris\Documents\GitHub\Control_System\evidence\experiments\runs\authorized_mbco_phase_reconstruction_20260904T002152_3132654Z\retry_06_buffered_single_rearm_ddg_20260904T021526_1936864Z\Phase Scan\2026-09-04\20260904T021539_510021Z_run\raw\rep_0001\scan_0000491_phase_000490_attempt_00.npz","13356010"
"C:\Users\Chris\Documents\GitHub\Control_System\evidence\experiments\runs\authorized_mbco_phase_reconstruction_20260904T002152_3132654Z\retry_06_buffered_single_rearm_ddg_20260904T021526_1936864Z\Phase Scan\2026-09-04\20260904T021539_510021Z_run\raw\rep_0001\scan_0000492_phase_000491_attempt_00.npz","13520330"
"C:\Users\Chris\Documents\GitHub\Control_System\evidence\experiments\runs\authorized_mbco_phase_reconstruction_20260904T002152_3132654Z\retry_06_buffered_single_rearm_ddg_20260904T021526_1936864Z\Phase Scan\2026-09-04\20260904T021539_510021Z_run\raw\rep_0001\scan_0000493_phase_000492_attempt_00.npz","13050448"
"C:\Users\Chris\Documents\GitHub\Control_System\evidence\experiments\runs\authorized_mbco_phase_reconstruction_20260904T002152_3132654Z\retry_06_buffered_single_rearm_ddg_20260904T021526_1936864Z\Phase Scan\2026-09-04\20260904T021539_510021Z_run\raw\rep_0001\scan_0000494_phase_000493_attempt_00.npz","13899206"
"C:\Users\Chris\Documents\GitHub\Control_System\evidence\experiments\runs\authorized_mbco_phase_reconstruction_20260904T002152_3132654Z\retry_06_buffered_single_rearm_ddg_20260904T021526_1936864Z\Phase Scan\2026-09-04\20260904T021539_510021Z_run\raw\rep_0001\scan_0000495_phase_000494_attempt_00.npz","13636486"
"C:\Users\Chris\Documents\GitHub\Control_System\evidence\experiments\runs\authorized_mbco_phase_reconstruction_20260904T002152_3132654Z\retry_06_buffered_single_rearm_ddg_20260904T021526_1936864Z\Phase Scan\2026-09-04\20260904T021539_510021Z_run\raw\rep_0001\scan_0000496_phase_000495_attempt_00.npz","14082142"
"C:\Users\Chris\Documents\GitHub\Control_System\evidence\experiments\runs\authorized_mbco_phase_reconstruction_20260904T002152_3132654Z\retry_06_buffered_single_rearm_ddg_20260904T021526_1936864Z\Phase Scan\2026-09-04\20260904T021539_510021Z_run\raw\rep_0001\scan_0000497_phase_000496_attempt_00.npz","13892362"
"C:\Users\Chris\Documents\GitHub\Control_System\evidence\experiments\runs\authorized_mbco_phase_reconstruction_20260904T002152_3132654Z\retry_06_buffered_single_rearm_ddg_20260904T021526_1936864Z\Phase Scan\2026-09-04\20260904T021539_510021Z_run\raw\rep_0001\scan_0000498_phase_000497_attempt_00.npz","13569226"
"C:\Users\Chris\Documents\GitHub\Control_System\evidence\experiments\runs\authorized_mbco_phase_reconstruction_20260904T002152_3132654Z\retry_06_buffered_single_rearm_ddg_20260904T021526_1936864Z\Phase Scan\2026-09-04\20260904T021539_510021Z_run\raw\rep_0001\scan_0000499_phase_000498_attempt_00.npz","13577326"
"C:\Users\Chris\Documents\GitHub\Control_System\evidence\experiments\runs\authorized_mbco_phase_reconstruction_20260904T002152_3132654Z\retry_06_buffered_single_rearm_ddg_20260904T021526_1936864Z\Phase Scan\2026-09-04\20260904T021539_510021Z_run\raw\rep_0001\scan_0000500_phase_000499_attempt_00.npz","13806554"
"C:\Users\Chris\Documents\GitHub\Control_System\evidence\experiments\runs\authorized_mbco_phase_reconstruction_20260904T002152_3132654Z\retry_06_buffered_single_rearm_ddg_20260904T021526_1936864Z\Phase Scan\2026-09-04\20260904T021539_510021Z_run\raw\rep_0001\scan_0000501_phase_000500_attempt_00.npz","13728682"
"C:\Users\Chris\Documents\GitHub\Control_System\evidence\experiments\runs\authorized_mbco_phase_reconstruction_20260904T002152_3132654Z\retry_06_buffered_single_rearm_ddg_20260904T021526_1936864Z\Phase Scan\2026-09-04\20260904T021539_510021Z_run\raw\rep_0001\scan_0000502_phase_000501_attempt_00.npz","13583690"
"C:\Users\Chris\Documents\GitHub\Control_System\evidence\experiments\runs\authorized_mbco_phase_reconstruction_20260904T002152_3132654Z\retry_06_buffered_single_rearm_ddg_20260904T021526_1936864Z\Phase Scan\2026-09-04\20260904T021539_510021Z_run\raw\rep_0001\scan_0000503_phase_000502_attempt_00.npz","13404398"
"C:\Users\Chris\Documents\GitHub\Control_System\evidence\experiments\runs\authorized_mbco_phase_reconstruction_20260904T002152_3132654Z\retry_06_buffered_single_rearm_ddg_20260904T021526_1936864Z\Phase Scan\2026-09-04\20260904T021539_510021Z_run\raw\rep_0001\scan_0000504_phase_000503_attempt_00.npz","13336266"
"C:\Users\Chris\Documents\GitHub\Control_System\evidence\experiments\runs\authorized_mbco_phase_reconstruction_20260904T002152_3132654Z\retry_06_buffered_single_rearm_ddg_20260904T021526_1936864Z\Phase Scan\2026-09-04\20260904T021539_510021Z_run\raw\rep_0001\scan_0000505_phase_000504_attempt_00.npz","13520838"
"C:\Users\Chris\Documents\GitHub\Control_System\evidence\experiments\runs\authorized_mbco_phase_reconstruction_20260904T002152_3132654Z\retry_06_buffered_single_rearm_ddg_20260904T021526_1936864Z\Phase Scan\2026-09-04\20260904T021539_510021Z_run\raw\rep_0001\scan_0000506_phase_000505_attempt_00.npz","13563206"
"C:\Users\Chris\Documents\GitHub\Control_System\evidence\experiments\runs\authorized_mbco_phase_reconstruction_20260904T002152_3132654Z\retry_06_buffered_single_rearm_ddg_20260904T021526_1936864Z\Phase Scan\2026-09-04\20260904T021539_510021Z_run\raw\rep_0001\scan_0000507_phase_000506_attempt_00.npz","13709738"
"C:\Users\Chris\Documents\GitHub\Control_System\evidence\experiments\runs\authorized_mbco_phase_reconstruction_20260904T002152_3132654Z\retry_06_buffered_single_rearm_ddg_20260904T021526_1936864Z\Phase Scan\2026-09-04\20260904T021539_510021Z_run\raw\rep_0001\scan_0000508_phase_000507_attempt_00.npz","13706446"
"C:\Users\Chris\Documents\GitHub\Control_System\evidence\experiments\runs\authorized_mbco_phase_reconstruction_20260904T002152_3132654Z\retry_06_buffered_single_rearm_ddg_20260904T021526_1936864Z\Phase Scan\2026-09-04\20260904T021539_510021Z_run\raw\rep_0001\scan_0000509_phase_000508_attempt_00.npz","13612682"
"C:\Users\Chris\Documents\GitHub\Control_System\evidence\experiments\runs\authorized_mbco_phase_reconstruction_20260904T002152_3132654Z\retry_06_buffered_single_rearm_ddg_20260904T021526_1936864Z\Phase Scan\2026-09-04\20260904T021539_510021Z_run\raw\rep_0001\scan_0000510_phase_000509_attempt_00.npz","13287114"
"C:\Users\Chris\Documents\GitHub\Control_System\evidence\experiments\runs\authorized_mbco_phase_reconstruction_20260904T002152_3132654Z\retry_06_buffered_single_rearm_ddg_20260904T021526_1936864Z\Phase Scan\2026-09-04\20260904T021539_510021Z_run\raw\rep_0001\scan_0000511_phase_000510_attempt_00.npz","13638130"
"C:\Users\Chris\Documents\GitHub\Control_System\evidence\experiments\runs\authorized_mbco_phase_reconstruction_20260904T002152_3132654Z\retry_06_buffered_single_rearm_ddg_20260904T021526_1936864Z\Phase Scan\2026-09-04\20260904T021539_510021Z_run\raw\rep_0001\scan_0000512_phase_000511_attempt_00.npz","13516938"
"C:\Users\Chris\Documents\GitHub\Control_System\evidence\experiments\runs\authorized_mbco_phase_reconstruction_20260904T002152_3132654Z\retry_06_buffered_single_rearm_ddg_20260904T021526_1936864Z\Phase Scan\2026-09-04\20260904T021539_510021Z_run\raw\rep_0001\scan_0000513_phase_000512_attempt_00.npz","14075338"
"C:\Users\Chris\Documents\GitHub\Control_System\evidence\experiments\runs\authorized_mbco_phase_reconstruction_20260904T002152_3132654Z\retry_06_buffered_single_rearm_ddg_20260904T021526_1936864Z\Phase Scan\2026-09-04\20260904T021539_510021Z_run\raw\rep_0001\scan_0000514_phase_000513_attempt_00.npz","13859786"
"C:\Users\Chris\Documents\GitHub\Control_System\evidence\experiments\runs\authorized_mbco_phase_reconstruction_20260904T002152_3132654Z\retry_06_buffered_single_rearm_ddg_20260904T021526_1936864Z\Phase Scan\2026-09-04\20260904T021539_510021Z_run\raw\rep_0001\scan_0000515_phase_000514_attempt_00.npz","13719170"
"C:\Users\Chris\Documents\GitHub\Control_System\evidence\experiments\runs\authorized_mbco_phase_reconstruction_20260904T002152_3132654Z\retry_06_buffered_single_rearm_ddg_20260904T021526_1936864Z\Phase Scan\2026-09-04\20260904T021539_510021Z_run\raw\rep_0001\scan_0000516_phase_000515_attempt_00.npz","13585194"
"C:\Users\Chris\Documents\GitHub\Control_System\evidence\experiments\runs\authorized_mbco_phase_reconstruction_20260904T002152_3132654Z\retry_06_buffered_single_rearm_ddg_20260904T021526_1936864Z\Phase Scan\2026-09-04\20260904T021539_510021Z_run\raw\rep_0001\scan_0000517_phase_000516_attempt_00.npz","13377236"
"C:\Users\Chris\Documents\GitHub\Control_System\evidence\experiments\runs\authorized_mbco_phase_reconstruction_20260904T002152_3132654Z\retry_06_buffered_single_rearm_ddg_20260904T021526_1936864Z\Phase Scan\2026-09-04\20260904T021539_510021Z_run\raw\rep_0001\scan_0000518_phase_000517_attempt_00.npz","13381022"
"C:\Users\Chris\Documents\GitHub\Control_System\evidence\experiments\runs\authorized_mbco_phase_reconstruction_20260904T002152_3132654Z\retry_06_buffered_single_rearm_ddg_20260904T021526_1936864Z\Phase Scan\2026-09-04\20260904T021539_510021Z_run\raw\rep_0001\scan_0000519_phase_000518_attempt_00.npz","13633130"
"C:\Users\Chris\Documents\GitHub\Control_System\evidence\experiments\runs\authorized_mbco_phase_reconstruction_20260904T002152_3132654Z\retry_06_buffered_single_rearm_ddg_20260904T021526_1936864Z\Phase Scan\2026-09-04\20260904T021539_510021Z_run\raw\rep_0001\scan_0000520_phase_000519_attempt_00.npz","13765254"
"C:\Users\Chris\Documents\GitHub\Control_System\evidence\experiments\runs\authorized_mbco_phase_reconstruction_20260904T002152_3132654Z\retry_06_buffered_single_rearm_ddg_20260904T021526_1936864Z\Phase Scan\2026-09-04\20260904T021539_510021Z_run\raw\rep_0001\scan_0000521_phase_000520_attempt_00.npz","13912490"
"C:\Users\Chris\Documents\GitHub\Control_System\evidence\experiments\runs\authorized_mbco_phase_reconstruction_20260904T002152_3132654Z\retry_06_buffered_single_rearm_ddg_20260904T021526_1936864Z\Phase Scan\2026-09-04\20260904T021539_510021Z_run\raw\rep_0001\scan_0000522_phase_000521_attempt_00.npz","13480514"
"C:\Users\Chris\Documents\GitHub\Control_System\evidence\experiments\runs\authorized_mbco_phase_reconstruction_20260904T002152_3132654Z\retry_06_buffered_single_rearm_ddg_20260904T021526_1936864Z\Phase Scan\2026-09-04\20260904T021539_510021Z_run\raw\rep_0001\scan_0000523_phase_000522_attempt_00.npz","13181144"
"C:\Users\Chris\Documents\GitHub\Control_System\evidence\experiments\runs\authorized_mbco_phase_reconstruction_20260904T002152_3132654Z\retry_06_buffered_single_rearm_ddg_20260904T021526_1936864Z\Phase Scan\2026-09-04\20260904T021539_510021Z_run\raw\rep_0001\scan_0000524_phase_000523_attempt_00.npz","13918150"
"C:\Users\Chris\Documents\GitHub\Control_System\evidence\experiments\runs\authorized_mbco_phase_reconstruction_20260904T002152_3132654Z\retry_06_buffered_single_rearm_ddg_20260904T021526_1936864Z\Phase Scan\2026-09-04\20260904T021539_510021Z_run\raw\rep_0001\scan_0000525_phase_000524_attempt_00.npz","13607846"
"C:\Users\Chris\Documents\GitHub\Control_System\evidence\experiments\runs\authorized_mbco_phase_reconstruction_20260904T002152_3132654Z\retry_06_buffered_single_rearm_ddg_20260904T021526_1936864Z\Phase Scan\2026-09-04\20260904T021539_510021Z_run\raw\rep_0001\scan_0000526_phase_000525_attempt_00.npz","13758342"
"C:\Users\Chris\Documents\GitHub\Control_System\evidence\experiments\runs\authorized_mbco_phase_reconstruction_20260904T002152_3132654Z\retry_06_buffered_single_rearm_ddg_20260904T021526_1936864Z\Phase Scan\2026-09-04\20260904T021539_510021Z_run\raw\rep_0001\scan_0000527_phase_000526_attempt_00.npz","13748806"
"C:\Users\Chris\Documents\GitHub\Control_System\evidence\experiments\runs\authorized_mbco_phase_reconstruction_20260904T002152_3132654Z\retry_06_buffered_single_rearm_ddg_20260904T021526_1936864Z\Phase Scan\2026-09-04\20260904T021539_510021Z_run\raw\rep_0001\scan_0000528_phase_000527_attempt_00.npz","13967466"
"C:\Users\Chris\Documents\GitHub\Control_System\evidence\experiments\runs\authorized_mbco_phase_reconstruction_20260904T002152_3132654Z\retry_06_buffered_single_rearm_ddg_20260904T021526_1936864Z\Phase Scan\2026-09-04\20260904T021539_510021Z_run\raw\rep_0001\scan_0000529_phase_000528_attempt_00.npz","13763438"
"C:\Users\Chris\Documents\GitHub\Control_System\evidence\experiments\runs\authorized_mbco_phase_reconstruction_20260904T002152_3132654Z\retry_06_buffered_single_rearm_ddg_20260904T021526_1936864Z\Phase Scan\2026-09-04\20260904T021539_510021Z_run\raw\rep_0001\scan_0000530_phase_000529_attempt_00.npz","13911406"
"C:\Users\Chris\Documents\GitHub\Control_System\evidence\experiments\runs\authorized_mbco_phase_reconstruction_20260904T002152_3132654Z\retry_06_buffered_single_rearm_ddg_20260904T021526_1936864Z\Phase Scan\2026-09-04\20260904T021539_510021Z_run\raw\rep_0001\scan_0000531_phase_000530_attempt_00.npz","14142386"
"C:\Users\Chris\Documents\GitHub\Control_System\evidence\experiments\runs\authorized_mbco_phase_reconstruction_20260904T002152_3132654Z\retry_06_buffered_single_rearm_ddg_20260904T021526_1936864Z\Phase Scan\2026-09-04\20260904T021539_510021Z_run\raw\rep_0001\scan_0000532_phase_000531_attempt_00.npz","13669894"
"C:\Users\Chris\Documents\GitHub\Control_System\evidence\experiments\runs\authorized_mbco_phase_reconstruction_20260904T002152_3132654Z\retry_06_buffered_single_rearm_ddg_20260904T021526_1936864Z\Phase Scan\2026-09-04\20260904T021539_510021Z_run\raw\rep_0001\scan_0000533_phase_000532_attempt_00.npz","13895942"
"C:\Users\Chris\Documents\GitHub\Control_System\evidence\experiments\runs\authorized_mbco_phase_reconstruction_20260904T002152_3132654Z\retry_06_buffered_single_rearm_ddg_20260904T021526_1936864Z\Phase Scan\2026-09-04\20260904T021539_510021Z_run\raw\rep_0001\scan_0000534_phase_000533_attempt_00.npz","13745734"
"C:\Users\Chris\Documents\GitHub\Control_System\evidence\experiments\runs\authorized_mbco_phase_reconstruction_20260904T002152_3132654Z\retry_06_buffered_single_rearm_ddg_20260904T021526_1936864Z\Phase Scan\2026-09-04\20260904T021539_510021Z_run\raw\rep_0001\scan_0000535_phase_000534_attempt_00.npz","13963818"
"C:\Users\Chris\Documents\GitHub\Control_System\evidence\experiments\runs\authorized_mbco_phase_reconstruction_20260904T002152_3132654Z\retry_06_buffered_single_rearm_ddg_20260904T021526_1936864Z\Phase Scan\2026-09-04\20260904T021539_510021Z_run\raw\rep_0001\scan_0000536_phase_000535_attempt_00.npz","13611846"
"C:\Users\Chris\Documents\GitHub\Control_System\evidence\experiments\runs\authorized_mbco_phase_reconstruction_20260904T002152_3132654Z\retry_06_buffered_single_rearm_ddg_20260904T021526_1936864Z\Phase Scan\2026-09-04\20260904T021539_510021Z_run\raw\rep_0001\scan_0000537_phase_000536_attempt_00.npz","13475846"
"C:\Users\Chris\Documents\GitHub\Control_System\evidence\experiments\runs\authorized_mbco_phase_reconstruction_20260904T002152_3132654Z\retry_06_buffered_single_rearm_ddg_20260904T021526_1936864Z\Phase Scan\2026-09-04\20260904T021539_510021Z_run\raw\rep_0001\scan_0000538_phase_000537_attempt_00.npz","13803246"
"C:\Users\Chris\Documents\GitHub\Control_System\evidence\experiments\runs\authorized_mbco_phase_reconstruction_20260904T002152_3132654Z\retry_06_buffered_single_rearm_ddg_20260904T021526_1936864Z\Phase Scan\2026-09-04\20260904T021539_510021Z_run\raw\rep_0001\scan_0000539_phase_000538_attempt_00.npz","13405012"
"C:\Users\Chris\Documents\GitHub\Control_System\evidence\experiments\runs\authorized_mbco_phase_reconstruction_20260904T002152_3132654Z\retry_06_buffered_single_rearm_ddg_20260904T021526_1936864Z\Phase Scan\2026-09-04\20260904T021539_510021Z_run\raw\rep_0001\scan_0000540_phase_000539_attempt_00.npz","13973574"
"C:\Users\Chris\Documents\GitHub\Control_System\evidence\experiments\runs\authorized_mbco_phase_reconstruction_20260904T002152_3132654Z\retry_06_buffered_single_rearm_ddg_20260904T021526_1936864Z\Phase Scan\2026-09-04\20260904T021539_510021Z_run\raw\rep_0001\scan_0000541_phase_000540_attempt_00.npz","13775782"
"C:\Users\Chris\Documents\GitHub\Control_System\evidence\experiments\runs\authorized_mbco_phase_reconstruction_20260904T002152_3132654Z\retry_06_buffered_single_rearm_ddg_20260904T021526_1936864Z\Phase Scan\2026-09-04\20260904T021539_510021Z_run\raw\rep_0001\scan_0000542_phase_000541_attempt_00.npz","13724970"
"C:\Users\Chris\Documents\GitHub\Control_System\evidence\experiments\runs\authorized_mbco_phase_reconstruction_20260904T002152_3132654Z\retry_06_buffered_single_rearm_ddg_20260904T021526_1936864Z\Phase Scan\2026-09-04\20260904T021539_510021Z_run\raw\rep_0001\scan_0000543_phase_000542_attempt_00.npz","13596042"
"C:\Users\Chris\Documents\GitHub\Control_System\evidence\experiments\runs\authorized_mbco_phase_reconstruction_20260904T002152_3132654Z\retry_06_buffered_single_rearm_ddg_20260904T021526_1936864Z\Phase Scan\2026-09-04\20260904T021539_510021Z_run\raw\rep_0001\scan_0000544_phase_000543_attempt_00.npz","13973866"
"C:\Users\Chris\Documents\GitHub\Control_System\evidence\experiments\runs\authorized_mbco_phase_reconstruction_20260904T002152_3132654Z\retry_06_buffered_single_rearm_ddg_20260904T021526_1936864Z\Phase Scan\2026-09-04\20260904T021539_510021Z_run\raw\rep_0001\scan_0000545_phase_000544_attempt_00.npz","13602374"
"C:\Users\Chris\Documents\GitHub\Control_System\evidence\experiments\runs\authorized_mbco_phase_reconstruction_20260904T002152_3132654Z\retry_06_buffered_single_rearm_ddg_20260904T021526_1936864Z\Phase Scan\2026-09-04\20260904T021539_510021Z_run\raw\rep_0001\scan_0000546_phase_000545_attempt_00.npz","13232710"
"C:\Users\Chris\Documents\GitHub\Control_System\evidence\experiments\runs\authorized_mbco_phase_reconstruction_20260904T002152_3132654Z\retry_06_buffered_single_rearm_ddg_20260904T021526_1936864Z\Phase Scan\2026-09-04\20260904T021539_510021Z_run\raw\rep_0001\scan_0000547_phase_000546_attempt_00.npz","13926702"
"C:\Users\Chris\Documents\GitHub\Control_System\evidence\experiments\runs\authorized_mbco_phase_reconstruction_20260904T002152_3132654Z\retry_06_buffered_single_rearm_ddg_20260904T021526_1936864Z\Phase Scan\2026-09-04\20260904T021539_510021Z_run\raw\rep_0001\scan_0000548_phase_000547_attempt_00.npz","13599346"
"C:\Users\Chris\Documents\GitHub\Control_System\evidence\experiments\runs\authorized_mbco_phase_reconstruction_20260904T002152_3132654Z\retry_06_buffered_single_rearm_ddg_20260904T021526_1936864Z\Phase Scan\2026-09-04\20260904T021539_510021Z_run\raw\rep_0001\scan_0000549_phase_000548_attempt_00.npz","14274446"
"C:\Users\Chris\Documents\GitHub\Control_System\evidence\experiments\runs\authorized_mbco_phase_reconstruction_20260904T002152_3132654Z\retry_06_buffered_single_rearm_ddg_20260904T021526_1936864Z\Phase Scan\2026-09-04\20260904T021539_510021Z_run\raw\rep_0001\scan_0000550_phase_000549_attempt_00.npz","13606214"
"C:\Users\Chris\Documents\GitHub\Control_System\evidence\experiments\runs\authorized_mbco_phase_reconstruction_20260904T002152_3132654Z\retry_06_buffered_single_rearm_ddg_20260904T021526_1936864Z\Phase Scan\2026-09-04\20260904T021539_510021Z_run\raw\rep_0001\scan_0000551_phase_000550_attempt_00.npz","13225520"
"C:\Users\Chris\Documents\GitHub\Control_System\evidence\experiments\runs\authorized_mbco_phase_reconstruction_20260904T002152_3132654Z\retry_06_buffered_single_rearm_ddg_20260904T021526_1936864Z\Phase Scan\2026-09-04\20260904T021539_510021Z_run\raw\rep_0001\scan_0000552_phase_000551_attempt_00.npz","13512422"
"C:\Users\Chris\Documents\GitHub\Control_System\evidence\experiments\runs\authorized_mbco_phase_reconstruction_20260904T002152_3132654Z\retry_06_buffered_single_rearm_ddg_20260904T021526_1936864Z\Phase Scan\2026-09-04\20260904T021539_510021Z_run\raw\rep_0001\scan_0000553_phase_000552_attempt_00.npz","13932230"
"C:\Users\Chris\Documents\GitHub\Control_System\evidence\experiments\runs\authorized_mbco_phase_reconstruction_20260904T002152_3132654Z\retry_06_buffered_single_rearm_ddg_20260904T021526_1936864Z\Phase Scan\2026-09-04\20260904T021539_510021Z_run\raw\rep_0001\scan_0000554_phase_000553_attempt_00.npz","13927150"
"C:\Users\Chris\Documents\GitHub\Control_System\evidence\experiments\runs\authorized_mbco_phase_reconstruction_20260904T002152_3132654Z\retry_06_buffered_single_rearm_ddg_20260904T021526_1936864Z\Phase Scan\2026-09-04\20260904T021539_510021Z_run\raw\rep_0001\scan_0000555_phase_000554_attempt_00.npz","13579210"
"C:\Users\Chris\Documents\GitHub\Control_System\evidence\experiments\runs\authorized_mbco_phase_reconstruction_20260904T002152_3132654Z\retry_06_buffered_single_rearm_ddg_20260904T021526_1936864Z\Phase Scan\2026-09-04\20260904T021539_510021Z_run\raw\rep_0001\scan_0000556_phase_000555_attempt_00.npz","13289006"
"C:\Users\Chris\Documents\GitHub\Control_System\evidence\experiments\runs\authorized_mbco_phase_reconstruction_20260904T002152_3132654Z\retry_06_buffered_single_rearm_ddg_20260904T021526_1936864Z\Phase Scan\2026-09-04\20260904T021539_510021Z_run\raw\rep_0001\scan_0000557_phase_000556_attempt_00.npz","13442222"
"C:\Users\Chris\Documents\GitHub\Control_System\evidence\experiments\runs\authorized_mbco_phase_reconstruction_20260904T002152_3132654Z\retry_06_buffered_single_rearm_ddg_20260904T021526_1936864Z\Phase Scan\2026-09-04\20260904T021539_510021Z_run\raw\rep_0001\scan_0000558_phase_000557_attempt_00.npz","13517386"
"C:\Users\Chris\Documents\GitHub\Control_System\evidence\experiments\runs\authorized_mbco_phase_reconstruction_20260904T002152_3132654Z\retry_06_buffered_single_rearm_ddg_20260904T021526_1936864Z\Phase Scan\2026-09-04\20260904T021539_510021Z_run\raw\rep_0001\scan_0000559_phase_000558_attempt_00.npz","13431630"
"C:\Users\Chris\Documents\GitHub\Control_System\evidence\experiments\runs\authorized_mbco_phase_reconstruction_20260904T002152_3132654Z\retry_06_buffered_single_rearm_ddg_20260904T021526_1936864Z\Phase Scan\2026-09-04\20260904T021539_510021Z_run\raw\rep_0001\scan_0000560_phase_000559_attempt_00.npz","13708454"
"C:\Users\Chris\Documents\GitHub\Control_System\evidence\experiments\runs\authorized_mbco_phase_reconstruction_20260904T002152_3132654Z\retry_06_buffered_single_rearm_ddg_20260904T021526_1936864Z\Phase Scan\2026-09-04\20260904T021539_510021Z_run\raw\rep_0001\scan_0000561_phase_000560_attempt_00.npz","14059418"
"C:\Users\Chris\Documents\GitHub\Control_System\evidence\experiments\runs\authorized_mbco_phase_reconstruction_20260904T002152_3132654Z\retry_06_buffered_single_rearm_ddg_20260904T021526_1936864Z\Phase Scan\2026-09-04\20260904T021539_510021Z_run\raw\rep_0001\scan_0000562_phase_000561_attempt_00.npz","13255760"
"C:\Users\Chris\Documents\GitHub\Control_System\evidence\experiments\runs\authorized_mbco_phase_reconstruction_20260904T002152_3132654Z\retry_06_buffered_single_rearm_ddg_20260904T021526_1936864Z\Phase Scan\2026-09-04\20260904T021539_510021Z_run\raw\rep_0001\scan_0000563_phase_000562_attempt_00.npz","13780070"
"C:\Users\Chris\Documents\GitHub\Control_System\evidence\experiments\runs\authorized_mbco_phase_reconstruction_20260904T002152_3132654Z\retry_06_buffered_single_rearm_ddg_20260904T021526_1936864Z\Phase Scan\2026-09-04\20260904T021539_510021Z_run\raw\rep_0001\scan_0000564_phase_000563_attempt_00.npz","13569734"
"C:\Users\Chris\Documents\GitHub\Control_System\evidence\experiments\runs\authorized_mbco_phase_reconstruction_20260904T002152_3132654Z\retry_06_buffered_single_rearm_ddg_20260904T021526_1936864Z\Phase Scan\2026-09-04\20260904T021539_510021Z_run\raw\rep_0001\scan_0000565_phase_000564_attempt_00.npz","13570062"
"C:\Users\Chris\Documents\GitHub\Control_System\evidence\experiments\runs\authorized_mbco_phase_reconstruction_20260904T002152_3132654Z\retry_06_buffered_single_rearm_ddg_20260904T021526_1936864Z\Phase Scan\2026-09-04\20260904T021539_510021Z_run\raw\rep_0001\scan_0000566_phase_000565_attempt_00.npz","13649950"
"C:\Users\Chris\Documents\GitHub\Control_System\evidence\experiments\runs\authorized_mbco_phase_reconstruction_20260904T002152_3132654Z\retry_06_buffered_single_rearm_ddg_20260904T021526_1936864Z\Phase Scan\2026-09-04\20260904T021539_510021Z_run\raw\rep_0001\scan_0000567_phase_000566_attempt_00.npz","13859814"
"C:\Users\Chris\Documents\GitHub\Control_System\evidence\experiments\runs\authorized_mbco_phase_reconstruction_20260904T002152_3132654Z\retry_06_buffered_single_rearm_ddg_20260904T021526_1936864Z\Phase Scan\2026-09-04\20260904T021539_510021Z_run\raw\rep_0001\scan_0000568_phase_000567_attempt_00.npz","13753218"
"C:\Users\Chris\Documents\GitHub\Control_System\evidence\experiments\runs\authorized_mbco_phase_reconstruction_20260904T002152_3132654Z\retry_06_buffered_single_rearm_ddg_20260904T021526_1936864Z\Phase Scan\2026-09-04\20260904T021539_510021Z_run\raw\rep_0001\scan_0000569_phase_000568_attempt_00.npz","13946686"
"C:\Users\Chris\Documents\GitHub\Control_System\evidence\experiments\runs\authorized_mbco_phase_reconstruction_20260904T002152_3132654Z\retry_06_buffered_single_rearm_ddg_20260904T021526_1936864Z\Phase Scan\2026-09-04\20260904T021539_510021Z_run\raw\rep_0001\scan_0000570_phase_000569_attempt_00.npz","13762682"
"C:\Users\Chris\Documents\GitHub\Control_System\evidence\experiments\runs\authorized_mbco_phase_reconstruction_20260904T002152_3132654Z\retry_06_buffered_single_rearm_ddg_20260904T021526_1936864Z\Phase Scan\2026-09-04\20260904T021539_510021Z_run\raw\rep_0001\scan_0000571_phase_000570_attempt_00.npz","13429828"
"C:\Users\Chris\Documents\GitHub\Control_System\evidence\experiments\runs\authorized_mbco_phase_reconstruction_20260904T002152_3132654Z\retry_06_buffered_single_rearm_ddg_20260904T021526_1936864Z\Phase Scan\2026-09-04\20260904T021539_510021Z_run\raw\rep_0001\scan_0000572_phase_000571_attempt_00.npz","13446078"
"C:\Users\Chris\Documents\GitHub\Control_System\evidence\experiments\runs\authorized_mbco_phase_reconstruction_20260904T002152_3132654Z\retry_06_buffered_single_rearm_ddg_20260904T021526_1936864Z\Phase Scan\2026-09-04\20260904T021539_510021Z_run\raw\rep_0001\scan_0000573_phase_000572_attempt_00.npz","13744090"
"C:\Users\Chris\Documents\GitHub\Control_System\evidence\experiments\runs\authorized_mbco_phase_reconstruction_20260904T002152_3132654Z\retry_06_buffered_single_rearm_ddg_20260904T021526_1936864Z\Phase Scan\2026-09-04\20260904T021539_510021Z_run\raw\rep_0001\scan_0000574_phase_000573_attempt_00.npz","13572442"
"C:\Users\Chris\Documents\GitHub\Control_System\evidence\experiments\runs\authorized_mbco_phase_reconstruction_20260904T002152_3132654Z\retry_06_buffered_single_rearm_ddg_20260904T021526_1936864Z\Phase Scan\2026-09-04\20260904T021539_510021Z_run\raw\rep_0001\scan_0000575_phase_000574_attempt_00.npz","13945210"
"C:\Users\Chris\Documents\GitHub\Control_System\evidence\experiments\runs\authorized_mbco_phase_reconstruction_20260904T002152_3132654Z\retry_06_buffered_single_rearm_ddg_20260904T021526_1936864Z\Phase Scan\2026-09-04\20260904T021539_510021Z_run\raw\rep_0001\scan_0000576_phase_000575_attempt_00.npz","14017086"
"C:\Users\Chris\Documents\GitHub\Control_System\evidence\experiments\runs\authorized_mbco_phase_reconstruction_20260904T002152_3132654Z\retry_06_buffered_single_rearm_ddg_20260904T021526_1936864Z\Phase Scan\2026-09-04\20260904T021539_510021Z_run\raw\rep_0001\scan_0000577_phase_000576_attempt_00.npz","13771810"
"C:\Users\Chris\Documents\GitHub\Control_System\evidence\experiments\runs\authorized_mbco_phase_reconstruction_20260904T002152_3132654Z\retry_06_buffered_single_rearm_ddg_20260904T021526_1936864Z\Phase Scan\2026-09-04\20260904T021539_510021Z_run\raw\rep_0001\scan_0000578_phase_000577_attempt_00.npz","13021380"
"C:\Users\Chris\Documents\GitHub\Control_System\evidence\experiments\runs\authorized_mbco_phase_reconstruction_20260904T002152_3132654Z\retry_06_buffered_single_rearm_ddg_20260904T021526_1936864Z\Phase Scan\2026-09-04\20260904T021539_510021Z_run\raw\rep_0001\scan_0000579_phase_000578_attempt_00.npz","13514650"
"C:\Users\Chris\Documents\GitHub\Control_System\evidence\experiments\runs\authorized_mbco_phase_reconstruction_20260904T002152_3132654Z\retry_06_buffered_single_rearm_ddg_20260904T021526_1936864Z\Phase Scan\2026-09-04\20260904T021539_510021Z_run\raw\rep_0001\scan_0000580_phase_000579_attempt_00.npz","13466298"
"C:\Users\Chris\Documents\GitHub\Control_System\evidence\experiments\runs\authorized_mbco_phase_reconstruction_20260904T002152_3132654Z\retry_06_buffered_single_rearm_ddg_20260904T021526_1936864Z\Phase Scan\2026-09-04\20260904T021539_510021Z_run\raw\rep_0001\scan_0000581_phase_000580_attempt_00.npz","13663838"
"C:\Users\Chris\Documents\GitHub\Control_System\evidence\experiments\runs\authorized_mbco_phase_reconstruction_20260904T002152_3132654Z\retry_06_buffered_single_rearm_ddg_20260904T021526_1936864Z\Phase Scan\2026-09-04\20260904T021539_510021Z_run\raw\rep_0001\scan_0000582_phase_000581_attempt_00.npz","13597362"
"C:\Users\Chris\Documents\GitHub\Control_System\evidence\experiments\runs\authorized_mbco_phase_reconstruction_20260904T002152_3132654Z\retry_06_buffered_single_rearm_ddg_20260904T021526_1936864Z\Phase Scan\2026-09-04\20260904T021539_510021Z_run\raw\rep_0001\scan_0000583_phase_000582_attempt_00.npz","13514038"
"C:\Users\Chris\Documents\GitHub\Control_System\evidence\experiments\runs\authorized_mbco_phase_reconstruction_20260904T002152_3132654Z\retry_06_buffered_single_rearm_ddg_20260904T021526_1936864Z\Phase Scan\2026-09-04\20260904T021539_510021Z_run\raw\rep_0001\scan_0000584_phase_000583_attempt_00.npz","13566638"
"C:\Users\Chris\Documents\GitHub\Control_System\evidence\experiments\runs\authorized_mbco_phase_reconstruction_20260904T002152_3132654Z\retry_06_buffered_single_rearm_ddg_20260904T021526_1936864Z\Phase Scan\2026-09-04\20260904T021539_510021Z_run\raw\rep_0001\scan_0000585_phase_000584_attempt_00.npz","13710902"
"C:\Users\Chris\Documents\GitHub\Control_System\evidence\experiments\runs\authorized_mbco_phase_reconstruction_20260904T002152_3132654Z\retry_06_buffered_single_rearm_ddg_20260904T021526_1936864Z\Phase Scan\2026-09-04\20260904T021539_510021Z_run\raw\rep_0001\scan_0000586_phase_000585_attempt_00.npz","13948634"
"C:\Users\Chris\Documents\GitHub\Control_System\evidence\experiments\runs\authorized_mbco_phase_reconstruction_20260904T002152_3132654Z\retry_06_buffered_single_rearm_ddg_20260904T021526_1936864Z\Phase Scan\2026-09-04\20260904T021539_510021Z_run\raw\rep_0001\scan_0000587_phase_000586_attempt_00.npz","14277814"
"C:\Users\Chris\Documents\GitHub\Control_System\evidence\experiments\runs\authorized_mbco_phase_reconstruction_20260904T002152_3132654Z\retry_06_buffered_single_rearm_ddg_20260904T021526_1936864Z\Phase Scan\2026-09-04\20260904T021539_510021Z_run\raw\rep_0001\scan_0000588_phase_000587_attempt_00.npz","13100822"
"C:\Users\Chris\Documents\GitHub\Control_System\evidence\experiments\runs\authorized_mbco_phase_reconstruction_20260904T002152_3132654Z\retry_06_buffered_single_rearm_ddg_20260904T021526_1936864Z\Phase Scan\2026-09-04\20260904T021539_510021Z_run\raw\rep_0001\scan_0000589_phase_000588_attempt_00.npz","13357912"
"C:\Users\Chris\Documents\GitHub\Control_System\evidence\experiments\runs\authorized_mbco_phase_reconstruction_20260904T002152_3132654Z\retry_06_buffered_single_rearm_ddg_20260904T021526_1936864Z\Phase Scan\2026-09-04\20260904T021539_510021Z_run\raw\rep_0001\scan_0000590_phase_000589_attempt_00.npz","13876218"
"C:\Users\Chris\Documents\GitHub\Control_System\evidence\experiments\runs\authorized_mbco_phase_reconstruction_20260904T002152_3132654Z\retry_06_buffered_single_rearm_ddg_20260904T021526_1936864Z\Phase Scan\2026-09-04\20260904T021539_510021Z_run\raw\rep_0001\scan_0000591_phase_000590_attempt_00.npz","13630002"
"C:\Users\Chris\Documents\GitHub\Control_System\evidence\experiments\runs\authorized_mbco_phase_reconstruction_20260904T002152_3132654Z\retry_06_buffered_single_rearm_ddg_20260904T021526_1936864Z\Phase Scan\2026-09-04\20260904T021539_510021Z_run\raw\rep_0001\scan_0000592_phase_000591_attempt_00.npz","13820114"
"C:\Users\Chris\Documents\GitHub\Control_System\evidence\experiments\runs\authorized_mbco_phase_reconstruction_20260904T002152_3132654Z\retry_06_buffered_single_rearm_ddg_20260904T021526_1936864Z\Phase Scan\2026-09-04\20260904T021539_510021Z_run\raw\rep_0001\scan_0000593_phase_000592_attempt_00.npz","13708810"
"C:\Users\Chris\Documents\GitHub\Control_System\evidence\experiments\runs\authorized_mbco_phase_reconstruction_20260904T002152_3132654Z\retry_06_buffered_single_rearm_ddg_20260904T021526_1936864Z\Phase Scan\2026-09-04\20260904T021539_510021Z_run\raw\rep_0001\scan_0000594_phase_000593_attempt_00.npz","13373810"
"C:\Users\Chris\Documents\GitHub\Control_System\evidence\experiments\runs\authorized_mbco_phase_reconstruction_20260904T002152_3132654Z\retry_06_buffered_single_rearm_ddg_20260904T021526_1936864Z\Phase Scan\2026-09-04\20260904T021539_510021Z_run\raw\rep_0001\scan_0000595_phase_000594_attempt_00.npz","13757210"
"C:\Users\Chris\Documents\GitHub\Control_System\evidence\experiments\runs\authorized_mbco_phase_reconstruction_20260904T002152_3132654Z\retry_06_buffered_single_rearm_ddg_20260904T021526_1936864Z\Phase Scan\2026-09-04\20260904T021539_510021Z_run\raw\rep_0001\scan_0000596_phase_000595_attempt_00.npz","13991130"
"C:\Users\Chris\Documents\GitHub\Control_System\evidence\experiments\runs\authorized_mbco_phase_reconstruction_20260904T002152_3132654Z\retry_06_buffered_single_rearm_ddg_20260904T021526_1936864Z\Phase Scan\2026-09-04\20260904T021539_510021Z_run\raw\rep_0001\scan_0000597_phase_000596_attempt_00.npz","14682874"
"C:\Users\Chris\Documents\GitHub\Control_System\evidence\experiments\runs\authorized_mbco_phase_reconstruction_20260904T002152_3132654Z\retry_06_buffered_single_rearm_ddg_20260904T021526_1936864Z\Phase Scan\2026-09-04\20260904T021539_510021Z_run\raw\rep_0001\scan_0000598_phase_000597_attempt_00.npz","13895706"
"C:\Users\Chris\Documents\GitHub\Control_System\evidence\experiments\runs\authorized_mbco_phase_reconstruction_20260904T002152_3132654Z\retry_06_buffered_single_rearm_ddg_20260904T021526_1936864Z\Phase Scan\2026-09-04\20260904T021539_510021Z_run\raw\rep_0001\scan_0000599_phase_000598_attempt_00.npz","13610554"
"C:\Users\Chris\Documents\GitHub\Control_System\evidence\experiments\runs\authorized_mbco_phase_reconstruction_20260904T002152_3132654Z\retry_06_buffered_single_rearm_ddg_20260904T021526_1936864Z\Phase Scan\2026-09-04\20260904T021539_510021Z_run\raw\rep_0001\scan_0000600_phase_000599_attempt_00.npz","14237230"
"C:\Users\Chris\Documents\GitHub\Control_System\evidence\experiments\runs\authorized_mbco_phase_reconstruction_20260904T002152_3132654Z\retry_06_buffered_single_rearm_ddg_20260904T021526_1936864Z\Phase Scan\2026-09-04\20260904T021539_510021Z_run\raw\rep_0001\scan_0000601_phase_000600_attempt_00.npz","13636966"
"C:\Users\Chris\Documents\GitHub\Control_System\evidence\experiments\runs\authorized_mbco_phase_reconstruction_20260904T002152_3132654Z\retry_06_buffered_single_rearm_ddg_20260904T021526_1936864Z\Phase Scan\2026-09-04\20260904T021539_510021Z_run\raw\rep_0001\scan_0000602_phase_000601_attempt_00.npz","13859906"
"C:\Users\Chris\Documents\GitHub\Control_System\evidence\experiments\runs\authorized_mbco_phase_reconstruction_20260904T002152_3132654Z\retry_06_buffered_single_rearm_ddg_20260904T021526_1936864Z\Phase Scan\2026-09-04\20260904T021539_510021Z_run\raw\rep_0001\scan_0000603_phase_000602_attempt_00.npz","13046382"
"C:\Users\Chris\Documents\GitHub\Control_System\evidence\experiments\runs\authorized_mbco_phase_reconstruction_20260904T002152_3132654Z\retry_06_buffered_single_rearm_ddg_20260904T021526_1936864Z\Phase Scan\2026-09-04\20260904T021539_510021Z_run\raw\rep_0001\scan_0000604_phase_000603_attempt_00.npz","13921166"
"C:\Users\Chris\Documents\GitHub\Control_System\evidence\experiments\runs\authorized_mbco_phase_reconstruction_20260904T002152_3132654Z\retry_06_buffered_single_rearm_ddg_20260904T021526_1936864Z\Phase Scan\2026-09-04\20260904T021539_510021Z_run\raw\rep_0001\scan_0000605_phase_000604_attempt_00.npz","13566062"
"C:\Users\Chris\Documents\GitHub\Control_System\evidence\experiments\runs\authorized_mbco_phase_reconstruction_20260904T002152_3132654Z\retry_06_buffered_single_rearm_ddg_20260904T021526_1936864Z\Phase Scan\2026-09-04\20260904T021539_510021Z_run\raw\rep_0001\scan_0000606_phase_000605_attempt_00.npz","13560690"
"C:\Users\Chris\Documents\GitHub\Control_System\evidence\experiments\runs\authorized_mbco_phase_reconstruction_20260904T002152_3132654Z\retry_06_buffered_single_rearm_ddg_20260904T021526_1936864Z\Phase Scan\2026-09-04\20260904T021539_510021Z_run\raw\rep_0001\scan_0000607_phase_000606_attempt_00.npz","14107498"
"C:\Users\Chris\Documents\GitHub\Control_System\evidence\experiments\runs\authorized_mbco_phase_reconstruction_20260904T002152_3132654Z\retry_06_buffered_single_rearm_ddg_20260904T021526_1936864Z\Phase Scan\2026-09-04\20260904T021539_510021Z_run\raw\rep_0001\scan_0000608_phase_000607_attempt_00.npz","13240440"
"C:\Users\Chris\Documents\GitHub\Control_System\evidence\experiments\runs\authorized_mbco_phase_reconstruction_20260904T002152_3132654Z\retry_06_buffered_single_rearm_ddg_20260904T021526_1936864Z\Phase Scan\2026-09-04\20260904T021539_510021Z_run\raw\rep_0001\scan_0000609_phase_000608_attempt_00.npz","13946054"
"C:\Users\Chris\Documents\GitHub\Control_System\evidence\experiments\runs\authorized_mbco_phase_reconstruction_20260904T002152_3132654Z\retry_06_buffered_single_rearm_ddg_20260904T021526_1936864Z\Phase Scan\2026-09-04\20260904T021539_510021Z_run\raw\rep_0001\scan_0000610_phase_000609_attempt_00.npz","13453714"
"C:\Users\Chris\Documents\GitHub\Control_System\evidence\experiments\runs\authorized_mbco_phase_reconstruction_20260904T002152_3132654Z\retry_06_buffered_single_rearm_ddg_20260904T021526_1936864Z\Phase Scan\2026-09-04\20260904T021539_510021Z_run\raw\rep_0001\scan_0000611_phase_000610_attempt_00.npz","13851218"
"C:\Users\Chris\Documents\GitHub\Control_System\evidence\experiments\runs\authorized_mbco_phase_reconstruction_20260904T002152_3132654Z\retry_06_buffered_single_rearm_ddg_20260904T021526_1936864Z\Phase Scan\2026-09-04\20260904T021539_510021Z_run\raw\rep_0001\scan_0000612_phase_000611_attempt_00.npz","13964974"
"C:\Users\Chris\Documents\GitHub\Control_System\evidence\experiments\runs\authorized_mbco_phase_reconstruction_20260904T002152_3132654Z\retry_06_buffered_single_rearm_ddg_20260904T021526_1936864Z\Phase Scan\2026-09-04\20260904T021539_510021Z_run\raw\rep_0001\scan_0000613_phase_000612_attempt_00.npz","13189138"
"C:\Users\Chris\Documents\GitHub\Control_System\evidence\experiments\runs\authorized_mbco_phase_reconstruction_20260904T002152_3132654Z\retry_06_buffered_single_rearm_ddg_20260904T021526_1936864Z\Phase Scan\2026-09-04\20260904T021539_510021Z_run\raw\rep_0001\scan_0000614_phase_000613_attempt_00.npz","13179310"
"C:\Users\Chris\Documents\GitHub\Control_System\evidence\experiments\runs\authorized_mbco_phase_reconstruction_20260904T002152_3132654Z\retry_06_buffered_single_rearm_ddg_20260904T021526_1936864Z\Phase Scan\2026-09-04\20260904T021539_510021Z_run\raw\rep_0001\scan_0000615_phase_000614_attempt_00.npz","14129622"
"C:\Users\Chris\Documents\GitHub\Control_System\evidence\experiments\runs\authorized_mbco_phase_reconstruction_20260904T002152_3132654Z\retry_06_buffered_single_rearm_ddg_20260904T021526_1936864Z\Phase Scan\2026-09-04\20260904T021539_510021Z_run\raw\rep_0001\scan_0000616_phase_000615_attempt_00.npz","13949870"
"C:\Users\Chris\Documents\GitHub\Control_System\evidence\experiments\runs\authorized_mbco_phase_reconstruction_20260904T002152_3132654Z\retry_06_buffered_single_rearm_ddg_20260904T021526_1936864Z\Phase Scan\2026-09-04\20260904T021539_510021Z_run\raw\rep_0001\scan_0000617_phase_000616_attempt_00.npz","13957510"
"C:\Users\Chris\Documents\GitHub\Control_System\evidence\experiments\runs\authorized_mbco_phase_reconstruction_20260904T002152_3132654Z\retry_06_buffered_single_rearm_ddg_20260904T021526_1936864Z\Phase Scan\2026-09-04\20260904T021539_510021Z_run\raw\rep_0001\scan_0000618_phase_000617_attempt_00.npz","13390638"
"C:\Users\Chris\Documents\GitHub\Control_System\evidence\experiments\runs\authorized_mbco_phase_reconstruction_20260904T002152_3132654Z\retry_06_buffered_single_rearm_ddg_20260904T021526_1936864Z\Phase Scan\2026-09-04\20260904T021539_510021Z_run\raw\rep_0001\scan_0000619_phase_000618_attempt_00.npz","13405638"
"C:\Users\Chris\Documents\GitHub\Control_System\evidence\experiments\runs\authorized_mbco_phase_reconstruction_20260904T002152_3132654Z\retry_06_buffered_single_rearm_ddg_20260904T021526_1936864Z\Phase Scan\2026-09-04\20260904T021539_510021Z_run\raw\rep_0001\scan_0000620_phase_000619_attempt_00.npz","13484298"
"C:\Users\Chris\Documents\GitHub\Control_System\evidence\experiments\runs\authorized_mbco_phase_reconstruction_20260904T002152_3132654Z\retry_06_buffered_single_rearm_ddg_20260904T021526_1936864Z\Phase Scan\2026-09-04\20260904T021539_510021Z_run\raw\rep_0001\scan_0000621_phase_000620_attempt_00.npz","13534514"
"C:\Users\Chris\Documents\GitHub\Control_System\evidence\experiments\runs\authorized_mbco_phase_reconstruction_20260904T002152_3132654Z\retry_06_buffered_single_rearm_ddg_20260904T021526_1936864Z\Phase Scan\2026-09-04\20260904T021539_510021Z_run\raw\rep_0001\scan_0000622_phase_000621_attempt_00.npz","13335854"
"C:\Users\Chris\Documents\GitHub\Control_System\evidence\experiments\runs\authorized_mbco_phase_reconstruction_20260904T002152_3132654Z\retry_06_buffered_single_rearm_ddg_20260904T021526_1936864Z\Phase Scan\2026-09-04\20260904T021539_510021Z_run\raw\rep_0001\scan_0000623_phase_000622_attempt_00.npz","13532310"
"C:\Users\Chris\Documents\GitHub\Control_System\evidence\experiments\runs\authorized_mbco_phase_reconstruction_20260904T002152_3132654Z\retry_06_buffered_single_rearm_ddg_20260904T021526_1936864Z\Phase Scan\2026-09-04\20260904T021539_510021Z_run\raw\rep_0001\scan_0000624_phase_000623_attempt_00.npz","13408150"
"C:\Users\Chris\Documents\GitHub\Control_System\evidence\experiments\runs\authorized_mbco_phase_reconstruction_20260904T002152_3132654Z\retry_06_buffered_single_rearm_ddg_20260904T021526_1936864Z\Phase Scan\2026-09-04\20260904T021539_510021Z_run\raw\rep_0001\scan_0000625_phase_000624_attempt_00.npz","13725470"
"C:\Users\Chris\Documents\GitHub\Control_System\evidence\experiments\runs\authorized_mbco_phase_reconstruction_20260904T002152_3132654Z\retry_06_buffered_single_rearm_ddg_20260904T021526_1936864Z\Phase Scan\2026-09-04\20260904T021539_510021Z_run\raw\rep_0001\scan_0000626_phase_000625_attempt_00.npz","13754542"
"C:\Users\Chris\Documents\GitHub\Control_System\evidence\experiments\runs\authorized_mbco_phase_reconstruction_20260904T002152_3132654Z\retry_06_buffered_single_rearm_ddg_20260904T021526_1936864Z\Phase Scan\2026-09-04\20260904T021539_510021Z_run\raw\rep_0001\scan_0000627_phase_000626_attempt_00.npz","13304606"
"C:\Users\Chris\Documents\GitHub\Control_System\evidence\experiments\runs\authorized_mbco_phase_reconstruction_20260904T002152_3132654Z\retry_06_buffered_single_rearm_ddg_20260904T021526_1936864Z\Phase Scan\2026-09-04\20260904T021539_510021Z_run\raw\rep_0001\scan_0000628_phase_000627_attempt_00.npz","13797550"
"C:\Users\Chris\Documents\GitHub\Control_System\evidence\experiments\runs\authorized_mbco_phase_reconstruction_20260904T002152_3132654Z\retry_06_buffered_single_rearm_ddg_20260904T021526_1936864Z\Phase Scan\2026-09-04\20260904T021539_510021Z_run\raw\rep_0001\scan_0000629_phase_000628_attempt_00.npz","13831794"
"C:\Users\Chris\Documents\GitHub\Control_System\evidence\experiments\runs\authorized_mbco_phase_reconstruction_20260904T002152_3132654Z\retry_06_buffered_single_rearm_ddg_20260904T021526_1936864Z\Phase Scan\2026-09-04\20260904T021539_510021Z_run\raw\rep_0001\scan_0000630_phase_000629_attempt_00.npz","14049018"
"C:\Users\Chris\Documents\GitHub\Control_System\evidence\experiments\runs\authorized_mbco_phase_reconstruction_20260904T002152_3132654Z\retry_06_buffered_single_rearm_ddg_20260904T021526_1936864Z\Phase Scan\2026-09-04\20260904T021539_510021Z_run\raw\rep_0001\scan_0000631_phase_000630_attempt_00.npz","13549806"
"C:\Users\Chris\Documents\GitHub\Control_System\evidence\experiments\runs\authorized_mbco_phase_reconstruction_20260904T002152_3132654Z\retry_06_buffered_single_rearm_ddg_20260904T021526_1936864Z\Phase Scan\2026-09-04\20260904T021539_510021Z_run\raw\rep_0001\scan_0000632_phase_000631_attempt_00.npz","13562906"
"C:\Users\Chris\Documents\GitHub\Control_System\evidence\experiments\runs\authorized_mbco_phase_reconstruction_20260904T002152_3132654Z\retry_06_buffered_single_rearm_ddg_20260904T021526_1936864Z\Phase Scan\2026-09-04\20260904T021539_510021Z_run\raw\rep_0001\scan_0000633_phase_000632_attempt_00.npz","13735606"
"C:\Users\Chris\Documents\GitHub\Control_System\evidence\experiments\runs\authorized_mbco_phase_reconstruction_20260904T002152_3132654Z\retry_06_buffered_single_rearm_ddg_20260904T021526_1936864Z\Phase Scan\2026-09-04\20260904T021539_510021Z_run\raw\rep_0001\scan_0000634_phase_000633_attempt_00.npz","13740018"
"C:\Users\Chris\Documents\GitHub\Control_System\evidence\experiments\runs\authorized_mbco_phase_reconstruction_20260904T002152_3132654Z\retry_06_buffered_single_rearm_ddg_20260904T021526_1936864Z\Phase Scan\2026-09-04\20260904T021539_510021Z_run\raw\rep_0001\scan_0000635_phase_000634_attempt_00.npz","13555034"
"C:\Users\Chris\Documents\GitHub\Control_System\evidence\experiments\runs\authorized_mbco_phase_reconstruction_20260904T002152_3132654Z\retry_06_buffered_single_rearm_ddg_20260904T021526_1936864Z\Phase Scan\2026-09-04\20260904T021539_510021Z_run\raw\rep_0001\scan_0000636_phase_000635_attempt_00.npz","13547354"
"C:\Users\Chris\Documents\GitHub\Control_System\evidence\experiments\runs\authorized_mbco_phase_reconstruction_20260904T002152_3132654Z\retry_06_buffered_single_rearm_ddg_20260904T021526_1936864Z\Phase Scan\2026-09-04\20260904T021539_510021Z_run\raw\rep_0001\scan_0000637_phase_000636_attempt_00.npz","13152832"
"C:\Users\Chris\Documents\GitHub\Control_System\evidence\experiments\runs\authorized_mbco_phase_reconstruction_20260904T002152_3132654Z\retry_06_buffered_single_rearm_ddg_20260904T021526_1936864Z\Phase Scan\2026-09-04\20260904T021539_510021Z_run\raw\rep_0001\scan_0000638_phase_000637_attempt_00.npz","13378634"
"C:\Users\Chris\Documents\GitHub\Control_System\evidence\experiments\runs\authorized_mbco_phase_reconstruction_20260904T002152_3132654Z\retry_06_buffered_single_rearm_ddg_20260904T021526_1936864Z\Phase Scan\2026-09-04\20260904T021539_510021Z_run\raw\rep_0001\scan_0000639_phase_000638_attempt_00.npz","13181540"
"C:\Users\Chris\Documents\GitHub\Control_System\evidence\experiments\runs\authorized_mbco_phase_reconstruction_20260904T002152_3132654Z\retry_06_buffered_single_rearm_ddg_20260904T021526_1936864Z\Phase Scan\2026-09-04\20260904T021539_510021Z_run\raw\rep_0001\scan_0000640_phase_000639_attempt_00.npz","13622870"
"C:\Users\Chris\Documents\GitHub\Control_System\evidence\experiments\runs\authorized_mbco_phase_reconstruction_20260904T002152_3132654Z\retry_06_buffered_single_rearm_ddg_20260904T021526_1936864Z\Phase Scan\2026-09-04\20260904T021539_510021Z_run\raw\rep_0001\scan_0000641_phase_000640_attempt_00.npz","13964406"
"C:\Users\Chris\Documents\GitHub\Control_System\evidence\experiments\runs\authorized_mbco_phase_reconstruction_20260904T002152_3132654Z\retry_06_buffered_single_rearm_ddg_20260904T021526_1936864Z\Phase Scan\2026-09-04\20260904T021539_510021Z_run\raw\rep_0001\scan_0000642_phase_000641_attempt_00.npz","13242432"
"C:\Users\Chris\Documents\GitHub\Control_System\evidence\experiments\runs\authorized_mbco_phase_reconstruction_20260904T002152_3132654Z\retry_06_buffered_single_rearm_ddg_20260904T021526_1936864Z\Phase Scan\2026-09-04\20260904T021539_510021Z_run\raw\rep_0001\scan_0000643_phase_000642_attempt_00.npz","13663958"
"C:\Users\Chris\Documents\GitHub\Control_System\evidence\experiments\runs\authorized_mbco_phase_reconstruction_20260904T002152_3132654Z\retry_06_buffered_single_rearm_ddg_20260904T021526_1936864Z\Phase Scan\2026-09-04\20260904T021539_510021Z_run\raw\rep_0001\scan_0000644_phase_000643_attempt_00.npz","13535026"
"C:\Users\Chris\Documents\GitHub\Control_System\evidence\experiments\runs\authorized_mbco_phase_reconstruction_20260904T002152_3132654Z\retry_06_buffered_single_rearm_ddg_20260904T021526_1936864Z\Phase Scan\2026-09-04\20260904T021539_510021Z_run\raw\rep_0001\scan_0000645_phase_000644_attempt_00.npz","13262706"
"C:\Users\Chris\Documents\GitHub\Control_System\evidence\experiments\runs\authorized_mbco_phase_reconstruction_20260904T002152_3132654Z\retry_06_buffered_single_rearm_ddg_20260904T021526_1936864Z\Phase Scan\2026-09-04\20260904T021539_510021Z_run\raw\rep_0001\scan_0000646_phase_000645_attempt_00.npz","13814730"
"C:\Users\Chris\Documents\GitHub\Control_System\evidence\experiments\runs\authorized_mbco_phase_reconstruction_20260904T002152_3132654Z\retry_06_buffered_single_rearm_ddg_20260904T021526_1936864Z\Phase Scan\2026-09-04\20260904T021539_510021Z_run\raw\rep_0001\scan_0000647_phase_000646_attempt_00.npz","13600602"
"C:\Users\Chris\Documents\GitHub\Control_System\evidence\experiments\runs\authorized_mbco_phase_reconstruction_20260904T002152_3132654Z\retry_06_buffered_single_rearm_ddg_20260904T021526_1936864Z\Phase Scan\2026-09-04\20260904T021539_510021Z_run\raw\rep_0001\scan_0000648_phase_000647_attempt_00.npz","14040402"
"C:\Users\Chris\Documents\GitHub\Control_System\evidence\experiments\runs\authorized_mbco_phase_reconstruction_20260904T002152_3132654Z\retry_06_buffered_single_rearm_ddg_20260904T021526_1936864Z\Phase Scan\2026-09-04\20260904T021539_510021Z_run\raw\rep_0001\scan_0000649_phase_000648_attempt_00.npz","13530738"
"C:\Users\Chris\Documents\GitHub\Control_System\evidence\experiments\runs\authorized_mbco_phase_reconstruction_20260904T002152_3132654Z\retry_06_buffered_single_rearm_ddg_20260904T021526_1936864Z\Phase Scan\2026-09-04\20260904T021539_510021Z_run\raw\rep_0001\scan_0000650_phase_000649_attempt_00.npz","13629430"
"C:\Users\Chris\Documents\GitHub\Control_System\evidence\experiments\runs\authorized_mbco_phase_reconstruction_20260904T002152_3132654Z\retry_06_buffered_single_rearm_ddg_20260904T021526_1936864Z\Phase Scan\2026-09-04\20260904T021539_510021Z_run\raw\rep_0001\scan_0000651_phase_000650_attempt_00.npz","13756782"
"C:\Users\Chris\Documents\GitHub\Control_System\evidence\experiments\runs\authorized_mbco_phase_reconstruction_20260904T002152_3132654Z\retry_06_buffered_single_rearm_ddg_20260904T021526_1936864Z\Phase Scan\2026-09-04\20260904T021539_510021Z_run\raw\rep_0001\scan_0000652_phase_000651_attempt_00.npz","13172022"
"C:\Users\Chris\Documents\GitHub\Control_System\evidence\experiments\runs\authorized_mbco_phase_reconstruction_20260904T002152_3132654Z\retry_06_buffered_single_rearm_ddg_20260904T021526_1936864Z\Phase Scan\2026-09-04\20260904T021539_510021Z_run\raw\rep_0001\scan_0000653_phase_000652_attempt_00.npz","13359198"
"C:\Users\Chris\Documents\GitHub\Control_System\evidence\experiments\runs\authorized_mbco_phase_reconstruction_20260904T002152_3132654Z\retry_06_buffered_single_rearm_ddg_20260904T021526_1936864Z\Phase Scan\2026-09-04\20260904T021539_510021Z_run\raw\rep_0001\scan_0000654_phase_000653_attempt_00.npz","14415190"
"C:\Users\Chris\Documents\GitHub\Control_System\evidence\experiments\runs\authorized_mbco_phase_reconstruction_20260904T002152_3132654Z\retry_06_buffered_single_rearm_ddg_20260904T021526_1936864Z\Phase Scan\2026-09-04\20260904T021539_510021Z_run\raw\rep_0001\scan_0000655_phase_000654_attempt_00.npz","13568154"
"C:\Users\Chris\Documents\GitHub\Control_System\evidence\experiments\runs\authorized_mbco_phase_reconstruction_20260904T002152_3132654Z\retry_06_buffered_single_rearm_ddg_20260904T021526_1936864Z\Phase Scan\2026-09-04\20260904T021539_510021Z_run\raw\rep_0001\scan_0000656_phase_000655_attempt_00.npz","13307364"
"C:\Users\Chris\Documents\GitHub\Control_System\evidence\experiments\runs\authorized_mbco_phase_reconstruction_20260904T002152_3132654Z\retry_06_buffered_single_rearm_ddg_20260904T021526_1936864Z\Phase Scan\2026-09-04\20260904T021539_510021Z_run\raw\rep_0001\scan_0000657_phase_000656_attempt_00.npz","13631414"
"C:\Users\Chris\Documents\GitHub\Control_System\evidence\experiments\runs\authorized_mbco_phase_reconstruction_20260904T002152_3132654Z\retry_06_buffered_single_rearm_ddg_20260904T021526_1936864Z\Phase Scan\2026-09-04\20260904T021539_510021Z_run\raw\rep_0001\scan_0000658_phase_000657_attempt_00.npz","13585782"
"C:\Users\Chris\Documents\GitHub\Control_System\evidence\experiments\runs\authorized_mbco_phase_reconstruction_20260904T002152_3132654Z\retry_06_buffered_single_rearm_ddg_20260904T021526_1936864Z\Phase Scan\2026-09-04\20260904T021539_510021Z_run\raw\rep_0001\scan_0000659_phase_000658_attempt_00.npz","14035378"
"C:\Users\Chris\Documents\GitHub\Control_System\evidence\experiments\runs\authorized_mbco_phase_reconstruction_20260904T002152_3132654Z\retry_06_buffered_single_rearm_ddg_20260904T021526_1936864Z\Phase Scan\2026-09-04\20260904T021539_510021Z_run\raw\rep_0001\scan_0000660_phase_000659_attempt_00.npz","13939246"
"C:\Users\Chris\Documents\GitHub\Control_System\evidence\experiments\runs\authorized_mbco_phase_reconstruction_20260904T002152_3132654Z\retry_06_buffered_single_rearm_ddg_20260904T021526_1936864Z\Phase Scan\2026-09-04\20260904T021539_510021Z_run\raw\rep_0001\scan_0000661_phase_000660_attempt_00.npz","13388658"
"C:\Users\Chris\Documents\GitHub\Control_System\evidence\experiments\runs\authorized_mbco_phase_reconstruction_20260904T002152_3132654Z\retry_06_buffered_single_rearm_ddg_20260904T021526_1936864Z\Phase Scan\2026-09-04\20260904T021539_510021Z_run\raw\rep_0001\scan_0000662_phase_000661_attempt_00.npz","14029014"
"C:\Users\Chris\Documents\GitHub\Control_System\evidence\experiments\runs\authorized_mbco_phase_reconstruction_20260904T002152_3132654Z\retry_06_buffered_single_rearm_ddg_20260904T021526_1936864Z\Phase Scan\2026-09-04\20260904T021539_510021Z_run\raw\rep_0001\scan_0000663_phase_000662_attempt_00.npz","13481082"
"C:\Users\Chris\Documents\GitHub\Control_System\evidence\experiments\runs\authorized_mbco_phase_reconstruction_20260904T002152_3132654Z\retry_06_buffered_single_rearm_ddg_20260904T021526_1936864Z\Phase Scan\2026-09-04\20260904T021539_510021Z_run\raw\rep_0001\scan_0000664_phase_000663_attempt_00.npz","13846646"
"C:\Users\Chris\Documents\GitHub\Control_System\evidence\experiments\runs\authorized_mbco_phase_reconstruction_20260904T002152_3132654Z\retry_06_buffered_single_rearm_ddg_20260904T021526_1936864Z\Phase Scan\2026-09-04\20260904T021539_510021Z_run\raw\rep_0001\scan_0000665_phase_000664_attempt_00.npz","13674994"
"C:\Users\Chris\Documents\GitHub\Control_System\evidence\experiments\runs\authorized_mbco_phase_reconstruction_20260904T002152_3132654Z\retry_06_buffered_single_rearm_ddg_20260904T021526_1936864Z\Phase Scan\2026-09-04\20260904T021539_510021Z_run\raw\rep_0001\scan_0000666_phase_000665_attempt_00.npz","13284604"
"C:\Users\Chris\Documents\GitHub\Control_System\evidence\experiments\runs\authorized_mbco_phase_reconstruction_20260904T002152_3132654Z\retry_06_buffered_single_rearm_ddg_20260904T021526_1936864Z\Phase Scan\2026-09-04\20260904T021539_510021Z_run\raw\rep_0001\scan_0000667_phase_000666_attempt_00.npz","14121462"
"C:\Users\Chris\Documents\GitHub\Control_System\evidence\experiments\runs\authorized_mbco_phase_reconstruction_20260904T002152_3132654Z\retry_06_buffered_single_rearm_ddg_20260904T021526_1936864Z\Phase Scan\2026-09-04\20260904T021539_510021Z_run\raw\rep_0001\scan_0000668_phase_000667_attempt_00.npz","13359026"
"C:\Users\Chris\Documents\GitHub\Control_System\evidence\experiments\runs\authorized_mbco_phase_reconstruction_20260904T002152_3132654Z\retry_06_buffered_single_rearm_ddg_20260904T021526_1936864Z\Phase Scan\2026-09-04\20260904T021539_510021Z_run\raw\rep_0001\scan_0000669_phase_000668_attempt_00.npz","13555986"
"C:\Users\Chris\Documents\GitHub\Control_System\evidence\experiments\runs\authorized_mbco_phase_reconstruction_20260904T002152_3132654Z\retry_06_buffered_single_rearm_ddg_20260904T021526_1936864Z\Phase Scan\2026-09-04\20260904T021539_510021Z_run\raw\rep_0001\scan_0000670_phase_000669_attempt_00.npz","14082270"
"C:\Users\Chris\Documents\GitHub\Control_System\evidence\experiments\runs\authorized_mbco_phase_reconstruction_20260904T002152_3132654Z\retry_06_buffered_single_rearm_ddg_20260904T021526_1936864Z\Phase Scan\2026-09-04\20260904T021539_510021Z_run\raw\rep_0001\scan_0000671_phase_000670_attempt_00.npz","13407158"
"C:\Users\Chris\Documents\GitHub\Control_System\evidence\experiments\runs\authorized_mbco_phase_reconstruction_20260904T002152_3132654Z\retry_06_buffered_single_rearm_ddg_20260904T021526_1936864Z\Phase Scan\2026-09-04\20260904T021539_510021Z_run\raw\rep_0001\scan_0000672_phase_000671_attempt_00.npz","14108506"
"C:\Users\Chris\Documents\GitHub\Control_System\evidence\experiments\runs\authorized_mbco_phase_reconstruction_20260904T002152_3132654Z\retry_06_buffered_single_rearm_ddg_20260904T021526_1936864Z\Phase Scan\2026-09-04\20260904T021539_510021Z_run\raw\rep_0001\scan_0000673_phase_000672_attempt_00.npz","13828622"
"C:\Users\Chris\Documents\GitHub\Control_System\evidence\experiments\runs\authorized_mbco_phase_reconstruction_20260904T002152_3132654Z\retry_06_buffered_single_rearm_ddg_20260904T021526_1936864Z\Phase Scan\2026-09-04\20260904T021539_510021Z_run\raw\rep_0001\scan_0000674_phase_000673_attempt_00.npz","13925782"
"C:\Users\Chris\Documents\GitHub\Control_System\evidence\experiments\runs\authorized_mbco_phase_reconstruction_20260904T002152_3132654Z\retry_06_buffered_single_rearm_ddg_20260904T021526_1936864Z\Phase Scan\2026-09-04\20260904T021539_510021Z_run\raw\rep_0001\scan_0000675_phase_000674_attempt_00.npz","13403246"
"C:\Users\Chris\Documents\GitHub\Control_System\evidence\experiments\runs\authorized_mbco_phase_reconstruction_20260904T002152_3132654Z\retry_06_buffered_single_rearm_ddg_20260904T021526_1936864Z\Phase Scan\2026-09-04\20260904T021539_510021Z_run\raw\rep_0001\scan_0000676_phase_000675_attempt_00.npz","13627126"
"C:\Users\Chris\Documents\GitHub\Control_System\evidence\experiments\runs\authorized_mbco_phase_reconstruction_20260904T002152_3132654Z\retry_06_buffered_single_rearm_ddg_20260904T021526_1936864Z\Phase Scan\2026-09-04\20260904T021539_510021Z_run\raw\rep_0001\scan_0000677_phase_000676_attempt_00.npz","13733278"
"C:\Users\Chris\Documents\GitHub\Control_System\evidence\experiments\runs\authorized_mbco_phase_reconstruction_20260904T002152_3132654Z\retry_06_buffered_single_rearm_ddg_20260904T021526_1936864Z\Phase Scan\2026-09-04\20260904T021539_510021Z_run\raw\rep_0001\scan_0000678_phase_000677_attempt_00.npz","14021654"
"C:\Users\Chris\Documents\GitHub\Control_System\evidence\experiments\runs\authorized_mbco_phase_reconstruction_20260904T002152_3132654Z\retry_06_buffered_single_rearm_ddg_20260904T021526_1936864Z\Phase Scan\2026-09-04\20260904T021539_510021Z_run\raw\rep_0001\scan_0000679_phase_000678_attempt_00.npz","14055254"
"C:\Users\Chris\Documents\GitHub\Control_System\evidence\experiments\runs\authorized_mbco_phase_reconstruction_20260904T002152_3132654Z\retry_06_buffered_single_rearm_ddg_20260904T021526_1936864Z\Phase Scan\2026-09-04\20260904T021539_510021Z_run\raw\rep_0001\scan_0000680_phase_000679_attempt_00.npz","13462454"
"C:\Users\Chris\Documents\GitHub\Control_System\evidence\experiments\runs\authorized_mbco_phase_reconstruction_20260904T002152_3132654Z\retry_06_buffered_single_rearm_ddg_20260904T021526_1936864Z\Phase Scan\2026-09-04\20260904T021539_510021Z_run\raw\rep_0001\scan_0000681_phase_000680_attempt_00.npz","13951578"
"C:\Users\Chris\Documents\GitHub\Control_System\evidence\experiments\runs\authorized_mbco_phase_reconstruction_20260904T002152_3132654Z\retry_06_buffered_single_rearm_ddg_20260904T021526_1936864Z\Phase Scan\2026-09-04\20260904T021539_510021Z_run\raw\rep_0001\scan_0000682_phase_000681_attempt_00.npz","13829814"
"C:\Users\Chris\Documents\GitHub\Control_System\evidence\experiments\runs\authorized_mbco_phase_reconstruction_20260904T002152_3132654Z\retry_06_buffered_single_rearm_ddg_20260904T021526_1936864Z\Phase Scan\2026-09-04\20260904T021539_510021Z_run\raw\rep_0001\scan_0000683_phase_000682_attempt_00.npz","13765110"
"C:\Users\Chris\Documents\GitHub\Control_System\evidence\experiments\runs\authorized_mbco_phase_reconstruction_20260904T002152_3132654Z\retry_06_buffered_single_rearm_ddg_20260904T021526_1936864Z\Phase Scan\2026-09-04\20260904T021539_510021Z_run\raw\rep_0001\scan_0000684_phase_000683_attempt_00.npz","13287218"
"C:\Users\Chris\Documents\GitHub\Control_System\evidence\experiments\runs\authorized_mbco_phase_reconstruction_20260904T002152_3132654Z\retry_06_buffered_single_rearm_ddg_20260904T021526_1936864Z\Phase Scan\2026-09-04\20260904T021539_510021Z_run\raw\rep_0001\scan_0000685_phase_000684_attempt_00.npz","13785718"
"C:\Users\Chris\Documents\GitHub\Control_System\evidence\experiments\runs\authorized_mbco_phase_reconstruction_20260904T002152_3132654Z\retry_06_buffered_single_rearm_ddg_20260904T021526_1936864Z\Phase Scan\2026-09-04\20260904T021539_510021Z_run\raw\rep_0001\scan_0000686_phase_000685_attempt_00.npz","13456534"
"C:\Users\Chris\Documents\GitHub\Control_System\evidence\experiments\runs\authorized_mbco_phase_reconstruction_20260904T002152_3132654Z\retry_06_buffered_single_rearm_ddg_20260904T021526_1936864Z\Phase Scan\2026-09-04\20260904T021539_510021Z_run\raw\rep_0001\scan_0000687_phase_000686_attempt_00.npz","13321056"
"C:\Users\Chris\Documents\GitHub\Control_System\evidence\experiments\runs\authorized_mbco_phase_reconstruction_20260904T002152_3132654Z\retry_06_buffered_single_rearm_ddg_20260904T021526_1936864Z\Phase Scan\2026-09-04\20260904T021539_510021Z_run\raw\rep_0001\scan_0000688_phase_000687_attempt_00.npz","14146614"
"C:\Users\Chris\Documents\GitHub\Control_System\evidence\experiments\runs\authorized_mbco_phase_reconstruction_20260904T002152_3132654Z\retry_06_buffered_single_rearm_ddg_20260904T021526_1936864Z\Phase Scan\2026-09-04\20260904T021539_510021Z_run\raw\rep_0001\scan_0000689_phase_000688_attempt_00.npz","13645622"
"C:\Users\Chris\Documents\GitHub\Control_System\evidence\experiments\runs\authorized_mbco_phase_reconstruction_20260904T002152_3132654Z\retry_06_buffered_single_rearm_ddg_20260904T021526_1936864Z\Phase Scan\2026-09-04\20260904T021539_510021Z_run\raw\rep_0001\scan_0000690_phase_000689_attempt_00.npz","13498486"
"C:\Users\Chris\Documents\GitHub\Control_System\evidence\experiments\runs\authorized_mbco_phase_reconstruction_20260904T002152_3132654Z\retry_06_buffered_single_rearm_ddg_20260904T021526_1936864Z\Phase Scan\2026-09-04\20260904T021539_510021Z_run\raw\rep_0001\scan_0000691_phase_000690_attempt_00.npz","13862582"
"C:\Users\Chris\Documents\GitHub\Control_System\evidence\experiments\runs\authorized_mbco_phase_reconstruction_20260904T002152_3132654Z\retry_06_buffered_single_rearm_ddg_20260904T021526_1936864Z\Phase Scan\2026-09-04\20260904T021539_510021Z_run\raw\rep_0001\scan_0000692_phase_000691_attempt_00.npz","13600562"
"C:\Users\Chris\Documents\GitHub\Control_System\evidence\experiments\runs\authorized_mbco_phase_reconstruction_20260904T002152_3132654Z\retry_06_buffered_single_rearm_ddg_20260904T021526_1936864Z\Phase Scan\2026-09-04\20260904T021539_510021Z_run\raw\rep_0001\scan_0000693_phase_000692_attempt_00.npz","13163548"
"C:\Users\Chris\Documents\GitHub\Control_System\evidence\experiments\runs\authorized_mbco_phase_reconstruction_20260904T002152_3132654Z\retry_06_buffered_single_rearm_ddg_20260904T021526_1936864Z\Phase Scan\2026-09-04\20260904T021539_510021Z_run\raw\rep_0001\scan_0000694_phase_000693_attempt_00.npz","14235182"
"C:\Users\Chris\Documents\GitHub\Control_System\evidence\experiments\runs\authorized_mbco_phase_reconstruction_20260904T002152_3132654Z\retry_06_buffered_single_rearm_ddg_20260904T021526_1936864Z\Phase Scan\2026-09-04\20260904T021539_510021Z_run\raw\rep_0001\scan_0000695_phase_000694_attempt_00.npz","13462194"
"C:\Users\Chris\Documents\GitHub\Control_System\evidence\experiments\runs\authorized_mbco_phase_reconstruction_20260904T002152_3132654Z\retry_06_buffered_single_rearm_ddg_20260904T021526_1936864Z\Phase Scan\2026-09-04\20260904T021539_510021Z_run\raw\rep_0001\scan_0000696_phase_000695_attempt_00.npz","13363638"
"C:\Users\Chris\Documents\GitHub\Control_System\evidence\experiments\runs\authorized_mbco_phase_reconstruction_20260904T002152_3132654Z\retry_06_buffered_single_rearm_ddg_20260904T021526_1936864Z\Phase Scan\2026-09-04\20260904T021539_510021Z_run\raw\rep_0001\scan_0000697_phase_000696_attempt_00.npz","13540794"
"C:\Users\Chris\Documents\GitHub\Control_System\evidence\experiments\runs\authorized_mbco_phase_reconstruction_20260904T002152_3132654Z\retry_06_buffered_single_rearm_ddg_20260904T021526_1936864Z\Phase Scan\2026-09-04\20260904T021539_510021Z_run\raw\rep_0001\scan_0000698_phase_000697_attempt_00.npz","13619054"
"C:\Users\Chris\Documents\GitHub\Control_System\evidence\experiments\runs\authorized_mbco_phase_reconstruction_20260904T002152_3132654Z\retry_06_buffered_single_rearm_ddg_20260904T021526_1936864Z\Phase Scan\2026-09-04\20260904T021539_510021Z_run\raw\rep_0001\scan_0000699_phase_000698_attempt_00.npz","13940090"
"C:\Users\Chris\Documents\GitHub\Control_System\evidence\experiments\runs\authorized_mbco_phase_reconstruction_20260904T002152_3132654Z\retry_06_buffered_single_rearm_ddg_20260904T021526_1936864Z\Phase Scan\2026-09-04\20260904T021539_510021Z_run\raw\rep_0001\scan_0000700_phase_000699_attempt_00.npz","13968378"
"C:\Users\Chris\Documents\GitHub\Control_System\evidence\experiments\runs\authorized_mbco_phase_reconstruction_20260904T002152_3132654Z\retry_06_buffered_single_rearm_ddg_20260904T021526_1936864Z\Phase Scan\2026-09-04\20260904T021539_510021Z_run\raw\rep_0001\scan_0000701_phase_000700_attempt_00.npz","13463420"
"C:\Users\Chris\Documents\GitHub\Control_System\evidence\experiments\runs\authorized_mbco_phase_reconstruction_20260904T002152_3132654Z\retry_06_buffered_single_rearm_ddg_20260904T021526_1936864Z\Phase Scan\2026-09-04\20260904T021539_510021Z_run\raw\rep_0001\scan_0000702_phase_000701_attempt_00.npz","13692246"
"C:\Users\Chris\Documents\GitHub\Control_System\evidence\experiments\runs\authorized_mbco_phase_reconstruction_20260904T002152_3132654Z\retry_06_buffered_single_rearm_ddg_20260904T021526_1936864Z\Phase Scan\2026-09-04\20260904T021539_510021Z_run\raw\rep_0001\scan_0000703_phase_000702_attempt_00.npz","13927098"
"C:\Users\Chris\Documents\GitHub\Control_System\evidence\experiments\runs\authorized_mbco_phase_reconstruction_20260904T002152_3132654Z\retry_06_buffered_single_rearm_ddg_20260904T021526_1936864Z\Phase Scan\2026-09-04\20260904T021539_510021Z_run\raw\rep_0001\scan_0000704_phase_000703_attempt_00.npz","13624886"
"C:\Users\Chris\Documents\GitHub\Control_System\evidence\experiments\runs\authorized_mbco_phase_reconstruction_20260904T002152_3132654Z\retry_06_buffered_single_rearm_ddg_20260904T021526_1936864Z\Phase Scan\2026-09-04\20260904T021539_510021Z_run\raw\rep_0001\scan_0000705_phase_000704_attempt_00.npz","13215528"
"C:\Users\Chris\Documents\GitHub\Control_System\evidence\experiments\runs\authorized_mbco_phase_reconstruction_20260904T002152_3132654Z\retry_06_buffered_single_rearm_ddg_20260904T021526_1936864Z\Phase Scan\2026-09-04\20260904T021539_510021Z_run\raw\rep_0001\scan_0000706_phase_000705_attempt_00.npz","13610862"
"C:\Users\Chris\Documents\GitHub\Control_System\evidence\experiments\runs\authorized_mbco_phase_reconstruction_20260904T002152_3132654Z\retry_06_buffered_single_rearm_ddg_20260904T021526_1936864Z\Phase Scan\2026-09-04\20260904T021539_510021Z_run\raw\rep_0001\scan_0000707_phase_000706_attempt_00.npz","13372438"
"C:\Users\Chris\Documents\GitHub\Control_System\evidence\experiments\runs\authorized_mbco_phase_reconstruction_20260904T002152_3132654Z\retry_06_buffered_single_rearm_ddg_20260904T021526_1936864Z\Phase Scan\2026-09-04\20260904T021539_510021Z_run\raw\rep_0001\scan_0000708_phase_000707_attempt_00.npz","13819162"
"C:\Users\Chris\Documents\GitHub\Control_System\evidence\experiments\runs\authorized_mbco_phase_reconstruction_20260904T002152_3132654Z\retry_06_buffered_single_rearm_ddg_20260904T021526_1936864Z\Phase Scan\2026-09-04\20260904T021539_510021Z_run\raw\rep_0001\scan_0000709_phase_000708_attempt_00.npz","14007766"
"C:\Users\Chris\Documents\GitHub\Control_System\evidence\experiments\runs\authorized_mbco_phase_reconstruction_20260904T002152_3132654Z\retry_06_buffered_single_rearm_ddg_20260904T021526_1936864Z\Phase Scan\2026-09-04\20260904T021539_510021Z_run\raw\rep_0001\scan_0000710_phase_000709_attempt_00.npz","13720526"
"C:\Users\Chris\Documents\GitHub\Control_System\evidence\experiments\runs\authorized_mbco_phase_reconstruction_20260904T002152_3132654Z\retry_06_buffered_single_rearm_ddg_20260904T021526_1936864Z\Phase Scan\2026-09-04\20260904T021539_510021Z_run\raw\rep_0001\scan_0000711_phase_000710_attempt_00.npz","13846550"
"C:\Users\Chris\Documents\GitHub\Control_System\evidence\experiments\runs\authorized_mbco_phase_reconstruction_20260904T002152_3132654Z\retry_06_buffered_single_rearm_ddg_20260904T021526_1936864Z\Phase Scan\2026-09-04\20260904T021539_510021Z_run\raw\rep_0001\scan_0000712_phase_000711_attempt_00.npz","14005846"
"C:\Users\Chris\Documents\GitHub\Control_System\evidence\experiments\runs\authorized_mbco_phase_reconstruction_20260904T002152_3132654Z\retry_06_buffered_single_rearm_ddg_20260904T021526_1936864Z\Phase Scan\2026-09-04\20260904T021539_510021Z_run\raw\rep_0001\scan_0000713_phase_000712_attempt_00.npz","13743322"
"C:\Users\Chris\Documents\GitHub\Control_System\evidence\experiments\runs\authorized_mbco_phase_reconstruction_20260904T002152_3132654Z\retry_06_buffered_single_rearm_ddg_20260904T021526_1936864Z\Phase Scan\2026-09-04\20260904T021539_510021Z_run\raw\rep_0001\scan_0000714_phase_000713_attempt_00.npz","14005654"
"C:\Users\Chris\Documents\GitHub\Control_System\evidence\experiments\runs\authorized_mbco_phase_reconstruction_20260904T002152_3132654Z\retry_06_buffered_single_rearm_ddg_20260904T021526_1936864Z\Phase Scan\2026-09-04\20260904T021539_510021Z_run\raw\rep_0001\scan_0000715_phase_000714_attempt_00.npz","13519642"
"C:\Users\Chris\Documents\GitHub\Control_System\evidence\experiments\runs\authorized_mbco_phase_reconstruction_20260904T002152_3132654Z\retry_06_buffered_single_rearm_ddg_20260904T021526_1936864Z\Phase Scan\2026-09-04\20260904T021539_510021Z_run\raw\rep_0001\scan_0000716_phase_000715_attempt_00.npz","13247410"
"C:\Users\Chris\Documents\GitHub\Control_System\evidence\experiments\runs\authorized_mbco_phase_reconstruction_20260904T002152_3132654Z\retry_06_buffered_single_rearm_ddg_20260904T021526_1936864Z\Phase Scan\2026-09-04\20260904T021539_510021Z_run\raw\rep_0001\scan_0000717_phase_000716_attempt_00.npz","14034478"
"C:\Users\Chris\Documents\GitHub\Control_System\evidence\experiments\runs\authorized_mbco_phase_reconstruction_20260904T002152_3132654Z\retry_06_buffered_single_rearm_ddg_20260904T021526_1936864Z\Phase Scan\2026-09-04\20260904T021539_510021Z_run\raw\rep_0001\scan_0000718_phase_000717_attempt_00.npz","13437166"
"C:\Users\Chris\Documents\GitHub\Control_System\evidence\experiments\runs\authorized_mbco_phase_reconstruction_20260904T002152_3132654Z\retry_06_buffered_single_rearm_ddg_20260904T021526_1936864Z\Phase Scan\2026-09-04\20260904T021539_510021Z_run\raw\rep_0001\scan_0000719_phase_000718_attempt_00.npz","13896150"
"C:\Users\Chris\Documents\GitHub\Control_System\evidence\experiments\runs\authorized_mbco_phase_reconstruction_20260904T002152_3132654Z\retry_06_buffered_single_rearm_ddg_20260904T021526_1936864Z\Phase Scan\2026-09-04\20260904T021539_510021Z_run\raw\rep_0001\scan_0000720_phase_000719_attempt_00.npz","13516954"
"C:\Users\Chris\Documents\GitHub\Control_System\evidence\experiments\runs\authorized_mbco_phase_reconstruction_20260904T002152_3132654Z\retry_06_buffered_single_rearm_ddg_20260904T021526_1936864Z\Phase Scan\2026-09-04\20260904T021539_510021Z_run\raw\rep_0001\scan_0000721_phase_000720_attempt_00.npz","13825074"
"C:\Users\Chris\Documents\GitHub\Control_System\evidence\experiments\runs\authorized_mbco_phase_reconstruction_20260904T002152_3132654Z\retry_06_buffered_single_rearm_ddg_20260904T021526_1936864Z\Phase Scan\2026-09-04\20260904T021539_510021Z_run\raw\rep_0001\scan_0000722_phase_000721_attempt_00.npz","14066706"
"C:\Users\Chris\Documents\GitHub\Control_System\evidence\experiments\runs\authorized_mbco_phase_reconstruction_20260904T002152_3132654Z\retry_06_buffered_single_rearm_ddg_20260904T021526_1936864Z\Phase Scan\2026-09-04\20260904T021539_510021Z_run\raw\rep_0001\scan_0000723_phase_000722_attempt_00.npz","13540690"
"C:\Users\Chris\Documents\GitHub\Control_System\evidence\experiments\runs\authorized_mbco_phase_reconstruction_20260904T002152_3132654Z\retry_06_buffered_single_rearm_ddg_20260904T021526_1936864Z\Phase Scan\2026-09-04\20260904T021539_510021Z_run\raw\rep_0001\scan_0000724_phase_000723_attempt_00.npz","13399382"
"C:\Users\Chris\Documents\GitHub\Control_System\evidence\experiments\runs\authorized_mbco_phase_reconstruction_20260904T002152_3132654Z\retry_06_buffered_single_rearm_ddg_20260904T021526_1936864Z\Phase Scan\2026-09-04\20260904T021539_510021Z_run\raw\rep_0001\scan_0000725_phase_000724_attempt_00.npz","13549594"
"C:\Users\Chris\Documents\GitHub\Control_System\evidence\experiments\runs\authorized_mbco_phase_reconstruction_20260904T002152_3132654Z\retry_06_buffered_single_rearm_ddg_20260904T021526_1936864Z\Phase Scan\2026-09-04\20260904T021539_510021Z_run\raw\rep_0001\scan_0000726_phase_000725_attempt_00.npz","13158436"
"C:\Users\Chris\Documents\GitHub\Control_System\evidence\experiments\runs\authorized_mbco_phase_reconstruction_20260904T002152_3132654Z\retry_06_buffered_single_rearm_ddg_20260904T021526_1936864Z\Phase Scan\2026-09-04\20260904T021539_510021Z_run\raw\rep_0001\scan_0000727_phase_000726_attempt_00.npz","13538398"
"C:\Users\Chris\Documents\GitHub\Control_System\evidence\experiments\runs\authorized_mbco_phase_reconstruction_20260904T002152_3132654Z\retry_06_buffered_single_rearm_ddg_20260904T021526_1936864Z\Phase Scan\2026-09-04\20260904T021539_510021Z_run\raw\rep_0001\scan_0000728_phase_000727_attempt_00.npz","13272448"
"C:\Users\Chris\Documents\GitHub\Control_System\evidence\experiments\runs\authorized_mbco_phase_reconstruction_20260904T002152_3132654Z\retry_06_buffered_single_rearm_ddg_20260904T021526_1936864Z\Phase Scan\2026-09-04\20260904T021539_510021Z_run\raw\rep_0001\scan_0000729_phase_000728_attempt_00.npz","13781302"
"C:\Users\Chris\Documents\GitHub\Control_System\evidence\experiments\runs\authorized_mbco_phase_reconstruction_20260904T002152_3132654Z\retry_06_buffered_single_rearm_ddg_20260904T021526_1936864Z\Phase Scan\2026-09-04\20260904T021539_510021Z_run\raw\rep_0001\scan_0000730_phase_000729_attempt_00.npz","13538810"
"C:\Users\Chris\Documents\GitHub\Control_System\evidence\experiments\runs\authorized_mbco_phase_reconstruction_20260904T002152_3132654Z\retry_06_buffered_single_rearm_ddg_20260904T021526_1936864Z\Phase Scan\2026-09-04\20260904T021539_510021Z_run\raw\rep_0001\scan_0000731_phase_000730_attempt_00.npz","13606898"
"C:\Users\Chris\Documents\GitHub\Control_System\evidence\experiments\runs\authorized_mbco_phase_reconstruction_20260904T002152_3132654Z\retry_06_buffered_single_rearm_ddg_20260904T021526_1936864Z\Phase Scan\2026-09-04\20260904T021539_510021Z_run\raw\rep_0001\scan_0000732_phase_000731_attempt_00.npz","13631482"
"C:\Users\Chris\Documents\GitHub\Control_System\evidence\experiments\runs\authorized_mbco_phase_reconstruction_20260904T002152_3132654Z\retry_06_buffered_single_rearm_ddg_20260904T021526_1936864Z\Phase Scan\2026-09-04\20260904T021539_510021Z_run\raw\rep_0001\scan_0000733_phase_000732_attempt_00.npz","13451066"
"C:\Users\Chris\Documents\GitHub\Control_System\evidence\experiments\runs\authorized_mbco_phase_reconstruction_20260904T002152_3132654Z\retry_06_buffered_single_rearm_ddg_20260904T021526_1936864Z\Phase Scan\2026-09-04\20260904T021539_510021Z_run\raw\rep_0001\scan_0000734_phase_000733_attempt_00.npz","13542934"
"C:\Users\Chris\Documents\GitHub\Control_System\evidence\experiments\runs\authorized_mbco_phase_reconstruction_20260904T002152_3132654Z\retry_06_buffered_single_rearm_ddg_20260904T021526_1936864Z\Phase Scan\2026-09-04\20260904T021539_510021Z_run\raw\rep_0001\scan_0000735_phase_000734_attempt_00.npz","13457458"
"C:\Users\Chris\Documents\GitHub\Control_System\evidence\experiments\runs\authorized_mbco_phase_reconstruction_20260904T002152_3132654Z\retry_06_buffered_single_rearm_ddg_20260904T021526_1936864Z\Phase Scan\2026-09-04\20260904T021539_510021Z_run\raw\rep_0001\scan_0000736_phase_000735_attempt_00.npz","13837558"
"C:\Users\Chris\Documents\GitHub\Control_System\evidence\experiments\runs\authorized_mbco_phase_reconstruction_20260904T002152_3132654Z\retry_06_buffered_single_rearm_ddg_20260904T021526_1936864Z\Phase Scan\2026-09-04\20260904T021539_510021Z_run\raw\rep_0001\scan_0000737_phase_000736_attempt_00.npz","13618310"
"C:\Users\Chris\Documents\GitHub\Control_System\evidence\experiments\runs\authorized_mbco_phase_reconstruction_20260904T002152_3132654Z\retry_06_buffered_single_rearm_ddg_20260904T021526_1936864Z\Phase Scan\2026-09-04\20260904T021539_510021Z_run\raw\rep_0001\scan_0000738_phase_000737_attempt_00.npz","13371286"
"C:\Users\Chris\Documents\GitHub\Control_System\evidence\experiments\runs\authorized_mbco_phase_reconstruction_20260904T002152_3132654Z\retry_06_buffered_single_rearm_ddg_20260904T021526_1936864Z\Phase Scan\2026-09-04\20260904T021539_510021Z_run\raw\rep_0001\scan_0000739_phase_000738_attempt_00.npz","13676206"
"C:\Users\Chris\Documents\GitHub\Control_System\evidence\experiments\runs\authorized_mbco_phase_reconstruction_20260904T002152_3132654Z\retry_06_buffered_single_rearm_ddg_20260904T021526_1936864Z\Phase Scan\2026-09-04\20260904T021539_510021Z_run\raw\rep_0001\scan_0000740_phase_000739_attempt_00.npz","13910258"
"C:\Users\Chris\Documents\GitHub\Control_System\evidence\experiments\runs\authorized_mbco_phase_reconstruction_20260904T002152_3132654Z\retry_06_buffered_single_rearm_ddg_20260904T021526_1936864Z\Phase Scan\2026-09-04\20260904T021539_510021Z_run\raw\rep_0001\scan_0000741_phase_000740_attempt_00.npz","13556346"
"C:\Users\Chris\Documents\GitHub\Control_System\evidence\experiments\runs\authorized_mbco_phase_reconstruction_20260904T002152_3132654Z\retry_06_buffered_single_rearm_ddg_20260904T021526_1936864Z\Phase Scan\2026-09-04\20260904T021539_510021Z_run\raw\rep_0001\scan_0000742_phase_000741_attempt_00.npz","13811186"
"C:\Users\Chris\Documents\GitHub\Control_System\evidence\experiments\runs\authorized_mbco_phase_reconstruction_20260904T002152_3132654Z\retry_06_buffered_single_rearm_ddg_20260904T021526_1936864Z\Phase Scan\2026-09-04\20260904T021539_510021Z_run\raw\rep_0001\scan_0000743_phase_000742_attempt_00.npz","13826266"
"C:\Users\Chris\Documents\GitHub\Control_System\evidence\experiments\runs\authorized_mbco_phase_reconstruction_20260904T002152_3132654Z\retry_06_buffered_single_rearm_ddg_20260904T021526_1936864Z\Phase Scan\2026-09-04\20260904T021539_510021Z_run\raw\rep_0001\scan_0000744_phase_000743_attempt_00.npz","13789074"
"C:\Users\Chris\Documents\GitHub\Control_System\evidence\experiments\runs\authorized_mbco_phase_reconstruction_20260904T002152_3132654Z\retry_06_buffered_single_rearm_ddg_20260904T021526_1936864Z\Phase Scan\2026-09-04\20260904T021539_510021Z_run\raw\rep_0001\scan_0000745_phase_000744_attempt_00.npz","13847510"
"C:\Users\Chris\Documents\GitHub\Control_System\evidence\experiments\runs\authorized_mbco_phase_reconstruction_20260904T002152_3132654Z\retry_06_buffered_single_rearm_ddg_20260904T021526_1936864Z\Phase Scan\2026-09-04\20260904T021539_510021Z_run\raw\rep_0001\scan_0000746_phase_000745_attempt_00.npz","13714362"
"C:\Users\Chris\Documents\GitHub\Control_System\evidence\experiments\runs\authorized_mbco_phase_reconstruction_20260904T002152_3132654Z\retry_06_buffered_single_rearm_ddg_20260904T021526_1936864Z\Phase Scan\2026-09-04\20260904T021539_510021Z_run\raw\rep_0001\scan_0000747_phase_000746_attempt_00.npz","13983058"
"C:\Users\Chris\Documents\GitHub\Control_System\evidence\experiments\runs\authorized_mbco_phase_reconstruction_20260904T002152_3132654Z\retry_06_buffered_single_rearm_ddg_20260904T021526_1936864Z\Phase Scan\2026-09-04\20260904T021539_510021Z_run\raw\rep_0001\scan_0000748_phase_000747_attempt_00.npz","13811578"
"C:\Users\Chris\Documents\GitHub\Control_System\evidence\experiments\runs\authorized_mbco_phase_reconstruction_20260904T002152_3132654Z\retry_06_buffered_single_rearm_ddg_20260904T021526_1936864Z\Phase Scan\2026-09-04\20260904T021539_510021Z_run\raw\rep_0001\scan_0000749_phase_000748_attempt_00.npz","13971870"
"C:\Users\Chris\Documents\GitHub\Control_System\evidence\experiments\runs\authorized_mbco_phase_reconstruction_20260904T002152_3132654Z\retry_06_buffered_single_rearm_ddg_20260904T021526_1936864Z\Phase Scan\2026-09-04\20260904T021539_510021Z_run\raw\rep_0001\scan_0000750_phase_000749_attempt_00.npz","13602526"
"C:\Users\Chris\Documents\GitHub\Control_System\evidence\experiments\runs\authorized_mbco_phase_reconstruction_20260904T002152_3132654Z\retry_06_buffered_single_rearm_ddg_20260904T021526_1936864Z\Phase Scan\2026-09-04\20260904T021539_510021Z_run\raw\rep_0001\scan_0000751_phase_000750_attempt_00.npz","13826394"
"C:\Users\Chris\Documents\GitHub\Control_System\evidence\experiments\runs\authorized_mbco_phase_reconstruction_20260904T002152_3132654Z\retry_06_buffered_single_rearm_ddg_20260904T021526_1936864Z\Phase Scan\2026-09-04\20260904T021539_510021Z_run\raw\rep_0001\scan_0000752_phase_000751_attempt_00.npz","13753946"
"C:\Users\Chris\Documents\GitHub\Control_System\evidence\experiments\runs\authorized_mbco_phase_reconstruction_20260904T002152_3132654Z\retry_06_buffered_single_rearm_ddg_20260904T021526_1936864Z\Phase Scan\2026-09-04\20260904T021539_510021Z_run\raw\rep_0001\scan_0000753_phase_000752_attempt_00.npz","14017558"
"C:\Users\Chris\Documents\GitHub\Control_System\evidence\experiments\runs\authorized_mbco_phase_reconstruction_20260904T002152_3132654Z\retry_06_buffered_single_rearm_ddg_20260904T021526_1936864Z\Phase Scan\2026-09-04\20260904T021539_510021Z_run\raw\rep_0001\scan_0000754_phase_000753_attempt_00.npz","13719034"
"C:\Users\Chris\Documents\GitHub\Control_System\evidence\experiments\runs\authorized_mbco_phase_reconstruction_20260904T002152_3132654Z\retry_06_buffered_single_rearm_ddg_20260904T021526_1936864Z\Phase Scan\2026-09-04\20260904T021539_510021Z_run\raw\rep_0001\scan_0000755_phase_000754_attempt_00.npz","13868570"
"C:\Users\Chris\Documents\GitHub\Control_System\evidence\experiments\runs\authorized_mbco_phase_reconstruction_20260904T002152_3132654Z\retry_06_buffered_single_rearm_ddg_20260904T021526_1936864Z\Phase Scan\2026-09-04\20260904T021539_510021Z_run\raw\rep_0001\scan_0000756_phase_000755_attempt_00.npz","13675694"
"C:\Users\Chris\Documents\GitHub\Control_System\evidence\experiments\runs\authorized_mbco_phase_reconstruction_20260904T002152_3132654Z\retry_06_buffered_single_rearm_ddg_20260904T021526_1936864Z\Phase Scan\2026-09-04\20260904T021539_510021Z_run\raw\rep_0001\scan_0000757_phase_000756_attempt_00.npz","13975826"
"C:\Users\Chris\Documents\GitHub\Control_System\evidence\experiments\runs\authorized_mbco_phase_reconstruction_20260904T002152_3132654Z\retry_06_buffered_single_rearm_ddg_20260904T021526_1936864Z\Phase Scan\2026-09-04\20260904T021539_510021Z_run\raw\rep_0001\scan_0000758_phase_000757_attempt_00.npz","13846002"
"C:\Users\Chris\Documents\GitHub\Control_System\evidence\experiments\runs\authorized_mbco_phase_reconstruction_20260904T002152_3132654Z\retry_06_buffered_single_rearm_ddg_20260904T021526_1936864Z\Phase Scan\2026-09-04\20260904T021539_510021Z_run\raw\rep_0001\scan_0000759_phase_000758_attempt_00.npz","13432114"
"C:\Users\Chris\Documents\GitHub\Control_System\evidence\experiments\runs\authorized_mbco_phase_reconstruction_20260904T002152_3132654Z\retry_06_buffered_single_rearm_ddg_20260904T021526_1936864Z\Phase Scan\2026-09-04\20260904T021539_510021Z_run\raw\rep_0001\scan_0000760_phase_000759_attempt_00.npz","13540214"
"C:\Users\Chris\Documents\GitHub\Control_System\evidence\experiments\runs\authorized_mbco_phase_reconstruction_20260904T002152_3132654Z\retry_06_buffered_single_rearm_ddg_20260904T021526_1936864Z\Phase Scan\2026-09-04\20260904T021539_510021Z_run\raw\rep_0001\scan_0000761_phase_000760_attempt_00.npz","13930298"
"C:\Users\Chris\Documents\GitHub\Control_System\evidence\experiments\runs\authorized_mbco_phase_reconstruction_20260904T002152_3132654Z\retry_06_buffered_single_rearm_ddg_20260904T021526_1936864Z\Phase Scan\2026-09-04\20260904T021539_510021Z_run\raw\rep_0001\scan_0000762_phase_000761_attempt_00.npz","13705074"
"C:\Users\Chris\Documents\GitHub\Control_System\evidence\experiments\runs\authorized_mbco_phase_reconstruction_20260904T002152_3132654Z\retry_06_buffered_single_rearm_ddg_20260904T021526_1936864Z\Phase Scan\2026-09-04\20260904T021539_510021Z_run\raw\rep_0001\scan_0000763_phase_000762_attempt_00.npz","13953994"
"C:\Users\Chris\Documents\GitHub\Control_System\evidence\experiments\runs\authorized_mbco_phase_reconstruction_20260904T002152_3132654Z\retry_06_buffered_single_rearm_ddg_20260904T021526_1936864Z\Phase Scan\2026-09-04\20260904T021539_510021Z_run\raw\rep_0001\scan_0000764_phase_000763_attempt_00.npz","13995826"
"C:\Users\Chris\Documents\GitHub\Control_System\evidence\experiments\runs\authorized_mbco_phase_reconstruction_20260904T002152_3132654Z\retry_06_buffered_single_rearm_ddg_20260904T021526_1936864Z\Phase Scan\2026-09-04\20260904T021539_510021Z_run\raw\rep_0001\scan_0000765_phase_000764_attempt_00.npz","14031318"
"C:\Users\Chris\Documents\GitHub\Control_System\evidence\experiments\runs\authorized_mbco_phase_reconstruction_20260904T002152_3132654Z\retry_06_buffered_single_rearm_ddg_20260904T021526_1936864Z\Phase Scan\2026-09-04\20260904T021539_510021Z_run\raw\rep_0001\scan_0000766_phase_000765_attempt_00.npz","13909906"
"C:\Users\Chris\Documents\GitHub\Control_System\evidence\experiments\runs\authorized_mbco_phase_reconstruction_20260904T002152_3132654Z\retry_06_buffered_single_rearm_ddg_20260904T021526_1936864Z\Phase Scan\2026-09-04\20260904T021539_510021Z_run\raw\rep_0001\scan_0000767_phase_000766_attempt_00.npz","13207100"
"C:\Users\Chris\Documents\GitHub\Control_System\evidence\experiments\runs\authorized_mbco_phase_reconstruction_20260904T002152_3132654Z\retry_06_buffered_single_rearm_ddg_20260904T021526_1936864Z\Phase Scan\2026-09-04\20260904T021539_510021Z_run\raw\rep_0001\scan_0000768_phase_000767_attempt_00.npz","13807254"
"C:\Users\Chris\Documents\GitHub\Control_System\evidence\experiments\runs\authorized_mbco_phase_reconstruction_20260904T002152_3132654Z\retry_06_buffered_single_rearm_ddg_20260904T021526_1936864Z\Phase Scan\2026-09-04\20260904T021539_510021Z_run\raw\rep_0001\scan_0000769_phase_000768_attempt_00.npz","13824598"
"C:\Users\Chris\Documents\GitHub\Control_System\evidence\experiments\runs\authorized_mbco_phase_reconstruction_20260904T002152_3132654Z\retry_06_buffered_single_rearm_ddg_20260904T021526_1936864Z\Phase Scan\2026-09-04\20260904T021539_510021Z_run\raw\rep_0001\scan_0000770_phase_000769_attempt_00.npz","13562674"
"C:\Users\Chris\Documents\GitHub\Control_System\evidence\experiments\runs\authorized_mbco_phase_reconstruction_20260904T002152_3132654Z\retry_06_buffered_single_rearm_ddg_20260904T021526_1936864Z\Phase Scan\2026-09-04\20260904T021539_510021Z_run\raw\rep_0001\scan_0000771_phase_000770_attempt_00.npz","13680306"
"C:\Users\Chris\Documents\GitHub\Control_System\evidence\experiments\runs\authorized_mbco_phase_reconstruction_20260904T002152_3132654Z\retry_06_buffered_single_rearm_ddg_20260904T021526_1936864Z\Phase Scan\2026-09-04\20260904T021539_510021Z_run\raw\rep_0001\scan_0000772_phase_000771_attempt_00.npz","13936218"
"C:\Users\Chris\Documents\GitHub\Control_System\evidence\experiments\runs\authorized_mbco_phase_reconstruction_20260904T002152_3132654Z\retry_06_buffered_single_rearm_ddg_20260904T021526_1936864Z\Phase Scan\2026-09-04\20260904T021539_510021Z_run\raw\rep_0001\scan_0000773_phase_000772_attempt_00.npz","14003346"
"C:\Users\Chris\Documents\GitHub\Control_System\evidence\experiments\runs\authorized_mbco_phase_reconstruction_20260904T002152_3132654Z\retry_06_buffered_single_rearm_ddg_20260904T021526_1936864Z\Phase Scan\2026-09-04\20260904T021539_510021Z_run\raw\rep_0001\scan_0000774_phase_000773_attempt_00.npz","13732630"
"C:\Users\Chris\Documents\GitHub\Control_System\evidence\experiments\runs\authorized_mbco_phase_reconstruction_20260904T002152_3132654Z\retry_06_buffered_single_rearm_ddg_20260904T021526_1936864Z\Phase Scan\2026-09-04\20260904T021539_510021Z_run\raw\rep_0001\scan_0000775_phase_000774_attempt_00.npz","13533854"
"C:\Users\Chris\Documents\GitHub\Control_System\evidence\experiments\runs\authorized_mbco_phase_reconstruction_20260904T002152_3132654Z\retry_06_buffered_single_rearm_ddg_20260904T021526_1936864Z\Phase Scan\2026-09-04\20260904T021539_510021Z_run\raw\rep_0001\scan_0000776_phase_000775_attempt_00.npz","14217302"
"C:\Users\Chris\Documents\GitHub\Control_System\evidence\experiments\runs\authorized_mbco_phase_reconstruction_20260904T002152_3132654Z\retry_06_buffered_single_rearm_ddg_20260904T021526_1936864Z\Phase Scan\2026-09-04\20260904T021539_510021Z_run\raw\rep_0001\scan_0000777_phase_000776_attempt_00.npz","14614426"
"C:\Users\Chris\Documents\GitHub\Control_System\evidence\experiments\runs\authorized_mbco_phase_reconstruction_20260904T002152_3132654Z\retry_06_buffered_single_rearm_ddg_20260904T021526_1936864Z\Phase Scan\2026-09-04\20260904T021539_510021Z_run\raw\rep_0001\scan_0000778_phase_000777_attempt_00.npz","13546426"
"C:\Users\Chris\Documents\GitHub\Control_System\evidence\experiments\runs\authorized_mbco_phase_reconstruction_20260904T002152_3132654Z\retry_06_buffered_single_rearm_ddg_20260904T021526_1936864Z\Phase Scan\2026-09-04\20260904T021539_510021Z_run\raw\rep_0001\scan_0000779_phase_000778_attempt_00.npz","13739734"
"C:\Users\Chris\Documents\GitHub\Control_System\evidence\experiments\runs\authorized_mbco_phase_reconstruction_20260904T002152_3132654Z\retry_06_buffered_single_rearm_ddg_20260904T021526_1936864Z\Phase Scan\2026-09-04\20260904T021539_510021Z_run\raw\rep_0001\scan_0000780_phase_000779_attempt_00.npz","13426678"
"C:\Users\Chris\Documents\GitHub\Control_System\evidence\experiments\runs\authorized_mbco_phase_reconstruction_20260904T002152_3132654Z\retry_06_buffered_single_rearm_ddg_20260904T021526_1936864Z\Phase Scan\2026-09-04\20260904T021539_510021Z_run\raw\rep_0001\scan_0000781_phase_000780_attempt_00.npz","13688434"
"C:\Users\Chris\Documents\GitHub\Control_System\evidence\experiments\runs\authorized_mbco_phase_reconstruction_20260904T002152_3132654Z\retry_06_buffered_single_rearm_ddg_20260904T021526_1936864Z\Phase Scan\2026-09-04\20260904T021539_510021Z_run\raw\rep_0001\scan_0000782_phase_000781_attempt_00.npz","13505334"
"C:\Users\Chris\Documents\GitHub\Control_System\evidence\experiments\runs\authorized_mbco_phase_reconstruction_20260904T002152_3132654Z\retry_06_buffered_single_rearm_ddg_20260904T021526_1936864Z\Phase Scan\2026-09-04\20260904T021539_510021Z_run\raw\rep_0001\scan_0000783_phase_000782_attempt_00.npz","14295158"
"C:\Users\Chris\Documents\GitHub\Control_System\evidence\experiments\runs\authorized_mbco_phase_reconstruction_20260904T002152_3132654Z\retry_06_buffered_single_rearm_ddg_20260904T021526_1936864Z\Phase Scan\2026-09-04\20260904T021539_510021Z_run\raw\rep_0001\scan_0000784_phase_000783_attempt_00.npz","13310610"
"C:\Users\Chris\Documents\GitHub\Control_System\evidence\experiments\runs\authorized_mbco_phase_reconstruction_20260904T002152_3132654Z\retry_06_buffered_single_rearm_ddg_20260904T021526_1936864Z\Phase Scan\2026-09-04\20260904T021539_510021Z_run\raw\rep_0001\scan_0000785_phase_000784_attempt_00.npz","13615634"
"C:\Users\Chris\Documents\GitHub\Control_System\evidence\experiments\runs\authorized_mbco_phase_reconstruction_20260904T002152_3132654Z\retry_06_buffered_single_rearm_ddg_20260904T021526_1936864Z\Phase Scan\2026-09-04\20260904T021539_510021Z_run\raw\rep_0001\scan_0000786_phase_000785_attempt_00.npz","13633334"
"C:\Users\Chris\Documents\GitHub\Control_System\evidence\experiments\runs\authorized_mbco_phase_reconstruction_20260904T002152_3132654Z\retry_06_buffered_single_rearm_ddg_20260904T021526_1936864Z\Phase Scan\2026-09-04\20260904T021539_510021Z_run\raw\rep_0001\scan_0000787_phase_000786_attempt_00.npz","13746330"
"C:\Users\Chris\Documents\GitHub\Control_System\evidence\experiments\runs\authorized_mbco_phase_reconstruction_20260904T002152_3132654Z\retry_06_buffered_single_rearm_ddg_20260904T021526_1936864Z\Phase Scan\2026-09-04\20260904T021539_510021Z_run\raw\rep_0001\scan_0000788_phase_000787_attempt_00.npz","13843898"
"C:\Users\Chris\Documents\GitHub\Control_System\evidence\experiments\runs\authorized_mbco_phase_reconstruction_20260904T002152_3132654Z\retry_06_buffered_single_rearm_ddg_20260904T021526_1936864Z\Phase Scan\2026-09-04\20260904T021539_510021Z_run\raw\rep_0001\scan_0000789_phase_000788_attempt_00.npz","13477970"
"C:\Users\Chris\Documents\GitHub\Control_System\evidence\experiments\runs\authorized_mbco_phase_reconstruction_20260904T002152_3132654Z\retry_06_buffered_single_rearm_ddg_20260904T021526_1936864Z\Phase Scan\2026-09-04\20260904T021539_510021Z_run\raw\rep_0001\scan_0000790_phase_000789_attempt_00.npz","13838986"
"C:\Users\Chris\Documents\GitHub\Control_System\evidence\experiments\runs\authorized_mbco_phase_reconstruction_20260904T002152_3132654Z\retry_06_buffered_single_rearm_ddg_20260904T021526_1936864Z\Phase Scan\2026-09-04\20260904T021539_510021Z_run\raw\rep_0001\scan_0000791_phase_000790_attempt_00.npz","13906906"
"C:\Users\Chris\Documents\GitHub\Control_System\evidence\experiments\runs\authorized_mbco_phase_reconstruction_20260904T002152_3132654Z\retry_06_buffered_single_rearm_ddg_20260904T021526_1936864Z\Phase Scan\2026-09-04\20260904T021539_510021Z_run\raw\rep_0001\scan_0000792_phase_000791_attempt_00.npz","13800654"
"C:\Users\Chris\Documents\GitHub\Control_System\evidence\experiments\runs\authorized_mbco_phase_reconstruction_20260904T002152_3132654Z\retry_06_buffered_single_rearm_ddg_20260904T021526_1936864Z\Phase Scan\2026-09-04\20260904T021539_510021Z_run\raw\rep_0001\scan_0000793_phase_000792_attempt_00.npz","13619422"
"C:\Users\Chris\Documents\GitHub\Control_System\evidence\experiments\runs\authorized_mbco_phase_reconstruction_20260904T002152_3132654Z\retry_06_buffered_single_rearm_ddg_20260904T021526_1936864Z\Phase Scan\2026-09-04\20260904T021539_510021Z_run\raw\rep_0001\scan_0000794_phase_000793_attempt_00.npz","13823574"
"C:\Users\Chris\Documents\GitHub\Control_System\evidence\experiments\runs\authorized_mbco_phase_reconstruction_20260904T002152_3132654Z\retry_06_buffered_single_rearm_ddg_20260904T021526_1936864Z\Phase Scan\2026-09-04\20260904T021539_510021Z_run\raw\rep_0001\scan_0000795_phase_000794_attempt_00.npz","14044438"
"C:\Users\Chris\Documents\GitHub\Control_System\evidence\experiments\runs\authorized_mbco_phase_reconstruction_20260904T002152_3132654Z\retry_06_buffered_single_rearm_ddg_20260904T021526_1936864Z\Phase Scan\2026-09-04\20260904T021539_510021Z_run\raw\rep_0001\scan_0000796_phase_000795_attempt_00.npz","13959966"
"C:\Users\Chris\Documents\GitHub\Control_System\evidence\experiments\runs\authorized_mbco_phase_reconstruction_20260904T002152_3132654Z\retry_06_buffered_single_rearm_ddg_20260904T021526_1936864Z\Phase Scan\2026-09-04\20260904T021539_510021Z_run\raw\rep_0001\scan_0000797_phase_000796_attempt_00.npz","14077934"
"C:\Users\Chris\Documents\GitHub\Control_System\evidence\experiments\runs\authorized_mbco_phase_reconstruction_20260904T002152_3132654Z\retry_06_buffered_single_rearm_ddg_20260904T021526_1936864Z\Phase Scan\2026-09-04\20260904T021539_510021Z_run\raw\rep_0001\scan_0000798_phase_000797_attempt_00.npz","13753134"
"C:\Users\Chris\Documents\GitHub\Control_System\evidence\experiments\runs\authorized_mbco_phase_reconstruction_20260904T002152_3132654Z\retry_06_buffered_single_rearm_ddg_20260904T021526_1936864Z\Phase Scan\2026-09-04\20260904T021539_510021Z_run\raw\rep_0001\scan_0000799_phase_000798_attempt_00.npz","13450286"
"C:\Users\Chris\Documents\GitHub\Control_System\evidence\experiments\runs\authorized_mbco_phase_reconstruction_20260904T002152_3132654Z\retry_06_buffered_single_rearm_ddg_20260904T021526_1936864Z\Phase Scan\2026-09-04\20260904T021539_510021Z_run\raw\rep_0001\scan_0000800_phase_000799_attempt_00.npz","13443446"
"C:\Users\Chris\Documents\GitHub\Control_System\evidence\experiments\runs\authorized_mbco_phase_reconstruction_20260904T002152_3132654Z\retry_06_buffered_single_rearm_ddg_20260904T021526_1936864Z\Phase Scan\2026-09-04\20260904T021539_510021Z_run\raw\rep_0001\scan_0000801_phase_000800_attempt_00.npz","13950082"
"C:\Users\Chris\Documents\GitHub\Control_System\evidence\experiments\runs\authorized_mbco_phase_reconstruction_20260904T002152_3132654Z\retry_06_buffered_single_rearm_ddg_20260904T021526_1936864Z\Phase Scan\2026-09-04\20260904T021539_510021Z_run\raw\rep_0001\scan_0000802_phase_000801_attempt_00.npz","13413378"
"C:\Users\Chris\Documents\GitHub\Control_System\evidence\experiments\runs\authorized_mbco_phase_reconstruction_20260904T002152_3132654Z\retry_06_buffered_single_rearm_ddg_20260904T021526_1936864Z\Phase Scan\2026-09-04\20260904T021539_510021Z_run\raw\rep_0001\scan_0000803_phase_000802_attempt_00.npz","13432254"
"C:\Users\Chris\Documents\GitHub\Control_System\evidence\experiments\runs\authorized_mbco_phase_reconstruction_20260904T002152_3132654Z\retry_06_buffered_single_rearm_ddg_20260904T021526_1936864Z\Phase Scan\2026-09-04\20260904T021539_510021Z_run\raw\rep_0001\scan_0000804_phase_000803_attempt_00.npz","13475226"
"C:\Users\Chris\Documents\GitHub\Control_System\evidence\experiments\runs\authorized_mbco_phase_reconstruction_20260904T002152_3132654Z\retry_06_buffered_single_rearm_ddg_20260904T021526_1936864Z\Phase Scan\2026-09-04\20260904T021539_510021Z_run\raw\rep_0001\scan_0000805_phase_000804_attempt_00.npz","14007094"
"C:\Users\Chris\Documents\GitHub\Control_System\evidence\experiments\runs\authorized_mbco_phase_reconstruction_20260904T002152_3132654Z\retry_06_buffered_single_rearm_ddg_20260904T021526_1936864Z\Phase Scan\2026-09-04\20260904T021539_510021Z_run\raw\rep_0001\scan_0000806_phase_000805_attempt_00.npz","13980350"
"C:\Users\Chris\Documents\GitHub\Control_System\evidence\experiments\runs\authorized_mbco_phase_reconstruction_20260904T002152_3132654Z\retry_06_buffered_single_rearm_ddg_20260904T021526_1936864Z\Phase Scan\2026-09-04\20260904T021539_510021Z_run\raw\rep_0001\scan_0000807_phase_000806_attempt_00.npz","14395426"
"C:\Users\Chris\Documents\GitHub\Control_System\evidence\experiments\runs\authorized_mbco_phase_reconstruction_20260904T002152_3132654Z\retry_06_buffered_single_rearm_ddg_20260904T021526_1936864Z\Phase Scan\2026-09-04\20260904T021539_510021Z_run\raw\rep_0001\scan_0000808_phase_000807_attempt_00.npz","13506690"
"C:\Users\Chris\Documents\GitHub\Control_System\evidence\experiments\runs\authorized_mbco_phase_reconstruction_20260904T002152_3132654Z\retry_06_buffered_single_rearm_ddg_20260904T021526_1936864Z\Phase Scan\2026-09-04\20260904T021539_510021Z_run\raw\rep_0001\scan_0000809_phase_000808_attempt_00.npz","14052710"
"C:\Users\Chris\Documents\GitHub\Control_System\evidence\experiments\runs\authorized_mbco_phase_reconstruction_20260904T002152_3132654Z\retry_06_buffered_single_rearm_ddg_20260904T021526_1936864Z\Phase Scan\2026-09-04\20260904T021539_510021Z_run\raw\rep_0001\scan_0000810_phase_000809_attempt_00.npz","13707166"
"C:\Users\Chris\Documents\GitHub\Control_System\evidence\experiments\runs\authorized_mbco_phase_reconstruction_20260904T002152_3132654Z\retry_06_buffered_single_rearm_ddg_20260904T021526_1936864Z\Phase Scan\2026-09-04\20260904T021539_510021Z_run\raw\rep_0001\scan_0000811_phase_000810_attempt_00.npz","13932318"
"C:\Users\Chris\Documents\GitHub\Control_System\evidence\experiments\runs\authorized_mbco_phase_reconstruction_20260904T002152_3132654Z\retry_06_buffered_single_rearm_ddg_20260904T021526_1936864Z\Phase Scan\2026-09-04\20260904T021539_510021Z_run\raw\rep_0001\scan_0000812_phase_000811_attempt_00.npz","13260062"
"C:\Users\Chris\Documents\GitHub\Control_System\evidence\experiments\runs\authorized_mbco_phase_reconstruction_20260904T002152_3132654Z\retry_06_buffered_single_rearm_ddg_20260904T021526_1936864Z\Phase Scan\2026-09-04\20260904T021539_510021Z_run\raw\rep_0001\scan_0000813_phase_000812_attempt_00.npz","13772218"
"C:\Users\Chris\Documents\GitHub\Control_System\evidence\experiments\runs\authorized_mbco_phase_reconstruction_20260904T002152_3132654Z\retry_06_buffered_single_rearm_ddg_20260904T021526_1936864Z\Phase Scan\2026-09-04\20260904T021539_510021Z_run\raw\rep_0001\scan_0000814_phase_000813_attempt_00.npz","13648866"
"C:\Users\Chris\Documents\GitHub\Control_System\evidence\experiments\runs\authorized_mbco_phase_reconstruction_20260904T002152_3132654Z\retry_06_buffered_single_rearm_ddg_20260904T021526_1936864Z\Phase Scan\2026-09-04\20260904T021539_510021Z_run\raw\rep_0001\scan_0000815_phase_000814_attempt_00.npz","13832214"
"C:\Users\Chris\Documents\GitHub\Control_System\evidence\experiments\runs\authorized_mbco_phase_reconstruction_20260904T002152_3132654Z\retry_06_buffered_single_rearm_ddg_20260904T021526_1936864Z\Phase Scan\2026-09-04\20260904T021539_510021Z_run\raw\rep_0001\scan_0000816_phase_000815_attempt_00.npz","13753218"
"C:\Users\Chris\Documents\GitHub\Control_System\evidence\experiments\runs\authorized_mbco_phase_reconstruction_20260904T002152_3132654Z\retry_06_buffered_single_rearm_ddg_20260904T021526_1936864Z\Phase Scan\2026-09-04\20260904T021539_510021Z_run\raw\rep_0001\scan_0000817_phase_000816_attempt_00.npz","13568130"
"C:\Users\Chris\Documents\GitHub\Control_System\evidence\experiments\runs\authorized_mbco_phase_reconstruction_20260904T002152_3132654Z\retry_06_buffered_single_rearm_ddg_20260904T021526_1936864Z\Phase Scan\2026-09-04\20260904T021539_510021Z_run\raw\rep_0001\scan_0000818_phase_000817_attempt_00.npz","13429878"
"C:\Users\Chris\Documents\GitHub\Control_System\evidence\experiments\runs\authorized_mbco_phase_reconstruction_20260904T002152_3132654Z\retry_06_buffered_single_rearm_ddg_20260904T021526_1936864Z\Phase Scan\2026-09-04\20260904T021539_510021Z_run\raw\rep_0001\scan_0000819_phase_000818_attempt_00.npz","13316552"
"C:\Users\Chris\Documents\GitHub\Control_System\evidence\experiments\runs\authorized_mbco_phase_reconstruction_20260904T002152_3132654Z\retry_06_buffered_single_rearm_ddg_20260904T021526_1936864Z\Phase Scan\2026-09-04\20260904T021539_510021Z_run\raw\rep_0001\scan_0000820_phase_000819_attempt_00.npz","13644386"
"C:\Users\Chris\Documents\GitHub\Control_System\evidence\experiments\runs\authorized_mbco_phase_reconstruction_20260904T002152_3132654Z\retry_06_buffered_single_rearm_ddg_20260904T021526_1936864Z\Phase Scan\2026-09-04\20260904T021539_510021Z_run\raw\rep_0001\scan_0000821_phase_000820_attempt_00.npz","13916058"
"C:\Users\Chris\Documents\GitHub\Control_System\evidence\experiments\runs\authorized_mbco_phase_reconstruction_20260904T002152_3132654Z\retry_06_buffered_single_rearm_ddg_20260904T021526_1936864Z\Phase Scan\2026-09-04\20260904T021539_510021Z_run\raw\rep_0001\scan_0000822_phase_000821_attempt_00.npz","13858598"
"C:\Users\Chris\Documents\GitHub\Control_System\evidence\experiments\runs\authorized_mbco_phase_reconstruction_20260904T002152_3132654Z\retry_06_buffered_single_rearm_ddg_20260904T021526_1936864Z\Phase Scan\2026-09-04\20260904T021539_510021Z_run\raw\rep_0001\scan_0000823_phase_000822_attempt_00.npz","13815034"
"C:\Users\Chris\Documents\GitHub\Control_System\evidence\experiments\runs\authorized_mbco_phase_reconstruction_20260904T002152_3132654Z\retry_06_buffered_single_rearm_ddg_20260904T021526_1936864Z\Phase Scan\2026-09-04\20260904T021539_510021Z_run\raw\rep_0001\scan_0000824_phase_000823_attempt_00.npz","13355878"
"C:\Users\Chris\Documents\GitHub\Control_System\evidence\experiments\runs\authorized_mbco_phase_reconstruction_20260904T002152_3132654Z\retry_06_buffered_single_rearm_ddg_20260904T021526_1936864Z\Phase Scan\2026-09-04\20260904T021539_510021Z_run\raw\rep_0001\scan_0000825_phase_000824_attempt_00.npz","13993726"
"C:\Users\Chris\Documents\GitHub\Control_System\evidence\experiments\runs\authorized_mbco_phase_reconstruction_20260904T002152_3132654Z\retry_06_buffered_single_rearm_ddg_20260904T021526_1936864Z\Phase Scan\2026-09-04\20260904T021539_510021Z_run\raw\rep_0001\scan_0000826_phase_000825_attempt_00.npz","13901886"
"C:\Users\Chris\Documents\GitHub\Control_System\evidence\experiments\runs\authorized_mbco_phase_reconstruction_20260904T002152_3132654Z\retry_06_buffered_single_rearm_ddg_20260904T021526_1936864Z\Phase Scan\2026-09-04\20260904T021539_510021Z_run\raw\rep_0001\scan_0000827_phase_000826_attempt_00.npz","13463152"
"C:\Users\Chris\Documents\GitHub\Control_System\evidence\experiments\runs\authorized_mbco_phase_reconstruction_20260904T002152_3132654Z\retry_06_buffered_single_rearm_ddg_20260904T021526_1936864Z\Phase Scan\2026-09-04\20260904T021539_510021Z_run\raw\rep_0001\scan_0000828_phase_000827_attempt_00.npz","13161928"
"C:\Users\Chris\Documents\GitHub\Control_System\evidence\experiments\runs\authorized_mbco_phase_reconstruction_20260904T002152_3132654Z\retry_06_buffered_single_rearm_ddg_20260904T021526_1936864Z\Phase Scan\2026-09-04\20260904T021539_510021Z_run\raw\rep_0001\scan_0000829_phase_000828_attempt_00.npz","13528694"
"C:\Users\Chris\Documents\GitHub\Control_System\evidence\experiments\runs\authorized_mbco_phase_reconstruction_20260904T002152_3132654Z\retry_06_buffered_single_rearm_ddg_20260904T021526_1936864Z\Phase Scan\2026-09-04\20260904T021539_510021Z_run\raw\rep_0001\scan_0000830_phase_000829_attempt_00.npz","13719998"
"C:\Users\Chris\Documents\GitHub\Control_System\evidence\experiments\runs\authorized_mbco_phase_reconstruction_20260904T002152_3132654Z\retry_06_buffered_single_rearm_ddg_20260904T021526_1936864Z\Phase Scan\2026-09-04\20260904T021539_510021Z_run\raw\rep_0001\scan_0000831_phase_000830_attempt_00.npz","13581438"
"C:\Users\Chris\Documents\GitHub\Control_System\evidence\experiments\runs\authorized_mbco_phase_reconstruction_20260904T002152_3132654Z\retry_06_buffered_single_rearm_ddg_20260904T021526_1936864Z\Phase Scan\2026-09-04\20260904T021539_510021Z_run\raw\rep_0001\scan_0000832_phase_000831_attempt_00.npz","13955746"
"C:\Users\Chris\Documents\GitHub\Control_System\evidence\experiments\runs\authorized_mbco_phase_reconstruction_20260904T002152_3132654Z\retry_06_buffered_single_rearm_ddg_20260904T021526_1936864Z\Phase Scan\2026-09-04\20260904T021539_510021Z_run\raw\rep_0001\scan_0000833_phase_000832_attempt_00.npz","13849694"
"C:\Users\Chris\Documents\GitHub\Control_System\evidence\experiments\runs\authorized_mbco_phase_reconstruction_20260904T002152_3132654Z\retry_06_buffered_single_rearm_ddg_20260904T021526_1936864Z\Phase Scan\2026-09-04\20260904T021539_510021Z_run\raw\rep_0001\scan_0000834_phase_000833_attempt_00.npz","13722590"
"C:\Users\Chris\Documents\GitHub\Control_System\evidence\experiments\runs\authorized_mbco_phase_reconstruction_20260904T002152_3132654Z\retry_06_buffered_single_rearm_ddg_20260904T021526_1936864Z\Phase Scan\2026-09-04\20260904T021539_510021Z_run\raw\rep_0001\scan_0000835_phase_000834_attempt_00.npz","13733758"
"C:\Users\Chris\Documents\GitHub\Control_System\evidence\experiments\runs\authorized_mbco_phase_reconstruction_20260904T002152_3132654Z\retry_06_buffered_single_rearm_ddg_20260904T021526_1936864Z\Phase Scan\2026-09-04\20260904T021539_510021Z_run\raw\rep_0001\scan_0000836_phase_000835_attempt_00.npz","13962322"
"C:\Users\Chris\Documents\GitHub\Control_System\evidence\experiments\runs\authorized_mbco_phase_reconstruction_20260904T002152_3132654Z\retry_06_buffered_single_rearm_ddg_20260904T021526_1936864Z\Phase Scan\2026-09-04\20260904T021539_510021Z_run\raw\rep_0001\scan_0000837_phase_000836_attempt_00.npz","13490038"
"C:\Users\Chris\Documents\GitHub\Control_System\evidence\experiments\runs\authorized_mbco_phase_reconstruction_20260904T002152_3132654Z\retry_06_buffered_single_rearm_ddg_20260904T021526_1936864Z\Phase Scan\2026-09-04\20260904T021539_510021Z_run\raw\rep_0001\scan_0000838_phase_000837_attempt_00.npz","13826146"
"C:\Users\Chris\Documents\GitHub\Control_System\evidence\experiments\runs\authorized_mbco_phase_reconstruction_20260904T002152_3132654Z\retry_06_buffered_single_rearm_ddg_20260904T021526_1936864Z\Phase Scan\2026-09-04\20260904T021539_510021Z_run\raw\rep_0001\scan_0000839_phase_000838_attempt_00.npz","13358242"
"C:\Users\Chris\Documents\GitHub\Control_System\evidence\experiments\runs\authorized_mbco_phase_reconstruction_20260904T002152_3132654Z\retry_06_buffered_single_rearm_ddg_20260904T021526_1936864Z\Phase Scan\2026-09-04\20260904T021539_510021Z_run\raw\rep_0001\scan_0000840_phase_000839_attempt_00.npz","13341256"
"C:\Users\Chris\Documents\GitHub\Control_System\evidence\experiments\runs\authorized_mbco_phase_reconstruction_20260904T002152_3132654Z\retry_06_buffered_single_rearm_ddg_20260904T021526_1936864Z\Phase Scan\2026-09-04\20260904T021539_510021Z_run\raw\rep_0001\scan_0000841_phase_000840_attempt_00.npz","13544890"
"C:\Users\Chris\Documents\GitHub\Control_System\evidence\experiments\runs\authorized_mbco_phase_reconstruction_20260904T002152_3132654Z\retry_06_buffered_single_rearm_ddg_20260904T021526_1936864Z\Phase Scan\2026-09-04\20260904T021539_510021Z_run\raw\rep_0001\scan_0000842_phase_000841_attempt_00.npz","13438554"
"C:\Users\Chris\Documents\GitHub\Control_System\evidence\experiments\runs\authorized_mbco_phase_reconstruction_20260904T002152_3132654Z\retry_06_buffered_single_rearm_ddg_20260904T021526_1936864Z\Phase Scan\2026-09-04\20260904T021539_510021Z_run\raw\rep_0001\scan_0000843_phase_000842_attempt_00.npz","13277714"
"C:\Users\Chris\Documents\GitHub\Control_System\evidence\experiments\runs\authorized_mbco_phase_reconstruction_20260904T002152_3132654Z\retry_06_buffered_single_rearm_ddg_20260904T021526_1936864Z\Phase Scan\2026-09-04\20260904T021539_510021Z_run\raw\rep_0001\scan_0000844_phase_000843_attempt_00.npz","14099110"
"C:\Users\Chris\Documents\GitHub\Control_System\evidence\experiments\runs\authorized_mbco_phase_reconstruction_20260904T002152_3132654Z\retry_06_buffered_single_rearm_ddg_20260904T021526_1936864Z\Phase Scan\2026-09-04\20260904T021539_510021Z_run\raw\rep_0001\scan_0000845_phase_000844_attempt_00.npz","14021214"
"C:\Users\Chris\Documents\GitHub\Control_System\evidence\experiments\runs\authorized_mbco_phase_reconstruction_20260904T002152_3132654Z\retry_06_buffered_single_rearm_ddg_20260904T021526_1936864Z\Phase Scan\2026-09-04\20260904T021539_510021Z_run\raw\rep_0001\scan_0000846_phase_000845_attempt_00.npz","13374710"
"C:\Users\Chris\Documents\GitHub\Control_System\evidence\experiments\runs\authorized_mbco_phase_reconstruction_20260904T002152_3132654Z\retry_06_buffered_single_rearm_ddg_20260904T021526_1936864Z\Phase Scan\2026-09-04\20260904T021539_510021Z_run\raw\rep_0001\scan_0000847_phase_000846_attempt_00.npz","14025622"
"C:\Users\Chris\Documents\GitHub\Control_System\evidence\experiments\runs\authorized_mbco_phase_reconstruction_20260904T002152_3132654Z\retry_06_buffered_single_rearm_ddg_20260904T021526_1936864Z\Phase Scan\2026-09-04\20260904T021539_510021Z_run\raw\rep_0001\scan_0000848_phase_000847_attempt_00.npz","13540094"
"C:\Users\Chris\Documents\GitHub\Control_System\evidence\experiments\runs\authorized_mbco_phase_reconstruction_20260904T002152_3132654Z\retry_06_buffered_single_rearm_ddg_20260904T021526_1936864Z\Phase Scan\2026-09-04\20260904T021539_510021Z_run\raw\rep_0001\scan_0000849_phase_000848_attempt_00.npz","13286302"
"C:\Users\Chris\Documents\GitHub\Control_System\evidence\experiments\runs\authorized_mbco_phase_reconstruction_20260904T002152_3132654Z\retry_06_buffered_single_rearm_ddg_20260904T021526_1936864Z\Phase Scan\2026-09-04\20260904T021539_510021Z_run\raw\rep_0001\scan_0000850_phase_000849_attempt_00.npz","14111866"
"C:\Users\Chris\Documents\GitHub\Control_System\evidence\experiments\runs\authorized_mbco_phase_reconstruction_20260904T002152_3132654Z\retry_06_buffered_single_rearm_ddg_20260904T021526_1936864Z\Phase Scan\2026-09-04\20260904T021539_510021Z_run\raw\rep_0001\scan_0000851_phase_000850_attempt_00.npz","13747366"
"C:\Users\Chris\Documents\GitHub\Control_System\evidence\experiments\runs\authorized_mbco_phase_reconstruction_20260904T002152_3132654Z\retry_06_buffered_single_rearm_ddg_20260904T021526_1936864Z\Phase Scan\2026-09-04\20260904T021539_510021Z_run\raw\rep_0001\scan_0000852_phase_000851_attempt_00.npz","13796122"
"C:\Users\Chris\Documents\GitHub\Control_System\evidence\experiments\runs\authorized_mbco_phase_reconstruction_20260904T002152_3132654Z\retry_06_buffered_single_rearm_ddg_20260904T021526_1936864Z\Phase Scan\2026-09-04\20260904T021539_510021Z_run\raw\rep_0001\scan_0000853_phase_000852_attempt_00.npz","13549350"
"C:\Users\Chris\Documents\GitHub\Control_System\evidence\experiments\runs\authorized_mbco_phase_reconstruction_20260904T002152_3132654Z\retry_06_buffered_single_rearm_ddg_20260904T021526_1936864Z\Phase Scan\2026-09-04\20260904T021539_510021Z_run\raw\rep_0001\scan_0000854_phase_000853_attempt_00.npz","13059742"
"C:\Users\Chris\Documents\GitHub\Control_System\evidence\experiments\runs\authorized_mbco_phase_reconstruction_20260904T002152_3132654Z\retry_06_buffered_single_rearm_ddg_20260904T021526_1936864Z\Phase Scan\2026-09-04\20260904T021539_510021Z_run\raw\rep_0001\scan_0000855_phase_000854_attempt_00.npz","13269498"
"C:\Users\Chris\Documents\GitHub\Control_System\evidence\experiments\runs\authorized_mbco_phase_reconstruction_20260904T002152_3132654Z\retry_06_buffered_single_rearm_ddg_20260904T021526_1936864Z\Phase Scan\2026-09-04\20260904T021539_510021Z_run\raw\rep_0001\scan_0000856_phase_000855_attempt_00.npz","13652518"
"C:\Users\Chris\Documents\GitHub\Control_System\evidence\experiments\runs\authorized_mbco_phase_reconstruction_20260904T002152_3132654Z\retry_06_buffered_single_rearm_ddg_20260904T021526_1936864Z\Phase Scan\2026-09-04\20260904T021539_510021Z_run\raw\rep_0001\scan_0000857_phase_000856_attempt_00.npz","13992354"
"C:\Users\Chris\Documents\GitHub\Control_System\evidence\experiments\runs\authorized_mbco_phase_reconstruction_20260904T002152_3132654Z\retry_06_buffered_single_rearm_ddg_20260904T021526_1936864Z\Phase Scan\2026-09-04\20260904T021539_510021Z_run\raw\rep_0001\scan_0000858_phase_000857_attempt_00.npz","13435062"
"C:\Users\Chris\Documents\GitHub\Control_System\evidence\experiments\runs\authorized_mbco_phase_reconstruction_20260904T002152_3132654Z\retry_06_buffered_single_rearm_ddg_20260904T021526_1936864Z\Phase Scan\2026-09-04\20260904T021539_510021Z_run\raw\rep_0001\scan_0000859_phase_000858_attempt_00.npz","13888734"
"C:\Users\Chris\Documents\GitHub\Control_System\evidence\experiments\runs\authorized_mbco_phase_reconstruction_20260904T002152_3132654Z\retry_06_buffered_single_rearm_ddg_20260904T021526_1936864Z\Phase Scan\2026-09-04\20260904T021539_510021Z_run\raw\rep_0001\scan_0000860_phase_000859_attempt_00.npz","13562214"
"C:\Users\Chris\Documents\GitHub\Control_System\evidence\experiments\runs\authorized_mbco_phase_reconstruction_20260904T002152_3132654Z\retry_06_buffered_single_rearm_ddg_20260904T021526_1936864Z\Phase Scan\2026-09-04\20260904T021539_510021Z_run\raw\rep_0001\scan_0000861_phase_000860_attempt_00.npz","13366206"
"C:\Users\Chris\Documents\GitHub\Control_System\evidence\experiments\runs\authorized_mbco_phase_reconstruction_20260904T002152_3132654Z\retry_06_buffered_single_rearm_ddg_20260904T021526_1936864Z\Phase Scan\2026-09-04\20260904T021539_510021Z_run\raw\rep_0001\scan_0000862_phase_000861_attempt_00.npz","13468446"
"C:\Users\Chris\Documents\GitHub\Control_System\evidence\experiments\runs\authorized_mbco_phase_reconstruction_20260904T002152_3132654Z\retry_06_buffered_single_rearm_ddg_20260904T021526_1936864Z\Phase Scan\2026-09-04\20260904T021539_510021Z_run\raw\rep_0001\scan_0000863_phase_000862_attempt_00.npz","13485406"
"C:\Users\Chris\Documents\GitHub\Control_System\evidence\experiments\runs\authorized_mbco_phase_reconstruction_20260904T002152_3132654Z\retry_06_buffered_single_rearm_ddg_20260904T021526_1936864Z\Phase Scan\2026-09-04\20260904T021539_510021Z_run\raw\rep_0001\scan_0000864_phase_000863_attempt_00.npz","13387824"
"C:\Users\Chris\Documents\GitHub\Control_System\evidence\experiments\runs\authorized_mbco_phase_reconstruction_20260904T002152_3132654Z\retry_06_buffered_single_rearm_ddg_20260904T021526_1936864Z\Phase Scan\2026-09-04\20260904T021539_510021Z_run\raw\rep_0001\scan_0000865_phase_000864_attempt_00.npz","13481722"
"C:\Users\Chris\Documents\GitHub\Control_System\evidence\experiments\runs\authorized_mbco_phase_reconstruction_20260904T002152_3132654Z\retry_06_buffered_single_rearm_ddg_20260904T021526_1936864Z\Phase Scan\2026-09-04\20260904T021539_510021Z_run\raw\rep_0001\scan_0000866_phase_000865_attempt_00.npz","12913732"
"C:\Users\Chris\Documents\GitHub\Control_System\evidence\experiments\runs\authorized_mbco_phase_reconstruction_20260904T002152_3132654Z\retry_06_buffered_single_rearm_ddg_20260904T021526_1936864Z\Phase Scan\2026-09-04\20260904T021539_510021Z_run\raw\rep_0001\scan_0000867_phase_000866_attempt_00.npz","13964126"
"C:\Users\Chris\Documents\GitHub\Control_System\evidence\experiments\runs\authorized_mbco_phase_reconstruction_20260904T002152_3132654Z\retry_06_buffered_single_rearm_ddg_20260904T021526_1936864Z\Phase Scan\2026-09-04\20260904T021539_510021Z_run\raw\rep_0001\scan_0000868_phase_000867_attempt_00.npz","13829622"
"C:\Users\Chris\Documents\GitHub\Control_System\evidence\experiments\runs\authorized_mbco_phase_reconstruction_20260904T002152_3132654Z\retry_06_buffered_single_rearm_ddg_20260904T021526_1936864Z\Phase Scan\2026-09-04\20260904T021539_510021Z_run\raw\rep_0001\scan_0000869_phase_000868_attempt_00.npz","13149862"
"C:\Users\Chris\Documents\GitHub\Control_System\evidence\experiments\runs\authorized_mbco_phase_reconstruction_20260904T002152_3132654Z\retry_06_buffered_single_rearm_ddg_20260904T021526_1936864Z\Phase Scan\2026-09-04\20260904T021539_510021Z_run\raw\rep_0001\scan_0000870_phase_000869_attempt_00.npz","12820936"
"C:\Users\Chris\Documents\GitHub\Control_System\evidence\experiments\runs\authorized_mbco_phase_reconstruction_20260904T002152_3132654Z\retry_06_buffered_single_rearm_ddg_20260904T021526_1936864Z\Phase Scan\2026-09-04\20260904T021539_510021Z_run\raw\rep_0001\scan_0000871_phase_000870_attempt_00.npz","13921530"
"C:\Users\Chris\Documents\GitHub\Control_System\evidence\experiments\runs\authorized_mbco_phase_reconstruction_20260904T002152_3132654Z\retry_06_buffered_single_rearm_ddg_20260904T021526_1936864Z\Phase Scan\2026-09-04\20260904T021539_510021Z_run\raw\rep_0001\scan_0000872_phase_000871_attempt_00.npz","13879578"
"C:\Users\Chris\Documents\GitHub\Control_System\evidence\experiments\runs\authorized_mbco_phase_reconstruction_20260904T002152_3132654Z\retry_06_buffered_single_rearm_ddg_20260904T021526_1936864Z\Phase Scan\2026-09-04\20260904T021539_510021Z_run\raw\rep_0001\scan_0000873_phase_000872_attempt_00.npz","13305854"
"C:\Users\Chris\Documents\GitHub\Control_System\evidence\experiments\runs\authorized_mbco_phase_reconstruction_20260904T002152_3132654Z\retry_06_buffered_single_rearm_ddg_20260904T021526_1936864Z\Phase Scan\2026-09-04\20260904T021539_510021Z_run\raw\rep_0001\scan_0000874_phase_000873_attempt_00.npz","13455902"
"C:\Users\Chris\Documents\GitHub\Control_System\evidence\experiments\runs\authorized_mbco_phase_reconstruction_20260904T002152_3132654Z\retry_06_buffered_single_rearm_ddg_20260904T021526_1936864Z\Phase Scan\2026-09-04\20260904T021539_510021Z_run\raw\rep_0001\scan_0000875_phase_000874_attempt_00.npz","13772194"
"C:\Users\Chris\Documents\GitHub\Control_System\evidence\experiments\runs\authorized_mbco_phase_reconstruction_20260904T002152_3132654Z\retry_06_buffered_single_rearm_ddg_20260904T021526_1936864Z\Phase Scan\2026-09-04\20260904T021539_510021Z_run\raw\rep_0001\scan_0000876_phase_000875_attempt_00.npz","13359674"
"C:\Users\Chris\Documents\GitHub\Control_System\evidence\experiments\runs\authorized_mbco_phase_reconstruction_20260904T002152_3132654Z\retry_06_buffered_single_rearm_ddg_20260904T021526_1936864Z\Phase Scan\2026-09-04\20260904T021539_510021Z_run\raw\rep_0001\scan_0000877_phase_000876_attempt_00.npz","14120926"
"C:\Users\Chris\Documents\GitHub\Control_System\evidence\experiments\runs\authorized_mbco_phase_reconstruction_20260904T002152_3132654Z\retry_06_buffered_single_rearm_ddg_20260904T021526_1936864Z\Phase Scan\2026-09-04\20260904T021539_510021Z_run\raw\rep_0001\scan_0000878_phase_000877_attempt_00.npz","13238330"
"C:\Users\Chris\Documents\GitHub\Control_System\evidence\experiments\runs\authorized_mbco_phase_reconstruction_20260904T002152_3132654Z\retry_06_buffered_single_rearm_ddg_20260904T021526_1936864Z\Phase Scan\2026-09-04\20260904T021539_510021Z_run\raw\rep_0001\scan_0000879_phase_000878_attempt_00.npz","13582594"
"C:\Users\Chris\Documents\GitHub\Control_System\evidence\experiments\runs\authorized_mbco_phase_reconstruction_20260904T002152_3132654Z\retry_06_buffered_single_rearm_ddg_20260904T021526_1936864Z\Phase Scan\2026-09-04\20260904T021539_510021Z_run\raw\rep_0001\scan_0000880_phase_000879_attempt_00.npz","13602042"
"C:\Users\Chris\Documents\GitHub\Control_System\evidence\experiments\runs\authorized_mbco_phase_reconstruction_20260904T002152_3132654Z\retry_06_buffered_single_rearm_ddg_20260904T021526_1936864Z\Phase Scan\2026-09-04\20260904T021539_510021Z_run\raw\rep_0001\scan_0000881_phase_000880_attempt_00.npz","13517654"
"C:\Users\Chris\Documents\GitHub\Control_System\evidence\experiments\runs\authorized_mbco_phase_reconstruction_20260904T002152_3132654Z\retry_06_buffered_single_rearm_ddg_20260904T021526_1936864Z\Phase Scan\2026-09-04\20260904T021539_510021Z_run\raw\rep_0001\scan_0000882_phase_000881_attempt_00.npz","13537442"
"C:\Users\Chris\Documents\GitHub\Control_System\evidence\experiments\runs\authorized_mbco_phase_reconstruction_20260904T002152_3132654Z\retry_06_buffered_single_rearm_ddg_20260904T021526_1936864Z\Phase Scan\2026-09-04\20260904T021539_510021Z_run\raw\rep_0001\scan_0000883_phase_000882_attempt_00.npz","13461090"
"C:\Users\Chris\Documents\GitHub\Control_System\evidence\experiments\runs\authorized_mbco_phase_reconstruction_20260904T002152_3132654Z\retry_06_buffered_single_rearm_ddg_20260904T021526_1936864Z\Phase Scan\2026-09-04\20260904T021539_510021Z_run\raw\rep_0001\scan_0000884_phase_000883_attempt_00.npz","13378046"
"C:\Users\Chris\Documents\GitHub\Control_System\evidence\experiments\runs\authorized_mbco_phase_reconstruction_20260904T002152_3132654Z\retry_06_buffered_single_rearm_ddg_20260904T021526_1936864Z\Phase Scan\2026-09-04\20260904T021539_510021Z_run\raw\rep_0001\scan_0000885_phase_000884_attempt_00.npz","13792834"
"C:\Users\Chris\Documents\GitHub\Control_System\evidence\experiments\runs\authorized_mbco_phase_reconstruction_20260904T002152_3132654Z\retry_06_buffered_single_rearm_ddg_20260904T021526_1936864Z\Phase Scan\2026-09-04\20260904T021539_510021Z_run\raw\rep_0001\scan_0000886_phase_000885_attempt_00.npz","13066294"
"C:\Users\Chris\Documents\GitHub\Control_System\evidence\experiments\runs\authorized_mbco_phase_reconstruction_20260904T002152_3132654Z\retry_06_buffered_single_rearm_ddg_20260904T021526_1936864Z\Phase Scan\2026-09-04\20260904T021539_510021Z_run\raw\rep_0001\scan_0000887_phase_000886_attempt_00.npz","13741714"
"C:\Users\Chris\Documents\GitHub\Control_System\evidence\experiments\runs\authorized_mbco_phase_reconstruction_20260904T002152_3132654Z\retry_06_buffered_single_rearm_ddg_20260904T021526_1936864Z\Phase Scan\2026-09-04\20260904T021539_510021Z_run\raw\rep_0001\scan_0000888_phase_000887_attempt_00.npz","13157036"
"C:\Users\Chris\Documents\GitHub\Control_System\evidence\experiments\runs\authorized_mbco_phase_reconstruction_20260904T002152_3132654Z\retry_06_buffered_single_rearm_ddg_20260904T021526_1936864Z\Phase Scan\2026-09-04\20260904T021539_510021Z_run\raw\rep_0001\scan_0000889_phase_000888_attempt_00.npz","13153288"
"C:\Users\Chris\Documents\GitHub\Control_System\evidence\experiments\runs\authorized_mbco_phase_reconstruction_20260904T002152_3132654Z\retry_06_buffered_single_rearm_ddg_20260904T021526_1936864Z\Phase Scan\2026-09-04\20260904T021539_510021Z_run\raw\rep_0001\scan_0000890_phase_000889_attempt_00.npz","13600894"
"C:\Users\Chris\Documents\GitHub\Control_System\evidence\experiments\runs\authorized_mbco_phase_reconstruction_20260904T002152_3132654Z\retry_06_buffered_single_rearm_ddg_20260904T021526_1936864Z\Phase Scan\2026-09-04\20260904T021539_510021Z_run\raw\rep_0001\scan_0000891_phase_000890_attempt_00.npz","13806434"
"C:\Users\Chris\Documents\GitHub\Control_System\evidence\experiments\runs\authorized_mbco_phase_reconstruction_20260904T002152_3132654Z\retry_06_buffered_single_rearm_ddg_20260904T021526_1936864Z\Phase Scan\2026-09-04\20260904T021539_510021Z_run\raw\rep_0001\scan_0000892_phase_000891_attempt_00.npz","13964186"
"C:\Users\Chris\Documents\GitHub\Control_System\evidence\experiments\runs\authorized_mbco_phase_reconstruction_20260904T002152_3132654Z\retry_06_buffered_single_rearm_ddg_20260904T021526_1936864Z\Phase Scan\2026-09-04\20260904T021539_510021Z_run\raw\rep_0001\scan_0000893_phase_000892_attempt_00.npz","13907682"
"C:\Users\Chris\Documents\GitHub\Control_System\evidence\experiments\runs\authorized_mbco_phase_reconstruction_20260904T002152_3132654Z\retry_06_buffered_single_rearm_ddg_20260904T021526_1936864Z\Phase Scan\2026-09-04\20260904T021539_510021Z_run\raw\rep_0001\scan_0000894_phase_000893_attempt_00.npz","13799926"
"C:\Users\Chris\Documents\GitHub\Control_System\evidence\experiments\runs\authorized_mbco_phase_reconstruction_20260904T002152_3132654Z\retry_06_buffered_single_rearm_ddg_20260904T021526_1936864Z\Phase Scan\2026-09-04\20260904T021539_510021Z_run\raw\rep_0001\scan_0000895_phase_000894_attempt_00.npz","13542374"
"C:\Users\Chris\Documents\GitHub\Control_System\evidence\experiments\runs\authorized_mbco_phase_reconstruction_20260904T002152_3132654Z\retry_06_buffered_single_rearm_ddg_20260904T021526_1936864Z\Phase Scan\2026-09-04\20260904T021539_510021Z_run\raw\rep_0001\scan_0000896_phase_000895_attempt_00.npz","13707458"
"C:\Users\Chris\Documents\GitHub\Control_System\evidence\experiments\runs\authorized_mbco_phase_reconstruction_20260904T002152_3132654Z\retry_06_buffered_single_rearm_ddg_20260904T021526_1936864Z\Phase Scan\2026-09-04\20260904T021539_510021Z_run\raw\rep_0001\scan_0000897_phase_000896_attempt_00.npz","13352994"
"C:\Users\Chris\Documents\GitHub\Control_System\evidence\experiments\runs\authorized_mbco_phase_reconstruction_20260904T002152_3132654Z\retry_06_buffered_single_rearm_ddg_20260904T021526_1936864Z\Phase Scan\2026-09-04\20260904T021539_510021Z_run\raw\rep_0001\scan_0000898_phase_000897_attempt_00.npz","13795358"
"C:\Users\Chris\Documents\GitHub\Control_System\evidence\experiments\runs\authorized_mbco_phase_reconstruction_20260904T002152_3132654Z\retry_06_buffered_single_rearm_ddg_20260904T021526_1936864Z\Phase Scan\2026-09-04\20260904T021539_510021Z_run\raw\rep_0001\scan_0000899_phase_000898_attempt_00.npz","13556622"
"C:\Users\Chris\Documents\GitHub\Control_System\evidence\experiments\runs\authorized_mbco_phase_reconstruction_20260904T002152_3132654Z\retry_06_buffered_single_rearm_ddg_20260904T021526_1936864Z\Phase Scan\2026-09-04\20260904T021539_510021Z_run\raw\rep_0001\scan_0000900_phase_000899_attempt_00.npz","13883750"
"C:\Users\Chris\Documents\GitHub\Control_System\evidence\experiments\runs\authorized_mbco_phase_reconstruction_20260904T002152_3132654Z\retry_06_buffered_single_rearm_ddg_20260904T021526_1936864Z\Phase Scan\2026-09-04\20260904T021539_510021Z_run\raw\rep_0001\scan_0000901_phase_000900_attempt_00.npz","13337022"
"C:\Users\Chris\Documents\GitHub\Control_System\evidence\experiments\runs\authorized_mbco_phase_reconstruction_20260904T002152_3132654Z\retry_06_buffered_single_rearm_ddg_20260904T021526_1936864Z\Phase Scan\2026-09-04\20260904T021539_510021Z_run\raw\rep_0001\scan_0000902_phase_000901_attempt_00.npz","13390882"
"C:\Users\Chris\Documents\GitHub\Control_System\evidence\experiments\runs\authorized_mbco_phase_reconstruction_20260904T002152_3132654Z\retry_06_buffered_single_rearm_ddg_20260904T021526_1936864Z\Phase Scan\2026-09-04\20260904T021539_510021Z_run\raw\rep_0001\scan_0000903_phase_000902_attempt_00.npz","14108218"
"C:\Users\Chris\Documents\GitHub\Control_System\evidence\experiments\runs\authorized_mbco_phase_reconstruction_20260904T002152_3132654Z\retry_06_buffered_single_rearm_ddg_20260904T021526_1936864Z\Phase Scan\2026-09-04\20260904T021539_510021Z_run\raw\rep_0001\scan_0000904_phase_000903_attempt_00.npz","13936858"
"C:\Users\Chris\Documents\GitHub\Control_System\evidence\experiments\runs\authorized_mbco_phase_reconstruction_20260904T002152_3132654Z\retry_06_buffered_single_rearm_ddg_20260904T021526_1936864Z\Phase Scan\2026-09-04\20260904T021539_510021Z_run\raw\rep_0001\scan_0000905_phase_000904_attempt_00.npz","13385530"
"C:\Users\Chris\Documents\GitHub\Control_System\evidence\experiments\runs\authorized_mbco_phase_reconstruction_20260904T002152_3132654Z\retry_06_buffered_single_rearm_ddg_20260904T021526_1936864Z\Phase Scan\2026-09-04\20260904T021539_510021Z_run\raw\rep_0001\scan_0000906_phase_000905_attempt_00.npz","13044708"
"C:\Users\Chris\Documents\GitHub\Control_System\evidence\experiments\runs\authorized_mbco_phase_reconstruction_20260904T002152_3132654Z\retry_06_buffered_single_rearm_ddg_20260904T021526_1936864Z\Phase Scan\2026-09-04\20260904T021539_510021Z_run\raw\rep_0001\scan_0000907_phase_000906_attempt_00.npz","13544704"
"C:\Users\Chris\Documents\GitHub\Control_System\evidence\experiments\runs\authorized_mbco_phase_reconstruction_20260904T002152_3132654Z\retry_06_buffered_single_rearm_ddg_20260904T021526_1936864Z\Phase Scan\2026-09-04\20260904T021539_510021Z_run\raw\rep_0001\scan_0000908_phase_000907_attempt_00.npz","13852414"
"C:\Users\Chris\Documents\GitHub\Control_System\evidence\experiments\runs\authorized_mbco_phase_reconstruction_20260904T002152_3132654Z\retry_06_buffered_single_rearm_ddg_20260904T021526_1936864Z\Phase Scan\2026-09-04\20260904T021539_510021Z_run\raw\rep_0001\scan_0000909_phase_000908_attempt_00.npz","13525502"
"C:\Users\Chris\Documents\GitHub\Control_System\evidence\experiments\runs\authorized_mbco_phase_reconstruction_20260904T002152_3132654Z\retry_06_buffered_single_rearm_ddg_20260904T021526_1936864Z\Phase Scan\2026-09-04\20260904T021539_510021Z_run\raw\rep_0001\scan_0000910_phase_000909_attempt_00.npz","13439938"
"C:\Users\Chris\Documents\GitHub\Control_System\evidence\experiments\runs\authorized_mbco_phase_reconstruction_20260904T002152_3132654Z\retry_06_buffered_single_rearm_ddg_20260904T021526_1936864Z\Phase Scan\2026-09-04\20260904T021539_510021Z_run\raw\rep_0001\scan_0000911_phase_000910_attempt_00.npz","13762578"
"C:\Users\Chris\Documents\GitHub\Control_System\evidence\experiments\runs\authorized_mbco_phase_reconstruction_20260904T002152_3132654Z\retry_06_buffered_single_rearm_ddg_20260904T021526_1936864Z\Phase Scan\2026-09-04\20260904T021539_510021Z_run\raw\rep_0001\scan_0000912_phase_000911_attempt_00.npz","12884232"
"C:\Users\Chris\Documents\GitHub\Control_System\evidence\experiments\runs\authorized_mbco_phase_reconstruction_20260904T002152_3132654Z\retry_06_buffered_single_rearm_ddg_20260904T021526_1936864Z\Phase Scan\2026-09-04\20260904T021539_510021Z_run\raw\rep_0001\scan_0000913_phase_000912_attempt_00.npz","13475102"
"C:\Users\Chris\Documents\GitHub\Control_System\evidence\experiments\runs\authorized_mbco_phase_reconstruction_20260904T002152_3132654Z\retry_06_buffered_single_rearm_ddg_20260904T021526_1936864Z\Phase Scan\2026-09-04\20260904T021539_510021Z_run\raw\rep_0001\scan_0000914_phase_000913_attempt_00.npz","13333218"
"C:\Users\Chris\Documents\GitHub\Control_System\evidence\experiments\runs\authorized_mbco_phase_reconstruction_20260904T002152_3132654Z\retry_06_buffered_single_rearm_ddg_20260904T021526_1936864Z\Phase Scan\2026-09-04\20260904T021539_510021Z_run\raw\rep_0001\scan_0000915_phase_000914_attempt_00.npz","13504890"
"C:\Users\Chris\Documents\GitHub\Control_System\evidence\experiments\runs\authorized_mbco_phase_reconstruction_20260904T002152_3132654Z\retry_06_buffered_single_rearm_ddg_20260904T021526_1936864Z\Phase Scan\2026-09-04\20260904T021539_510021Z_run\raw\rep_0001\scan_0000916_phase_000915_attempt_00.npz","13846270"
"C:\Users\Chris\Documents\GitHub\Control_System\evidence\experiments\runs\authorized_mbco_phase_reconstruction_20260904T002152_3132654Z\retry_06_buffered_single_rearm_ddg_20260904T021526_1936864Z\Phase Scan\2026-09-04\20260904T021539_510021Z_run\raw\rep_0001\scan_0000917_phase_000916_attempt_00.npz","13653050"
"C:\Users\Chris\Documents\GitHub\Control_System\evidence\experiments\runs\authorized_mbco_phase_reconstruction_20260904T002152_3132654Z\retry_06_buffered_single_rearm_ddg_20260904T021526_1936864Z\Phase Scan\2026-09-04\20260904T021539_510021Z_run\raw\rep_0001\scan_0000918_phase_000917_attempt_00.npz","13468158"
"C:\Users\Chris\Documents\GitHub\Control_System\evidence\experiments\runs\authorized_mbco_phase_reconstruction_20260904T002152_3132654Z\retry_06_buffered_single_rearm_ddg_20260904T021526_1936864Z\Phase Scan\2026-09-04\20260904T021539_510021Z_run\raw\rep_0001\scan_0000919_phase_000918_attempt_00.npz","13804570"
"C:\Users\Chris\Documents\GitHub\Control_System\evidence\experiments\runs\authorized_mbco_phase_reconstruction_20260904T002152_3132654Z\retry_06_buffered_single_rearm_ddg_20260904T021526_1936864Z\Phase Scan\2026-09-04\20260904T021539_510021Z_run\raw\rep_0001\scan_0000920_phase_000919_attempt_00.npz","13832126"
"C:\Users\Chris\Documents\GitHub\Control_System\evidence\experiments\runs\authorized_mbco_phase_reconstruction_20260904T002152_3132654Z\retry_06_buffered_single_rearm_ddg_20260904T021526_1936864Z\Phase Scan\2026-09-04\20260904T021539_510021Z_run\raw\rep_0001\scan_0000921_phase_000920_attempt_00.npz","13596898"
"C:\Users\Chris\Documents\GitHub\Control_System\evidence\experiments\runs\authorized_mbco_phase_reconstruction_20260904T002152_3132654Z\retry_06_buffered_single_rearm_ddg_20260904T021526_1936864Z\Phase Scan\2026-09-04\20260904T021539_510021Z_run\raw\rep_0001\scan_0000922_phase_000921_attempt_00.npz","13124512"
"C:\Users\Chris\Documents\GitHub\Control_System\evidence\experiments\runs\authorized_mbco_phase_reconstruction_20260904T002152_3132654Z\retry_06_buffered_single_rearm_ddg_20260904T021526_1936864Z\Phase Scan\2026-09-04\20260904T021539_510021Z_run\raw\rep_0001\scan_0000923_phase_000922_attempt_00.npz","13547514"
"C:\Users\Chris\Documents\GitHub\Control_System\evidence\experiments\runs\authorized_mbco_phase_reconstruction_20260904T002152_3132654Z\retry_06_buffered_single_rearm_ddg_20260904T021526_1936864Z\Phase Scan\2026-09-04\20260904T021539_510021Z_run\raw\rep_0001\scan_0000924_phase_000923_attempt_00.npz","13587102"
"C:\Users\Chris\Documents\GitHub\Control_System\evidence\experiments\runs\authorized_mbco_phase_reconstruction_20260904T002152_3132654Z\retry_06_buffered_single_rearm_ddg_20260904T021526_1936864Z\Phase Scan\2026-09-04\20260904T021539_510021Z_run\raw\rep_0001\scan_0000925_phase_000924_attempt_00.npz","13419422"
"C:\Users\Chris\Documents\GitHub\Control_System\evidence\experiments\runs\authorized_mbco_phase_reconstruction_20260904T002152_3132654Z\retry_06_buffered_single_rearm_ddg_20260904T021526_1936864Z\Phase Scan\2026-09-04\20260904T021539_510021Z_run\raw\rep_0001\scan_0000926_phase_000925_attempt_00.npz","13768254"
"C:\Users\Chris\Documents\GitHub\Control_System\evidence\experiments\runs\authorized_mbco_phase_reconstruction_20260904T002152_3132654Z\retry_06_buffered_single_rearm_ddg_20260904T021526_1936864Z\Phase Scan\2026-09-04\20260904T021539_510021Z_run\raw\rep_0001\scan_0000927_phase_000926_attempt_00.npz","13658070"
"C:\Users\Chris\Documents\GitHub\Control_System\evidence\experiments\runs\authorized_mbco_phase_reconstruction_20260904T002152_3132654Z\retry_06_buffered_single_rearm_ddg_20260904T021526_1936864Z\Phase Scan\2026-09-04\20260904T021539_510021Z_run\raw\rep_0001\scan_0000928_phase_000927_attempt_00.npz","13262070"
"C:\Users\Chris\Documents\GitHub\Control_System\evidence\experiments\runs\authorized_mbco_phase_reconstruction_20260904T002152_3132654Z\retry_06_buffered_single_rearm_ddg_20260904T021526_1936864Z\Phase Scan\2026-09-04\20260904T021539_510021Z_run\raw\rep_0001\scan_0000929_phase_000928_attempt_00.npz","13591646"
"C:\Users\Chris\Documents\GitHub\Control_System\evidence\experiments\runs\authorized_mbco_phase_reconstruction_20260904T002152_3132654Z\retry_06_buffered_single_rearm_ddg_20260904T021526_1936864Z\Phase Scan\2026-09-04\20260904T021539_510021Z_run\raw\rep_0001\scan_0000930_phase_000929_attempt_00.npz","14042362"
"C:\Users\Chris\Documents\GitHub\Control_System\evidence\experiments\runs\authorized_mbco_phase_reconstruction_20260904T002152_3132654Z\retry_06_buffered_single_rearm_ddg_20260904T021526_1936864Z\Phase Scan\2026-09-04\20260904T021539_510021Z_run\raw\rep_0001\scan_0000931_phase_000930_attempt_00.npz","13937366"
"C:\Users\Chris\Documents\GitHub\Control_System\evidence\experiments\runs\authorized_mbco_phase_reconstruction_20260904T002152_3132654Z\retry_06_buffered_single_rearm_ddg_20260904T021526_1936864Z\Phase Scan\2026-09-04\20260904T021539_510021Z_run\raw\rep_0001\scan_0000932_phase_000931_attempt_00.npz","14188890"
"C:\Users\Chris\Documents\GitHub\Control_System\evidence\experiments\runs\authorized_mbco_phase_reconstruction_20260904T002152_3132654Z\retry_06_buffered_single_rearm_ddg_20260904T021526_1936864Z\Phase Scan\2026-09-04\20260904T021539_510021Z_run\raw\rep_0001\scan_0000933_phase_000932_attempt_00.npz","13903418"
"C:\Users\Chris\Documents\GitHub\Control_System\evidence\experiments\runs\authorized_mbco_phase_reconstruction_20260904T002152_3132654Z\retry_06_buffered_single_rearm_ddg_20260904T021526_1936864Z\Phase Scan\2026-09-04\20260904T021539_510021Z_run\raw\rep_0001\scan_0000934_phase_000933_attempt_00.npz","13820922"
"C:\Users\Chris\Documents\GitHub\Control_System\evidence\experiments\runs\authorized_mbco_phase_reconstruction_20260904T002152_3132654Z\retry_06_buffered_single_rearm_ddg_20260904T021526_1936864Z\Phase Scan\2026-09-04\20260904T021539_510021Z_run\raw\rep_0001\scan_0000935_phase_000934_attempt_00.npz","13623610"
"C:\Users\Chris\Documents\GitHub\Control_System\evidence\experiments\runs\authorized_mbco_phase_reconstruction_20260904T002152_3132654Z\retry_06_buffered_single_rearm_ddg_20260904T021526_1936864Z\Phase Scan\2026-09-04\20260904T021539_510021Z_run\raw\rep_0001\scan_0000936_phase_000935_attempt_00.npz","13939194"
"C:\Users\Chris\Documents\GitHub\Control_System\evidence\experiments\runs\authorized_mbco_phase_reconstruction_20260904T002152_3132654Z\retry_06_buffered_single_rearm_ddg_20260904T021526_1936864Z\Phase Scan\2026-09-04\20260904T021539_510021Z_run\raw\rep_0001\scan_0000937_phase_000936_attempt_00.npz","13937250"
"C:\Users\Chris\Documents\GitHub\Control_System\evidence\experiments\runs\authorized_mbco_phase_reconstruction_20260904T002152_3132654Z\retry_06_buffered_single_rearm_ddg_20260904T021526_1936864Z\Phase Scan\2026-09-04\20260904T021539_510021Z_run\raw\rep_0001\scan_0000938_phase_000937_attempt_00.npz","13708282"
"C:\Users\Chris\Documents\GitHub\Control_System\evidence\experiments\runs\authorized_mbco_phase_reconstruction_20260904T002152_3132654Z\retry_06_buffered_single_rearm_ddg_20260904T021526_1936864Z\Phase Scan\2026-09-04\20260904T021539_510021Z_run\raw\rep_0001\scan_0000939_phase_000938_attempt_00.npz","13533886"
"C:\Users\Chris\Documents\GitHub\Control_System\evidence\experiments\runs\authorized_mbco_phase_reconstruction_20260904T002152_3132654Z\retry_06_buffered_single_rearm_ddg_20260904T021526_1936864Z\Phase Scan\2026-09-04\20260904T021539_510021Z_run\raw\rep_0001\scan_0000940_phase_000939_attempt_00.npz","13917010"
"C:\Users\Chris\Documents\GitHub\Control_System\evidence\experiments\runs\authorized_mbco_phase_reconstruction_20260904T002152_3132654Z\retry_06_buffered_single_rearm_ddg_20260904T021526_1936864Z\Phase Scan\2026-09-04\20260904T021539_510021Z_run\raw\rep_0001\scan_0000941_phase_000940_attempt_00.npz","13106120"
"C:\Users\Chris\Documents\GitHub\Control_System\evidence\experiments\runs\authorized_mbco_phase_reconstruction_20260904T002152_3132654Z\retry_06_buffered_single_rearm_ddg_20260904T021526_1936864Z\Phase Scan\2026-09-04\20260904T021539_510021Z_run\raw\rep_0001\scan_0000942_phase_000941_attempt_00.npz","13326750"
"C:\Users\Chris\Documents\GitHub\Control_System\evidence\experiments\runs\authorized_mbco_phase_reconstruction_20260904T002152_3132654Z\retry_06_buffered_single_rearm_ddg_20260904T021526_1936864Z\Phase Scan\2026-09-04\20260904T021539_510021Z_run\raw\rep_0001\scan_0000943_phase_000942_attempt_00.npz","14058238"
"C:\Users\Chris\Documents\GitHub\Control_System\evidence\experiments\runs\authorized_mbco_phase_reconstruction_20260904T002152_3132654Z\retry_06_buffered_single_rearm_ddg_20260904T021526_1936864Z\Phase Scan\2026-09-04\20260904T021539_510021Z_run\raw\rep_0001\scan_0000944_phase_000943_attempt_00.npz","13365082"
"C:\Users\Chris\Documents\GitHub\Control_System\evidence\experiments\runs\authorized_mbco_phase_reconstruction_20260904T002152_3132654Z\retry_06_buffered_single_rearm_ddg_20260904T021526_1936864Z\Phase Scan\2026-09-04\20260904T021539_510021Z_run\raw\rep_0001\scan_0000945_phase_000944_attempt_00.npz","13539990"
"C:\Users\Chris\Documents\GitHub\Control_System\evidence\experiments\runs\authorized_mbco_phase_reconstruction_20260904T002152_3132654Z\retry_06_buffered_single_rearm_ddg_20260904T021526_1936864Z\Phase Scan\2026-09-04\20260904T021539_510021Z_run\raw\rep_0001\scan_0000946_phase_000945_attempt_00.npz","13440766"
"C:\Users\Chris\Documents\GitHub\Control_System\evidence\experiments\runs\authorized_mbco_phase_reconstruction_20260904T002152_3132654Z\retry_06_buffered_single_rearm_ddg_20260904T021526_1936864Z\Phase Scan\2026-09-04\20260904T021539_510021Z_run\raw\rep_0001\scan_0000947_phase_000946_attempt_00.npz","13269010"
"C:\Users\Chris\Documents\GitHub\Control_System\evidence\experiments\runs\authorized_mbco_phase_reconstruction_20260904T002152_3132654Z\retry_06_buffered_single_rearm_ddg_20260904T021526_1936864Z\Phase Scan\2026-09-04\20260904T021539_510021Z_run\raw\rep_0001\scan_0000948_phase_000947_attempt_00.npz","13819006"
"C:\Users\Chris\Documents\GitHub\Control_System\evidence\experiments\runs\authorized_mbco_phase_reconstruction_20260904T002152_3132654Z\retry_06_buffered_single_rearm_ddg_20260904T021526_1936864Z\Phase Scan\2026-09-04\20260904T021539_510021Z_run\raw\rep_0001\scan_0000949_phase_000948_attempt_00.npz","13051584"
"C:\Users\Chris\Documents\GitHub\Control_System\evidence\experiments\runs\authorized_mbco_phase_reconstruction_20260904T002152_3132654Z\retry_06_buffered_single_rearm_ddg_20260904T021526_1936864Z\Phase Scan\2026-09-04\20260904T021539_510021Z_run\raw\rep_0001\scan_0000950_phase_000949_attempt_00.npz","13623714"
"C:\Users\Chris\Documents\GitHub\Control_System\evidence\experiments\runs\authorized_mbco_phase_reconstruction_20260904T002152_3132654Z\retry_06_buffered_single_rearm_ddg_20260904T021526_1936864Z\Phase Scan\2026-09-04\20260904T021539_510021Z_run\raw\rep_0001\scan_0000951_phase_000950_attempt_00.npz","13458914"
"C:\Users\Chris\Documents\GitHub\Control_System\evidence\experiments\runs\authorized_mbco_phase_reconstruction_20260904T002152_3132654Z\retry_06_buffered_single_rearm_ddg_20260904T021526_1936864Z\Phase Scan\2026-09-04\20260904T021539_510021Z_run\raw\rep_0001\scan_0000952_phase_000951_attempt_00.npz","13218660"
"C:\Users\Chris\Documents\GitHub\Control_System\evidence\experiments\runs\authorized_mbco_phase_reconstruction_20260904T002152_3132654Z\retry_06_buffered_single_rearm_ddg_20260904T021526_1936864Z\Phase Scan\2026-09-04\20260904T021539_510021Z_run\raw\rep_0001\scan_0000953_phase_000952_attempt_00.npz","13684862"
"C:\Users\Chris\Documents\GitHub\Control_System\evidence\experiments\runs\authorized_mbco_phase_reconstruction_20260904T002152_3132654Z\retry_06_buffered_single_rearm_ddg_20260904T021526_1936864Z\Phase Scan\2026-09-04\20260904T021539_510021Z_run\raw\rep_0001\scan_0000954_phase_000953_attempt_00.npz","13801662"
"C:\Users\Chris\Documents\GitHub\Control_System\evidence\experiments\runs\authorized_mbco_phase_reconstruction_20260904T002152_3132654Z\retry_06_buffered_single_rearm_ddg_20260904T021526_1936864Z\Phase Scan\2026-09-04\20260904T021539_510021Z_run\raw\rep_0001\scan_0000955_phase_000954_attempt_00.npz","13281786"
"C:\Users\Chris\Documents\GitHub\Control_System\evidence\experiments\runs\authorized_mbco_phase_reconstruction_20260904T002152_3132654Z\retry_06_buffered_single_rearm_ddg_20260904T021526_1936864Z\Phase Scan\2026-09-04\20260904T021539_510021Z_run\raw\rep_0001\scan_0000956_phase_000955_attempt_00.npz","13858682"
"C:\Users\Chris\Documents\GitHub\Control_System\evidence\experiments\runs\authorized_mbco_phase_reconstruction_20260904T002152_3132654Z\retry_06_buffered_single_rearm_ddg_20260904T021526_1936864Z\Phase Scan\2026-09-04\20260904T021539_510021Z_run\raw\rep_0001\scan_0000957_phase_000956_attempt_00.npz","14014106"
"C:\Users\Chris\Documents\GitHub\Control_System\evidence\experiments\runs\authorized_mbco_phase_reconstruction_20260904T002152_3132654Z\retry_06_buffered_single_rearm_ddg_20260904T021526_1936864Z\Phase Scan\2026-09-04\20260904T021539_510021Z_run\raw\rep_0001\scan_0000958_phase_000957_attempt_00.npz","13421118"
"C:\Users\Chris\Documents\GitHub\Control_System\evidence\experiments\runs\authorized_mbco_phase_reconstruction_20260904T002152_3132654Z\retry_06_buffered_single_rearm_ddg_20260904T021526_1936864Z\Phase Scan\2026-09-04\20260904T021539_510021Z_run\raw\rep_0001\scan_0000959_phase_000958_attempt_00.npz","13951610"
"C:\Users\Chris\Documents\GitHub\Control_System\evidence\experiments\runs\authorized_mbco_phase_reconstruction_20260904T002152_3132654Z\retry_06_buffered_single_rearm_ddg_20260904T021526_1936864Z\Phase Scan\2026-09-04\20260904T021539_510021Z_run\raw\rep_0001\scan_0000960_phase_000959_attempt_00.npz","14060478"
"C:\Users\Chris\Documents\GitHub\Control_System\evidence\experiments\runs\authorized_mbco_phase_reconstruction_20260904T002152_3132654Z\retry_06_buffered_single_rearm_ddg_20260904T021526_1936864Z\Phase Scan\2026-09-04\20260904T021539_510021Z_run\raw\rep_0001\scan_0000961_phase_000960_attempt_00.npz","13827102"
"C:\Users\Chris\Documents\GitHub\Control_System\evidence\experiments\runs\authorized_mbco_phase_reconstruction_20260904T002152_3132654Z\retry_06_buffered_single_rearm_ddg_20260904T021526_1936864Z\Phase Scan\2026-09-04\20260904T021539_510021Z_run\raw\rep_0001\scan_0000962_phase_000961_attempt_00.npz","13448506"
"C:\Users\Chris\Documents\GitHub\Control_System\evidence\experiments\runs\authorized_mbco_phase_reconstruction_20260904T002152_3132654Z\retry_06_buffered_single_rearm_ddg_20260904T021526_1936864Z\Phase Scan\2026-09-04\20260904T021539_510021Z_run\raw\rep_0001\scan_0000963_phase_000962_attempt_00.npz","13317754"
"C:\Users\Chris\Documents\GitHub\Control_System\evidence\experiments\runs\authorized_mbco_phase_reconstruction_20260904T002152_3132654Z\retry_06_buffered_single_rearm_ddg_20260904T021526_1936864Z\Phase Scan\2026-09-04\20260904T021539_510021Z_run\raw\rep_0001\scan_0000964_phase_000963_attempt_00.npz","13645374"
"C:\Users\Chris\Documents\GitHub\Control_System\evidence\experiments\runs\authorized_mbco_phase_reconstruction_20260904T002152_3132654Z\retry_06_buffered_single_rearm_ddg_20260904T021526_1936864Z\Phase Scan\2026-09-04\20260904T021539_510021Z_run\raw\rep_0001\scan_0000965_phase_000964_attempt_00.npz","13332140"
"C:\Users\Chris\Documents\GitHub\Control_System\evidence\experiments\runs\authorized_mbco_phase_reconstruction_20260904T002152_3132654Z\retry_06_buffered_single_rearm_ddg_20260904T021526_1936864Z\Phase Scan\2026-09-04\20260904T021539_510021Z_run\raw\rep_0001\scan_0000966_phase_000965_attempt_00.npz","13603746"
"C:\Users\Chris\Documents\GitHub\Control_System\evidence\experiments\runs\authorized_mbco_phase_reconstruction_20260904T002152_3132654Z\retry_06_buffered_single_rearm_ddg_20260904T021526_1936864Z\Phase Scan\2026-09-04\20260904T021539_510021Z_run\raw\rep_0001\scan_0000967_phase_000966_attempt_00.npz","13700158"
"C:\Users\Chris\Documents\GitHub\Control_System\evidence\experiments\runs\authorized_mbco_phase_reconstruction_20260904T002152_3132654Z\retry_06_buffered_single_rearm_ddg_20260904T021526_1936864Z\Phase Scan\2026-09-04\20260904T021539_510021Z_run\raw\rep_0001\scan_0000968_phase_000967_attempt_00.npz","13702366"
"C:\Users\Chris\Documents\GitHub\Control_System\evidence\experiments\runs\authorized_mbco_phase_reconstruction_20260904T002152_3132654Z\retry_06_buffered_single_rearm_ddg_20260904T021526_1936864Z\Phase Scan\2026-09-04\20260904T021539_510021Z_run\raw\rep_0001\scan_0000969_phase_000968_attempt_00.npz","13874430"
"C:\Users\Chris\Documents\GitHub\Control_System\evidence\experiments\runs\authorized_mbco_phase_reconstruction_20260904T002152_3132654Z\retry_06_buffered_single_rearm_ddg_20260904T021526_1936864Z\Phase Scan\2026-09-04\20260904T021539_510021Z_run\raw\rep_0001\scan_0000970_phase_000969_attempt_00.npz","13319998"
"C:\Users\Chris\Documents\GitHub\Control_System\evidence\experiments\runs\authorized_mbco_phase_reconstruction_20260904T002152_3132654Z\retry_06_buffered_single_rearm_ddg_20260904T021526_1936864Z\Phase Scan\2026-09-04\20260904T021539_510021Z_run\raw\rep_0001\scan_0000971_phase_000970_attempt_00.npz","13840886"
"C:\Users\Chris\Documents\GitHub\Control_System\evidence\experiments\runs\authorized_mbco_phase_reconstruction_20260904T002152_3132654Z\retry_06_buffered_single_rearm_ddg_20260904T021526_1936864Z\Phase Scan\2026-09-04\20260904T021539_510021Z_run\raw\rep_0001\scan_0000972_phase_000971_attempt_00.npz","13458810"
"C:\Users\Chris\Documents\GitHub\Control_System\evidence\experiments\runs\authorized_mbco_phase_reconstruction_20260904T002152_3132654Z\retry_06_buffered_single_rearm_ddg_20260904T021526_1936864Z\Phase Scan\2026-09-04\20260904T021539_510021Z_run\raw\rep_0001\scan_0000973_phase_000972_attempt_00.npz","13873214"
"C:\Users\Chris\Documents\GitHub\Control_System\evidence\experiments\runs\authorized_mbco_phase_reconstruction_20260904T002152_3132654Z\retry_06_buffered_single_rearm_ddg_20260904T021526_1936864Z\Phase Scan\2026-09-04\20260904T021539_510021Z_run\raw\rep_0001\scan_0000974_phase_000973_attempt_00.npz","13747638"
"C:\Users\Chris\Documents\GitHub\Control_System\evidence\experiments\runs\authorized_mbco_phase_reconstruction_20260904T002152_3132654Z\retry_06_buffered_single_rearm_ddg_20260904T021526_1936864Z\Phase Scan\2026-09-04\20260904T021539_510021Z_run\raw\rep_0001\scan_0000975_phase_000974_attempt_00.npz","13384698"
"C:\Users\Chris\Documents\GitHub\Control_System\evidence\experiments\runs\authorized_mbco_phase_reconstruction_20260904T002152_3132654Z\retry_06_buffered_single_rearm_ddg_20260904T021526_1936864Z\Phase Scan\2026-09-04\20260904T021539_510021Z_run\raw\rep_0001\scan_0000976_phase_000975_attempt_00.npz","13290010"
"C:\Users\Chris\Documents\GitHub\Control_System\evidence\experiments\runs\authorized_mbco_phase_reconstruction_20260904T002152_3132654Z\retry_06_buffered_single_rearm_ddg_20260904T021526_1936864Z\Phase Scan\2026-09-04\20260904T021539_510021Z_run\raw\rep_0001\scan_0000977_phase_000976_attempt_00.npz","13514170"
"C:\Users\Chris\Documents\GitHub\Control_System\evidence\experiments\runs\authorized_mbco_phase_reconstruction_20260904T002152_3132654Z\retry_06_buffered_single_rearm_ddg_20260904T021526_1936864Z\Phase Scan\2026-09-04\20260904T021539_510021Z_run\raw\rep_0001\scan_0000978_phase_000977_attempt_00.npz","13759870"
"C:\Users\Chris\Documents\GitHub\Control_System\evidence\experiments\runs\authorized_mbco_phase_reconstruction_20260904T002152_3132654Z\retry_06_buffered_single_rearm_ddg_20260904T021526_1936864Z\Phase Scan\2026-09-04\20260904T021539_510021Z_run\raw\rep_0001\scan_0000979_phase_000978_attempt_00.npz","13660186"
"C:\Users\Chris\Documents\GitHub\Control_System\evidence\experiments\runs\authorized_mbco_phase_reconstruction_20260904T002152_3132654Z\retry_06_buffered_single_rearm_ddg_20260904T021526_1936864Z\Phase Scan\2026-09-04\20260904T021539_510021Z_run\raw\rep_0001\scan_0000980_phase_000979_attempt_00.npz","13760702"
"C:\Users\Chris\Documents\GitHub\Control_System\evidence\experiments\runs\authorized_mbco_phase_reconstruction_20260904T002152_3132654Z\retry_06_buffered_single_rearm_ddg_20260904T021526_1936864Z\Phase Scan\2026-09-04\20260904T021539_510021Z_run\raw\rep_0001\scan_0000981_phase_000980_attempt_00.npz","13764706"
"C:\Users\Chris\Documents\GitHub\Control_System\evidence\experiments\runs\authorized_mbco_phase_reconstruction_20260904T002152_3132654Z\retry_06_buffered_single_rearm_ddg_20260904T021526_1936864Z\Phase Scan\2026-09-04\20260904T021539_510021Z_run\raw\rep_0001\scan_0000982_phase_000981_attempt_00.npz","13839266"
"C:\Users\Chris\Documents\GitHub\Control_System\evidence\experiments\runs\authorized_mbco_phase_reconstruction_20260904T002152_3132654Z\retry_06_buffered_single_rearm_ddg_20260904T021526_1936864Z\Phase Scan\2026-09-04\20260904T021539_510021Z_run\raw\rep_0001\scan_0000983_phase_000982_attempt_00.npz","13687162"
"C:\Users\Chris\Documents\GitHub\Control_System\evidence\experiments\runs\authorized_mbco_phase_reconstruction_20260904T002152_3132654Z\retry_06_buffered_single_rearm_ddg_20260904T021526_1936864Z\Phase Scan\2026-09-04\20260904T021539_510021Z_run\raw\rep_0001\scan_0000984_phase_000983_attempt_00.npz","13468606"
"C:\Users\Chris\Documents\GitHub\Control_System\evidence\experiments\runs\authorized_mbco_phase_reconstruction_20260904T002152_3132654Z\retry_06_buffered_single_rearm_ddg_20260904T021526_1936864Z\Phase Scan\2026-09-04\20260904T021539_510021Z_run\raw\rep_0001\scan_0000985_phase_000984_attempt_00.npz","13279866"
"C:\Users\Chris\Documents\GitHub\Control_System\evidence\experiments\runs\authorized_mbco_phase_reconstruction_20260904T002152_3132654Z\retry_06_buffered_single_rearm_ddg_20260904T021526_1936864Z\Phase Scan\2026-09-04\20260904T021539_510021Z_run\raw\rep_0001\scan_0000986_phase_000985_attempt_00.npz","13733882"
"C:\Users\Chris\Documents\GitHub\Control_System\evidence\experiments\runs\authorized_mbco_phase_reconstruction_20260904T002152_3132654Z\retry_06_buffered_single_rearm_ddg_20260904T021526_1936864Z\Phase Scan\2026-09-04\20260904T021539_510021Z_run\raw\rep_0001\scan_0000987_phase_000986_attempt_00.npz","13611642"
"C:\Users\Chris\Documents\GitHub\Control_System\evidence\experiments\runs\authorized_mbco_phase_reconstruction_20260904T002152_3132654Z\retry_06_buffered_single_rearm_ddg_20260904T021526_1936864Z\Phase Scan\2026-09-04\20260904T021539_510021Z_run\raw\rep_0001\scan_0000988_phase_000987_attempt_00.npz","13582560"
"C:\Users\Chris\Documents\GitHub\Control_System\evidence\experiments\runs\authorized_mbco_phase_reconstruction_20260904T002152_3132654Z\retry_06_buffered_single_rearm_ddg_20260904T021526_1936864Z\Phase Scan\2026-09-04\20260904T021539_510021Z_run\raw\rep_0001\scan_0000989_phase_000988_attempt_00.npz","13867702"
"C:\Users\Chris\Documents\GitHub\Control_System\evidence\experiments\runs\authorized_mbco_phase_reconstruction_20260904T002152_3132654Z\retry_06_buffered_single_rearm_ddg_20260904T021526_1936864Z\Phase Scan\2026-09-04\20260904T021539_510021Z_run\raw\rep_0001\scan_0000990_phase_000989_attempt_00.npz","13250906"
"C:\Users\Chris\Documents\GitHub\Control_System\evidence\experiments\runs\authorized_mbco_phase_reconstruction_20260904T002152_3132654Z\retry_06_buffered_single_rearm_ddg_20260904T021526_1936864Z\Phase Scan\2026-09-04\20260904T021539_510021Z_run\raw\rep_0001\scan_0000991_phase_000990_attempt_00.npz","13332194"
"C:\Users\Chris\Documents\GitHub\Control_System\evidence\experiments\runs\authorized_mbco_phase_reconstruction_20260904T002152_3132654Z\retry_06_buffered_single_rearm_ddg_20260904T021526_1936864Z\Phase Scan\2026-09-04\20260904T021539_510021Z_run\raw\rep_0001\scan_0000992_phase_000991_attempt_00.npz","13424232"
"C:\Users\Chris\Documents\GitHub\Control_System\evidence\experiments\runs\authorized_mbco_phase_reconstruction_20260904T002152_3132654Z\retry_06_buffered_single_rearm_ddg_20260904T021526_1936864Z\Phase Scan\2026-09-04\20260904T021539_510021Z_run\raw\rep_0001\scan_0000993_phase_000992_attempt_00.npz","13541890"
"C:\Users\Chris\Documents\GitHub\Control_System\evidence\experiments\runs\authorized_mbco_phase_reconstruction_20260904T002152_3132654Z\retry_06_buffered_single_rearm_ddg_20260904T021526_1936864Z\Phase Scan\2026-09-04\20260904T021539_510021Z_run\raw\rep_0001\scan_0000994_phase_000993_attempt_00.npz","13946678"
"C:\Users\Chris\Documents\GitHub\Control_System\evidence\experiments\runs\authorized_mbco_phase_reconstruction_20260904T002152_3132654Z\retry_06_buffered_single_rearm_ddg_20260904T021526_1936864Z\Phase Scan\2026-09-04\20260904T021539_510021Z_run\raw\rep_0001\scan_0000995_phase_000994_attempt_00.npz","14023010"
"C:\Users\Chris\Documents\GitHub\Control_System\evidence\experiments\runs\authorized_mbco_phase_reconstruction_20260904T002152_3132654Z\retry_06_buffered_single_rearm_ddg_20260904T021526_1936864Z\Phase Scan\2026-09-04\20260904T021539_510021Z_run\raw\rep_0001\scan_0000996_phase_000995_attempt_00.npz","13748730"
"C:\Users\Chris\Documents\GitHub\Control_System\evidence\experiments\runs\authorized_mbco_phase_reconstruction_20260904T002152_3132654Z\retry_06_buffered_single_rearm_ddg_20260904T021526_1936864Z\Phase Scan\2026-09-04\20260904T021539_510021Z_run\raw\rep_0001\scan_0000997_phase_000996_attempt_00.npz","13390418"
"C:\Users\Chris\Documents\GitHub\Control_System\evidence\experiments\runs\authorized_mbco_phase_reconstruction_20260904T002152_3132654Z\retry_06_buffered_single_rearm_ddg_20260904T021526_1936864Z\Phase Scan\2026-09-04\20260904T021539_510021Z_run\raw\rep_0001\scan_0000998_phase_000997_attempt_00.npz","13192904"
"C:\Users\Chris\Documents\GitHub\Control_System\evidence\experiments\runs\authorized_mbco_phase_reconstruction_20260904T002152_3132654Z\retry_06_buffered_single_rearm_ddg_20260904T021526_1936864Z\Phase Scan\2026-09-04\20260904T021539_510021Z_run\raw\rep_0001\scan_0000999_phase_000998_attempt_00.npz","13858794"
"C:\Users\Chris\Documents\GitHub\Control_System\evidence\experiments\runs\authorized_mbco_phase_reconstruction_20260904T002152_3132654Z\retry_06_buffered_single_rearm_ddg_20260904T021526_1936864Z\Phase Scan\2026-09-04\20260904T021539_510021Z_run\raw\rep_0001\scan_0001000_phase_000999_attempt_00.npz","13067736"
"C:\Users\Chris\Documents\GitHub\Control_System\evidence\experiments\runs\authorized_mbco_phase_reconstruction_20260904T002152_3132654Z\retry_06_buffered_single_rearm_ddg_20260904T021526_1936864Z\Phase Scan\2026-09-04\20260904T021539_510021Z_run\raw\rep_0001\scan_0001001_phase_001000_attempt_00.npz","13773010"
"C:\Users\Chris\Documents\GitHub\Control_System\evidence\experiments\runs\authorized_mbco_phase_reconstruction_20260904T002152_3132654Z\retry_06_buffered_single_rearm_ddg_20260904T021526_1936864Z\Phase Scan\2026-09-04\20260904T021539_510021Z_run\raw\rep_0001\scan_0001002_phase_001001_attempt_00.npz","13711698"
"C:\Users\Chris\Documents\GitHub\Control_System\evidence\experiments\runs\authorized_mbco_phase_reconstruction_20260904T002152_3132654Z\retry_06_buffered_single_rearm_ddg_20260904T021526_1936864Z\Phase Scan\2026-09-04\20260904T021539_510021Z_run\raw\rep_0001\scan_0001003_phase_001002_attempt_00.npz","13288544"
"C:\Users\Chris\Documents\GitHub\Control_System\evidence\experiments\runs\authorized_mbco_phase_reconstruction_20260904T002152_3132654Z\retry_06_buffered_single_rearm_ddg_20260904T021526_1936864Z\Phase Scan\2026-09-04\20260904T021539_510021Z_run\raw\rep_0001\scan_0001004_phase_001003_attempt_00.npz","13651634"
"C:\Users\Chris\Documents\GitHub\Control_System\evidence\experiments\runs\authorized_mbco_phase_reconstruction_20260904T002152_3132654Z\retry_06_buffered_single_rearm_ddg_20260904T021526_1936864Z\Phase Scan\2026-09-04\20260904T021539_510021Z_run\raw\rep_0001\scan_0001005_phase_001004_attempt_00.npz","13760178"
"C:\Users\Chris\Documents\GitHub\Control_System\evidence\experiments\runs\authorized_mbco_phase_reconstruction_20260904T002152_3132654Z\retry_06_buffered_single_rearm_ddg_20260904T021526_1936864Z\Phase Scan\2026-09-04\20260904T021539_510021Z_run\raw\rep_0001\scan_0001006_phase_001005_attempt_00.npz","13754194"
"C:\Users\Chris\Documents\GitHub\Control_System\evidence\experiments\runs\authorized_mbco_phase_reconstruction_20260904T002152_3132654Z\retry_06_buffered_single_rearm_ddg_20260904T021526_1936864Z\Phase Scan\2026-09-04\20260904T021539_510021Z_run\raw\rep_0001\scan_0001007_phase_001006_attempt_00.npz","13423946"
"C:\Users\Chris\Documents\GitHub\Control_System\evidence\experiments\runs\authorized_mbco_phase_reconstruction_20260904T002152_3132654Z\retry_06_buffered_single_rearm_ddg_20260904T021526_1936864Z\Phase Scan\2026-09-04\20260904T021539_510021Z_run\raw\rep_0001\scan_0001008_phase_001007_attempt_00.npz","13468306"
"C:\Users\Chris\Documents\GitHub\Control_System\evidence\experiments\runs\authorized_mbco_phase_reconstruction_20260904T002152_3132654Z\retry_06_buffered_single_rearm_ddg_20260904T021526_1936864Z\Phase Scan\2026-09-04\20260904T021539_510021Z_run\raw\rep_0001\scan_0001009_phase_001008_attempt_00.npz","13667022"
"C:\Users\Chris\Documents\GitHub\Control_System\evidence\experiments\runs\authorized_mbco_phase_reconstruction_20260904T002152_3132654Z\retry_06_buffered_single_rearm_ddg_20260904T021526_1936864Z\Phase Scan\2026-09-04\20260904T021539_510021Z_run\raw\rep_0001\scan_0001010_phase_001009_attempt_00.npz","13503094"
"C:\Users\Chris\Documents\GitHub\Control_System\evidence\experiments\runs\authorized_mbco_phase_reconstruction_20260904T002152_3132654Z\retry_06_buffered_single_rearm_ddg_20260904T021526_1936864Z\Phase Scan\2026-09-04\20260904T021539_510021Z_run\raw\rep_0001\scan_0001011_phase_001010_attempt_00.npz","13770998"
"C:\Users\Chris\Documents\GitHub\Control_System\evidence\experiments\runs\authorized_mbco_phase_reconstruction_20260904T002152_3132654Z\retry_06_buffered_single_rearm_ddg_20260904T021526_1936864Z\Phase Scan\2026-09-04\20260904T021539_510021Z_run\raw\rep_0001\scan_0001012_phase_001011_attempt_00.npz","13633082"
"C:\Users\Chris\Documents\GitHub\Control_System\evidence\experiments\runs\authorized_mbco_phase_reconstruction_20260904T002152_3132654Z\retry_06_buffered_single_rearm_ddg_20260904T021526_1936864Z\Phase Scan\2026-09-04\20260904T021539_510021Z_run\raw\rep_0001\scan_0001013_phase_001012_attempt_00.npz","13923634"
"C:\Users\Chris\Documents\GitHub\Control_System\evidence\experiments\runs\authorized_mbco_phase_reconstruction_20260904T002152_3132654Z\retry_06_buffered_single_rearm_ddg_20260904T021526_1936864Z\Phase Scan\2026-09-04\20260904T021539_510021Z_run\raw\rep_0001\scan_0001014_phase_001013_attempt_00.npz","13361518"
"C:\Users\Chris\Documents\GitHub\Control_System\evidence\experiments\runs\authorized_mbco_phase_reconstruction_20260904T002152_3132654Z\retry_06_buffered_single_rearm_ddg_20260904T021526_1936864Z\Phase Scan\2026-09-04\20260904T021539_510021Z_run\raw\rep_0001\scan_0001015_phase_001014_attempt_00.npz","13933074"
"C:\Users\Chris\Documents\GitHub\Control_System\evidence\experiments\runs\authorized_mbco_phase_reconstruction_20260904T002152_3132654Z\retry_06_buffered_single_rearm_ddg_20260904T021526_1936864Z\Phase Scan\2026-09-04\20260904T021539_510021Z_run\raw\rep_0001\scan_0001016_phase_001015_attempt_00.npz","13714190"
"C:\Users\Chris\Documents\GitHub\Control_System\evidence\experiments\runs\authorized_mbco_phase_reconstruction_20260904T002152_3132654Z\retry_06_buffered_single_rearm_ddg_20260904T021526_1936864Z\Phase Scan\2026-09-04\20260904T021539_510021Z_run\raw\rep_0001\scan_0001017_phase_001016_attempt_00.npz","13906578"
"C:\Users\Chris\Documents\GitHub\Control_System\evidence\experiments\runs\authorized_mbco_phase_reconstruction_20260904T002152_3132654Z\retry_06_buffered_single_rearm_ddg_20260904T021526_1936864Z\Phase Scan\2026-09-04\20260904T021539_510021Z_run\raw\rep_0001\scan_0001018_phase_001017_attempt_00.npz","13959758"
"C:\Users\Chris\Documents\GitHub\Control_System\evidence\experiments\runs\authorized_mbco_phase_reconstruction_20260904T002152_3132654Z\retry_06_buffered_single_rearm_ddg_20260904T021526_1936864Z\Phase Scan\2026-09-04\20260904T021539_510021Z_run\raw\rep_0001\scan_0001019_phase_001018_attempt_00.npz","14107442"
"C:\Users\Chris\Documents\GitHub\Control_System\evidence\experiments\runs\authorized_mbco_phase_reconstruction_20260904T002152_3132654Z\retry_06_buffered_single_rearm_ddg_20260904T021526_1936864Z\Phase Scan\2026-09-04\20260904T021539_510021Z_run\raw\rep_0001\scan_0001020_phase_001019_attempt_00.npz","13677242"
"C:\Users\Chris\Documents\GitHub\Control_System\evidence\experiments\runs\authorized_mbco_phase_reconstruction_20260904T002152_3132654Z\retry_06_buffered_single_rearm_ddg_20260904T021526_1936864Z\Phase Scan\2026-09-04\20260904T021539_510021Z_run\raw\rep_0001\scan_0001021_phase_001020_attempt_00.npz","13801422"
"C:\Users\Chris\Documents\GitHub\Control_System\evidence\experiments\runs\authorized_mbco_phase_reconstruction_20260904T002152_3132654Z\retry_06_buffered_single_rearm_ddg_20260904T021526_1936864Z\Phase Scan\2026-09-04\20260904T021539_510021Z_run\raw\rep_0001\scan_0001022_phase_001021_attempt_00.npz","13625934"
"C:\Users\Chris\Documents\GitHub\Control_System\evidence\experiments\runs\authorized_mbco_phase_reconstruction_20260904T002152_3132654Z\retry_06_buffered_single_rearm_ddg_20260904T021526_1936864Z\Phase Scan\2026-09-04\20260904T021539_510021Z_run\raw\rep_0001\scan_0001023_phase_001022_attempt_00.npz","13427406"
"C:\Users\Chris\Documents\GitHub\Control_System\evidence\experiments\runs\authorized_mbco_phase_reconstruction_20260904T002152_3132654Z\retry_06_buffered_single_rearm_ddg_20260904T021526_1936864Z\Phase Scan\2026-09-04\20260904T021539_510021Z_run\raw\rep_0001\scan_0001024_phase_001023_attempt_00.npz","13857674"
"C:\Users\Chris\Documents\GitHub\Control_System\evidence\experiments\runs\authorized_mbco_phase_reconstruction_20260904T002152_3132654Z\retry_06_buffered_single_rearm_ddg_20260904T021526_1936864Z\Phase Scan\2026-09-04\20260904T021539_510021Z_run\raw\rep_0001\scan_0001025_phase_001024_attempt_00.npz","13558006"
"C:\Users\Chris\Documents\GitHub\Control_System\evidence\experiments\runs\authorized_mbco_phase_reconstruction_20260904T002152_3132654Z\retry_06_buffered_single_rearm_ddg_20260904T021526_1936864Z\Phase Scan\2026-09-04\20260904T021539_510021Z_run\raw\rep_0001\scan_0001026_phase_001025_attempt_00.npz","13270906"
"C:\Users\Chris\Documents\GitHub\Control_System\evidence\experiments\runs\authorized_mbco_phase_reconstruction_20260904T002152_3132654Z\retry_06_buffered_single_rearm_ddg_20260904T021526_1936864Z\Phase Scan\2026-09-04\20260904T021539_510021Z_run\raw\rep_0001\scan_0001027_phase_001026_attempt_00.npz","13545102"
"C:\Users\Chris\Documents\GitHub\Control_System\evidence\experiments\runs\authorized_mbco_phase_reconstruction_20260904T002152_3132654Z\retry_06_buffered_single_rearm_ddg_20260904T021526_1936864Z\Phase Scan\2026-09-04\20260904T021539_510021Z_run\raw\rep_0001\scan_0001028_phase_001027_attempt_00.npz","13707250"
"C:\Users\Chris\Documents\GitHub\Control_System\evidence\experiments\runs\authorized_mbco_phase_reconstruction_20260904T002152_3132654Z\retry_06_buffered_single_rearm_ddg_20260904T021526_1936864Z\Phase Scan\2026-09-04\20260904T021539_510021Z_run\raw\rep_0001\scan_0001029_phase_001028_attempt_00.npz","13849802"
"C:\Users\Chris\Documents\GitHub\Control_System\evidence\experiments\runs\authorized_mbco_phase_reconstruction_20260904T002152_3132654Z\retry_06_buffered_single_rearm_ddg_20260904T021526_1936864Z\Phase Scan\2026-09-04\20260904T021539_510021Z_run\raw\rep_0001\scan_0001030_phase_001029_attempt_00.npz","14161334"
"C:\Users\Chris\Documents\GitHub\Control_System\evidence\experiments\runs\authorized_mbco_phase_reconstruction_20260904T002152_3132654Z\retry_06_buffered_single_rearm_ddg_20260904T021526_1936864Z\Phase Scan\2026-09-04\20260904T021539_510021Z_run\raw\rep_0001\scan_0001031_phase_001030_attempt_00.npz","13587790"
"C:\Users\Chris\Documents\GitHub\Control_System\evidence\experiments\runs\authorized_mbco_phase_reconstruction_20260904T002152_3132654Z\retry_06_buffered_single_rearm_ddg_20260904T021526_1936864Z\Phase Scan\2026-09-04\20260904T021539_510021Z_run\raw\rep_0001\scan_0001032_phase_001031_attempt_00.npz","13756646"
"C:\Users\Chris\Documents\GitHub\Control_System\evidence\experiments\runs\authorized_mbco_phase_reconstruction_20260904T002152_3132654Z\retry_06_buffered_single_rearm_ddg_20260904T021526_1936864Z\Phase Scan\2026-09-04\20260904T021539_510021Z_run\raw\rep_0001\scan_0001033_phase_001032_attempt_00.npz","13388046"
"C:\Users\Chris\Documents\GitHub\Control_System\evidence\experiments\runs\authorized_mbco_phase_reconstruction_20260904T002152_3132654Z\retry_06_buffered_single_rearm_ddg_20260904T021526_1936864Z\Phase Scan\2026-09-04\20260904T021539_510021Z_run\raw\rep_0001\scan_0001034_phase_001033_attempt_00.npz","13252818"
"C:\Users\Chris\Documents\GitHub\Control_System\evidence\experiments\runs\authorized_mbco_phase_reconstruction_20260904T002152_3132654Z\retry_06_buffered_single_rearm_ddg_20260904T021526_1936864Z\Phase Scan\2026-09-04\20260904T021539_510021Z_run\raw\rep_0001\scan_0001035_phase_001034_attempt_00.npz","13401678"
"C:\Users\Chris\Documents\GitHub\Control_System\evidence\experiments\runs\authorized_mbco_phase_reconstruction_20260904T002152_3132654Z\retry_06_buffered_single_rearm_ddg_20260904T021526_1936864Z\Phase Scan\2026-09-04\20260904T021539_510021Z_run\raw\rep_0001\scan_0001036_phase_001035_attempt_00.npz","14021774"
"C:\Users\Chris\Documents\GitHub\Control_System\evidence\experiments\runs\authorized_mbco_phase_reconstruction_20260904T002152_3132654Z\retry_06_buffered_single_rearm_ddg_20260904T021526_1936864Z\Phase Scan\2026-09-04\20260904T021539_510021Z_run\raw\rep_0001\scan_0001037_phase_001036_attempt_00.npz","14504950"
"C:\Users\Chris\Documents\GitHub\Control_System\evidence\experiments\runs\authorized_mbco_phase_reconstruction_20260904T002152_3132654Z\retry_06_buffered_single_rearm_ddg_20260904T021526_1936864Z\Phase Scan\2026-09-04\20260904T021539_510021Z_run\raw\rep_0001\scan_0001038_phase_001037_attempt_00.npz","13929010"
"C:\Users\Chris\Documents\GitHub\Control_System\evidence\experiments\runs\authorized_mbco_phase_reconstruction_20260904T002152_3132654Z\retry_06_buffered_single_rearm_ddg_20260904T021526_1936864Z\Phase Scan\2026-09-04\20260904T021539_510021Z_run\raw\rep_0001\scan_0001039_phase_001038_attempt_00.npz","13408216"
"C:\Users\Chris\Documents\GitHub\Control_System\evidence\experiments\runs\authorized_mbco_phase_reconstruction_20260904T002152_3132654Z\retry_06_buffered_single_rearm_ddg_20260904T021526_1936864Z\Phase Scan\2026-09-04\20260904T021539_510021Z_run\raw\rep_0001\scan_0001040_phase_001039_attempt_00.npz","13386610"
"C:\Users\Chris\Documents\GitHub\Control_System\evidence\experiments\runs\authorized_mbco_phase_reconstruction_20260904T002152_3132654Z\retry_06_buffered_single_rearm_ddg_20260904T021526_1936864Z\Phase Scan\2026-09-04\20260904T021539_510021Z_run\raw\rep_0001\scan_0001041_phase_001040_attempt_00.npz","13487654"
"C:\Users\Chris\Documents\GitHub\Control_System\evidence\experiments\runs\authorized_mbco_phase_reconstruction_20260904T002152_3132654Z\retry_06_buffered_single_rearm_ddg_20260904T021526_1936864Z\Phase Scan\2026-09-04\20260904T021539_510021Z_run\raw\rep_0001\scan_0001042_phase_001041_attempt_00.npz","13190460"
"C:\Users\Chris\Documents\GitHub\Control_System\evidence\experiments\runs\authorized_mbco_phase_reconstruction_20260904T002152_3132654Z\retry_06_buffered_single_rearm_ddg_20260904T021526_1936864Z\Phase Scan\2026-09-04\20260904T021539_510021Z_run\raw\rep_0001\scan_0001043_phase_001042_attempt_00.npz","13851210"
"C:\Users\Chris\Documents\GitHub\Control_System\evidence\experiments\runs\authorized_mbco_phase_reconstruction_20260904T002152_3132654Z\retry_06_buffered_single_rearm_ddg_20260904T021526_1936864Z\Phase Scan\2026-09-04\20260904T021539_510021Z_run\raw\rep_0001\scan_0001044_phase_001043_attempt_00.npz","13645586"
"C:\Users\Chris\Documents\GitHub\Control_System\evidence\experiments\runs\authorized_mbco_phase_reconstruction_20260904T002152_3132654Z\retry_06_buffered_single_rearm_ddg_20260904T021526_1936864Z\Phase Scan\2026-09-04\20260904T021539_510021Z_run\raw\rep_0001\scan_0001045_phase_001044_attempt_00.npz","13179584"
"C:\Users\Chris\Documents\GitHub\Control_System\evidence\experiments\runs\authorized_mbco_phase_reconstruction_20260904T002152_3132654Z\retry_06_buffered_single_rearm_ddg_20260904T021526_1936864Z\Phase Scan\2026-09-04\20260904T021539_510021Z_run\raw\rep_0001\scan_0001046_phase_001045_attempt_00.npz","13906790"
"C:\Users\Chris\Documents\GitHub\Control_System\evidence\experiments\runs\authorized_mbco_phase_reconstruction_20260904T002152_3132654Z\retry_06_buffered_single_rearm_ddg_20260904T021526_1936864Z\Phase Scan\2026-09-04\20260904T021539_510021Z_run\raw\rep_0001\scan_0001047_phase_001046_attempt_00.npz","14224342"
"C:\Users\Chris\Documents\GitHub\Control_System\evidence\experiments\runs\authorized_mbco_phase_reconstruction_20260904T002152_3132654Z\retry_06_buffered_single_rearm_ddg_20260904T021526_1936864Z\Phase Scan\2026-09-04\20260904T021539_510021Z_run\raw\rep_0001\scan_0001048_phase_001047_attempt_00.npz","14199570"
"C:\Users\Chris\Documents\GitHub\Control_System\evidence\experiments\runs\authorized_mbco_phase_reconstruction_20260904T002152_3132654Z\retry_06_buffered_single_rearm_ddg_20260904T021526_1936864Z\Phase Scan\2026-09-04\20260904T021539_510021Z_run\raw\rep_0001\scan_0001049_phase_001048_attempt_00.npz","13506126"
"C:\Users\Chris\Documents\GitHub\Control_System\evidence\experiments\runs\authorized_mbco_phase_reconstruction_20260904T002152_3132654Z\retry_06_buffered_single_rearm_ddg_20260904T021526_1936864Z\Phase Scan\2026-09-04\20260904T021539_510021Z_run\raw\rep_0001\scan_0001050_phase_001049_attempt_00.npz","14313846"
"C:\Users\Chris\Documents\GitHub\Control_System\evidence\experiments\runs\authorized_mbco_phase_reconstruction_20260904T002152_3132654Z\retry_06_buffered_single_rearm_ddg_20260904T021526_1936864Z\Phase Scan\2026-09-04\20260904T021539_510021Z_run\raw\rep_0001\scan_0001051_phase_001050_attempt_00.npz","13519890"
"C:\Users\Chris\Documents\GitHub\Control_System\evidence\experiments\runs\authorized_mbco_phase_reconstruction_20260904T002152_3132654Z\retry_06_buffered_single_rearm_ddg_20260904T021526_1936864Z\Phase Scan\2026-09-04\20260904T021539_510021Z_run\raw\rep_0001\scan_0001052_phase_001051_attempt_00.npz","14113878"
"C:\Users\Chris\Documents\GitHub\Control_System\evidence\experiments\runs\authorized_mbco_phase_reconstruction_20260904T002152_3132654Z\retry_06_buffered_single_rearm_ddg_20260904T021526_1936864Z\Phase Scan\2026-09-04\20260904T021539_510021Z_run\raw\rep_0001\scan_0001053_phase_001052_attempt_00.npz","13656114"
"C:\Users\Chris\Documents\GitHub\Control_System\evidence\experiments\runs\authorized_mbco_phase_reconstruction_20260904T002152_3132654Z\retry_06_buffered_single_rearm_ddg_20260904T021526_1936864Z\Phase Scan\2026-09-04\20260904T021539_510021Z_run\raw\rep_0001\scan_0001054_phase_001053_attempt_00.npz","14061326"
"C:\Users\Chris\Documents\GitHub\Control_System\evidence\experiments\runs\authorized_mbco_phase_reconstruction_20260904T002152_3132654Z\retry_06_buffered_single_rearm_ddg_20260904T021526_1936864Z\Phase Scan\2026-09-04\20260904T021539_510021Z_run\raw\rep_0001\scan_0001055_phase_001054_attempt_00.npz","13795786"
"C:\Users\Chris\Documents\GitHub\Control_System\evidence\experiments\runs\authorized_mbco_phase_reconstruction_20260904T002152_3132654Z\retry_06_buffered_single_rearm_ddg_20260904T021526_1936864Z\Phase Scan\2026-09-04\20260904T021539_510021Z_run\raw\rep_0001\scan_0001056_phase_001055_attempt_00.npz","13456074"
"C:\Users\Chris\Documents\GitHub\Control_System\evidence\experiments\runs\authorized_mbco_phase_reconstruction_20260904T002152_3132654Z\retry_06_buffered_single_rearm_ddg_20260904T021526_1936864Z\Phase Scan\2026-09-04\20260904T021539_510021Z_run\raw\rep_0001\scan_0001057_phase_001056_attempt_00.npz","14129490"
"C:\Users\Chris\Documents\GitHub\Control_System\evidence\experiments\runs\authorized_mbco_phase_reconstruction_20260904T002152_3132654Z\retry_06_buffered_single_rearm_ddg_20260904T021526_1936864Z\Phase Scan\2026-09-04\20260904T021539_510021Z_run\raw\rep_0001\scan_0001058_phase_001057_attempt_00.npz","13970902"
"C:\Users\Chris\Documents\GitHub\Control_System\evidence\experiments\runs\authorized_mbco_phase_reconstruction_20260904T002152_3132654Z\retry_06_buffered_single_rearm_ddg_20260904T021526_1936864Z\Phase Scan\2026-09-04\20260904T021539_510021Z_run\raw\rep_0001\scan_0001059_phase_001058_attempt_00.npz","12988498"
"C:\Users\Chris\Documents\GitHub\Control_System\evidence\experiments\runs\authorized_mbco_phase_reconstruction_20260904T002152_3132654Z\retry_06_buffered_single_rearm_ddg_20260904T021526_1936864Z\Phase Scan\2026-09-04\20260904T021539_510021Z_run\raw\rep_0001\scan_0001060_phase_001059_attempt_00.npz","13619338"
"C:\Users\Chris\Documents\GitHub\Control_System\evidence\experiments\runs\authorized_mbco_phase_reconstruction_20260904T002152_3132654Z\retry_06_buffered_single_rearm_ddg_20260904T021526_1936864Z\Phase Scan\2026-09-04\20260904T021539_510021Z_run\raw\rep_0001\scan_0001061_phase_001060_attempt_00.npz","13739470"
"C:\Users\Chris\Documents\GitHub\Control_System\evidence\experiments\runs\authorized_mbco_phase_reconstruction_20260904T002152_3132654Z\retry_06_buffered_single_rearm_ddg_20260904T021526_1936864Z\Phase Scan\2026-09-04\20260904T021539_510021Z_run\raw\rep_0001\scan_0001062_phase_001061_attempt_00.npz","13204764"
"C:\Users\Chris\Documents\GitHub\Control_System\evidence\experiments\runs\authorized_mbco_phase_reconstruction_20260904T002152_3132654Z\retry_06_buffered_single_rearm_ddg_20260904T021526_1936864Z\Phase Scan\2026-09-04\20260904T021539_510021Z_run\raw\rep_0001\scan_0001063_phase_001062_attempt_00.npz","13938190"
"C:\Users\Chris\Documents\GitHub\Control_System\evidence\experiments\runs\authorized_mbco_phase_reconstruction_20260904T002152_3132654Z\retry_06_buffered_single_rearm_ddg_20260904T021526_1936864Z\Phase Scan\2026-09-04\20260904T021539_510021Z_run\raw\rep_0001\scan_0001064_phase_001063_attempt_00.npz","13738938"
"C:\Users\Chris\Documents\GitHub\Control_System\evidence\experiments\runs\authorized_mbco_phase_reconstruction_20260904T002152_3132654Z\retry_06_buffered_single_rearm_ddg_20260904T021526_1936864Z\Phase Scan\2026-09-04\20260904T021539_510021Z_run\raw\rep_0001\scan_0001065_phase_001064_attempt_00.npz","13568078"
"C:\Users\Chris\Documents\GitHub\Control_System\evidence\experiments\runs\authorized_mbco_phase_reconstruction_20260904T002152_3132654Z\retry_06_buffered_single_rearm_ddg_20260904T021526_1936864Z\Phase Scan\2026-09-04\20260904T021539_510021Z_run\raw\rep_0001\scan_0001066_phase_001065_attempt_00.npz","13673826"
"C:\Users\Chris\Documents\GitHub\Control_System\evidence\experiments\runs\authorized_mbco_phase_reconstruction_20260904T002152_3132654Z\retry_06_buffered_single_rearm_ddg_20260904T021526_1936864Z\Phase Scan\2026-09-04\20260904T021539_510021Z_run\raw\rep_0001\scan_0001067_phase_001066_attempt_00.npz","13842666"
"C:\Users\Chris\Documents\GitHub\Control_System\evidence\experiments\runs\authorized_mbco_phase_reconstruction_20260904T002152_3132654Z\retry_06_buffered_single_rearm_ddg_20260904T021526_1936864Z\Phase Scan\2026-09-04\20260904T021539_510021Z_run\raw\rep_0001\scan_0001068_phase_001067_attempt_00.npz","13909742"
"C:\Users\Chris\Documents\GitHub\Control_System\evidence\experiments\runs\authorized_mbco_phase_reconstruction_20260904T002152_3132654Z\retry_06_buffered_single_rearm_ddg_20260904T021526_1936864Z\Phase Scan\2026-09-04\20260904T021539_510021Z_run\raw\rep_0001\scan_0001069_phase_001068_attempt_00.npz","13369578"
"C:\Users\Chris\Documents\GitHub\Control_System\evidence\experiments\runs\authorized_mbco_phase_reconstruction_20260904T002152_3132654Z\retry_06_buffered_single_rearm_ddg_20260904T021526_1936864Z\Phase Scan\2026-09-04\20260904T021539_510021Z_run\raw\rep_0001\scan_0001070_phase_001069_attempt_00.npz","13623766"
"C:\Users\Chris\Documents\GitHub\Control_System\evidence\experiments\runs\authorized_mbco_phase_reconstruction_20260904T002152_3132654Z\retry_06_buffered_single_rearm_ddg_20260904T021526_1936864Z\Phase Scan\2026-09-04\20260904T021539_510021Z_run\raw\rep_0001\scan_0001071_phase_001070_attempt_00.npz","14013878"
"C:\Users\Chris\Documents\GitHub\Control_System\evidence\experiments\runs\authorized_mbco_phase_reconstruction_20260904T002152_3132654Z\retry_06_buffered_single_rearm_ddg_20260904T021526_1936864Z\Phase Scan\2026-09-04\20260904T021539_510021Z_run\raw\rep_0001\scan_0001072_phase_001071_attempt_00.npz","13889866"
"C:\Users\Chris\Documents\GitHub\Control_System\evidence\experiments\runs\authorized_mbco_phase_reconstruction_20260904T002152_3132654Z\retry_06_buffered_single_rearm_ddg_20260904T021526_1936864Z\Phase Scan\2026-09-04\20260904T021539_510021Z_run\raw\rep_0001\scan_0001073_phase_001072_attempt_00.npz","13321394"
"C:\Users\Chris\Documents\GitHub\Control_System\evidence\experiments\runs\authorized_mbco_phase_reconstruction_20260904T002152_3132654Z\retry_06_buffered_single_rearm_ddg_20260904T021526_1936864Z\Phase Scan\2026-09-04\20260904T021539_510021Z_run\raw\rep_0001\scan_0001074_phase_001073_attempt_00.npz","13264122"
"C:\Users\Chris\Documents\GitHub\Control_System\evidence\experiments\runs\authorized_mbco_phase_reconstruction_20260904T002152_3132654Z\retry_06_buffered_single_rearm_ddg_20260904T021526_1936864Z\Phase Scan\2026-09-04\20260904T021539_510021Z_run\raw\rep_0001\scan_0001075_phase_001074_attempt_00.npz","13365138"
"C:\Users\Chris\Documents\GitHub\Control_System\evidence\experiments\runs\authorized_mbco_phase_reconstruction_20260904T002152_3132654Z\retry_06_buffered_single_rearm_ddg_20260904T021526_1936864Z\Phase Scan\2026-09-04\20260904T021539_510021Z_run\raw\rep_0001\scan_0001076_phase_001075_attempt_00.npz","13482062"
"C:\Users\Chris\Documents\GitHub\Control_System\evidence\experiments\runs\authorized_mbco_phase_reconstruction_20260904T002152_3132654Z\retry_06_buffered_single_rearm_ddg_20260904T021526_1936864Z\Phase Scan\2026-09-04\20260904T021539_510021Z_run\raw\rep_0001\scan_0001077_phase_001076_attempt_00.npz","13761614"
"C:\Users\Chris\Documents\GitHub\Control_System\evidence\experiments\runs\authorized_mbco_phase_reconstruction_20260904T002152_3132654Z\retry_06_buffered_single_rearm_ddg_20260904T021526_1936864Z\Phase Scan\2026-09-04\20260904T021539_510021Z_run\raw\rep_0001\scan_0001078_phase_001077_attempt_00.npz","13271922"
"C:\Users\Chris\Documents\GitHub\Control_System\evidence\experiments\runs\authorized_mbco_phase_reconstruction_20260904T002152_3132654Z\retry_06_buffered_single_rearm_ddg_20260904T021526_1936864Z\Phase Scan\2026-09-04\20260904T021539_510021Z_run\raw\rep_0001\scan_0001079_phase_001078_attempt_00.npz","13744502"
"C:\Users\Chris\Documents\GitHub\Control_System\evidence\experiments\runs\authorized_mbco_phase_reconstruction_20260904T002152_3132654Z\retry_06_buffered_single_rearm_ddg_20260904T021526_1936864Z\Phase Scan\2026-09-04\20260904T021539_510021Z_run\raw\rep_0001\scan_0001080_phase_001079_attempt_00.npz","13332046"
"C:\Users\Chris\Documents\GitHub\Control_System\evidence\experiments\runs\authorized_mbco_phase_reconstruction_20260904T002152_3132654Z\retry_06_buffered_single_rearm_ddg_20260904T021526_1936864Z\Phase Scan\2026-09-04\20260904T021539_510021Z_run\raw\rep_0001\scan_0001081_phase_001080_attempt_00.npz","13733538"
"C:\Users\Chris\Documents\GitHub\Control_System\evidence\experiments\runs\authorized_mbco_phase_reconstruction_20260904T002152_3132654Z\retry_06_buffered_single_rearm_ddg_20260904T021526_1936864Z\Phase Scan\2026-09-04\20260904T021539_510021Z_run\raw\rep_0001\scan_0001082_phase_001081_attempt_00.npz","13949390"
"C:\Users\Chris\Documents\GitHub\Control_System\evidence\experiments\runs\authorized_mbco_phase_reconstruction_20260904T002152_3132654Z\retry_06_buffered_single_rearm_ddg_20260904T021526_1936864Z\Phase Scan\2026-09-04\20260904T021539_510021Z_run\raw\rep_0001\scan_0001083_phase_001082_attempt_00.npz","13238936"
"C:\Users\Chris\Documents\GitHub\Control_System\evidence\experiments\runs\authorized_mbco_phase_reconstruction_20260904T002152_3132654Z\retry_06_buffered_single_rearm_ddg_20260904T021526_1936864Z\Phase Scan\2026-09-04\20260904T021539_510021Z_run\raw\rep_0001\scan_0001084_phase_001083_attempt_00.npz","13761554"
"C:\Users\Chris\Documents\GitHub\Control_System\evidence\experiments\runs\authorized_mbco_phase_reconstruction_20260904T002152_3132654Z\retry_06_buffered_single_rearm_ddg_20260904T021526_1936864Z\Phase Scan\2026-09-04\20260904T021539_510021Z_run\raw\rep_0001\scan_0001085_phase_001084_attempt_00.npz","13852282"
"C:\Users\Chris\Documents\GitHub\Control_System\evidence\experiments\runs\authorized_mbco_phase_reconstruction_20260904T002152_3132654Z\retry_06_buffered_single_rearm_ddg_20260904T021526_1936864Z\Phase Scan\2026-09-04\20260904T021539_510021Z_run\raw\rep_0001\scan_0001086_phase_001085_attempt_00.npz","13369774"
"C:\Users\Chris\Documents\GitHub\Control_System\evidence\experiments\runs\authorized_mbco_phase_reconstruction_20260904T002152_3132654Z\retry_06_buffered_single_rearm_ddg_20260904T021526_1936864Z\Phase Scan\2026-09-04\20260904T021539_510021Z_run\raw\rep_0001\scan_0001087_phase_001086_attempt_00.npz","13634550"
"C:\Users\Chris\Documents\GitHub\Control_System\evidence\experiments\runs\authorized_mbco_phase_reconstruction_20260904T002152_3132654Z\retry_06_buffered_single_rearm_ddg_20260904T021526_1936864Z\Phase Scan\2026-09-04\20260904T021539_510021Z_run\raw\rep_0001\scan_0001088_phase_001087_attempt_00.npz","14037198"
"C:\Users\Chris\Documents\GitHub\Control_System\evidence\experiments\runs\authorized_mbco_phase_reconstruction_20260904T002152_3132654Z\retry_06_buffered_single_rearm_ddg_20260904T021526_1936864Z\Phase Scan\2026-09-04\20260904T021539_510021Z_run\raw\rep_0001\scan_0001089_phase_001088_attempt_00.npz","14033482"
"C:\Users\Chris\Documents\GitHub\Control_System\evidence\experiments\runs\authorized_mbco_phase_reconstruction_20260904T002152_3132654Z\retry_06_buffered_single_rearm_ddg_20260904T021526_1936864Z\Phase Scan\2026-09-04\20260904T021539_510021Z_run\raw\rep_0001\scan_0001090_phase_001089_attempt_00.npz","13931406"
"C:\Users\Chris\Documents\GitHub\Control_System\evidence\experiments\runs\authorized_mbco_phase_reconstruction_20260904T002152_3132654Z\retry_06_buffered_single_rearm_ddg_20260904T021526_1936864Z\Phase Scan\2026-09-04\20260904T021539_510021Z_run\raw\rep_0001\scan_0001091_phase_001090_attempt_00.npz","13687242"
"C:\Users\Chris\Documents\GitHub\Control_System\evidence\experiments\runs\authorized_mbco_phase_reconstruction_20260904T002152_3132654Z\retry_06_buffered_single_rearm_ddg_20260904T021526_1936864Z\Phase Scan\2026-09-04\20260904T021539_510021Z_run\raw\rep_0001\scan_0001092_phase_001091_attempt_00.npz","13365938"
"C:\Users\Chris\Documents\GitHub\Control_System\evidence\experiments\runs\authorized_mbco_phase_reconstruction_20260904T002152_3132654Z\retry_06_buffered_single_rearm_ddg_20260904T021526_1936864Z\Phase Scan\2026-09-04\20260904T021539_510021Z_run\raw\rep_0001\scan_0001093_phase_001092_attempt_00.npz","13828274"
"C:\Users\Chris\Documents\GitHub\Control_System\evidence\experiments\runs\authorized_mbco_phase_reconstruction_20260904T002152_3132654Z\retry_06_buffered_single_rearm_ddg_20260904T021526_1936864Z\Phase Scan\2026-09-04\20260904T021539_510021Z_run\raw\rep_0001\scan_0001094_phase_001093_attempt_00.npz","13553614"
"C:\Users\Chris\Documents\GitHub\Control_System\evidence\experiments\runs\authorized_mbco_phase_reconstruction_20260904T002152_3132654Z\retry_06_buffered_single_rearm_ddg_20260904T021526_1936864Z\Phase Scan\2026-09-04\20260904T021539_510021Z_run\raw\rep_0001\scan_0001095_phase_001094_attempt_00.npz","13607822"
"C:\Users\Chris\Documents\GitHub\Control_System\evidence\experiments\runs\authorized_mbco_phase_reconstruction_20260904T002152_3132654Z\retry_06_buffered_single_rearm_ddg_20260904T021526_1936864Z\Phase Scan\2026-09-04\20260904T021539_510021Z_run\raw\rep_0001\scan_0001096_phase_001095_attempt_00.npz","14099986"
"C:\Users\Chris\Documents\GitHub\Control_System\evidence\experiments\runs\authorized_mbco_phase_reconstruction_20260904T002152_3132654Z\retry_06_buffered_single_rearm_ddg_20260904T021526_1936864Z\Phase Scan\2026-09-04\20260904T021539_510021Z_run\raw\rep_0001\scan_0001097_phase_001096_attempt_00.npz","13804918"
"C:\Users\Chris\Documents\GitHub\Control_System\evidence\experiments\runs\authorized_mbco_phase_reconstruction_20260904T002152_3132654Z\retry_06_buffered_single_rearm_ddg_20260904T021526_1936864Z\Phase Scan\2026-09-04\20260904T021539_510021Z_run\raw\rep_0001\scan_0001098_phase_001097_attempt_00.npz","13448142"
"C:\Users\Chris\Documents\GitHub\Control_System\evidence\experiments\runs\authorized_mbco_phase_reconstruction_20260904T002152_3132654Z\retry_06_buffered_single_rearm_ddg_20260904T021526_1936864Z\Phase Scan\2026-09-04\20260904T021539_510021Z_run\raw\rep_0001\scan_0001099_phase_001098_attempt_00.npz","13468174"
"C:\Users\Chris\Documents\GitHub\Control_System\evidence\experiments\runs\authorized_mbco_phase_reconstruction_20260904T002152_3132654Z\retry_06_buffered_single_rearm_ddg_20260904T021526_1936864Z\Phase Scan\2026-09-04\20260904T021539_510021Z_run\raw\rep_0001\scan_0001100_phase_001099_attempt_00.npz","13231310"
"C:\Users\Chris\Documents\GitHub\Control_System\evidence\experiments\runs\authorized_mbco_phase_reconstruction_20260904T002152_3132654Z\retry_06_buffered_single_rearm_ddg_20260904T021526_1936864Z\Phase Scan\2026-09-04\20260904T021539_510021Z_run\raw\rep_0001\scan_0001101_phase_001100_attempt_00.npz","13270450"
"C:\Users\Chris\Documents\GitHub\Control_System\evidence\experiments\runs\authorized_mbco_phase_reconstruction_20260904T002152_3132654Z\retry_06_buffered_single_rearm_ddg_20260904T021526_1936864Z\Phase Scan\2026-09-04\20260904T021539_510021Z_run\raw\rep_0001\scan_0001102_phase_001101_attempt_00.npz","13501006"
"C:\Users\Chris\Documents\GitHub\Control_System\evidence\experiments\runs\authorized_mbco_phase_reconstruction_20260904T002152_3132654Z\retry_06_buffered_single_rearm_ddg_20260904T021526_1936864Z\Phase Scan\2026-09-04\20260904T021539_510021Z_run\raw\rep_0001\scan_0001103_phase_001102_attempt_00.npz","12971804"
"C:\Users\Chris\Documents\GitHub\Control_System\evidence\experiments\runs\authorized_mbco_phase_reconstruction_20260904T002152_3132654Z\retry_06_buffered_single_rearm_ddg_20260904T021526_1936864Z\Phase Scan\2026-09-04\20260904T021539_510021Z_run\raw\rep_0001\scan_0001104_phase_001103_attempt_00.npz","13367054"
"C:\Users\Chris\Documents\GitHub\Control_System\evidence\experiments\runs\authorized_mbco_phase_reconstruction_20260904T002152_3132654Z\retry_06_buffered_single_rearm_ddg_20260904T021526_1936864Z\Phase Scan\2026-09-04\20260904T021539_510021Z_run\raw\rep_0001\scan_0001105_phase_001104_attempt_00.npz","13691186"
"C:\Users\Chris\Documents\GitHub\Control_System\evidence\experiments\runs\authorized_mbco_phase_reconstruction_20260904T002152_3132654Z\retry_06_buffered_single_rearm_ddg_20260904T021526_1936864Z\Phase Scan\2026-09-04\20260904T021539_510021Z_run\raw\rep_0001\scan_0001106_phase_001105_attempt_00.npz","13445046"
"C:\Users\Chris\Documents\GitHub\Control_System\evidence\experiments\runs\authorized_mbco_phase_reconstruction_20260904T002152_3132654Z\retry_06_buffered_single_rearm_ddg_20260904T021526_1936864Z\Phase Scan\2026-09-04\20260904T021539_510021Z_run\raw\rep_0001\scan_0001107_phase_001106_attempt_00.npz","13380090"
"C:\Users\Chris\Documents\GitHub\Control_System\evidence\experiments\runs\authorized_mbco_phase_reconstruction_20260904T002152_3132654Z\retry_06_buffered_single_rearm_ddg_20260904T021526_1936864Z\Phase Scan\2026-09-04\20260904T021539_510021Z_run\raw\rep_0001\scan_0001108_phase_001107_attempt_00.npz","13792846"
"C:\Users\Chris\Documents\GitHub\Control_System\evidence\experiments\runs\authorized_mbco_phase_reconstruction_20260904T002152_3132654Z\retry_06_buffered_single_rearm_ddg_20260904T021526_1936864Z\Phase Scan\2026-09-04\20260904T021539_510021Z_run\raw\rep_0001\scan_0001109_phase_001108_attempt_00.npz","13583630"
"C:\Users\Chris\Documents\GitHub\Control_System\evidence\experiments\runs\authorized_mbco_phase_reconstruction_20260904T002152_3132654Z\retry_06_buffered_single_rearm_ddg_20260904T021526_1936864Z\Phase Scan\2026-09-04\20260904T021539_510021Z_run\raw\rep_0001\scan_0001110_phase_001109_attempt_00.npz","13681718"
"C:\Users\Chris\Documents\GitHub\Control_System\evidence\experiments\runs\authorized_mbco_phase_reconstruction_20260904T002152_3132654Z\retry_06_buffered_single_rearm_ddg_20260904T021526_1936864Z\Phase Scan\2026-09-04\20260904T021539_510021Z_run\raw\rep_0001\scan_0001111_phase_001110_attempt_00.npz","13710862"
"C:\Users\Chris\Documents\GitHub\Control_System\evidence\experiments\runs\authorized_mbco_phase_reconstruction_20260904T002152_3132654Z\retry_06_buffered_single_rearm_ddg_20260904T021526_1936864Z\Phase Scan\2026-09-04\20260904T021539_510021Z_run\raw\rep_0001\scan_0001112_phase_001111_attempt_00.npz","13177364"
"C:\Users\Chris\Documents\GitHub\Control_System\evidence\experiments\runs\authorized_mbco_phase_reconstruction_20260904T002152_3132654Z\retry_06_buffered_single_rearm_ddg_20260904T021526_1936864Z\Phase Scan\2026-09-04\20260904T021539_510021Z_run\raw\rep_0001\scan_0001113_phase_001112_attempt_00.npz","13877074"
"C:\Users\Chris\Documents\GitHub\Control_System\evidence\experiments\runs\authorized_mbco_phase_reconstruction_20260904T002152_3132654Z\retry_06_buffered_single_rearm_ddg_20260904T021526_1936864Z\Phase Scan\2026-09-04\20260904T021539_510021Z_run\raw\rep_0001\scan_0001114_phase_001113_attempt_00.npz","13711442"
"C:\Users\Chris\Documents\GitHub\Control_System\evidence\experiments\runs\authorized_mbco_phase_reconstruction_20260904T002152_3132654Z\retry_06_buffered_single_rearm_ddg_20260904T021526_1936864Z\Phase Scan\2026-09-04\20260904T021539_510021Z_run\raw\rep_0001\scan_0001115_phase_001114_attempt_00.npz","13459410"
"C:\Users\Chris\Documents\GitHub\Control_System\evidence\experiments\runs\authorized_mbco_phase_reconstruction_20260904T002152_3132654Z\retry_06_buffered_single_rearm_ddg_20260904T021526_1936864Z\Phase Scan\2026-09-04\20260904T021539_510021Z_run\raw\rep_0001\scan_0001116_phase_001115_attempt_00.npz","13126484"
"C:\Users\Chris\Documents\GitHub\Control_System\evidence\experiments\runs\authorized_mbco_phase_reconstruction_20260904T002152_3132654Z\retry_06_buffered_single_rearm_ddg_20260904T021526_1936864Z\Phase Scan\2026-09-04\20260904T021539_510021Z_run\raw\rep_0001\scan_0001117_phase_001116_attempt_00.npz","14093798"
"C:\Users\Chris\Documents\GitHub\Control_System\evidence\experiments\runs\authorized_mbco_phase_reconstruction_20260904T002152_3132654Z\retry_06_buffered_single_rearm_ddg_20260904T021526_1936864Z\Phase Scan\2026-09-04\20260904T021539_510021Z_run\raw\rep_0001\scan_0001118_phase_001117_attempt_00.npz","13740618"
"C:\Users\Chris\Documents\GitHub\Control_System\evidence\experiments\runs\authorized_mbco_phase_reconstruction_20260904T002152_3132654Z\retry_06_buffered_single_rearm_ddg_20260904T021526_1936864Z\Phase Scan\2026-09-04\20260904T021539_510021Z_run\raw\rep_0001\scan_0001119_phase_001118_attempt_00.npz","13813942"
"C:\Users\Chris\Documents\GitHub\Control_System\evidence\experiments\runs\authorized_mbco_phase_reconstruction_20260904T002152_3132654Z\retry_06_buffered_single_rearm_ddg_20260904T021526_1936864Z\Phase Scan\2026-09-04\20260904T021539_510021Z_run\raw\rep_0001\scan_0001120_phase_001119_attempt_00.npz","13730034"
"C:\Users\Chris\Documents\GitHub\Control_System\evidence\experiments\runs\authorized_mbco_phase_reconstruction_20260904T002152_3132654Z\retry_06_buffered_single_rearm_ddg_20260904T021526_1936864Z\Phase Scan\2026-09-04\20260904T021539_510021Z_run\raw\rep_0001\scan_0001121_phase_001120_attempt_00.npz","13838290"
"C:\Users\Chris\Documents\GitHub\Control_System\evidence\experiments\runs\authorized_mbco_phase_reconstruction_20260904T002152_3132654Z\retry_06_buffered_single_rearm_ddg_20260904T021526_1936864Z\Phase Scan\2026-09-04\20260904T021539_510021Z_run\raw\rep_0001\scan_0001122_phase_001121_attempt_00.npz","13516750"
"C:\Users\Chris\Documents\GitHub\Control_System\evidence\experiments\runs\authorized_mbco_phase_reconstruction_20260904T002152_3132654Z\retry_06_buffered_single_rearm_ddg_20260904T021526_1936864Z\Phase Scan\2026-09-04\20260904T021539_510021Z_run\raw\rep_0001\scan_0001123_phase_001122_attempt_00.npz","14209970"
"C:\Users\Chris\Documents\GitHub\Control_System\evidence\experiments\runs\authorized_mbco_phase_reconstruction_20260904T002152_3132654Z\retry_06_buffered_single_rearm_ddg_20260904T021526_1936864Z\Phase Scan\2026-09-04\20260904T021539_510021Z_run\raw\rep_0001\scan_0001124_phase_001123_attempt_00.npz","14078390"
"C:\Users\Chris\Documents\GitHub\Control_System\evidence\experiments\runs\authorized_mbco_phase_reconstruction_20260904T002152_3132654Z\retry_06_buffered_single_rearm_ddg_20260904T021526_1936864Z\Phase Scan\2026-09-04\20260904T021539_510021Z_run\raw\rep_0001\scan_0001125_phase_001124_attempt_00.npz","13938354"
"C:\Users\Chris\Documents\GitHub\Control_System\evidence\experiments\runs\authorized_mbco_phase_reconstruction_20260904T002152_3132654Z\retry_06_buffered_single_rearm_ddg_20260904T021526_1936864Z\Phase Scan\2026-09-04\20260904T021539_510021Z_run\raw\rep_0001\scan_0001126_phase_001125_attempt_00.npz","13835598"
"C:\Users\Chris\Documents\GitHub\Control_System\evidence\experiments\runs\authorized_mbco_phase_reconstruction_20260904T002152_3132654Z\retry_06_buffered_single_rearm_ddg_20260904T021526_1936864Z\Phase Scan\2026-09-04\20260904T021539_510021Z_run\raw\rep_0001\scan_0001127_phase_001126_attempt_00.npz","14141518"
"C:\Users\Chris\Documents\GitHub\Control_System\evidence\experiments\runs\authorized_mbco_phase_reconstruction_20260904T002152_3132654Z\retry_06_buffered_single_rearm_ddg_20260904T021526_1936864Z\Phase Scan\2026-09-04\20260904T021539_510021Z_run\raw\rep_0001\scan_0001128_phase_001127_attempt_00.npz","13261180"
"C:\Users\Chris\Documents\GitHub\Control_System\evidence\experiments\runs\authorized_mbco_phase_reconstruction_20260904T002152_3132654Z\retry_06_buffered_single_rearm_ddg_20260904T021526_1936864Z\Phase Scan\2026-09-04\20260904T021539_510021Z_run\raw\rep_0001\scan_0001129_phase_001128_attempt_00.npz","13876366"
"C:\Users\Chris\Documents\GitHub\Control_System\evidence\experiments\runs\authorized_mbco_phase_reconstruction_20260904T002152_3132654Z\retry_06_buffered_single_rearm_ddg_20260904T021526_1936864Z\Phase Scan\2026-09-04\20260904T021539_510021Z_run\raw\rep_0001\scan_0001130_phase_001129_attempt_00.npz","13670154"
"C:\Users\Chris\Documents\GitHub\Control_System\evidence\experiments\runs\authorized_mbco_phase_reconstruction_20260904T002152_3132654Z\retry_06_buffered_single_rearm_ddg_20260904T021526_1936864Z\Phase Scan\2026-09-04\20260904T021539_510021Z_run\raw\rep_0001\scan_0001131_phase_001130_attempt_00.npz","13875022"
"C:\Users\Chris\Documents\GitHub\Control_System\evidence\experiments\runs\authorized_mbco_phase_reconstruction_20260904T002152_3132654Z\retry_06_buffered_single_rearm_ddg_20260904T021526_1936864Z\Phase Scan\2026-09-04\20260904T021539_510021Z_run\raw\rep_0001\scan_0001132_phase_001131_attempt_00.npz","13276988"
"C:\Users\Chris\Documents\GitHub\Control_System\evidence\experiments\runs\authorized_mbco_phase_reconstruction_20260904T002152_3132654Z\retry_06_buffered_single_rearm_ddg_20260904T021526_1936864Z\Phase Scan\2026-09-04\20260904T021539_510021Z_run\raw\rep_0001\scan_0001133_phase_001132_attempt_00.npz","13723150"
"C:\Users\Chris\Documents\GitHub\Control_System\evidence\experiments\runs\authorized_mbco_phase_reconstruction_20260904T002152_3132654Z\retry_06_buffered_single_rearm_ddg_20260904T021526_1936864Z\Phase Scan\2026-09-04\20260904T021539_510021Z_run\raw\rep_0001\scan_0001134_phase_001133_attempt_00.npz","13975562"
"C:\Users\Chris\Documents\GitHub\Control_System\evidence\experiments\runs\authorized_mbco_phase_reconstruction_20260904T002152_3132654Z\retry_06_buffered_single_rearm_ddg_20260904T021526_1936864Z\Phase Scan\2026-09-04\20260904T021539_510021Z_run\raw\rep_0001\scan_0001135_phase_001134_attempt_00.npz","13782830"
"C:\Users\Chris\Documents\GitHub\Control_System\evidence\experiments\runs\authorized_mbco_phase_reconstruction_20260904T002152_3132654Z\retry_06_buffered_single_rearm_ddg_20260904T021526_1936864Z\Phase Scan\2026-09-04\20260904T021539_510021Z_run\raw\rep_0001\scan_0001136_phase_001135_attempt_00.npz","13902502"
"C:\Users\Chris\Documents\GitHub\Control_System\evidence\experiments\runs\authorized_mbco_phase_reconstruction_20260904T002152_3132654Z\retry_06_buffered_single_rearm_ddg_20260904T021526_1936864Z\Phase Scan\2026-09-04\20260904T021539_510021Z_run\raw\rep_0001\scan_0001137_phase_001136_attempt_00.npz","14022066"
"C:\Users\Chris\Documents\GitHub\Control_System\evidence\experiments\runs\authorized_mbco_phase_reconstruction_20260904T002152_3132654Z\retry_06_buffered_single_rearm_ddg_20260904T021526_1936864Z\Phase Scan\2026-09-04\20260904T021539_510021Z_run\raw\rep_0001\scan_0001138_phase_001137_attempt_00.npz","13405778"
"C:\Users\Chris\Documents\GitHub\Control_System\evidence\experiments\runs\authorized_mbco_phase_reconstruction_20260904T002152_3132654Z\retry_06_buffered_single_rearm_ddg_20260904T021526_1936864Z\Phase Scan\2026-09-04\20260904T021539_510021Z_run\raw\rep_0001\scan_0001139_phase_001138_attempt_00.npz","13304490"
"C:\Users\Chris\Documents\GitHub\Control_System\evidence\experiments\runs\authorized_mbco_phase_reconstruction_20260904T002152_3132654Z\retry_06_buffered_single_rearm_ddg_20260904T021526_1936864Z\Phase Scan\2026-09-04\20260904T021539_510021Z_run\raw\rep_0001\scan_0001140_phase_001139_attempt_00.npz","13835254"
"C:\Users\Chris\Documents\GitHub\Control_System\evidence\experiments\runs\authorized_mbco_phase_reconstruction_20260904T002152_3132654Z\retry_06_buffered_single_rearm_ddg_20260904T021526_1936864Z\Phase Scan\2026-09-04\20260904T021539_510021Z_run\raw\rep_0001\scan_0001141_phase_001140_attempt_00.npz","13242780"
"C:\Users\Chris\Documents\GitHub\Control_System\evidence\experiments\runs\authorized_mbco_phase_reconstruction_20260904T002152_3132654Z\retry_06_buffered_single_rearm_ddg_20260904T021526_1936864Z\Phase Scan\2026-09-04\20260904T021539_510021Z_run\raw\rep_0001\scan_0001142_phase_001141_attempt_00.npz","13335250"
"C:\Users\Chris\Documents\GitHub\Control_System\evidence\experiments\runs\authorized_mbco_phase_reconstruction_20260904T002152_3132654Z\retry_06_buffered_single_rearm_ddg_20260904T021526_1936864Z\Phase Scan\2026-09-04\20260904T021539_510021Z_run\raw\rep_0001\scan_0001143_phase_001142_attempt_00.npz","13522702"
"C:\Users\Chris\Documents\GitHub\Control_System\evidence\experiments\runs\authorized_mbco_phase_reconstruction_20260904T002152_3132654Z\retry_06_buffered_single_rearm_ddg_20260904T021526_1936864Z\Phase Scan\2026-09-04\20260904T021539_510021Z_run\raw\rep_0001\scan_0001144_phase_001143_attempt_00.npz","13421030"
"C:\Users\Chris\Documents\GitHub\Control_System\evidence\experiments\runs\authorized_mbco_phase_reconstruction_20260904T002152_3132654Z\retry_06_buffered_single_rearm_ddg_20260904T021526_1936864Z\Phase Scan\2026-09-04\20260904T021539_510021Z_run\raw\rep_0001\scan_0001145_phase_001144_attempt_00.npz","13622674"
"C:\Users\Chris\Documents\GitHub\Control_System\evidence\experiments\runs\authorized_mbco_phase_reconstruction_20260904T002152_3132654Z\retry_06_buffered_single_rearm_ddg_20260904T021526_1936864Z\Phase Scan\2026-09-04\20260904T021539_510021Z_run\raw\rep_0001\scan_0001146_phase_001145_attempt_00.npz","13523894"
"C:\Users\Chris\Documents\GitHub\Control_System\evidence\experiments\runs\authorized_mbco_phase_reconstruction_20260904T002152_3132654Z\retry_06_buffered_single_rearm_ddg_20260904T021526_1936864Z\Phase Scan\2026-09-04\20260904T021539_510021Z_run\raw\rep_0001\scan_0001147_phase_001146_attempt_00.npz","13982538"
"C:\Users\Chris\Documents\GitHub\Control_System\evidence\experiments\runs\authorized_mbco_phase_reconstruction_20260904T002152_3132654Z\retry_06_buffered_single_rearm_ddg_20260904T021526_1936864Z\Phase Scan\2026-09-04\20260904T021539_510021Z_run\raw\rep_0001\scan_0001148_phase_001147_attempt_00.npz","13514130"
"C:\Users\Chris\Documents\GitHub\Control_System\evidence\experiments\runs\authorized_mbco_phase_reconstruction_20260904T002152_3132654Z\retry_06_buffered_single_rearm_ddg_20260904T021526_1936864Z\Phase Scan\2026-09-04\20260904T021539_510021Z_run\raw\rep_0001\scan_0001149_phase_001148_attempt_00.npz","13623094"
"C:\Users\Chris\Documents\GitHub\Control_System\evidence\experiments\runs\authorized_mbco_phase_reconstruction_20260904T002152_3132654Z\retry_06_buffered_single_rearm_ddg_20260904T021526_1936864Z\Phase Scan\2026-09-04\20260904T021539_510021Z_run\raw\rep_0001\scan_0001150_phase_001149_attempt_00.npz","13806830"
"C:\Users\Chris\Documents\GitHub\Control_System\evidence\experiments\runs\authorized_mbco_phase_reconstruction_20260904T002152_3132654Z\retry_06_buffered_single_rearm_ddg_20260904T021526_1936864Z\Phase Scan\2026-09-04\20260904T021539_510021Z_run\raw\rep_0001\scan_0001151_phase_001150_attempt_00.npz","13554130"
"C:\Users\Chris\Documents\GitHub\Control_System\evidence\experiments\runs\authorized_mbco_phase_reconstruction_20260904T002152_3132654Z\retry_06_buffered_single_rearm_ddg_20260904T021526_1936864Z\Phase Scan\2026-09-04\20260904T021539_510021Z_run\raw\rep_0001\scan_0001152_phase_001151_attempt_00.npz","13774098"
"C:\Users\Chris\Documents\GitHub\Control_System\evidence\experiments\runs\authorized_mbco_phase_reconstruction_20260904T002152_3132654Z\retry_06_buffered_single_rearm_ddg_20260904T021526_1936864Z\Phase Scan\2026-09-04\20260904T021539_510021Z_run\raw\rep_0001\scan_0001153_phase_001152_attempt_00.npz","13683086"
"C:\Users\Chris\Documents\GitHub\Control_System\evidence\experiments\runs\authorized_mbco_phase_reconstruction_20260904T002152_3132654Z\retry_06_buffered_single_rearm_ddg_20260904T021526_1936864Z\Phase Scan\2026-09-04\20260904T021539_510021Z_run\raw\rep_0001\scan_0001154_phase_001153_attempt_00.npz","14113450"
"C:\Users\Chris\Documents\GitHub\Control_System\evidence\experiments\runs\authorized_mbco_phase_reconstruction_20260904T002152_3132654Z\retry_06_buffered_single_rearm_ddg_20260904T021526_1936864Z\Phase Scan\2026-09-04\20260904T021539_510021Z_run\raw\rep_0001\scan_0001155_phase_001154_attempt_00.npz","13473270"
"C:\Users\Chris\Documents\GitHub\Control_System\evidence\experiments\runs\authorized_mbco_phase_reconstruction_20260904T002152_3132654Z\retry_06_buffered_single_rearm_ddg_20260904T021526_1936864Z\Phase Scan\2026-09-04\20260904T021539_510021Z_run\raw\rep_0001\scan_0001156_phase_001155_attempt_00.npz","13608910"
"C:\Users\Chris\Documents\GitHub\Control_System\evidence\experiments\runs\authorized_mbco_phase_reconstruction_20260904T002152_3132654Z\retry_06_buffered_single_rearm_ddg_20260904T021526_1936864Z\Phase Scan\2026-09-04\20260904T021539_510021Z_run\raw\rep_0001\scan_0001157_phase_001156_attempt_00.npz","13531308"
"C:\Users\Chris\Documents\GitHub\Control_System\evidence\experiments\runs\authorized_mbco_phase_reconstruction_20260904T002152_3132654Z\retry_06_buffered_single_rearm_ddg_20260904T021526_1936864Z\Phase Scan\2026-09-04\20260904T021539_510021Z_run\raw\rep_0001\scan_0001158_phase_001157_attempt_00.npz","13027416"
"C:\Users\Chris\Documents\GitHub\Control_System\evidence\experiments\runs\authorized_mbco_phase_reconstruction_20260904T002152_3132654Z\retry_06_buffered_single_rearm_ddg_20260904T021526_1936864Z\Phase Scan\2026-09-04\20260904T021539_510021Z_run\raw\rep_0001\scan_0001159_phase_001158_attempt_00.npz","13135538"
"C:\Users\Chris\Documents\GitHub\Control_System\evidence\experiments\runs\authorized_mbco_phase_reconstruction_20260904T002152_3132654Z\retry_06_buffered_single_rearm_ddg_20260904T021526_1936864Z\Phase Scan\2026-09-04\20260904T021539_510021Z_run\raw\rep_0001\scan_0001160_phase_001159_attempt_00.npz","13905526"
"C:\Users\Chris\Documents\GitHub\Control_System\evidence\experiments\runs\authorized_mbco_phase_reconstruction_20260904T002152_3132654Z\retry_06_buffered_single_rearm_ddg_20260904T021526_1936864Z\Phase Scan\2026-09-04\20260904T021539_510021Z_run\raw\rep_0001\scan_0001161_phase_001160_attempt_00.npz","13561462"
"C:\Users\Chris\Documents\GitHub\Control_System\evidence\experiments\runs\authorized_mbco_phase_reconstruction_20260904T002152_3132654Z\retry_06_buffered_single_rearm_ddg_20260904T021526_1936864Z\Phase Scan\2026-09-04\20260904T021539_510021Z_run\raw\rep_0001\scan_0001162_phase_001161_attempt_00.npz","13644978"
"C:\Users\Chris\Documents\GitHub\Control_System\evidence\experiments\runs\authorized_mbco_phase_reconstruction_20260904T002152_3132654Z\retry_06_buffered_single_rearm_ddg_20260904T021526_1936864Z\Phase Scan\2026-09-04\20260904T021539_510021Z_run\raw\rep_0001\scan_0001163_phase_001162_attempt_00.npz","13582126"
"C:\Users\Chris\Documents\GitHub\Control_System\evidence\experiments\runs\authorized_mbco_phase_reconstruction_20260904T002152_3132654Z\retry_06_buffered_single_rearm_ddg_20260904T021526_1936864Z\Phase Scan\2026-09-04\20260904T021539_510021Z_run\raw\rep_0001\scan_0001164_phase_001163_attempt_00.npz","13763382"
"C:\Users\Chris\Documents\GitHub\Control_System\evidence\experiments\runs\authorized_mbco_phase_reconstruction_20260904T002152_3132654Z\retry_06_buffered_single_rearm_ddg_20260904T021526_1936864Z\Phase Scan\2026-09-04\20260904T021539_510021Z_run\raw\rep_0001\scan_0001165_phase_001164_attempt_00.npz","13548818"
"C:\Users\Chris\Documents\GitHub\Control_System\evidence\experiments\runs\authorized_mbco_phase_reconstruction_20260904T002152_3132654Z\retry_06_buffered_single_rearm_ddg_20260904T021526_1936864Z\Phase Scan\2026-09-04\20260904T021539_510021Z_run\raw\rep_0001\scan_0001166_phase_001165_attempt_00.npz","13459914"
"C:\Users\Chris\Documents\GitHub\Control_System\evidence\experiments\runs\authorized_mbco_phase_reconstruction_20260904T002152_3132654Z\retry_06_buffered_single_rearm_ddg_20260904T021526_1936864Z\Phase Scan\2026-09-04\20260904T021539_510021Z_run\raw\rep_0001\scan_0001167_phase_001166_attempt_00.npz","14128238"
"C:\Users\Chris\Documents\GitHub\Control_System\evidence\experiments\runs\authorized_mbco_phase_reconstruction_20260904T002152_3132654Z\retry_06_buffered_single_rearm_ddg_20260904T021526_1936864Z\Phase Scan\2026-09-04\20260904T021539_510021Z_run\raw\rep_0001\scan_0001168_phase_001167_attempt_00.npz","13420558"
"C:\Users\Chris\Documents\GitHub\Control_System\evidence\experiments\runs\authorized_mbco_phase_reconstruction_20260904T002152_3132654Z\retry_06_buffered_single_rearm_ddg_20260904T021526_1936864Z\Phase Scan\2026-09-04\20260904T021539_510021Z_run\raw\rep_0001\scan_0001169_phase_001168_attempt_00.npz","13651150"
"C:\Users\Chris\Documents\GitHub\Control_System\evidence\experiments\runs\authorized_mbco_phase_reconstruction_20260904T002152_3132654Z\retry_06_buffered_single_rearm_ddg_20260904T021526_1936864Z\Phase Scan\2026-09-04\20260904T021539_510021Z_run\raw\rep_0001\scan_0001170_phase_001169_attempt_00.npz","13413464"
"C:\Users\Chris\Documents\GitHub\Control_System\evidence\experiments\runs\authorized_mbco_phase_reconstruction_20260904T002152_3132654Z\retry_06_buffered_single_rearm_ddg_20260904T021526_1936864Z\Phase Scan\2026-09-04\20260904T021539_510021Z_run\raw\rep_0001\scan_0001171_phase_001170_attempt_00.npz","13593298"
"C:\Users\Chris\Documents\GitHub\Control_System\evidence\experiments\runs\authorized_mbco_phase_reconstruction_20260904T002152_3132654Z\retry_06_buffered_single_rearm_ddg_20260904T021526_1936864Z\Phase Scan\2026-09-04\20260904T021539_510021Z_run\raw\rep_0001\scan_0001172_phase_001171_attempt_00.npz","14000722"
"C:\Users\Chris\Documents\GitHub\Control_System\evidence\experiments\runs\authorized_mbco_phase_reconstruction_20260904T002152_3132654Z\retry_06_buffered_single_rearm_ddg_20260904T021526_1936864Z\Phase Scan\2026-09-04\20260904T021539_510021Z_run\raw\rep_0001\scan_0001173_phase_001172_attempt_00.npz","13877926"
"C:\Users\Chris\Documents\GitHub\Control_System\evidence\experiments\runs\authorized_mbco_phase_reconstruction_20260904T002152_3132654Z\retry_06_buffered_single_rearm_ddg_20260904T021526_1936864Z\Phase Scan\2026-09-04\20260904T021539_510021Z_run\raw\rep_0001\scan_0001174_phase_001173_attempt_00.npz","13428662"
"C:\Users\Chris\Documents\GitHub\Control_System\evidence\experiments\runs\authorized_mbco_phase_reconstruction_20260904T002152_3132654Z\retry_06_buffered_single_rearm_ddg_20260904T021526_1936864Z\Phase Scan\2026-09-04\20260904T021539_510021Z_run\raw\rep_0001\scan_0001175_phase_001174_attempt_00.npz","13552942"
"C:\Users\Chris\Documents\GitHub\Control_System\evidence\experiments\runs\authorized_mbco_phase_reconstruction_20260904T002152_3132654Z\retry_06_buffered_single_rearm_ddg_20260904T021526_1936864Z\Phase Scan\2026-09-04\20260904T021539_510021Z_run\raw\rep_0001\scan_0001176_phase_001175_attempt_00.npz","14043470"
"C:\Users\Chris\Documents\GitHub\Control_System\evidence\experiments\runs\authorized_mbco_phase_reconstruction_20260904T002152_3132654Z\retry_06_buffered_single_rearm_ddg_20260904T021526_1936864Z\Phase Scan\2026-09-04\20260904T021539_510021Z_run\raw\rep_0001\scan_0001177_phase_001176_attempt_00.npz","13475446"
"C:\Users\Chris\Documents\GitHub\Control_System\evidence\experiments\runs\authorized_mbco_phase_reconstruction_20260904T002152_3132654Z\retry_06_buffered_single_rearm_ddg_20260904T021526_1936864Z\Phase Scan\2026-09-04\20260904T021539_510021Z_run\raw\rep_0001\scan_0001178_phase_001177_attempt_00.npz","13883698"
"C:\Users\Chris\Documents\GitHub\Control_System\evidence\experiments\runs\authorized_mbco_phase_reconstruction_20260904T002152_3132654Z\retry_06_buffered_single_rearm_ddg_20260904T021526_1936864Z\Phase Scan\2026-09-04\20260904T021539_510021Z_run\raw\rep_0001\scan_0001179_phase_001178_attempt_00.npz","13854314"
"C:\Users\Chris\Documents\GitHub\Control_System\evidence\experiments\runs\authorized_mbco_phase_reconstruction_20260904T002152_3132654Z\retry_06_buffered_single_rearm_ddg_20260904T021526_1936864Z\Phase Scan\2026-09-04\20260904T021539_510021Z_run\raw\rep_0001\scan_0001180_phase_001179_attempt_00.npz","14012274"
"C:\Users\Chris\Documents\GitHub\Control_System\evidence\experiments\runs\authorized_mbco_phase_reconstruction_20260904T002152_3132654Z\retry_06_buffered_single_rearm_ddg_20260904T021526_1936864Z\Phase Scan\2026-09-04\20260904T021539_510021Z_run\raw\rep_0001\scan_0001181_phase_001180_attempt_00.npz","13703670"
"C:\Users\Chris\Documents\GitHub\Control_System\evidence\experiments\runs\authorized_mbco_phase_reconstruction_20260904T002152_3132654Z\retry_06_buffered_single_rearm_ddg_20260904T021526_1936864Z\Phase Scan\2026-09-04\20260904T021539_510021Z_run\raw\rep_0001\scan_0001182_phase_001181_attempt_00.npz","13527114"
"C:\Users\Chris\Documents\GitHub\Control_System\evidence\experiments\runs\authorized_mbco_phase_reconstruction_20260904T002152_3132654Z\retry_06_buffered_single_rearm_ddg_20260904T021526_1936864Z\Phase Scan\2026-09-04\20260904T021539_510021Z_run\raw\rep_0001\scan_0001183_phase_001182_attempt_00.npz","13934546"
"C:\Users\Chris\Documents\GitHub\Control_System\evidence\experiments\runs\authorized_mbco_phase_reconstruction_20260904T002152_3132654Z\retry_06_buffered_single_rearm_ddg_20260904T021526_1936864Z\Phase Scan\2026-09-04\20260904T021539_510021Z_run\raw\rep_0001\scan_0001184_phase_001183_attempt_00.npz","13856146"
"C:\Users\Chris\Documents\GitHub\Control_System\evidence\experiments\runs\authorized_mbco_phase_reconstruction_20260904T002152_3132654Z\retry_06_buffered_single_rearm_ddg_20260904T021526_1936864Z\Phase Scan\2026-09-04\20260904T021539_510021Z_run\raw\rep_0001\scan_0001185_phase_001184_attempt_00.npz","13934710"
"C:\Users\Chris\Documents\GitHub\Control_System\evidence\experiments\runs\authorized_mbco_phase_reconstruction_20260904T002152_3132654Z\retry_06_buffered_single_rearm_ddg_20260904T021526_1936864Z\Phase Scan\2026-09-04\20260904T021539_510021Z_run\raw\rep_0001\scan_0001186_phase_001185_attempt_00.npz","14013014"
"C:\Users\Chris\Documents\GitHub\Control_System\evidence\experiments\runs\authorized_mbco_phase_reconstruction_20260904T002152_3132654Z\retry_06_buffered_single_rearm_ddg_20260904T021526_1936864Z\Phase Scan\2026-09-04\20260904T021539_510021Z_run\raw\rep_0001\scan_0001187_phase_001186_attempt_00.npz","13658322"
"C:\Users\Chris\Documents\GitHub\Control_System\evidence\experiments\runs\authorized_mbco_phase_reconstruction_20260904T002152_3132654Z\retry_06_buffered_single_rearm_ddg_20260904T021526_1936864Z\Phase Scan\2026-09-04\20260904T021539_510021Z_run\raw\rep_0001\scan_0001188_phase_001187_attempt_00.npz","13996082"
"C:\Users\Chris\Documents\GitHub\Control_System\evidence\experiments\runs\authorized_mbco_phase_reconstruction_20260904T002152_3132654Z\retry_06_buffered_single_rearm_ddg_20260904T021526_1936864Z\Phase Scan\2026-09-04\20260904T021539_510021Z_run\raw\rep_0001\scan_0001189_phase_001188_attempt_00.npz","13923442"
"C:\Users\Chris\Documents\GitHub\Control_System\evidence\experiments\runs\authorized_mbco_phase_reconstruction_20260904T002152_3132654Z\retry_06_buffered_single_rearm_ddg_20260904T021526_1936864Z\Phase Scan\2026-09-04\20260904T021539_510021Z_run\raw\rep_0001\scan_0001190_phase_001189_attempt_00.npz","13725938"
"C:\Users\Chris\Documents\GitHub\Control_System\evidence\experiments\runs\authorized_mbco_phase_reconstruction_20260904T002152_3132654Z\retry_06_buffered_single_rearm_ddg_20260904T021526_1936864Z\Phase Scan\2026-09-04\20260904T021539_510021Z_run\raw\rep_0001\scan_0001191_phase_001190_attempt_00.npz","14026706"
"C:\Users\Chris\Documents\GitHub\Control_System\evidence\experiments\runs\authorized_mbco_phase_reconstruction_20260904T002152_3132654Z\retry_06_buffered_single_rearm_ddg_20260904T021526_1936864Z\Phase Scan\2026-09-04\20260904T021539_510021Z_run\raw\rep_0001\scan_0001192_phase_001191_attempt_00.npz","13611946"
"C:\Users\Chris\Documents\GitHub\Control_System\evidence\experiments\runs\authorized_mbco_phase_reconstruction_20260904T002152_3132654Z\retry_06_buffered_single_rearm_ddg_20260904T021526_1936864Z\Phase Scan\2026-09-04\20260904T021539_510021Z_run\raw\rep_0001\scan_0001193_phase_001192_attempt_00.npz","13624882"
"C:\Users\Chris\Documents\GitHub\Control_System\evidence\experiments\runs\authorized_mbco_phase_reconstruction_20260904T002152_3132654Z\retry_06_buffered_single_rearm_ddg_20260904T021526_1936864Z\Phase Scan\2026-09-04\20260904T021539_510021Z_run\raw\rep_0001\scan_0001194_phase_001193_attempt_00.npz","13463378"
"C:\Users\Chris\Documents\GitHub\Control_System\evidence\experiments\runs\authorized_mbco_phase_reconstruction_20260904T002152_3132654Z\retry_06_buffered_single_rearm_ddg_20260904T021526_1936864Z\Phase Scan\2026-09-04\20260904T021539_510021Z_run\raw\rep_0001\scan_0001195_phase_001194_attempt_00.npz","13483750"
"C:\Users\Chris\Documents\GitHub\Control_System\evidence\experiments\runs\authorized_mbco_phase_reconstruction_20260904T002152_3132654Z\retry_06_buffered_single_rearm_ddg_20260904T021526_1936864Z\Phase Scan\2026-09-04\20260904T021539_510021Z_run\raw\rep_0001\scan_0001196_phase_001195_attempt_00.npz","13419534"
"C:\Users\Chris\Documents\GitHub\Control_System\evidence\experiments\runs\authorized_mbco_phase_reconstruction_20260904T002152_3132654Z\retry_06_buffered_single_rearm_ddg_20260904T021526_1936864Z\Phase Scan\2026-09-04\20260904T021539_510021Z_run\raw\rep_0001\scan_0001197_phase_001196_attempt_00.npz","13705506"
"C:\Users\Chris\Documents\GitHub\Control_System\evidence\experiments\runs\authorized_mbco_phase_reconstruction_20260904T002152_3132654Z\retry_06_buffered_single_rearm_ddg_20260904T021526_1936864Z\Phase Scan\2026-09-04\20260904T021539_510021Z_run\raw\rep_0001\scan_0001198_phase_001197_attempt_00.npz","13633422"
"C:\Users\Chris\Documents\GitHub\Control_System\evidence\experiments\runs\authorized_mbco_phase_reconstruction_20260904T002152_3132654Z\retry_06_buffered_single_rearm_ddg_20260904T021526_1936864Z\Phase Scan\2026-09-04\20260904T021539_510021Z_run\raw\rep_0001\scan_0001199_phase_001198_attempt_00.npz","13815670"
"C:\Users\Chris\Documents\GitHub\Control_System\evidence\experiments\runs\authorized_mbco_phase_reconstruction_20260904T002152_3132654Z\retry_06_buffered_single_rearm_ddg_20260904T021526_1936864Z\Phase Scan\2026-09-04\20260904T021539_510021Z_run\raw\rep_0001\scan_0001200_phase_001199_attempt_00.npz","13139772"
"C:\Users\Chris\Documents\GitHub\Control_System\evidence\experiments\runs\authorized_mbco_phase_reconstruction_20260904T002152_3132654Z\retry_06_buffered_single_rearm_ddg_20260904T021526_1936864Z\Phase Scan\2026-09-04\20260904T021539_510021Z_run\raw\rep_0001\scan_0001201_phase_001200_attempt_00.npz","13447186"
"C:\Users\Chris\Documents\GitHub\Control_System\evidence\experiments\runs\authorized_mbco_phase_reconstruction_20260904T002152_3132654Z\retry_06_buffered_single_rearm_ddg_20260904T021526_1936864Z\Phase Scan\2026-09-04\20260904T021539_510021Z_run\raw\rep_0001\scan_0001202_phase_001201_attempt_00.npz","13697294"
"C:\Users\Chris\Documents\GitHub\Control_System\evidence\experiments\runs\authorized_mbco_phase_reconstruction_20260904T002152_3132654Z\retry_06_buffered_single_rearm_ddg_20260904T021526_1936864Z\Phase Scan\2026-09-04\20260904T021539_510021Z_run\raw\rep_0001\scan_0001203_phase_001202_attempt_00.npz","13338666"
"C:\Users\Chris\Documents\GitHub\Control_System\evidence\experiments\runs\authorized_mbco_phase_reconstruction_20260904T002152_3132654Z\retry_06_buffered_single_rearm_ddg_20260904T021526_1936864Z\Phase Scan\2026-09-04\20260904T021539_510021Z_run\raw\rep_0001\scan_0001204_phase_001203_attempt_00.npz","13403410"
"C:\Users\Chris\Documents\GitHub\Control_System\evidence\experiments\runs\authorized_mbco_phase_reconstruction_20260904T002152_3132654Z\retry_06_buffered_single_rearm_ddg_20260904T021526_1936864Z\Phase Scan\2026-09-04\20260904T021539_510021Z_run\raw\rep_0001\scan_0001205_phase_001204_attempt_00.npz","13392682"
"C:\Users\Chris\Documents\GitHub\Control_System\evidence\experiments\runs\authorized_mbco_phase_reconstruction_20260904T002152_3132654Z\retry_06_buffered_single_rearm_ddg_20260904T021526_1936864Z\Phase Scan\2026-09-04\20260904T021539_510021Z_run\raw\rep_0001\scan_0001206_phase_001205_attempt_00.npz","13473106"
"C:\Users\Chris\Documents\GitHub\Control_System\evidence\experiments\runs\authorized_mbco_phase_reconstruction_20260904T002152_3132654Z\retry_06_buffered_single_rearm_ddg_20260904T021526_1936864Z\Phase Scan\2026-09-04\20260904T021539_510021Z_run\raw\rep_0001\scan_0001207_phase_001206_attempt_00.npz","13907178"
"C:\Users\Chris\Documents\GitHub\Control_System\evidence\experiments\runs\authorized_mbco_phase_reconstruction_20260904T002152_3132654Z\retry_06_buffered_single_rearm_ddg_20260904T021526_1936864Z\Phase Scan\2026-09-04\20260904T021539_510021Z_run\raw\rep_0001\scan_0001208_phase_001207_attempt_00.npz","13678102"
"C:\Users\Chris\Documents\GitHub\Control_System\evidence\experiments\runs\authorized_mbco_phase_reconstruction_20260904T002152_3132654Z\retry_06_buffered_single_rearm_ddg_20260904T021526_1936864Z\Phase Scan\2026-09-04\20260904T021539_510021Z_run\raw\rep_0001\scan_0001209_phase_001208_attempt_00.npz","13464658"
"C:\Users\Chris\Documents\GitHub\Control_System\evidence\experiments\runs\authorized_mbco_phase_reconstruction_20260904T002152_3132654Z\retry_06_buffered_single_rearm_ddg_20260904T021526_1936864Z\Phase Scan\2026-09-04\20260904T021539_510021Z_run\raw\rep_0001\scan_0001210_phase_001209_attempt_00.npz","13659370"
"C:\Users\Chris\Documents\GitHub\Control_System\evidence\experiments\runs\authorized_mbco_phase_reconstruction_20260904T002152_3132654Z\retry_06_buffered_single_rearm_ddg_20260904T021526_1936864Z\Phase Scan\2026-09-04\20260904T021539_510021Z_run\raw\rep_0001\scan_0001211_phase_001210_attempt_00.npz","14053778"
"C:\Users\Chris\Documents\GitHub\Control_System\evidence\experiments\runs\authorized_mbco_phase_reconstruction_20260904T002152_3132654Z\retry_06_buffered_single_rearm_ddg_20260904T021526_1936864Z\Phase Scan\2026-09-04\20260904T021539_510021Z_run\raw\rep_0001\scan_0001212_phase_001211_attempt_00.npz","13511926"
"C:\Users\Chris\Documents\GitHub\Control_System\evidence\experiments\runs\authorized_mbco_phase_reconstruction_20260904T002152_3132654Z\retry_06_buffered_single_rearm_ddg_20260904T021526_1936864Z\Phase Scan\2026-09-04\20260904T021539_510021Z_run\raw\rep_0001\scan_0001213_phase_001212_attempt_00.npz","13240654"
"C:\Users\Chris\Documents\GitHub\Control_System\evidence\experiments\runs\authorized_mbco_phase_reconstruction_20260904T002152_3132654Z\retry_06_buffered_single_rearm_ddg_20260904T021526_1936864Z\Phase Scan\2026-09-04\20260904T021539_510021Z_run\raw\rep_0001\scan_0001214_phase_001213_attempt_00.npz","13418186"
"C:\Users\Chris\Documents\GitHub\Control_System\evidence\experiments\runs\authorized_mbco_phase_reconstruction_20260904T002152_3132654Z\retry_06_buffered_single_rearm_ddg_20260904T021526_1936864Z\Phase Scan\2026-09-04\20260904T021539_510021Z_run\raw\rep_0001\scan_0001215_phase_001214_attempt_00.npz","13796494"
"C:\Users\Chris\Documents\GitHub\Control_System\evidence\experiments\runs\authorized_mbco_phase_reconstruction_20260904T002152_3132654Z\retry_06_buffered_single_rearm_ddg_20260904T021526_1936864Z\Phase Scan\2026-09-04\20260904T021539_510021Z_run\raw\rep_0001\scan_0001216_phase_001215_attempt_00.npz","13892182"
"C:\Users\Chris\Documents\GitHub\Control_System\evidence\experiments\runs\authorized_mbco_phase_reconstruction_20260904T002152_3132654Z\retry_06_buffered_single_rearm_ddg_20260904T021526_1936864Z\Phase Scan\2026-09-04\20260904T021539_510021Z_run\raw\rep_0001\scan_0001217_phase_001216_attempt_00.npz","13900170"
"C:\Users\Chris\Documents\GitHub\Control_System\evidence\experiments\runs\authorized_mbco_phase_reconstruction_20260904T002152_3132654Z\retry_06_buffered_single_rearm_ddg_20260904T021526_1936864Z\Phase Scan\2026-09-04\20260904T021539_510021Z_run\raw\rep_0001\scan_0001218_phase_001217_attempt_00.npz","14013002"
"C:\Users\Chris\Documents\GitHub\Control_System\evidence\experiments\runs\authorized_mbco_phase_reconstruction_20260904T002152_3132654Z\retry_06_buffered_single_rearm_ddg_20260904T021526_1936864Z\Phase Scan\2026-09-04\20260904T021539_510021Z_run\raw\rep_0001\scan_0001219_phase_001218_attempt_00.npz","13442770"
"C:\Users\Chris\Documents\GitHub\Control_System\evidence\experiments\runs\authorized_mbco_phase_reconstruction_20260904T002152_3132654Z\retry_06_buffered_single_rearm_ddg_20260904T021526_1936864Z\Phase Scan\2026-09-04\20260904T021539_510021Z_run\raw\rep_0001\scan_0001220_phase_001219_attempt_00.npz","13932266"
"C:\Users\Chris\Documents\GitHub\Control_System\evidence\experiments\runs\authorized_mbco_phase_reconstruction_20260904T002152_3132654Z\retry_06_buffered_single_rearm_ddg_20260904T021526_1936864Z\Phase Scan\2026-09-04\20260904T021539_510021Z_run\raw\rep_0001\scan_0001221_phase_001220_attempt_00.npz","14195282"
"C:\Users\Chris\Documents\GitHub\Control_System\evidence\experiments\runs\authorized_mbco_phase_reconstruction_20260904T002152_3132654Z\retry_06_buffered_single_rearm_ddg_20260904T021526_1936864Z\Phase Scan\2026-09-04\20260904T021539_510021Z_run\raw\rep_0001\scan_0001222_phase_001221_attempt_00.npz","14002166"
"C:\Users\Chris\Documents\GitHub\Control_System\evidence\experiments\runs\authorized_mbco_phase_reconstruction_20260904T002152_3132654Z\retry_06_buffered_single_rearm_ddg_20260904T021526_1936864Z\Phase Scan\2026-09-04\20260904T021539_510021Z_run\raw\rep_0001\scan_0001223_phase_001222_attempt_00.npz","13455410"
"C:\Users\Chris\Documents\GitHub\Control_System\evidence\experiments\runs\authorized_mbco_phase_reconstruction_20260904T002152_3132654Z\retry_06_buffered_single_rearm_ddg_20260904T021526_1936864Z\Phase Scan\2026-09-04\20260904T021539_510021Z_run\raw\rep_0001\scan_0001224_phase_001223_attempt_00.npz","13412946"
"C:\Users\Chris\Documents\GitHub\Control_System\evidence\experiments\runs\authorized_mbco_phase_reconstruction_20260904T002152_3132654Z\retry_06_buffered_single_rearm_ddg_20260904T021526_1936864Z\Phase Scan\2026-09-04\20260904T021539_510021Z_run\raw\rep_0001\scan_0001225_phase_001224_attempt_00.npz","13415310"
"C:\Users\Chris\Documents\GitHub\Control_System\evidence\experiments\runs\authorized_mbco_phase_reconstruction_20260904T002152_3132654Z\retry_06_buffered_single_rearm_ddg_20260904T021526_1936864Z\Phase Scan\2026-09-04\20260904T021539_510021Z_run\raw\rep_0001\scan_0001226_phase_001225_attempt_00.npz","13832978"
"C:\Users\Chris\Documents\GitHub\Control_System\evidence\experiments\runs\authorized_mbco_phase_reconstruction_20260904T002152_3132654Z\retry_06_buffered_single_rearm_ddg_20260904T021526_1936864Z\Phase Scan\2026-09-04\20260904T021539_510021Z_run\raw\rep_0001\scan_0001227_phase_001226_attempt_00.npz","13702296"
"C:\Users\Chris\Documents\GitHub\Control_System\evidence\experiments\runs\authorized_mbco_phase_reconstruction_20260904T002152_3132654Z\retry_06_buffered_single_rearm_ddg_20260904T021526_1936864Z\Phase Scan\2026-09-04\20260904T021539_510021Z_run\raw\rep_0001\scan_0001228_phase_001227_attempt_00.npz","13896278"
"C:\Users\Chris\Documents\GitHub\Control_System\evidence\experiments\runs\authorized_mbco_phase_reconstruction_20260904T002152_3132654Z\retry_06_buffered_single_rearm_ddg_20260904T021526_1936864Z\Phase Scan\2026-09-04\20260904T021539_510021Z_run\raw\rep_0001\scan_0001229_phase_001228_attempt_00.npz","13494670"
"C:\Users\Chris\Documents\GitHub\Control_System\evidence\experiments\runs\authorized_mbco_phase_reconstruction_20260904T002152_3132654Z\retry_06_buffered_single_rearm_ddg_20260904T021526_1936864Z\Phase Scan\2026-09-04\20260904T021539_510021Z_run\raw\rep_0001\scan_0001230_phase_001229_attempt_00.npz","13515630"
"C:\Users\Chris\Documents\GitHub\Control_System\evidence\experiments\runs\authorized_mbco_phase_reconstruction_20260904T002152_3132654Z\retry_06_buffered_single_rearm_ddg_20260904T021526_1936864Z\Phase Scan\2026-09-04\20260904T021539_510021Z_run\raw\rep_0001\scan_0001231_phase_001230_attempt_00.npz","13460150"
"C:\Users\Chris\Documents\GitHub\Control_System\evidence\experiments\runs\authorized_mbco_phase_reconstruction_20260904T002152_3132654Z\retry_06_buffered_single_rearm_ddg_20260904T021526_1936864Z\Phase Scan\2026-09-04\20260904T021539_510021Z_run\raw\rep_0001\scan_0001232_phase_001231_attempt_00.npz","13532238"
"C:\Users\Chris\Documents\GitHub\Control_System\evidence\experiments\runs\authorized_mbco_phase_reconstruction_20260904T002152_3132654Z\retry_06_buffered_single_rearm_ddg_20260904T021526_1936864Z\Phase Scan\2026-09-04\20260904T021539_510021Z_run\raw\rep_0001\scan_0001233_phase_001232_attempt_00.npz","13272650"
"C:\Users\Chris\Documents\GitHub\Control_System\evidence\experiments\runs\authorized_mbco_phase_reconstruction_20260904T002152_3132654Z\retry_06_buffered_single_rearm_ddg_20260904T021526_1936864Z\Phase Scan\2026-09-04\20260904T021539_510021Z_run\raw\rep_0001\scan_0001234_phase_001233_attempt_00.npz","13617842"
"C:\Users\Chris\Documents\GitHub\Control_System\evidence\experiments\runs\authorized_mbco_phase_reconstruction_20260904T002152_3132654Z\retry_06_buffered_single_rearm_ddg_20260904T021526_1936864Z\Phase Scan\2026-09-04\20260904T021539_510021Z_run\raw\rep_0001\scan_0001235_phase_001234_attempt_00.npz","13392338"
"C:\Users\Chris\Documents\GitHub\Control_System\evidence\experiments\runs\authorized_mbco_phase_reconstruction_20260904T002152_3132654Z\retry_06_buffered_single_rearm_ddg_20260904T021526_1936864Z\Phase Scan\2026-09-04\20260904T021539_510021Z_run\raw\rep_0001\scan_0001236_phase_001235_attempt_00.npz","13469266"
"C:\Users\Chris\Documents\GitHub\Control_System\evidence\experiments\runs\authorized_mbco_phase_reconstruction_20260904T002152_3132654Z\retry_06_buffered_single_rearm_ddg_20260904T021526_1936864Z\Phase Scan\2026-09-04\20260904T021539_510021Z_run\raw\rep_0001\scan_0001237_phase_001236_attempt_00.npz","14178106"
"C:\Users\Chris\Documents\GitHub\Control_System\evidence\experiments\runs\authorized_mbco_phase_reconstruction_20260904T002152_3132654Z\retry_06_buffered_single_rearm_ddg_20260904T021526_1936864Z\Phase Scan\2026-09-04\20260904T021539_510021Z_run\raw\rep_0001\scan_0001238_phase_001237_attempt_00.npz","13658866"
"C:\Users\Chris\Documents\GitHub\Control_System\evidence\experiments\runs\authorized_mbco_phase_reconstruction_20260904T002152_3132654Z\retry_06_buffered_single_rearm_ddg_20260904T021526_1936864Z\Phase Scan\2026-09-04\20260904T021539_510021Z_run\raw\rep_0001\scan_0001239_phase_001238_attempt_00.npz","13435246"
"C:\Users\Chris\Documents\GitHub\Control_System\evidence\experiments\runs\authorized_mbco_phase_reconstruction_20260904T002152_3132654Z\retry_06_buffered_single_rearm_ddg_20260904T021526_1936864Z\Phase Scan\2026-09-04\20260904T021539_510021Z_run\raw\rep_0001\scan_0001240_phase_001239_attempt_00.npz","13428334"
"C:\Users\Chris\Documents\GitHub\Control_System\evidence\experiments\runs\authorized_mbco_phase_reconstruction_20260904T002152_3132654Z\retry_06_buffered_single_rearm_ddg_20260904T021526_1936864Z\Phase Scan\2026-09-04\20260904T021539_510021Z_run\raw\rep_0001\scan_0001241_phase_001240_attempt_00.npz","13699794"
"C:\Users\Chris\Documents\GitHub\Control_System\evidence\experiments\runs\authorized_mbco_phase_reconstruction_20260904T002152_3132654Z\retry_06_buffered_single_rearm_ddg_20260904T021526_1936864Z\Phase Scan\2026-09-04\20260904T021539_510021Z_run\raw\rep_0001\scan_0001242_phase_001241_attempt_00.npz","13864018"
"C:\Users\Chris\Documents\GitHub\Control_System\evidence\experiments\runs\authorized_mbco_phase_reconstruction_20260904T002152_3132654Z\retry_06_buffered_single_rearm_ddg_20260904T021526_1936864Z\Phase Scan\2026-09-04\20260904T021539_510021Z_run\raw\rep_0001\scan_0001243_phase_001242_attempt_00.npz","13648142"
"C:\Users\Chris\Documents\GitHub\Control_System\evidence\experiments\runs\authorized_mbco_phase_reconstruction_20260904T002152_3132654Z\retry_06_buffered_single_rearm_ddg_20260904T021526_1936864Z\Phase Scan\2026-09-04\20260904T021539_510021Z_run\raw\rep_0001\scan_0001244_phase_001243_attempt_00.npz","13568998"
"C:\Users\Chris\Documents\GitHub\Control_System\evidence\experiments\runs\authorized_mbco_phase_reconstruction_20260904T002152_3132654Z\retry_06_buffered_single_rearm_ddg_20260904T021526_1936864Z\Phase Scan\2026-09-04\20260904T021539_510021Z_run\raw\rep_0001\scan_0001245_phase_001244_attempt_00.npz","13688114"
"C:\Users\Chris\Documents\GitHub\Control_System\evidence\experiments\runs\authorized_mbco_phase_reconstruction_20260904T002152_3132654Z\retry_06_buffered_single_rearm_ddg_20260904T021526_1936864Z\Phase Scan\2026-09-04\20260904T021539_510021Z_run\raw\rep_0001\scan_0001246_phase_001245_attempt_00.npz","13980274"
"C:\Users\Chris\Documents\GitHub\Control_System\evidence\experiments\runs\authorized_mbco_phase_reconstruction_20260904T002152_3132654Z\retry_06_buffered_single_rearm_ddg_20260904T021526_1936864Z\Phase Scan\2026-09-04\20260904T021539_510021Z_run\raw\rep_0001\scan_0001247_phase_001246_attempt_00.npz","13338702"
"C:\Users\Chris\Documents\GitHub\Control_System\evidence\experiments\runs\authorized_mbco_phase_reconstruction_20260904T002152_3132654Z\retry_06_buffered_single_rearm_ddg_20260904T021526_1936864Z\Phase Scan\2026-09-04\20260904T021539_510021Z_run\raw\rep_0001\scan_0001248_phase_001247_attempt_00.npz","13383200"
"C:\Users\Chris\Documents\GitHub\Control_System\evidence\experiments\runs\authorized_mbco_phase_reconstruction_20260904T002152_3132654Z\retry_06_buffered_single_rearm_ddg_20260904T021526_1936864Z\Phase Scan\2026-09-04\20260904T021539_510021Z_run\raw\rep_0001\scan_0001249_phase_001248_attempt_00.npz","13375122"
"C:\Users\Chris\Documents\GitHub\Control_System\evidence\experiments\runs\authorized_mbco_phase_reconstruction_20260904T002152_3132654Z\retry_06_buffered_single_rearm_ddg_20260904T021526_1936864Z\Phase Scan\2026-09-04\20260904T021539_510021Z_run\raw\rep_0001\scan_0001250_phase_001249_attempt_00.npz","14087918"
"C:\Users\Chris\Documents\GitHub\Control_System\evidence\experiments\runs\authorized_mbco_phase_reconstruction_20260904T002152_3132654Z\retry_06_buffered_single_rearm_ddg_20260904T021526_1936864Z\Phase Scan\2026-09-04\20260904T021539_510021Z_run\raw\rep_0001\scan_0001251_phase_001250_attempt_00.npz","13321458"
"C:\Users\Chris\Documents\GitHub\Control_System\evidence\experiments\runs\authorized_mbco_phase_reconstruction_20260904T002152_3132654Z\retry_06_buffered_single_rearm_ddg_20260904T021526_1936864Z\Phase Scan\2026-09-04\20260904T021539_510021Z_run\raw\rep_0001\scan_0001252_phase_001251_attempt_00.npz","13545486"
"C:\Users\Chris\Documents\GitHub\Control_System\evidence\experiments\runs\authorized_mbco_phase_reconstruction_20260904T002152_3132654Z\retry_06_buffered_single_rearm_ddg_20260904T021526_1936864Z\Phase Scan\2026-09-04\20260904T021539_510021Z_run\raw\rep_0001\scan_0001253_phase_001252_attempt_00.npz","13434426"
"C:\Users\Chris\Documents\GitHub\Control_System\evidence\experiments\runs\authorized_mbco_phase_reconstruction_20260904T002152_3132654Z\retry_06_buffered_single_rearm_ddg_20260904T021526_1936864Z\Phase Scan\2026-09-04\20260904T021539_510021Z_run\raw\rep_0001\scan_0001254_phase_001253_attempt_00.npz","13931382"
"C:\Users\Chris\Documents\GitHub\Control_System\evidence\experiments\runs\authorized_mbco_phase_reconstruction_20260904T002152_3132654Z\retry_06_buffered_single_rearm_ddg_20260904T021526_1936864Z\Phase Scan\2026-09-04\20260904T021539_510021Z_run\raw\rep_0001\scan_0001255_phase_001254_attempt_00.npz","13438994"
"C:\Users\Chris\Documents\GitHub\Control_System\evidence\experiments\runs\authorized_mbco_phase_reconstruction_20260904T002152_3132654Z\retry_06_buffered_single_rearm_ddg_20260904T021526_1936864Z\Phase Scan\2026-09-04\20260904T021539_510021Z_run\raw\rep_0001\scan_0001256_phase_001255_attempt_00.npz","13258806"
"C:\Users\Chris\Documents\GitHub\Control_System\evidence\experiments\runs\authorized_mbco_phase_reconstruction_20260904T002152_3132654Z\retry_06_buffered_single_rearm_ddg_20260904T021526_1936864Z\Phase Scan\2026-09-04\20260904T021539_510021Z_run\raw\rep_0001\scan_0001257_phase_001256_attempt_00.npz","13576566"
"C:\Users\Chris\Documents\GitHub\Control_System\evidence\experiments\runs\authorized_mbco_phase_reconstruction_20260904T002152_3132654Z\retry_06_buffered_single_rearm_ddg_20260904T021526_1936864Z\Phase Scan\2026-09-04\20260904T021539_510021Z_run\raw\rep_0001\scan_0001258_phase_001257_attempt_00.npz","13909682"
"C:\Users\Chris\Documents\GitHub\Control_System\evidence\experiments\runs\authorized_mbco_phase_reconstruction_20260904T002152_3132654Z\retry_06_buffered_single_rearm_ddg_20260904T021526_1936864Z\Phase Scan\2026-09-04\20260904T021539_510021Z_run\raw\rep_0001\scan_0001259_phase_001258_attempt_00.npz","13944786"
"C:\Users\Chris\Documents\GitHub\Control_System\evidence\experiments\runs\authorized_mbco_phase_reconstruction_20260904T002152_3132654Z\retry_06_buffered_single_rearm_ddg_20260904T021526_1936864Z\Phase Scan\2026-09-04\20260904T021539_510021Z_run\raw\rep_0001\scan_0001260_phase_001259_attempt_00.npz","13527474"
"C:\Users\Chris\Documents\GitHub\Control_System\evidence\experiments\runs\authorized_mbco_phase_reconstruction_20260904T002152_3132654Z\retry_06_buffered_single_rearm_ddg_20260904T021526_1936864Z\Phase Scan\2026-09-04\20260904T021539_510021Z_run\raw\rep_0001\scan_0001261_phase_001260_attempt_00.npz","13415434"
"C:\Users\Chris\Documents\GitHub\Control_System\evidence\experiments\runs\authorized_mbco_phase_reconstruction_20260904T002152_3132654Z\retry_06_buffered_single_rearm_ddg_20260904T021526_1936864Z\Phase Scan\2026-09-04\20260904T021539_510021Z_run\raw\rep_0001\scan_0001262_phase_001261_attempt_00.npz","13372554"
"C:\Users\Chris\Documents\GitHub\Control_System\evidence\experiments\runs\authorized_mbco_phase_reconstruction_20260904T002152_3132654Z\retry_06_buffered_single_rearm_ddg_20260904T021526_1936864Z\Phase Scan\2026-09-04\20260904T021539_510021Z_run\raw\rep_0001\scan_0001263_phase_001262_attempt_00.npz","13734894"
"C:\Users\Chris\Documents\GitHub\Control_System\evidence\experiments\runs\authorized_mbco_phase_reconstruction_20260904T002152_3132654Z\retry_06_buffered_single_rearm_ddg_20260904T021526_1936864Z\Phase Scan\2026-09-04\20260904T021539_510021Z_run\raw\rep_0001\scan_0001264_phase_001263_attempt_00.npz","13927350"
"C:\Users\Chris\Documents\GitHub\Control_System\evidence\experiments\runs\authorized_mbco_phase_reconstruction_20260904T002152_3132654Z\retry_06_buffered_single_rearm_ddg_20260904T021526_1936864Z\Phase Scan\2026-09-04\20260904T021539_510021Z_run\raw\rep_0001\scan_0001265_phase_001264_attempt_00.npz","13964054"
"C:\Users\Chris\Documents\GitHub\Control_System\evidence\experiments\runs\authorized_mbco_phase_reconstruction_20260904T002152_3132654Z\retry_06_buffered_single_rearm_ddg_20260904T021526_1936864Z\Phase Scan\2026-09-04\20260904T021539_510021Z_run\raw\rep_0001\scan_0001266_phase_001265_attempt_00.npz","13698674"
"C:\Users\Chris\Documents\GitHub\Control_System\evidence\experiments\runs\authorized_mbco_phase_reconstruction_20260904T002152_3132654Z\retry_06_buffered_single_rearm_ddg_20260904T021526_1936864Z\Phase Scan\2026-09-04\20260904T021539_510021Z_run\raw\rep_0001\scan_0001267_phase_001266_attempt_00.npz","13767310"
"C:\Users\Chris\Documents\GitHub\Control_System\evidence\experiments\runs\authorized_mbco_phase_reconstruction_20260904T002152_3132654Z\retry_06_buffered_single_rearm_ddg_20260904T021526_1936864Z\Phase Scan\2026-09-04\20260904T021539_510021Z_run\raw\rep_0001\scan_0001268_phase_001267_attempt_00.npz","13378326"
"C:\Users\Chris\Documents\GitHub\Control_System\evidence\experiments\runs\authorized_mbco_phase_reconstruction_20260904T002152_3132654Z\retry_06_buffered_single_rearm_ddg_20260904T021526_1936864Z\Phase Scan\2026-09-04\20260904T021539_510021Z_run\raw\rep_0001\scan_0001269_phase_001268_attempt_00.npz","13317116"
"C:\Users\Chris\Documents\GitHub\Control_System\evidence\experiments\runs\authorized_mbco_phase_reconstruction_20260904T002152_3132654Z\retry_06_buffered_single_rearm_ddg_20260904T021526_1936864Z\Phase Scan\2026-09-04\20260904T021539_510021Z_run\raw\rep_0001\scan_0001270_phase_001269_attempt_00.npz","13333234"
"C:\Users\Chris\Documents\GitHub\Control_System\evidence\experiments\runs\authorized_mbco_phase_reconstruction_20260904T002152_3132654Z\retry_06_buffered_single_rearm_ddg_20260904T021526_1936864Z\Phase Scan\2026-09-04\20260904T021539_510021Z_run\raw\rep_0001\scan_0001271_phase_001270_attempt_00.npz","13610810"
"C:\Users\Chris\Documents\GitHub\Control_System\evidence\experiments\runs\authorized_mbco_phase_reconstruction_20260904T002152_3132654Z\retry_06_buffered_single_rearm_ddg_20260904T021526_1936864Z\Phase Scan\2026-09-04\20260904T021539_510021Z_run\raw\rep_0001\scan_0001272_phase_001271_attempt_00.npz","13457146"
"C:\Users\Chris\Documents\GitHub\Control_System\evidence\experiments\runs\authorized_mbco_phase_reconstruction_20260904T002152_3132654Z\retry_06_buffered_single_rearm_ddg_20260904T021526_1936864Z\Phase Scan\2026-09-04\20260904T021539_510021Z_run\raw\rep_0001\scan_0001273_phase_001272_attempt_00.npz","13449866"
"C:\Users\Chris\Documents\GitHub\Control_System\evidence\experiments\runs\authorized_mbco_phase_reconstruction_20260904T002152_3132654Z\retry_06_buffered_single_rearm_ddg_20260904T021526_1936864Z\Phase Scan\2026-09-04\20260904T021539_510021Z_run\raw\rep_0001\scan_0001274_phase_001273_attempt_00.npz","13890962"
"C:\Users\Chris\Documents\GitHub\Control_System\evidence\experiments\runs\authorized_mbco_phase_reconstruction_20260904T002152_3132654Z\retry_06_buffered_single_rearm_ddg_20260904T021526_1936864Z\Phase Scan\2026-09-04\20260904T021539_510021Z_run\raw\rep_0001\scan_0001275_phase_001274_attempt_00.npz","13862514"
"C:\Users\Chris\Documents\GitHub\Control_System\evidence\experiments\runs\authorized_mbco_phase_reconstruction_20260904T002152_3132654Z\retry_06_buffered_single_rearm_ddg_20260904T021526_1936864Z\Phase Scan\2026-09-04\20260904T021539_510021Z_run\raw\rep_0001\scan_0001276_phase_001275_attempt_00.npz","13418162"
"C:\Users\Chris\Documents\GitHub\Control_System\evidence\experiments\runs\authorized_mbco_phase_reconstruction_20260904T002152_3132654Z\retry_06_buffered_single_rearm_ddg_20260904T021526_1936864Z\Phase Scan\2026-09-04\20260904T021539_510021Z_run\raw\rep_0001\scan_0001277_phase_001276_attempt_00.npz","13638714"
"C:\Users\Chris\Documents\GitHub\Control_System\evidence\experiments\runs\authorized_mbco_phase_reconstruction_20260904T002152_3132654Z\retry_06_buffered_single_rearm_ddg_20260904T021526_1936864Z\Phase Scan\2026-09-04\20260904T021539_510021Z_run\raw\rep_0001\scan_0001278_phase_001277_attempt_00.npz","13744014"
"C:\Users\Chris\Documents\GitHub\Control_System\evidence\experiments\runs\authorized_mbco_phase_reconstruction_20260904T002152_3132654Z\retry_06_buffered_single_rearm_ddg_20260904T021526_1936864Z\Phase Scan\2026-09-04\20260904T021539_510021Z_run\raw\rep_0001\scan_0001279_phase_001278_attempt_00.npz","13445590"
"C:\Users\Chris\Documents\GitHub\Control_System\evidence\experiments\runs\authorized_mbco_phase_reconstruction_20260904T002152_3132654Z\retry_06_buffered_single_rearm_ddg_20260904T021526_1936864Z\Phase Scan\2026-09-04\20260904T021539_510021Z_run\raw\rep_0001\scan_0001280_phase_001279_attempt_00.npz","13985230"
"C:\Users\Chris\Documents\GitHub\Control_System\evidence\experiments\runs\authorized_mbco_phase_reconstruction_20260904T002152_3132654Z\retry_06_buffered_single_rearm_ddg_20260904T021526_1936864Z\Phase Scan\2026-09-04\20260904T021539_510021Z_run\raw\rep_0001\scan_0001281_phase_001280_attempt_00.npz","13994702"
"C:\Users\Chris\Documents\GitHub\Control_System\evidence\experiments\runs\authorized_mbco_phase_reconstruction_20260904T002152_3132654Z\retry_06_buffered_single_rearm_ddg_20260904T021526_1936864Z\Phase Scan\2026-09-04\20260904T021539_510021Z_run\raw\rep_0001\scan_0001282_phase_001281_attempt_00.npz","13540114"
"C:\Users\Chris\Documents\GitHub\Control_System\evidence\experiments\runs\authorized_mbco_phase_reconstruction_20260904T002152_3132654Z\retry_06_buffered_single_rearm_ddg_20260904T021526_1936864Z\Phase Scan\2026-09-04\20260904T021539_510021Z_run\raw\rep_0001\scan_0001283_phase_001282_attempt_00.npz","13639434"
"C:\Users\Chris\Documents\GitHub\Control_System\evidence\experiments\runs\authorized_mbco_phase_reconstruction_20260904T002152_3132654Z\retry_06_buffered_single_rearm_ddg_20260904T021526_1936864Z\Phase Scan\2026-09-04\20260904T021539_510021Z_run\raw\rep_0001\scan_0001284_phase_001283_attempt_00.npz","13757458"
"C:\Users\Chris\Documents\GitHub\Control_System\evidence\experiments\runs\authorized_mbco_phase_reconstruction_20260904T002152_3132654Z\retry_06_buffered_single_rearm_ddg_20260904T021526_1936864Z\Phase Scan\2026-09-04\20260904T021539_510021Z_run\raw\rep_0001\scan_0001285_phase_001284_attempt_00.npz","13883642"
"C:\Users\Chris\Documents\GitHub\Control_System\evidence\experiments\runs\authorized_mbco_phase_reconstruction_20260904T002152_3132654Z\retry_06_buffered_single_rearm_ddg_20260904T021526_1936864Z\Phase Scan\2026-09-04\20260904T021539_510021Z_run\raw\rep_0001\scan_0001286_phase_001285_attempt_00.npz","13556082"
"C:\Users\Chris\Documents\GitHub\Control_System\evidence\experiments\runs\authorized_mbco_phase_reconstruction_20260904T002152_3132654Z\retry_06_buffered_single_rearm_ddg_20260904T021526_1936864Z\Phase Scan\2026-09-04\20260904T021539_510021Z_run\raw\rep_0001\scan_0001287_phase_001286_attempt_00.npz","13633382"
"C:\Users\Chris\Documents\GitHub\Control_System\evidence\experiments\runs\authorized_mbco_phase_reconstruction_20260904T002152_3132654Z\retry_06_buffered_single_rearm_ddg_20260904T021526_1936864Z\Phase Scan\2026-09-04\20260904T021539_510021Z_run\raw\rep_0001\scan_0001288_phase_001287_attempt_00.npz","13039772"
"C:\Users\Chris\Documents\GitHub\Control_System\evidence\experiments\runs\authorized_mbco_phase_reconstruction_20260904T002152_3132654Z\retry_06_buffered_single_rearm_ddg_20260904T021526_1936864Z\Phase Scan\2026-09-04\20260904T021539_510021Z_run\raw\rep_0001\scan_0001289_phase_001288_attempt_00.npz","13931414"
"C:\Users\Chris\Documents\GitHub\Control_System\evidence\experiments\runs\authorized_mbco_phase_reconstruction_20260904T002152_3132654Z\retry_06_buffered_single_rearm_ddg_20260904T021526_1936864Z\Phase Scan\2026-09-04\20260904T021539_510021Z_run\raw\rep_0001\scan_0001290_phase_001289_attempt_00.npz","13857906"
"C:\Users\Chris\Documents\GitHub\Control_System\evidence\experiments\runs\authorized_mbco_phase_reconstruction_20260904T002152_3132654Z\retry_06_buffered_single_rearm_ddg_20260904T021526_1936864Z\Phase Scan\2026-09-04\20260904T021539_510021Z_run\raw\rep_0001\scan_0001291_phase_001290_attempt_00.npz","13803402"
"C:\Users\Chris\Documents\GitHub\Control_System\evidence\experiments\runs\authorized_mbco_phase_reconstruction_20260904T002152_3132654Z\retry_06_buffered_single_rearm_ddg_20260904T021526_1936864Z\Phase Scan\2026-09-04\20260904T021539_510021Z_run\raw\rep_0001\scan_0001292_phase_001291_attempt_00.npz","13706490"
"C:\Users\Chris\Documents\GitHub\Control_System\evidence\experiments\runs\authorized_mbco_phase_reconstruction_20260904T002152_3132654Z\retry_06_buffered_single_rearm_ddg_20260904T021526_1936864Z\Phase Scan\2026-09-04\20260904T021539_510021Z_run\raw\rep_0001\scan_0001293_phase_001292_attempt_00.npz","13620938"
"C:\Users\Chris\Documents\GitHub\Control_System\evidence\experiments\runs\authorized_mbco_phase_reconstruction_20260904T002152_3132654Z\retry_06_buffered_single_rearm_ddg_20260904T021526_1936864Z\Phase Scan\2026-09-04\20260904T021539_510021Z_run\raw\rep_0001\scan_0001294_phase_001293_attempt_00.npz","13758966"
"C:\Users\Chris\Documents\GitHub\Control_System\evidence\experiments\runs\authorized_mbco_phase_reconstruction_20260904T002152_3132654Z\retry_06_buffered_single_rearm_ddg_20260904T021526_1936864Z\Phase Scan\2026-09-04\20260904T021539_510021Z_run\raw\rep_0001\scan_0001295_phase_001294_attempt_00.npz","13375530"
"C:\Users\Chris\Documents\GitHub\Control_System\evidence\experiments\runs\authorized_mbco_phase_reconstruction_20260904T002152_3132654Z\retry_06_buffered_single_rearm_ddg_20260904T021526_1936864Z\Phase Scan\2026-09-04\20260904T021539_510021Z_run\raw\rep_0001\scan_0001296_phase_001295_attempt_00.npz","13642026"
"C:\Users\Chris\Documents\GitHub\Control_System\evidence\experiments\runs\authorized_mbco_phase_reconstruction_20260904T002152_3132654Z\retry_06_buffered_single_rearm_ddg_20260904T021526_1936864Z\Phase Scan\2026-09-04\20260904T021539_510021Z_run\raw\rep_0001\scan_0001297_phase_001296_attempt_00.npz","13908626"
"C:\Users\Chris\Documents\GitHub\Control_System\evidence\experiments\runs\authorized_mbco_phase_reconstruction_20260904T002152_3132654Z\retry_06_buffered_single_rearm_ddg_20260904T021526_1936864Z\Phase Scan\2026-09-04\20260904T021539_510021Z_run\raw\rep_0001\scan_0001298_phase_001297_attempt_00.npz","13566134"
"C:\Users\Chris\Documents\GitHub\Control_System\evidence\experiments\runs\authorized_mbco_phase_reconstruction_20260904T002152_3132654Z\retry_06_buffered_single_rearm_ddg_20260904T021526_1936864Z\Phase Scan\2026-09-04\20260904T021539_510021Z_run\raw\rep_0001\scan_0001299_phase_001298_attempt_00.npz","14007630"
"C:\Users\Chris\Documents\GitHub\Control_System\evidence\experiments\runs\authorized_mbco_phase_reconstruction_20260904T002152_3132654Z\retry_06_buffered_single_rearm_ddg_20260904T021526_1936864Z\Phase Scan\2026-09-04\20260904T021539_510021Z_run\raw\rep_0001\scan_0001300_phase_001299_attempt_00.npz","13160992"
"C:\Users\Chris\Documents\GitHub\Control_System\evidence\experiments\runs\authorized_mbco_phase_reconstruction_20260904T002152_3132654Z\retry_06_buffered_single_rearm_ddg_20260904T021526_1936864Z\Phase Scan\2026-09-04\20260904T021539_510021Z_run\raw\rep_0001\scan_0001301_phase_001300_attempt_00.npz","13667954"
"C:\Users\Chris\Documents\GitHub\Control_System\evidence\experiments\runs\authorized_mbco_phase_reconstruction_20260904T002152_3132654Z\retry_06_buffered_single_rearm_ddg_20260904T021526_1936864Z\Phase Scan\2026-09-04\20260904T021539_510021Z_run\raw\rep_0001\scan_0001302_phase_001301_attempt_00.npz","13558518"
"C:\Users\Chris\Documents\GitHub\Control_System\evidence\experiments\runs\authorized_mbco_phase_reconstruction_20260904T002152_3132654Z\retry_06_buffered_single_rearm_ddg_20260904T021526_1936864Z\Phase Scan\2026-09-04\20260904T021539_510021Z_run\raw\rep_0001\scan_0001303_phase_001302_attempt_00.npz","13709550"
"C:\Users\Chris\Documents\GitHub\Control_System\evidence\experiments\runs\authorized_mbco_phase_reconstruction_20260904T002152_3132654Z\retry_06_buffered_single_rearm_ddg_20260904T021526_1936864Z\Phase Scan\2026-09-04\20260904T021539_510021Z_run\raw\rep_0001\scan_0001304_phase_001303_attempt_00.npz","14045846"
"C:\Users\Chris\Documents\GitHub\Control_System\evidence\experiments\runs\authorized_mbco_phase_reconstruction_20260904T002152_3132654Z\retry_06_buffered_single_rearm_ddg_20260904T021526_1936864Z\Phase Scan\2026-09-04\20260904T021539_510021Z_run\raw\rep_0001\scan_0001305_phase_001304_attempt_00.npz","13062164"
"C:\Users\Chris\Documents\GitHub\Control_System\evidence\experiments\runs\authorized_mbco_phase_reconstruction_20260904T002152_3132654Z\retry_06_buffered_single_rearm_ddg_20260904T021526_1936864Z\Phase Scan\2026-09-04\20260904T021539_510021Z_run\raw\rep_0001\scan_0001306_phase_001305_attempt_00.npz","13281042"
"C:\Users\Chris\Documents\GitHub\Control_System\evidence\experiments\runs\authorized_mbco_phase_reconstruction_20260904T002152_3132654Z\retry_06_buffered_single_rearm_ddg_20260904T021526_1936864Z\Phase Scan\2026-09-04\20260904T021539_510021Z_run\raw\rep_0001\scan_0001307_phase_001306_attempt_00.npz","13977486"
"C:\Users\Chris\Documents\GitHub\Control_System\evidence\experiments\runs\authorized_mbco_phase_reconstruction_20260904T002152_3132654Z\retry_06_buffered_single_rearm_ddg_20260904T021526_1936864Z\Phase Scan\2026-09-04\20260904T021539_510021Z_run\raw\rep_0001\scan_0001308_phase_001307_attempt_00.npz","13122904"
"C:\Users\Chris\Documents\GitHub\Control_System\evidence\experiments\runs\authorized_mbco_phase_reconstruction_20260904T002152_3132654Z\retry_06_buffered_single_rearm_ddg_20260904T021526_1936864Z\Phase Scan\2026-09-04\20260904T021539_510021Z_run\raw\rep_0001\scan_0001309_phase_001308_attempt_00.npz","13245770"
"C:\Users\Chris\Documents\GitHub\Control_System\evidence\experiments\runs\authorized_mbco_phase_reconstruction_20260904T002152_3132654Z\retry_06_buffered_single_rearm_ddg_20260904T021526_1936864Z\Phase Scan\2026-09-04\20260904T021539_510021Z_run\raw\rep_0001\scan_0001310_phase_001309_attempt_00.npz","13348918"
"C:\Users\Chris\Documents\GitHub\Control_System\evidence\experiments\runs\authorized_mbco_phase_reconstruction_20260904T002152_3132654Z\retry_06_buffered_single_rearm_ddg_20260904T021526_1936864Z\Phase Scan\2026-09-04\20260904T021539_510021Z_run\raw\rep_0001\scan_0001311_phase_001310_attempt_00.npz","13736306"
"C:\Users\Chris\Documents\GitHub\Control_System\evidence\experiments\runs\authorized_mbco_phase_reconstruction_20260904T002152_3132654Z\retry_06_buffered_single_rearm_ddg_20260904T021526_1936864Z\Phase Scan\2026-09-04\20260904T021539_510021Z_run\raw\rep_0001\scan_0001312_phase_001311_attempt_00.npz","13785038"
"C:\Users\Chris\Documents\GitHub\Control_System\evidence\experiments\runs\authorized_mbco_phase_reconstruction_20260904T002152_3132654Z\retry_06_buffered_single_rearm_ddg_20260904T021526_1936864Z\Phase Scan\2026-09-04\20260904T021539_510021Z_run\raw\rep_0001\scan_0001313_phase_001312_attempt_00.npz","13473810"
"C:\Users\Chris\Documents\GitHub\Control_System\evidence\experiments\runs\authorized_mbco_phase_reconstruction_20260904T002152_3132654Z\retry_06_buffered_single_rearm_ddg_20260904T021526_1936864Z\Phase Scan\2026-09-04\20260904T021539_510021Z_run\raw\rep_0001\scan_0001314_phase_001313_attempt_00.npz","13772966"
"C:\Users\Chris\Documents\GitHub\Control_System\evidence\experiments\runs\authorized_mbco_phase_reconstruction_20260904T002152_3132654Z\retry_06_buffered_single_rearm_ddg_20260904T021526_1936864Z\Phase Scan\2026-09-04\20260904T021539_510021Z_run\raw\rep_0001\scan_0001315_phase_001314_attempt_00.npz","13613746"
"C:\Users\Chris\Documents\GitHub\Control_System\evidence\experiments\runs\authorized_mbco_phase_reconstruction_20260904T002152_3132654Z\retry_06_buffered_single_rearm_ddg_20260904T021526_1936864Z\Phase Scan\2026-09-04\20260904T021539_510021Z_run\raw\rep_0001\scan_0001316_phase_001315_attempt_00.npz","14197238"
"C:\Users\Chris\Documents\GitHub\Control_System\evidence\experiments\runs\authorized_mbco_phase_reconstruction_20260904T002152_3132654Z\retry_06_buffered_single_rearm_ddg_20260904T021526_1936864Z\Phase Scan\2026-09-04\20260904T021539_510021Z_run\raw\rep_0001\scan_0001317_phase_001316_attempt_00.npz","13790670"
"C:\Users\Chris\Documents\GitHub\Control_System\evidence\experiments\runs\authorized_mbco_phase_reconstruction_20260904T002152_3132654Z\retry_06_buffered_single_rearm_ddg_20260904T021526_1936864Z\Phase Scan\2026-09-04\20260904T021539_510021Z_run\raw\rep_0001\scan_0001318_phase_001317_attempt_00.npz","13474702"
"C:\Users\Chris\Documents\GitHub\Control_System\evidence\experiments\runs\authorized_mbco_phase_reconstruction_20260904T002152_3132654Z\retry_06_buffered_single_rearm_ddg_20260904T021526_1936864Z\Phase Scan\2026-09-04\20260904T021539_510021Z_run\raw\rep_0001\scan_0001319_phase_001318_attempt_00.npz","13287498"
"C:\Users\Chris\Documents\GitHub\Control_System\evidence\experiments\runs\authorized_mbco_phase_reconstruction_20260904T002152_3132654Z\retry_06_buffered_single_rearm_ddg_20260904T021526_1936864Z\Phase Scan\2026-09-04\20260904T021539_510021Z_run\raw\rep_0001\scan_0001320_phase_001319_attempt_00.npz","13441462"
"C:\Users\Chris\Documents\GitHub\Control_System\evidence\experiments\runs\authorized_mbco_phase_reconstruction_20260904T002152_3132654Z\retry_06_buffered_single_rearm_ddg_20260904T021526_1936864Z\Phase Scan\2026-09-04\20260904T021539_510021Z_run\raw\rep_0001\scan_0001321_phase_001320_attempt_00.npz","13361138"
"C:\Users\Chris\Documents\GitHub\Control_System\evidence\experiments\runs\authorized_mbco_phase_reconstruction_20260904T002152_3132654Z\retry_06_buffered_single_rearm_ddg_20260904T021526_1936864Z\Phase Scan\2026-09-04\20260904T021539_510021Z_run\raw\rep_0001\scan_0001322_phase_001321_attempt_00.npz","13367474"
"C:\Users\Chris\Documents\GitHub\Control_System\evidence\experiments\runs\authorized_mbco_phase_reconstruction_20260904T002152_3132654Z\retry_06_buffered_single_rearm_ddg_20260904T021526_1936864Z\Phase Scan\2026-09-04\20260904T021539_510021Z_run\raw\rep_0001\scan_0001323_phase_001322_attempt_00.npz","13563218"
"C:\Users\Chris\Documents\GitHub\Control_System\evidence\experiments\runs\authorized_mbco_phase_reconstruction_20260904T002152_3132654Z\retry_06_buffered_single_rearm_ddg_20260904T021526_1936864Z\Phase Scan\2026-09-04\20260904T021539_510021Z_run\raw\rep_0001\scan_0001324_phase_001323_attempt_00.npz","13892394"
"C:\Users\Chris\Documents\GitHub\Control_System\evidence\experiments\runs\authorized_mbco_phase_reconstruction_20260904T002152_3132654Z\retry_06_buffered_single_rearm_ddg_20260904T021526_1936864Z\Phase Scan\2026-09-04\20260904T021539_510021Z_run\raw\rep_0001\scan_0001325_phase_001324_attempt_00.npz","13953778"
"C:\Users\Chris\Documents\GitHub\Control_System\evidence\experiments\runs\authorized_mbco_phase_reconstruction_20260904T002152_3132654Z\retry_06_buffered_single_rearm_ddg_20260904T021526_1936864Z\Phase Scan\2026-09-04\20260904T021539_510021Z_run\raw\rep_0001\scan_0001326_phase_001325_attempt_00.npz","13338620"
"C:\Users\Chris\Documents\GitHub\Control_System\evidence\experiments\runs\authorized_mbco_phase_reconstruction_20260904T002152_3132654Z\retry_06_buffered_single_rearm_ddg_20260904T021526_1936864Z\Phase Scan\2026-09-04\20260904T021539_510021Z_run\raw\rep_0001\scan_0001327_phase_001326_attempt_00.npz","13347668"
"C:\Users\Chris\Documents\GitHub\Control_System\evidence\experiments\runs\authorized_mbco_phase_reconstruction_20260904T002152_3132654Z\retry_06_buffered_single_rearm_ddg_20260904T021526_1936864Z\Phase Scan\2026-09-04\20260904T021539_510021Z_run\raw\rep_0001\scan_0001328_phase_001327_attempt_00.npz","13547274"
"C:\Users\Chris\Documents\GitHub\Control_System\evidence\experiments\runs\authorized_mbco_phase_reconstruction_20260904T002152_3132654Z\retry_06_buffered_single_rearm_ddg_20260904T021526_1936864Z\Phase Scan\2026-09-04\20260904T021539_510021Z_run\raw\rep_0001\scan_0001329_phase_001328_attempt_00.npz","13120942"
"C:\Users\Chris\Documents\GitHub\Control_System\evidence\experiments\runs\authorized_mbco_phase_reconstruction_20260904T002152_3132654Z\retry_06_buffered_single_rearm_ddg_20260904T021526_1936864Z\Phase Scan\2026-09-04\20260904T021539_510021Z_run\raw\rep_0001\scan_0001330_phase_001329_attempt_00.npz","13835378"
"C:\Users\Chris\Documents\GitHub\Control_System\evidence\experiments\runs\authorized_mbco_phase_reconstruction_20260904T002152_3132654Z\retry_06_buffered_single_rearm_ddg_20260904T021526_1936864Z\Phase Scan\2026-09-04\20260904T021539_510021Z_run\raw\rep_0001\scan_0001331_phase_001330_attempt_00.npz","13278098"
"C:\Users\Chris\Documents\GitHub\Control_System\evidence\experiments\runs\authorized_mbco_phase_reconstruction_20260904T002152_3132654Z\retry_06_buffered_single_rearm_ddg_20260904T021526_1936864Z\Phase Scan\2026-09-04\20260904T021539_510021Z_run\raw\rep_0001\scan_0001332_phase_001331_attempt_00.npz","14006518"
"C:\Users\Chris\Documents\GitHub\Control_System\evidence\experiments\runs\authorized_mbco_phase_reconstruction_20260904T002152_3132654Z\retry_06_buffered_single_rearm_ddg_20260904T021526_1936864Z\Phase Scan\2026-09-04\20260904T021539_510021Z_run\raw\rep_0001\scan_0001333_phase_001332_attempt_00.npz","14119590"
"C:\Users\Chris\Documents\GitHub\Control_System\evidence\experiments\runs\authorized_mbco_phase_reconstruction_20260904T002152_3132654Z\retry_06_buffered_single_rearm_ddg_20260904T021526_1936864Z\Phase Scan\2026-09-04\20260904T021539_510021Z_run\raw\rep_0001\scan_0001334_phase_001333_attempt_00.npz","14201042"
"C:\Users\Chris\Documents\GitHub\Control_System\evidence\experiments\runs\authorized_mbco_phase_reconstruction_20260904T002152_3132654Z\retry_06_buffered_single_rearm_ddg_20260904T021526_1936864Z\Phase Scan\2026-09-04\20260904T021539_510021Z_run\raw\rep_0001\scan_0001335_phase_001334_attempt_00.npz","13543050"
"C:\Users\Chris\Documents\GitHub\Control_System\evidence\experiments\runs\authorized_mbco_phase_reconstruction_20260904T002152_3132654Z\retry_06_buffered_single_rearm_ddg_20260904T021526_1936864Z\Phase Scan\2026-09-04\20260904T021539_510021Z_run\raw\rep_0001\scan_0001336_phase_001335_attempt_00.npz","13629006"
"C:\Users\Chris\Documents\GitHub\Control_System\evidence\experiments\runs\authorized_mbco_phase_reconstruction_20260904T002152_3132654Z\retry_06_buffered_single_rearm_ddg_20260904T021526_1936864Z\Phase Scan\2026-09-04\20260904T021539_510021Z_run\raw\rep_0001\scan_0001337_phase_001336_attempt_00.npz","13605470"
"C:\Users\Chris\Documents\GitHub\Control_System\evidence\experiments\runs\authorized_mbco_phase_reconstruction_20260904T002152_3132654Z\retry_06_buffered_single_rearm_ddg_20260904T021526_1936864Z\Phase Scan\2026-09-04\20260904T021539_510021Z_run\raw\rep_0001\scan_0001338_phase_001337_attempt_00.npz","13890234"
"C:\Users\Chris\Documents\GitHub\Control_System\evidence\experiments\runs\authorized_mbco_phase_reconstruction_20260904T002152_3132654Z\retry_06_buffered_single_rearm_ddg_20260904T021526_1936864Z\Phase Scan\2026-09-04\20260904T021539_510021Z_run\raw\rep_0001\scan_0001339_phase_001338_attempt_00.npz","13642154"
"C:\Users\Chris\Documents\GitHub\Control_System\evidence\experiments\runs\authorized_mbco_phase_reconstruction_20260904T002152_3132654Z\retry_06_buffered_single_rearm_ddg_20260904T021526_1936864Z\Phase Scan\2026-09-04\20260904T021539_510021Z_run\raw\rep_0001\scan_0001340_phase_001339_attempt_00.npz","14227858"
"C:\Users\Chris\Documents\GitHub\Control_System\evidence\experiments\runs\authorized_mbco_phase_reconstruction_20260904T002152_3132654Z\retry_06_buffered_single_rearm_ddg_20260904T021526_1936864Z\Phase Scan\2026-09-04\20260904T021539_510021Z_run\raw\rep_0001\scan_0001341_phase_001340_attempt_00.npz","13489130"
"C:\Users\Chris\Documents\GitHub\Control_System\evidence\experiments\runs\authorized_mbco_phase_reconstruction_20260904T002152_3132654Z\retry_06_buffered_single_rearm_ddg_20260904T021526_1936864Z\Phase Scan\2026-09-04\20260904T021539_510021Z_run\raw\rep_0001\scan_0001342_phase_001341_attempt_00.npz","13476718"
"C:\Users\Chris\Documents\GitHub\Control_System\evidence\experiments\runs\authorized_mbco_phase_reconstruction_20260904T002152_3132654Z\retry_06_buffered_single_rearm_ddg_20260904T021526_1936864Z\Phase Scan\2026-09-04\20260904T021539_510021Z_run\raw\rep_0001\scan_0001343_phase_001342_attempt_00.npz","14041714"
"C:\Users\Chris\Documents\GitHub\Control_System\evidence\experiments\runs\authorized_mbco_phase_reconstruction_20260904T002152_3132654Z\retry_06_buffered_single_rearm_ddg_20260904T021526_1936864Z\Phase Scan\2026-09-04\20260904T021539_510021Z_run\raw\rep_0001\scan_0001344_phase_001343_attempt_00.npz","13452562"
"C:\Users\Chris\Documents\GitHub\Control_System\evidence\experiments\runs\authorized_mbco_phase_reconstruction_20260904T002152_3132654Z\retry_06_buffered_single_rearm_ddg_20260904T021526_1936864Z\Phase Scan\2026-09-04\20260904T021539_510021Z_run\raw\rep_0001\scan_0001345_phase_001344_attempt_00.npz","14274702"
"C:\Users\Chris\Documents\GitHub\Control_System\evidence\experiments\runs\authorized_mbco_phase_reconstruction_20260904T002152_3132654Z\retry_06_buffered_single_rearm_ddg_20260904T021526_1936864Z\Phase Scan\2026-09-04\20260904T021539_510021Z_run\raw\rep_0001\scan_0001346_phase_001345_attempt_00.npz","13894194"
"C:\Users\Chris\Documents\GitHub\Control_System\evidence\experiments\runs\authorized_mbco_phase_reconstruction_20260904T002152_3132654Z\retry_06_buffered_single_rearm_ddg_20260904T021526_1936864Z\Phase Scan\2026-09-04\20260904T021539_510021Z_run\raw\rep_0001\scan_0001347_phase_001346_attempt_00.npz","14223414"
"C:\Users\Chris\Documents\GitHub\Control_System\evidence\experiments\runs\authorized_mbco_phase_reconstruction_20260904T002152_3132654Z\retry_06_buffered_single_rearm_ddg_20260904T021526_1936864Z\Phase Scan\2026-09-04\20260904T021539_510021Z_run\raw\rep_0001\scan_0001348_phase_001347_attempt_00.npz","13760314"
"C:\Users\Chris\Documents\GitHub\Control_System\evidence\experiments\runs\authorized_mbco_phase_reconstruction_20260904T002152_3132654Z\retry_06_buffered_single_rearm_ddg_20260904T021526_1936864Z\Phase Scan\2026-09-04\20260904T021539_510021Z_run\raw\rep_0001\scan_0001349_phase_001348_attempt_00.npz","13187406"
"C:\Users\Chris\Documents\GitHub\Control_System\evidence\experiments\runs\authorized_mbco_phase_reconstruction_20260904T002152_3132654Z\retry_06_buffered_single_rearm_ddg_20260904T021526_1936864Z\Phase Scan\2026-09-04\20260904T021539_510021Z_run\raw\rep_0001\scan_0001350_phase_001349_attempt_00.npz","13254670"
"C:\Users\Chris\Documents\GitHub\Control_System\evidence\experiments\runs\authorized_mbco_phase_reconstruction_20260904T002152_3132654Z\retry_06_buffered_single_rearm_ddg_20260904T021526_1936864Z\Phase Scan\2026-09-04\20260904T021539_510021Z_run\raw\rep_0001\scan_0001351_phase_001350_attempt_00.npz","13625126"
"C:\Users\Chris\Documents\GitHub\Control_System\evidence\experiments\runs\authorized_mbco_phase_reconstruction_20260904T002152_3132654Z\retry_06_buffered_single_rearm_ddg_20260904T021526_1936864Z\Phase Scan\2026-09-04\20260904T021539_510021Z_run\raw\rep_0001\scan_0001352_phase_001351_attempt_00.npz","13891502"
"C:\Users\Chris\Documents\GitHub\Control_System\evidence\experiments\runs\authorized_mbco_phase_reconstruction_20260904T002152_3132654Z\retry_06_buffered_single_rearm_ddg_20260904T021526_1936864Z\Phase Scan\2026-09-04\20260904T021539_510021Z_run\raw\rep_0001\scan_0001353_phase_001352_attempt_00.npz","13860234"
"C:\Users\Chris\Documents\GitHub\Control_System\evidence\experiments\runs\authorized_mbco_phase_reconstruction_20260904T002152_3132654Z\retry_06_buffered_single_rearm_ddg_20260904T021526_1936864Z\Phase Scan\2026-09-04\20260904T021539_510021Z_run\raw\rep_0001\scan_0001354_phase_001353_attempt_00.npz","13845686"
"C:\Users\Chris\Documents\GitHub\Control_System\evidence\experiments\runs\authorized_mbco_phase_reconstruction_20260904T002152_3132654Z\retry_06_buffered_single_rearm_ddg_20260904T021526_1936864Z\Phase Scan\2026-09-04\20260904T021539_510021Z_run\raw\rep_0001\scan_0001355_phase_001354_attempt_00.npz","13664686"
"C:\Users\Chris\Documents\GitHub\Control_System\evidence\experiments\runs\authorized_mbco_phase_reconstruction_20260904T002152_3132654Z\retry_06_buffered_single_rearm_ddg_20260904T021526_1936864Z\Phase Scan\2026-09-04\20260904T021539_510021Z_run\raw\rep_0001\scan_0001356_phase_001355_attempt_00.npz","13841874"
"C:\Users\Chris\Documents\GitHub\Control_System\evidence\experiments\runs\authorized_mbco_phase_reconstruction_20260904T002152_3132654Z\retry_06_buffered_single_rearm_ddg_20260904T021526_1936864Z\Phase Scan\2026-09-04\20260904T021539_510021Z_run\raw\rep_0001\scan_0001357_phase_001356_attempt_00.npz","13725660"
"C:\Users\Chris\Documents\GitHub\Control_System\evidence\experiments\runs\authorized_mbco_phase_reconstruction_20260904T002152_3132654Z\retry_06_buffered_single_rearm_ddg_20260904T021526_1936864Z\Phase Scan\2026-09-04\20260904T021539_510021Z_run\raw\rep_0001\scan_0001358_phase_001357_attempt_00.npz","13916810"
"C:\Users\Chris\Documents\GitHub\Control_System\evidence\experiments\runs\authorized_mbco_phase_reconstruction_20260904T002152_3132654Z\retry_06_buffered_single_rearm_ddg_20260904T021526_1936864Z\Phase Scan\2026-09-04\20260904T021539_510021Z_run\raw\rep_0001\scan_0001359_phase_001358_attempt_00.npz","14006574"
"C:\Users\Chris\Documents\GitHub\Control_System\evidence\experiments\runs\authorized_mbco_phase_reconstruction_20260904T002152_3132654Z\retry_06_buffered_single_rearm_ddg_20260904T021526_1936864Z\Phase Scan\2026-09-04\20260904T021539_510021Z_run\raw\rep_0001\scan_0001360_phase_001359_attempt_00.npz","14291666"
"C:\Users\Chris\Documents\GitHub\Control_System\evidence\experiments\runs\authorized_mbco_phase_reconstruction_20260904T002152_3132654Z\retry_06_buffered_single_rearm_ddg_20260904T021526_1936864Z\Phase Scan\2026-09-04\20260904T021539_510021Z_run\raw\rep_0001\scan_0001361_phase_001360_attempt_00.npz","13202218"
"C:\Users\Chris\Documents\GitHub\Control_System\evidence\experiments\runs\authorized_mbco_phase_reconstruction_20260904T002152_3132654Z\retry_06_buffered_single_rearm_ddg_20260904T021526_1936864Z\Phase Scan\2026-09-04\20260904T021539_510021Z_run\raw\rep_0001\scan_0001362_phase_001361_attempt_00.npz","13462610"
"C:\Users\Chris\Documents\GitHub\Control_System\evidence\experiments\runs\authorized_mbco_phase_reconstruction_20260904T002152_3132654Z\retry_06_buffered_single_rearm_ddg_20260904T021526_1936864Z\Phase Scan\2026-09-04\20260904T021539_510021Z_run\raw\rep_0001\scan_0001363_phase_001362_attempt_00.npz","13907954"
"C:\Users\Chris\Documents\GitHub\Control_System\evidence\experiments\runs\authorized_mbco_phase_reconstruction_20260904T002152_3132654Z\retry_06_buffered_single_rearm_ddg_20260904T021526_1936864Z\Phase Scan\2026-09-04\20260904T021539_510021Z_run\raw\rep_0001\scan_0001364_phase_001363_attempt_00.npz","13127280"
"C:\Users\Chris\Documents\GitHub\Control_System\evidence\experiments\runs\authorized_mbco_phase_reconstruction_20260904T002152_3132654Z\retry_06_buffered_single_rearm_ddg_20260904T021526_1936864Z\Phase Scan\2026-09-04\20260904T021539_510021Z_run\raw\rep_0001\scan_0001365_phase_001364_attempt_00.npz","13541262"
"C:\Users\Chris\Documents\GitHub\Control_System\evidence\experiments\runs\authorized_mbco_phase_reconstruction_20260904T002152_3132654Z\retry_06_buffered_single_rearm_ddg_20260904T021526_1936864Z\Phase Scan\2026-09-04\20260904T021539_510021Z_run\raw\rep_0001\scan_0001366_phase_001365_attempt_00.npz","13575050"
"C:\Users\Chris\Documents\GitHub\Control_System\evidence\experiments\runs\authorized_mbco_phase_reconstruction_20260904T002152_3132654Z\retry_06_buffered_single_rearm_ddg_20260904T021526_1936864Z\Phase Scan\2026-09-04\20260904T021539_510021Z_run\raw\rep_0001\scan_0001367_phase_001366_attempt_00.npz","13758926"
"C:\Users\Chris\Documents\GitHub\Control_System\evidence\experiments\runs\authorized_mbco_phase_reconstruction_20260904T002152_3132654Z\retry_06_buffered_single_rearm_ddg_20260904T021526_1936864Z\Phase Scan\2026-09-04\20260904T021539_510021Z_run\raw\rep_0001\scan_0001368_phase_001367_attempt_00.npz","14028910"
"C:\Users\Chris\Documents\GitHub\Control_System\evidence\experiments\runs\authorized_mbco_phase_reconstruction_20260904T002152_3132654Z\retry_06_buffered_single_rearm_ddg_20260904T021526_1936864Z\Phase Scan\2026-09-04\20260904T021539_510021Z_run\raw\rep_0001\scan_0001369_phase_001368_attempt_00.npz","13946230"
"C:\Users\Chris\Documents\GitHub\Control_System\evidence\experiments\runs\authorized_mbco_phase_reconstruction_20260904T002152_3132654Z\retry_06_buffered_single_rearm_ddg_20260904T021526_1936864Z\Phase Scan\2026-09-04\20260904T021539_510021Z_run\raw\rep_0001\scan_0001370_phase_001369_attempt_00.npz","13472234"
"C:\Users\Chris\Documents\GitHub\Control_System\evidence\experiments\runs\authorized_mbco_phase_reconstruction_20260904T002152_3132654Z\retry_06_buffered_single_rearm_ddg_20260904T021526_1936864Z\Phase Scan\2026-09-04\20260904T021539_510021Z_run\raw\rep_0001\scan_0001371_phase_001370_attempt_00.npz","14021198"
"C:\Users\Chris\Documents\GitHub\Control_System\evidence\experiments\runs\authorized_mbco_phase_reconstruction_20260904T002152_3132654Z\retry_06_buffered_single_rearm_ddg_20260904T021526_1936864Z\Phase Scan\2026-09-04\20260904T021539_510021Z_run\raw\rep_0001\scan_0001372_phase_001371_attempt_00.npz","14078098"
"C:\Users\Chris\Documents\GitHub\Control_System\evidence\experiments\runs\authorized_mbco_phase_reconstruction_20260904T002152_3132654Z\retry_06_buffered_single_rearm_ddg_20260904T021526_1936864Z\Phase Scan\2026-09-04\20260904T021539_510021Z_run\raw\rep_0001\scan_0001373_phase_001372_attempt_00.npz","13645426"
"C:\Users\Chris\Documents\GitHub\Control_System\evidence\experiments\runs\authorized_mbco_phase_reconstruction_20260904T002152_3132654Z\retry_06_buffered_single_rearm_ddg_20260904T021526_1936864Z\Phase Scan\2026-09-04\20260904T021539_510021Z_run\raw\rep_0001\scan_0001374_phase_001373_attempt_00.npz","13349810"
"C:\Users\Chris\Documents\GitHub\Control_System\evidence\experiments\runs\authorized_mbco_phase_reconstruction_20260904T002152_3132654Z\retry_06_buffered_single_rearm_ddg_20260904T021526_1936864Z\Phase Scan\2026-09-04\20260904T021539_510021Z_run\raw\rep_0001\scan_0001375_phase_001374_attempt_00.npz","13748366"
"C:\Users\Chris\Documents\GitHub\Control_System\evidence\experiments\runs\authorized_mbco_phase_reconstruction_20260904T002152_3132654Z\retry_06_buffered_single_rearm_ddg_20260904T021526_1936864Z\Phase Scan\2026-09-04\20260904T021539_510021Z_run\raw\rep_0001\scan_0001376_phase_001375_attempt_00.npz","13582962"
"C:\Users\Chris\Documents\GitHub\Control_System\evidence\experiments\runs\authorized_mbco_phase_reconstruction_20260904T002152_3132654Z\retry_06_buffered_single_rearm_ddg_20260904T021526_1936864Z\Phase Scan\2026-09-04\20260904T021539_510021Z_run\raw\rep_0001\scan_0001377_phase_001376_attempt_00.npz","13902450"
"C:\Users\Chris\Documents\GitHub\Control_System\evidence\experiments\runs\authorized_mbco_phase_reconstruction_20260904T002152_3132654Z\retry_06_buffered_single_rearm_ddg_20260904T021526_1936864Z\Phase Scan\2026-09-04\20260904T021539_510021Z_run\raw\rep_0001\scan_0001378_phase_001377_attempt_00.npz","13496914"
"C:\Users\Chris\Documents\GitHub\Control_System\evidence\experiments\runs\authorized_mbco_phase_reconstruction_20260904T002152_3132654Z\retry_06_buffered_single_rearm_ddg_20260904T021526_1936864Z\Phase Scan\2026-09-04\20260904T021539_510021Z_run\raw\rep_0001\scan_0001379_phase_001378_attempt_00.npz","13919886"
"C:\Users\Chris\Documents\GitHub\Control_System\evidence\experiments\runs\authorized_mbco_phase_reconstruction_20260904T002152_3132654Z\retry_06_buffered_single_rearm_ddg_20260904T021526_1936864Z\Phase Scan\2026-09-04\20260904T021539_510021Z_run\raw\rep_0001\scan_0001380_phase_001379_attempt_00.npz","13287968"
"C:\Users\Chris\Documents\GitHub\Control_System\evidence\experiments\runs\authorized_mbco_phase_reconstruction_20260904T002152_3132654Z\retry_06_buffered_single_rearm_ddg_20260904T021526_1936864Z\Phase Scan\2026-09-04\20260904T021539_510021Z_run\raw\rep_0001\scan_0001381_phase_001380_attempt_00.npz","13294506"
"C:\Users\Chris\Documents\GitHub\Control_System\evidence\experiments\runs\authorized_mbco_phase_reconstruction_20260904T002152_3132654Z\retry_06_buffered_single_rearm_ddg_20260904T021526_1936864Z\Phase Scan\2026-09-04\20260904T021539_510021Z_run\raw\rep_0001\scan_0001382_phase_001381_attempt_00.npz","13678510"
"C:\Users\Chris\Documents\GitHub\Control_System\evidence\experiments\runs\authorized_mbco_phase_reconstruction_20260904T002152_3132654Z\retry_06_buffered_single_rearm_ddg_20260904T021526_1936864Z\Phase Scan\2026-09-04\20260904T021539_510021Z_run\raw\rep_0001\scan_0001383_phase_001382_attempt_00.npz","13695122"
"C:\Users\Chris\Documents\GitHub\Control_System\evidence\experiments\runs\authorized_mbco_phase_reconstruction_20260904T002152_3132654Z\retry_06_buffered_single_rearm_ddg_20260904T021526_1936864Z\Phase Scan\2026-09-04\20260904T021539_510021Z_run\raw\rep_0001\scan_0001384_phase_001383_attempt_00.npz","13457678"
"C:\Users\Chris\Documents\GitHub\Control_System\evidence\experiments\runs\authorized_mbco_phase_reconstruction_20260904T002152_3132654Z\retry_06_buffered_single_rearm_ddg_20260904T021526_1936864Z\Phase Scan\2026-09-04\20260904T021539_510021Z_run\raw\rep_0001\scan_0001385_phase_001384_attempt_00.npz","13854950"
"C:\Users\Chris\Documents\GitHub\Control_System\evidence\experiments\runs\authorized_mbco_phase_reconstruction_20260904T002152_3132654Z\retry_06_buffered_single_rearm_ddg_20260904T021526_1936864Z\Phase Scan\2026-09-04\20260904T021539_510021Z_run\raw\rep_0001\scan_0001386_phase_001385_attempt_00.npz","13600754"
"C:\Users\Chris\Documents\GitHub\Control_System\evidence\experiments\runs\authorized_mbco_phase_reconstruction_20260904T002152_3132654Z\retry_06_buffered_single_rearm_ddg_20260904T021526_1936864Z\Phase Scan\2026-09-04\20260904T021539_510021Z_run\raw\rep_0001\scan_0001387_phase_001386_attempt_00.npz","13391858"
"C:\Users\Chris\Documents\GitHub\Control_System\evidence\experiments\runs\authorized_mbco_phase_reconstruction_20260904T002152_3132654Z\retry_06_buffered_single_rearm_ddg_20260904T021526_1936864Z\Phase Scan\2026-09-04\20260904T021539_510021Z_run\raw\rep_0001\scan_0001388_phase_001387_attempt_00.npz","13643642"
"C:\Users\Chris\Documents\GitHub\Control_System\evidence\experiments\runs\authorized_mbco_phase_reconstruction_20260904T002152_3132654Z\retry_06_buffered_single_rearm_ddg_20260904T021526_1936864Z\Phase Scan\2026-09-04\20260904T021539_510021Z_run\raw\rep_0001\scan_0001389_phase_001388_attempt_00.npz","13578354"
"C:\Users\Chris\Documents\GitHub\Control_System\evidence\experiments\runs\authorized_mbco_phase_reconstruction_20260904T002152_3132654Z\retry_06_buffered_single_rearm_ddg_20260904T021526_1936864Z\Phase Scan\2026-09-04\20260904T021539_510021Z_run\raw\rep_0001\scan_0001390_phase_001389_attempt_00.npz","13286190"
"C:\Users\Chris\Documents\GitHub\Control_System\evidence\experiments\runs\authorized_mbco_phase_reconstruction_20260904T002152_3132654Z\retry_06_buffered_single_rearm_ddg_20260904T021526_1936864Z\Phase Scan\2026-09-04\20260904T021539_510021Z_run\raw\rep_0001\scan_0001391_phase_001390_attempt_00.npz","13508312"
"C:\Users\Chris\Documents\GitHub\Control_System\evidence\experiments\runs\authorized_mbco_phase_reconstruction_20260904T002152_3132654Z\retry_06_buffered_single_rearm_ddg_20260904T021526_1936864Z\Phase Scan\2026-09-04\20260904T021539_510021Z_run\raw\rep_0001\scan_0001392_phase_001391_attempt_00.npz","14145426"
"C:\Users\Chris\Documents\GitHub\Control_System\evidence\experiments\runs\authorized_mbco_phase_reconstruction_20260904T002152_3132654Z\retry_06_buffered_single_rearm_ddg_20260904T021526_1936864Z\Phase Scan\2026-09-04\20260904T021539_510021Z_run\raw\rep_0001\scan_0001393_phase_001392_attempt_00.npz","13640402"
"C:\Users\Chris\Documents\GitHub\Control_System\evidence\experiments\runs\authorized_mbco_phase_reconstruction_20260904T002152_3132654Z\retry_06_buffered_single_rearm_ddg_20260904T021526_1936864Z\Phase Scan\2026-09-04\20260904T021539_510021Z_run\raw\rep_0001\scan_0001394_phase_001393_attempt_00.npz","13299190"
"C:\Users\Chris\Documents\GitHub\Control_System\evidence\experiments\runs\authorized_mbco_phase_reconstruction_20260904T002152_3132654Z\retry_06_buffered_single_rearm_ddg_20260904T021526_1936864Z\Phase Scan\2026-09-04\20260904T021539_510021Z_run\raw\rep_0001\scan_0001395_phase_001394_attempt_00.npz","13762166"
"C:\Users\Chris\Documents\GitHub\Control_System\evidence\experiments\runs\authorized_mbco_phase_reconstruction_20260904T002152_3132654Z\retry_06_buffered_single_rearm_ddg_20260904T021526_1936864Z\Phase Scan\2026-09-04\20260904T021539_510021Z_run\raw\rep_0001\scan_0001396_phase_001395_attempt_00.npz","13735242"
"C:\Users\Chris\Documents\GitHub\Control_System\evidence\experiments\runs\authorized_mbco_phase_reconstruction_20260904T002152_3132654Z\retry_06_buffered_single_rearm_ddg_20260904T021526_1936864Z\Phase Scan\2026-09-04\20260904T021539_510021Z_run\raw\rep_0001\scan_0001397_phase_001396_attempt_00.npz","13968082"
"C:\Users\Chris\Documents\GitHub\Control_System\evidence\experiments\runs\authorized_mbco_phase_reconstruction_20260904T002152_3132654Z\retry_06_buffered_single_rearm_ddg_20260904T021526_1936864Z\Phase Scan\2026-09-04\20260904T021539_510021Z_run\raw\rep_0001\scan_0001398_phase_001397_attempt_00.npz","13913870"
"C:\Users\Chris\Documents\GitHub\Control_System\evidence\experiments\runs\authorized_mbco_phase_reconstruction_20260904T002152_3132654Z\retry_06_buffered_single_rearm_ddg_20260904T021526_1936864Z\Phase Scan\2026-09-04\20260904T021539_510021Z_run\raw\rep_0001\scan_0001399_phase_001398_attempt_00.npz","13774610"
"C:\Users\Chris\Documents\GitHub\Control_System\evidence\experiments\runs\authorized_mbco_phase_reconstruction_20260904T002152_3132654Z\retry_06_buffered_single_rearm_ddg_20260904T021526_1936864Z\Phase Scan\2026-09-04\20260904T021539_510021Z_run\raw\rep_0001\scan_0001400_phase_001399_attempt_00.npz","13918414"
"C:\Users\Chris\Documents\GitHub\Control_System\evidence\experiments\runs\authorized_mbco_phase_reconstruction_20260904T002152_3132654Z\retry_06_buffered_single_rearm_ddg_20260904T021526_1936864Z\Phase Scan\2026-09-04\20260904T021539_510021Z_run\raw\rep_0001\scan_0001401_phase_001400_attempt_00.npz","13905994"
"C:\Users\Chris\Documents\GitHub\Control_System\evidence\experiments\runs\authorized_mbco_phase_reconstruction_20260904T002152_3132654Z\retry_06_buffered_single_rearm_ddg_20260904T021526_1936864Z\Phase Scan\2026-09-04\20260904T021539_510021Z_run\raw\rep_0001\scan_0001402_phase_001401_attempt_00.npz","13526862"
"C:\Users\Chris\Documents\GitHub\Control_System\evidence\experiments\runs\authorized_mbco_phase_reconstruction_20260904T002152_3132654Z\retry_06_buffered_single_rearm_ddg_20260904T021526_1936864Z\Phase Scan\2026-09-04\20260904T021539_510021Z_run\raw\rep_0001\scan_0001403_phase_001402_attempt_00.npz","13354194"
"C:\Users\Chris\Documents\GitHub\Control_System\evidence\experiments\runs\authorized_mbco_phase_reconstruction_20260904T002152_3132654Z\retry_06_buffered_single_rearm_ddg_20260904T021526_1936864Z\Phase Scan\2026-09-04\20260904T021539_510021Z_run\raw\rep_0001\scan_0001404_phase_001403_attempt_00.npz","13654126"
"C:\Users\Chris\Documents\GitHub\Control_System\evidence\experiments\runs\authorized_mbco_phase_reconstruction_20260904T002152_3132654Z\retry_06_buffered_single_rearm_ddg_20260904T021526_1936864Z\Phase Scan\2026-09-04\20260904T021539_510021Z_run\raw\rep_0001\scan_0001405_phase_001404_attempt_00.npz","13724238"
"C:\Users\Chris\Documents\GitHub\Control_System\evidence\experiments\runs\authorized_mbco_phase_reconstruction_20260904T002152_3132654Z\retry_06_buffered_single_rearm_ddg_20260904T021526_1936864Z\Phase Scan\2026-09-04\20260904T021539_510021Z_run\raw\rep_0001\scan_0001406_phase_001405_attempt_00.npz","13732874"
"C:\Users\Chris\Documents\GitHub\Control_System\evidence\experiments\runs\authorized_mbco_phase_reconstruction_20260904T002152_3132654Z\retry_06_buffered_single_rearm_ddg_20260904T021526_1936864Z\Phase Scan\2026-09-04\20260904T021539_510021Z_run\raw\rep_0001\scan_0001407_phase_001406_attempt_00.npz","13372966"
"C:\Users\Chris\Documents\GitHub\Control_System\evidence\experiments\runs\authorized_mbco_phase_reconstruction_20260904T002152_3132654Z\retry_06_buffered_single_rearm_ddg_20260904T021526_1936864Z\Phase Scan\2026-09-04\20260904T021539_510021Z_run\raw\rep_0001\scan_0001408_phase_001407_attempt_00.npz","13423922"
"C:\Users\Chris\Documents\GitHub\Control_System\evidence\experiments\runs\authorized_mbco_phase_reconstruction_20260904T002152_3132654Z\retry_06_buffered_single_rearm_ddg_20260904T021526_1936864Z\Phase Scan\2026-09-04\20260904T021539_510021Z_run\raw\rep_0001\scan_0001409_phase_001408_attempt_00.npz","13788210"
"C:\Users\Chris\Documents\GitHub\Control_System\evidence\experiments\runs\authorized_mbco_phase_reconstruction_20260904T002152_3132654Z\retry_06_buffered_single_rearm_ddg_20260904T021526_1936864Z\Phase Scan\2026-09-04\20260904T021539_510021Z_run\raw\rep_0001\scan_0001410_phase_001409_attempt_00.npz","13551626"
"C:\Users\Chris\Documents\GitHub\Control_System\evidence\experiments\runs\authorized_mbco_phase_reconstruction_20260904T002152_3132654Z\retry_06_buffered_single_rearm_ddg_20260904T021526_1936864Z\Phase Scan\2026-09-04\20260904T021539_510021Z_run\raw\rep_0001\scan_0001411_phase_001410_attempt_00.npz","13817810"
"C:\Users\Chris\Documents\GitHub\Control_System\evidence\experiments\runs\authorized_mbco_phase_reconstruction_20260904T002152_3132654Z\retry_06_buffered_single_rearm_ddg_20260904T021526_1936864Z\Phase Scan\2026-09-04\20260904T021539_510021Z_run\raw\rep_0001\scan_0001412_phase_001411_attempt_00.npz","13589810"
"C:\Users\Chris\Documents\GitHub\Control_System\evidence\experiments\runs\authorized_mbco_phase_reconstruction_20260904T002152_3132654Z\retry_06_buffered_single_rearm_ddg_20260904T021526_1936864Z\Phase Scan\2026-09-04\20260904T021539_510021Z_run\raw\rep_0001\scan_0001413_phase_001412_attempt_00.npz","14162042"
"C:\Users\Chris\Documents\GitHub\Control_System\evidence\experiments\runs\authorized_mbco_phase_reconstruction_20260904T002152_3132654Z\retry_06_buffered_single_rearm_ddg_20260904T021526_1936864Z\Phase Scan\2026-09-04\20260904T021539_510021Z_run\raw\rep_0001\scan_0001414_phase_001413_attempt_00.npz","13589998"
"C:\Users\Chris\Documents\GitHub\Control_System\evidence\experiments\runs\authorized_mbco_phase_reconstruction_20260904T002152_3132654Z\retry_06_buffered_single_rearm_ddg_20260904T021526_1936864Z\Phase Scan\2026-09-04\20260904T021539_510021Z_run\raw\rep_0001\scan_0001415_phase_001414_attempt_00.npz","13484554"
"C:\Users\Chris\Documents\GitHub\Control_System\evidence\experiments\runs\authorized_mbco_phase_reconstruction_20260904T002152_3132654Z\retry_06_buffered_single_rearm_ddg_20260904T021526_1936864Z\Phase Scan\2026-09-04\20260904T021539_510021Z_run\raw\rep_0001\scan_0001416_phase_001415_attempt_00.npz","13321338"
"C:\Users\Chris\Documents\GitHub\Control_System\evidence\experiments\runs\authorized_mbco_phase_reconstruction_20260904T002152_3132654Z\retry_06_buffered_single_rearm_ddg_20260904T021526_1936864Z\Phase Scan\2026-09-04\20260904T021539_510021Z_run\raw\rep_0001\scan_0001417_phase_001416_attempt_00.npz","13449830"
"C:\Users\Chris\Documents\GitHub\Control_System\evidence\experiments\runs\authorized_mbco_phase_reconstruction_20260904T002152_3132654Z\retry_06_buffered_single_rearm_ddg_20260904T021526_1936864Z\Phase Scan\2026-09-04\20260904T021539_510021Z_run\raw\rep_0001\scan_0001418_phase_001417_attempt_00.npz","13469098"
"C:\Users\Chris\Documents\GitHub\Control_System\evidence\experiments\runs\authorized_mbco_phase_reconstruction_20260904T002152_3132654Z\retry_06_buffered_single_rearm_ddg_20260904T021526_1936864Z\Phase Scan\2026-09-04\20260904T021539_510021Z_run\raw\rep_0001\scan_0001419_phase_001418_attempt_00.npz","13492046"
"C:\Users\Chris\Documents\GitHub\Control_System\evidence\experiments\runs\authorized_mbco_phase_reconstruction_20260904T002152_3132654Z\retry_06_buffered_single_rearm_ddg_20260904T021526_1936864Z\Phase Scan\2026-09-04\20260904T021539_510021Z_run\raw\rep_0001\scan_0001420_phase_001419_attempt_00.npz","13430990"
"C:\Users\Chris\Documents\GitHub\Control_System\evidence\experiments\runs\authorized_mbco_phase_reconstruction_20260904T002152_3132654Z\retry_06_buffered_single_rearm_ddg_20260904T021526_1936864Z\Phase Scan\2026-09-04\20260904T021539_510021Z_run\raw\rep_0001\scan_0001421_phase_001420_attempt_00.npz","13916882"
"C:\Users\Chris\Documents\GitHub\Control_System\evidence\experiments\runs\authorized_mbco_phase_reconstruction_20260904T002152_3132654Z\retry_06_buffered_single_rearm_ddg_20260904T021526_1936864Z\Phase Scan\2026-09-04\20260904T021539_510021Z_run\raw\rep_0001\scan_0001422_phase_001421_attempt_00.npz","13737974"
"C:\Users\Chris\Documents\GitHub\Control_System\evidence\experiments\runs\authorized_mbco_phase_reconstruction_20260904T002152_3132654Z\retry_06_buffered_single_rearm_ddg_20260904T021526_1936864Z\Phase Scan\2026-09-04\20260904T021539_510021Z_run\raw\rep_0001\scan_0001423_phase_001422_attempt_00.npz","13428750"
"C:\Users\Chris\Documents\GitHub\Control_System\evidence\experiments\runs\authorized_mbco_phase_reconstruction_20260904T002152_3132654Z\retry_06_buffered_single_rearm_ddg_20260904T021526_1936864Z\Phase Scan\2026-09-04\20260904T021539_510021Z_run\raw\rep_0001\scan_0001424_phase_001423_attempt_00.npz","13895602"
"C:\Users\Chris\Documents\GitHub\Control_System\evidence\experiments\runs\authorized_mbco_phase_reconstruction_20260904T002152_3132654Z\retry_06_buffered_single_rearm_ddg_20260904T021526_1936864Z\Phase Scan\2026-09-04\20260904T021539_510021Z_run\raw\rep_0001\scan_0001425_phase_001424_attempt_00.npz","13598446"
"C:\Users\Chris\Documents\GitHub\Control_System\evidence\experiments\runs\authorized_mbco_phase_reconstruction_20260904T002152_3132654Z\retry_06_buffered_single_rearm_ddg_20260904T021526_1936864Z\Phase Scan\2026-09-04\20260904T021539_510021Z_run\raw\rep_0001\scan_0001426_phase_001425_attempt_00.npz","13405714"
"C:\Users\Chris\Documents\GitHub\Control_System\evidence\experiments\runs\authorized_mbco_phase_reconstruction_20260904T002152_3132654Z\retry_06_buffered_single_rearm_ddg_20260904T021526_1936864Z\Phase Scan\2026-09-04\20260904T021539_510021Z_run\raw\rep_0001\scan_0001427_phase_001426_attempt_00.npz","13794422"
"C:\Users\Chris\Documents\GitHub\Control_System\evidence\experiments\runs\authorized_mbco_phase_reconstruction_20260904T002152_3132654Z\retry_06_buffered_single_rearm_ddg_20260904T021526_1936864Z\Phase Scan\2026-09-04\20260904T021539_510021Z_run\raw\rep_0001\scan_0001428_phase_001427_attempt_00.npz","13823058"
"C:\Users\Chris\Documents\GitHub\Control_System\evidence\experiments\runs\authorized_mbco_phase_reconstruction_20260904T002152_3132654Z\retry_06_buffered_single_rearm_ddg_20260904T021526_1936864Z\Phase Scan\2026-09-04\20260904T021539_510021Z_run\raw\rep_0001\scan_0001429_phase_001428_attempt_00.npz","13754546"
"C:\Users\Chris\Documents\GitHub\Control_System\evidence\experiments\runs\authorized_mbco_phase_reconstruction_20260904T002152_3132654Z\retry_06_buffered_single_rearm_ddg_20260904T021526_1936864Z\Phase Scan\2026-09-04\20260904T021539_510021Z_run\raw\rep_0001\scan_0001430_phase_001429_attempt_00.npz","13835830"
"C:\Users\Chris\Documents\GitHub\Control_System\evidence\experiments\runs\authorized_mbco_phase_reconstruction_20260904T002152_3132654Z\retry_06_buffered_single_rearm_ddg_20260904T021526_1936864Z\Phase Scan\2026-09-04\20260904T021539_510021Z_run\raw\rep_0001\scan_0001431_phase_001430_attempt_00.npz","13417230"
"C:\Users\Chris\Documents\GitHub\Control_System\evidence\experiments\runs\authorized_mbco_phase_reconstruction_20260904T002152_3132654Z\retry_06_buffered_single_rearm_ddg_20260904T021526_1936864Z\Phase Scan\2026-09-04\20260904T021539_510021Z_run\raw\rep_0001\scan_0001432_phase_001431_attempt_00.npz","13635786"
"C:\Users\Chris\Documents\GitHub\Control_System\evidence\experiments\runs\authorized_mbco_phase_reconstruction_20260904T002152_3132654Z\retry_06_buffered_single_rearm_ddg_20260904T021526_1936864Z\Phase Scan\2026-09-04\20260904T021539_510021Z_run\raw\rep_0001\scan_0001433_phase_001432_attempt_00.npz","13833810"
"C:\Users\Chris\Documents\GitHub\Control_System\evidence\experiments\runs\authorized_mbco_phase_reconstruction_20260904T002152_3132654Z\retry_06_buffered_single_rearm_ddg_20260904T021526_1936864Z\Phase Scan\2026-09-04\20260904T021539_510021Z_run\raw\rep_0001\scan_0001434_phase_001433_attempt_00.npz","13275224"
"C:\Users\Chris\Documents\GitHub\Control_System\evidence\experiments\runs\authorized_mbco_phase_reconstruction_20260904T002152_3132654Z\retry_06_buffered_single_rearm_ddg_20260904T021526_1936864Z\Phase Scan\2026-09-04\20260904T021539_510021Z_run\raw\rep_0001\scan_0001435_phase_001434_attempt_00.npz","13626298"
"C:\Users\Chris\Documents\GitHub\Control_System\evidence\experiments\runs\authorized_mbco_phase_reconstruction_20260904T002152_3132654Z\retry_06_buffered_single_rearm_ddg_20260904T021526_1936864Z\Phase Scan\2026-09-04\20260904T021539_510021Z_run\raw\rep_0001\scan_0001436_phase_001435_attempt_00.npz","13850186"
"C:\Users\Chris\Documents\GitHub\Control_System\evidence\experiments\runs\authorized_mbco_phase_reconstruction_20260904T002152_3132654Z\retry_06_buffered_single_rearm_ddg_20260904T021526_1936864Z\Phase Scan\2026-09-04\20260904T021539_510021Z_run\raw\rep_0001\scan_0001437_phase_001436_attempt_00.npz","13836786"
"C:\Users\Chris\Documents\GitHub\Control_System\evidence\experiments\runs\authorized_mbco_phase_reconstruction_20260904T002152_3132654Z\retry_06_buffered_single_rearm_ddg_20260904T021526_1936864Z\Phase Scan\2026-09-04\20260904T021539_510021Z_run\raw\rep_0001\scan_0001438_phase_001437_attempt_00.npz","13179814"
"C:\Users\Chris\Documents\GitHub\Control_System\evidence\experiments\runs\authorized_mbco_phase_reconstruction_20260904T002152_3132654Z\retry_06_buffered_single_rearm_ddg_20260904T021526_1936864Z\Phase Scan\2026-09-04\20260904T021539_510021Z_run\raw\rep_0001\scan_0001439_phase_001438_attempt_00.npz","13632406"
"C:\Users\Chris\Documents\GitHub\Control_System\evidence\experiments\runs\authorized_mbco_phase_reconstruction_20260904T002152_3132654Z\retry_06_buffered_single_rearm_ddg_20260904T021526_1936864Z\Phase Scan\2026-09-04\20260904T021539_510021Z_run\raw\rep_0001\scan_0001440_phase_001439_attempt_00.npz","13939730"
"C:\Users\Chris\Documents\GitHub\Control_System\evidence\experiments\runs\authorized_mbco_phase_reconstruction_20260904T002152_3132654Z\retry_06_buffered_single_rearm_ddg_20260904T021526_1936864Z\Phase Scan\2026-09-04\20260904T021539_510021Z_run\raw\rep_0001\scan_0001441_phase_001440_attempt_00.npz","13458134"
"C:\Users\Chris\Documents\GitHub\Control_System\evidence\experiments\runs\authorized_mbco_phase_reconstruction_20260904T002152_3132654Z\retry_06_buffered_single_rearm_ddg_20260904T021526_1936864Z\Phase Scan\2026-09-04\20260904T021539_510021Z_run\raw\rep_0001\scan_0001442_phase_001441_attempt_00.npz","13247478"
"C:\Users\Chris\Documents\GitHub\Control_System\evidence\experiments\runs\authorized_mbco_phase_reconstruction_20260904T002152_3132654Z\retry_06_buffered_single_rearm_ddg_20260904T021526_1936864Z\Phase Scan\2026-09-04\20260904T021539_510021Z_run\raw\rep_0001\scan_0001443_phase_001442_attempt_00.npz","13585490"
"C:\Users\Chris\Documents\GitHub\Control_System\evidence\experiments\runs\authorized_mbco_phase_reconstruction_20260904T002152_3132654Z\retry_06_buffered_single_rearm_ddg_20260904T021526_1936864Z\Phase Scan\2026-09-04\20260904T021539_510021Z_run\raw\rep_0001\scan_0001444_phase_001443_attempt_00.npz","13259928"
"C:\Users\Chris\Documents\GitHub\Control_System\evidence\experiments\runs\authorized_mbco_phase_reconstruction_20260904T002152_3132654Z\retry_06_buffered_single_rearm_ddg_20260904T021526_1936864Z\Phase Scan\2026-09-04\20260904T021539_510021Z_run\raw\rep_0001\scan_0001445_phase_001444_attempt_00.npz","13734646"
"C:\Users\Chris\Documents\GitHub\Control_System\evidence\experiments\runs\authorized_mbco_phase_reconstruction_20260904T002152_3132654Z\retry_06_buffered_single_rearm_ddg_20260904T021526_1936864Z\Phase Scan\2026-09-04\20260904T021539_510021Z_run\raw\rep_0001\scan_0001446_phase_001445_attempt_00.npz","13360502"
"C:\Users\Chris\Documents\GitHub\Control_System\evidence\experiments\runs\authorized_mbco_phase_reconstruction_20260904T002152_3132654Z\retry_06_buffered_single_rearm_ddg_20260904T021526_1936864Z\Phase Scan\2026-09-04\20260904T021539_510021Z_run\raw\rep_0001\scan_0001447_phase_001446_attempt_00.npz","13830454"
"C:\Users\Chris\Documents\GitHub\Control_System\evidence\experiments\runs\authorized_mbco_phase_reconstruction_20260904T002152_3132654Z\retry_06_buffered_single_rearm_ddg_20260904T021526_1936864Z\Phase Scan\2026-09-04\20260904T021539_510021Z_run\raw\rep_0001\scan_0001448_phase_001447_attempt_00.npz","13627282"
"C:\Users\Chris\Documents\GitHub\Control_System\evidence\experiments\runs\authorized_mbco_phase_reconstruction_20260904T002152_3132654Z\retry_06_buffered_single_rearm_ddg_20260904T021526_1936864Z\Phase Scan\2026-09-04\20260904T021539_510021Z_run\raw\rep_0001\scan_0001449_phase_001448_attempt_00.npz","13856842"
"C:\Users\Chris\Documents\GitHub\Control_System\evidence\experiments\runs\authorized_mbco_phase_reconstruction_20260904T002152_3132654Z\retry_06_buffered_single_rearm_ddg_20260904T021526_1936864Z\Phase Scan\2026-09-04\20260904T021539_510021Z_run\raw\rep_0001\scan_0001450_phase_001449_attempt_00.npz","13451958"
"C:\Users\Chris\Documents\GitHub\Control_System\evidence\experiments\runs\authorized_mbco_phase_reconstruction_20260904T002152_3132654Z\retry_06_buffered_single_rearm_ddg_20260904T021526_1936864Z\Phase Scan\2026-09-04\20260904T021539_510021Z_run\raw\rep_0001\scan_0001451_phase_001450_attempt_00.npz","13780238"
"C:\Users\Chris\Documents\GitHub\Control_System\evidence\experiments\runs\authorized_mbco_phase_reconstruction_20260904T002152_3132654Z\retry_06_buffered_single_rearm_ddg_20260904T021526_1936864Z\Phase Scan\2026-09-04\20260904T021539_510021Z_run\raw\rep_0001\scan_0001452_phase_001451_attempt_00.npz","13810378"
"C:\Users\Chris\Documents\GitHub\Control_System\evidence\experiments\runs\authorized_mbco_phase_reconstruction_20260904T002152_3132654Z\retry_06_buffered_single_rearm_ddg_20260904T021526_1936864Z\Phase Scan\2026-09-04\20260904T021539_510021Z_run\raw\rep_0001\scan_0001453_phase_001452_attempt_00.npz","13910094"
"C:\Users\Chris\Documents\GitHub\Control_System\evidence\experiments\runs\authorized_mbco_phase_reconstruction_20260904T002152_3132654Z\retry_06_buffered_single_rearm_ddg_20260904T021526_1936864Z\Phase Scan\2026-09-04\20260904T021539_510021Z_run\raw\rep_0001\scan_0001454_phase_001453_attempt_00.npz","13184146"
"C:\Users\Chris\Documents\GitHub\Control_System\evidence\experiments\runs\authorized_mbco_phase_reconstruction_20260904T002152_3132654Z\retry_06_buffered_single_rearm_ddg_20260904T021526_1936864Z\Phase Scan\2026-09-04\20260904T021539_510021Z_run\raw\rep_0001\scan_0001455_phase_001454_attempt_00.npz","13816074"
"C:\Users\Chris\Documents\GitHub\Control_System\evidence\experiments\runs\authorized_mbco_phase_reconstruction_20260904T002152_3132654Z\retry_06_buffered_single_rearm_ddg_20260904T021526_1936864Z\Phase Scan\2026-09-04\20260904T021539_510021Z_run\raw\rep_0001\scan_0001456_phase_001455_attempt_00.npz","13349910"
"C:\Users\Chris\Documents\GitHub\Control_System\evidence\experiments\runs\authorized_mbco_phase_reconstruction_20260904T002152_3132654Z\retry_06_buffered_single_rearm_ddg_20260904T021526_1936864Z\Phase Scan\2026-09-04\20260904T021539_510021Z_run\raw\rep_0001\scan_0001457_phase_001456_attempt_00.npz","14121398"
"C:\Users\Chris\Documents\GitHub\Control_System\evidence\experiments\runs\authorized_mbco_phase_reconstruction_20260904T002152_3132654Z\retry_06_buffered_single_rearm_ddg_20260904T021526_1936864Z\Phase Scan\2026-09-04\20260904T021539_510021Z_run\raw\rep_0001\scan_0001458_phase_001457_attempt_00.npz","13913554"
"C:\Users\Chris\Documents\GitHub\Control_System\evidence\experiments\runs\authorized_mbco_phase_reconstruction_20260904T002152_3132654Z\retry_06_buffered_single_rearm_ddg_20260904T021526_1936864Z\Phase Scan\2026-09-04\20260904T021539_510021Z_run\raw\rep_0001\scan_0001459_phase_001458_attempt_00.npz","13371328"
"C:\Users\Chris\Documents\GitHub\Control_System\evidence\experiments\runs\authorized_mbco_phase_reconstruction_20260904T002152_3132654Z\retry_06_buffered_single_rearm_ddg_20260904T021526_1936864Z\Phase Scan\2026-09-04\20260904T021539_510021Z_run\raw\rep_0001\scan_0001460_phase_001459_attempt_00.npz","13295950"
"C:\Users\Chris\Documents\GitHub\Control_System\evidence\experiments\runs\authorized_mbco_phase_reconstruction_20260904T002152_3132654Z\retry_06_buffered_single_rearm_ddg_20260904T021526_1936864Z\Phase Scan\2026-09-04\20260904T021539_510021Z_run\raw\rep_0001\scan_0001461_phase_001460_attempt_00.npz","13651786"
"C:\Users\Chris\Documents\GitHub\Control_System\evidence\experiments\runs\authorized_mbco_phase_reconstruction_20260904T002152_3132654Z\retry_06_buffered_single_rearm_ddg_20260904T021526_1936864Z\Phase Scan\2026-09-04\20260904T021539_510021Z_run\raw\rep_0001\scan_0001462_phase_001461_attempt_00.npz","13353578"
"C:\Users\Chris\Documents\GitHub\Control_System\evidence\experiments\runs\authorized_mbco_phase_reconstruction_20260904T002152_3132654Z\retry_06_buffered_single_rearm_ddg_20260904T021526_1936864Z\Phase Scan\2026-09-04\20260904T021539_510021Z_run\raw\rep_0001\scan_0001463_phase_001462_attempt_00.npz","14070134"
"C:\Users\Chris\Documents\GitHub\Control_System\evidence\experiments\runs\authorized_mbco_phase_reconstruction_20260904T002152_3132654Z\retry_06_buffered_single_rearm_ddg_20260904T021526_1936864Z\Phase Scan\2026-09-04\20260904T021539_510021Z_run\raw\rep_0001\scan_0001464_phase_001463_attempt_00.npz","13940518"
"C:\Users\Chris\Documents\GitHub\Control_System\evidence\experiments\runs\authorized_mbco_phase_reconstruction_20260904T002152_3132654Z\retry_06_buffered_single_rearm_ddg_20260904T021526_1936864Z\Phase Scan\2026-09-04\20260904T021539_510021Z_run\raw\rep_0001\scan_0001465_phase_001464_attempt_00.npz","13580518"
"C:\Users\Chris\Documents\GitHub\Control_System\evidence\experiments\runs\authorized_mbco_phase_reconstruction_20260904T002152_3132654Z\retry_06_buffered_single_rearm_ddg_20260904T021526_1936864Z\Phase Scan\2026-09-04\20260904T021539_510021Z_run\raw\rep_0001\scan_0001466_phase_001465_attempt_00.npz","13645966"
"C:\Users\Chris\Documents\GitHub\Control_System\evidence\experiments\runs\authorized_mbco_phase_reconstruction_20260904T002152_3132654Z\retry_06_buffered_single_rearm_ddg_20260904T021526_1936864Z\Phase Scan\2026-09-04\20260904T021539_510021Z_run\raw\rep_0001\scan_0001467_phase_001466_attempt_00.npz","13655342"
"C:\Users\Chris\Documents\GitHub\Control_System\evidence\experiments\runs\authorized_mbco_phase_reconstruction_20260904T002152_3132654Z\retry_06_buffered_single_rearm_ddg_20260904T021526_1936864Z\Phase Scan\2026-09-04\20260904T021539_510021Z_run\raw\rep_0001\scan_0001468_phase_001467_attempt_00.npz","13569682"
"C:\Users\Chris\Documents\GitHub\Control_System\evidence\experiments\runs\authorized_mbco_phase_reconstruction_20260904T002152_3132654Z\retry_06_buffered_single_rearm_ddg_20260904T021526_1936864Z\Phase Scan\2026-09-04\20260904T021539_510021Z_run\raw\rep_0001\scan_0001469_phase_001468_attempt_00.npz","13311772"
"C:\Users\Chris\Documents\GitHub\Control_System\evidence\experiments\runs\authorized_mbco_phase_reconstruction_20260904T002152_3132654Z\retry_06_buffered_single_rearm_ddg_20260904T021526_1936864Z\Phase Scan\2026-09-04\20260904T021539_510021Z_run\raw\rep_0001\scan_0001470_phase_001469_attempt_00.npz","13453966"
"C:\Users\Chris\Documents\GitHub\Control_System\evidence\experiments\runs\authorized_mbco_phase_reconstruction_20260904T002152_3132654Z\retry_06_buffered_single_rearm_ddg_20260904T021526_1936864Z\Phase Scan\2026-09-04\20260904T021539_510021Z_run\raw\rep_0001\scan_0001471_phase_001470_attempt_00.npz","13142228"
"C:\Users\Chris\Documents\GitHub\Control_System\evidence\experiments\runs\authorized_mbco_phase_reconstruction_20260904T002152_3132654Z\retry_06_buffered_single_rearm_ddg_20260904T021526_1936864Z\Phase Scan\2026-09-04\20260904T021539_510021Z_run\raw\rep_0001\scan_0001472_phase_001471_attempt_00.npz","13787630"
"C:\Users\Chris\Documents\GitHub\Control_System\evidence\experiments\runs\authorized_mbco_phase_reconstruction_20260904T002152_3132654Z\retry_06_buffered_single_rearm_ddg_20260904T021526_1936864Z\Phase Scan\2026-09-04\20260904T021539_510021Z_run\raw\rep_0001\scan_0001473_phase_001472_attempt_00.npz","13838202"
"C:\Users\Chris\Documents\GitHub\Control_System\evidence\experiments\runs\authorized_mbco_phase_reconstruction_20260904T002152_3132654Z\retry_06_buffered_single_rearm_ddg_20260904T021526_1936864Z\Phase Scan\2026-09-04\20260904T021539_510021Z_run\raw\rep_0001\scan_0001474_phase_001473_attempt_00.npz","13694246"
"C:\Users\Chris\Documents\GitHub\Control_System\evidence\experiments\runs\authorized_mbco_phase_reconstruction_20260904T002152_3132654Z\retry_06_buffered_single_rearm_ddg_20260904T021526_1936864Z\Phase Scan\2026-09-04\20260904T021539_510021Z_run\raw\rep_0001\scan_0001475_phase_001474_attempt_00.npz","13881230"
"C:\Users\Chris\Documents\GitHub\Control_System\evidence\experiments\runs\authorized_mbco_phase_reconstruction_20260904T002152_3132654Z\retry_06_buffered_single_rearm_ddg_20260904T021526_1936864Z\Phase Scan\2026-09-04\20260904T021539_510021Z_run\raw\rep_0001\scan_0001476_phase_001475_attempt_00.npz","12970428"
"C:\Users\Chris\Documents\GitHub\Control_System\evidence\experiments\runs\authorized_mbco_phase_reconstruction_20260904T002152_3132654Z\retry_06_buffered_single_rearm_ddg_20260904T021526_1936864Z\Phase Scan\2026-09-04\20260904T021539_510021Z_run\raw\rep_0001\scan_0001477_phase_001476_attempt_00.npz","13005876"
"C:\Users\Chris\Documents\GitHub\Control_System\evidence\experiments\runs\authorized_mbco_phase_reconstruction_20260904T002152_3132654Z\retry_06_buffered_single_rearm_ddg_20260904T021526_1936864Z\Phase Scan\2026-09-04\20260904T021539_510021Z_run\raw\rep_0001\scan_0001478_phase_001477_attempt_00.npz","13528234"
"C:\Users\Chris\Documents\GitHub\Control_System\evidence\experiments\runs\authorized_mbco_phase_reconstruction_20260904T002152_3132654Z\retry_06_buffered_single_rearm_ddg_20260904T021526_1936864Z\Phase Scan\2026-09-04\20260904T021539_510021Z_run\raw\rep_0001\scan_0001479_phase_001478_attempt_00.npz","13635850"
"C:\Users\Chris\Documents\GitHub\Control_System\evidence\experiments\runs\authorized_mbco_phase_reconstruction_20260904T002152_3132654Z\retry_06_buffered_single_rearm_ddg_20260904T021526_1936864Z\Phase Scan\2026-09-04\20260904T021539_510021Z_run\raw\rep_0001\scan_0001480_phase_001479_attempt_00.npz","13910226"
"C:\Users\Chris\Documents\GitHub\Control_System\evidence\experiments\runs\authorized_mbco_phase_reconstruction_20260904T002152_3132654Z\retry_06_buffered_single_rearm_ddg_20260904T021526_1936864Z\Phase Scan\2026-09-04\20260904T021539_510021Z_run\raw\rep_0001\scan_0001481_phase_001480_attempt_00.npz","13463730"
"C:\Users\Chris\Documents\GitHub\Control_System\evidence\experiments\runs\authorized_mbco_phase_reconstruction_20260904T002152_3132654Z\retry_06_buffered_single_rearm_ddg_20260904T021526_1936864Z\Phase Scan\2026-09-04\20260904T021539_510021Z_run\raw\rep_0001\scan_0001482_phase_001481_attempt_00.npz","13369522"
"C:\Users\Chris\Documents\GitHub\Control_System\evidence\experiments\runs\authorized_mbco_phase_reconstruction_20260904T002152_3132654Z\retry_06_buffered_single_rearm_ddg_20260904T021526_1936864Z\Phase Scan\2026-09-04\20260904T021539_510021Z_run\raw\rep_0001\scan_0001483_phase_001482_attempt_00.npz","13128590"
"C:\Users\Chris\Documents\GitHub\Control_System\evidence\experiments\runs\authorized_mbco_phase_reconstruction_20260904T002152_3132654Z\retry_06_buffered_single_rearm_ddg_20260904T021526_1936864Z\Phase Scan\2026-09-04\20260904T021539_510021Z_run\raw\rep_0001\scan_0001484_phase_001483_attempt_00.npz","13821974"
"C:\Users\Chris\Documents\GitHub\Control_System\evidence\experiments\runs\authorized_mbco_phase_reconstruction_20260904T002152_3132654Z\retry_06_buffered_single_rearm_ddg_20260904T021526_1936864Z\Phase Scan\2026-09-04\20260904T021539_510021Z_run\raw\rep_0001\scan_0001485_phase_001484_attempt_00.npz","13611410"
"C:\Users\Chris\Documents\GitHub\Control_System\evidence\experiments\runs\authorized_mbco_phase_reconstruction_20260904T002152_3132654Z\retry_06_buffered_single_rearm_ddg_20260904T021526_1936864Z\Phase Scan\2026-09-04\20260904T021539_510021Z_run\raw\rep_0001\scan_0001486_phase_001485_attempt_00.npz","13144380"
"C:\Users\Chris\Documents\GitHub\Control_System\evidence\experiments\runs\authorized_mbco_phase_reconstruction_20260904T002152_3132654Z\retry_06_buffered_single_rearm_ddg_20260904T021526_1936864Z\Phase Scan\2026-09-04\20260904T021539_510021Z_run\raw\rep_0001\scan_0001487_phase_001486_attempt_00.npz","13585362"
"C:\Users\Chris\Documents\GitHub\Control_System\evidence\experiments\runs\authorized_mbco_phase_reconstruction_20260904T002152_3132654Z\retry_06_buffered_single_rearm_ddg_20260904T021526_1936864Z\Phase Scan\2026-09-04\20260904T021539_510021Z_run\raw\rep_0001\scan_0001488_phase_001487_attempt_00.npz","13561642"
"C:\Users\Chris\Documents\GitHub\Control_System\evidence\experiments\runs\authorized_mbco_phase_reconstruction_20260904T002152_3132654Z\retry_06_buffered_single_rearm_ddg_20260904T021526_1936864Z\Phase Scan\2026-09-04\20260904T021539_510021Z_run\raw\rep_0001\scan_0001489_phase_001488_attempt_00.npz","13090166"
"C:\Users\Chris\Documents\GitHub\Control_System\evidence\experiments\runs\authorized_mbco_phase_reconstruction_20260904T002152_3132654Z\retry_06_buffered_single_rearm_ddg_20260904T021526_1936864Z\Phase Scan\2026-09-04\20260904T021539_510021Z_run\raw\rep_0001\scan_0001490_phase_001489_attempt_00.npz","13837738"
"C:\Users\Chris\Documents\GitHub\Control_System\evidence\experiments\runs\authorized_mbco_phase_reconstruction_20260904T002152_3132654Z\retry_06_buffered_single_rearm_ddg_20260904T021526_1936864Z\Phase Scan\2026-09-04\20260904T021539_510021Z_run\raw\rep_0001\scan_0001491_phase_001490_attempt_00.npz","13433750"
"C:\Users\Chris\Documents\GitHub\Control_System\evidence\experiments\runs\authorized_mbco_phase_reconstruction_20260904T002152_3132654Z\retry_06_buffered_single_rearm_ddg_20260904T021526_1936864Z\Phase Scan\2026-09-04\20260904T021539_510021Z_run\raw\rep_0001\scan_0001492_phase_001491_attempt_00.npz","14020918"
"C:\Users\Chris\Documents\GitHub\Control_System\evidence\experiments\runs\authorized_mbco_phase_reconstruction_20260904T002152_3132654Z\retry_06_buffered_single_rearm_ddg_20260904T021526_1936864Z\Phase Scan\2026-09-04\20260904T021539_510021Z_run\raw\rep_0001\scan_0001493_phase_001492_attempt_00.npz","13312650"
"C:\Users\Chris\Documents\GitHub\Control_System\evidence\experiments\runs\authorized_mbco_phase_reconstruction_20260904T002152_3132654Z\retry_06_buffered_single_rearm_ddg_20260904T021526_1936864Z\Phase Scan\2026-09-04\20260904T021539_510021Z_run\raw\rep_0001\scan_0001494_phase_001493_attempt_00.npz","13487242"
"C:\Users\Chris\Documents\GitHub\Control_System\evidence\experiments\runs\authorized_mbco_phase_reconstruction_20260904T002152_3132654Z\retry_06_buffered_single_rearm_ddg_20260904T021526_1936864Z\Phase Scan\2026-09-04\20260904T021539_510021Z_run\raw\rep_0001\scan_0001495_phase_001494_attempt_00.npz","13416206"
"C:\Users\Chris\Documents\GitHub\Control_System\evidence\experiments\runs\authorized_mbco_phase_reconstruction_20260904T002152_3132654Z\retry_06_buffered_single_rearm_ddg_20260904T021526_1936864Z\Phase Scan\2026-09-04\20260904T021539_510021Z_run\raw\rep_0001\scan_0001496_phase_001495_attempt_00.npz","13664178"
"C:\Users\Chris\Documents\GitHub\Control_System\evidence\experiments\runs\authorized_mbco_phase_reconstruction_20260904T002152_3132654Z\retry_06_buffered_single_rearm_ddg_20260904T021526_1936864Z\Phase Scan\2026-09-04\20260904T021539_510021Z_run\raw\rep_0001\scan_0001497_phase_001496_attempt_00.npz","13806606"
"C:\Users\Chris\Documents\GitHub\Control_System\evidence\experiments\runs\authorized_mbco_phase_reconstruction_20260904T002152_3132654Z\retry_06_buffered_single_rearm_ddg_20260904T021526_1936864Z\Phase Scan\2026-09-04\20260904T021539_510021Z_run\raw\rep_0001\scan_0001498_phase_001497_attempt_00.npz","13610214"
"C:\Users\Chris\Documents\GitHub\Control_System\evidence\experiments\runs\authorized_mbco_phase_reconstruction_20260904T002152_3132654Z\retry_06_buffered_single_rearm_ddg_20260904T021526_1936864Z\Phase Scan\2026-09-04\20260904T021539_510021Z_run\raw\rep_0001\scan_0001499_phase_001498_attempt_00.npz","13682206"
"C:\Users\Chris\Documents\GitHub\Control_System\evidence\experiments\runs\authorized_mbco_phase_reconstruction_20260904T002152_3132654Z\retry_06_buffered_single_rearm_ddg_20260904T021526_1936864Z\Phase Scan\2026-09-04\20260904T021539_510021Z_run\raw\rep_0001\scan_0001500_phase_001499_attempt_00.npz","13858730"
"C:\Users\Chris\Documents\GitHub\Control_System\evidence\experiments\runs\authorized_mbco_phase_reconstruction_20260904T002152_3132654Z\retry_06_buffered_single_rearm_ddg_20260904T021526_1936864Z\Phase Scan\2026-09-04\20260904T021539_510021Z_run\raw\rep_0001\scan_0001501_phase_001500_attempt_00.npz","14069102"
"C:\Users\Chris\Documents\GitHub\Control_System\evidence\experiments\runs\authorized_mbco_phase_reconstruction_20260904T002152_3132654Z\retry_06_buffered_single_rearm_ddg_20260904T021526_1936864Z\Phase Scan\2026-09-04\20260904T021539_510021Z_run\raw\rep_0001\scan_0001502_phase_001501_attempt_00.npz","13750130"
"C:\Users\Chris\Documents\GitHub\Control_System\evidence\experiments\runs\authorized_mbco_phase_reconstruction_20260904T002152_3132654Z\retry_06_buffered_single_rearm_ddg_20260904T021526_1936864Z\Phase Scan\2026-09-04\20260904T021539_510021Z_run\raw\rep_0001\scan_0001503_phase_001502_attempt_00.npz","13442176"
"C:\Users\Chris\Documents\GitHub\Control_System\evidence\experiments\runs\authorized_mbco_phase_reconstruction_20260904T002152_3132654Z\retry_06_buffered_single_rearm_ddg_20260904T021526_1936864Z\Phase Scan\2026-09-04\20260904T021539_510021Z_run\raw\rep_0001\scan_0001504_phase_001503_attempt_00.npz","13611318"
"C:\Users\Chris\Documents\GitHub\Control_System\evidence\experiments\runs\authorized_mbco_phase_reconstruction_20260904T002152_3132654Z\retry_06_buffered_single_rearm_ddg_20260904T021526_1936864Z\Phase Scan\2026-09-04\20260904T021539_510021Z_run\raw\rep_0001\scan_0001505_phase_001504_attempt_00.npz","13637202"
"C:\Users\Chris\Documents\GitHub\Control_System\evidence\experiments\runs\authorized_mbco_phase_reconstruction_20260904T002152_3132654Z\retry_06_buffered_single_rearm_ddg_20260904T021526_1936864Z\Phase Scan\2026-09-04\20260904T021539_510021Z_run\raw\rep_0001\scan_0001506_phase_001505_attempt_00.npz","13469518"
"C:\Users\Chris\Documents\GitHub\Control_System\evidence\experiments\runs\authorized_mbco_phase_reconstruction_20260904T002152_3132654Z\retry_06_buffered_single_rearm_ddg_20260904T021526_1936864Z\Phase Scan\2026-09-04\20260904T021539_510021Z_run\raw\rep_0001\scan_0001507_phase_001506_attempt_00.npz","13258268"
"C:\Users\Chris\Documents\GitHub\Control_System\evidence\experiments\runs\authorized_mbco_phase_reconstruction_20260904T002152_3132654Z\retry_06_buffered_single_rearm_ddg_20260904T021526_1936864Z\Phase Scan\2026-09-04\20260904T021539_510021Z_run\raw\rep_0001\scan_0001508_phase_001507_attempt_00.npz","14086774"
"C:\Users\Chris\Documents\GitHub\Control_System\evidence\experiments\runs\authorized_mbco_phase_reconstruction_20260904T002152_3132654Z\retry_06_buffered_single_rearm_ddg_20260904T021526_1936864Z\Phase Scan\2026-09-04\20260904T021539_510021Z_run\raw\rep_0001\scan_0001509_phase_001508_attempt_00.npz","13505170"
"C:\Users\Chris\Documents\GitHub\Control_System\evidence\experiments\runs\authorized_mbco_phase_reconstruction_20260904T002152_3132654Z\retry_06_buffered_single_rearm_ddg_20260904T021526_1936864Z\Phase Scan\2026-09-04\20260904T021539_510021Z_run\raw\rep_0001\scan_0001510_phase_001509_attempt_00.npz","13324342"
"C:\Users\Chris\Documents\GitHub\Control_System\evidence\experiments\runs\authorized_mbco_phase_reconstruction_20260904T002152_3132654Z\retry_06_buffered_single_rearm_ddg_20260904T021526_1936864Z\Phase Scan\2026-09-04\20260904T021539_510021Z_run\raw\rep_0001\scan_0001511_phase_001510_attempt_00.npz","13647314"
"C:\Users\Chris\Documents\GitHub\Control_System\evidence\experiments\runs\authorized_mbco_phase_reconstruction_20260904T002152_3132654Z\retry_06_buffered_single_rearm_ddg_20260904T021526_1936864Z\Phase Scan\2026-09-04\20260904T021539_510021Z_run\raw\rep_0001\scan_0001512_phase_001511_attempt_00.npz","13295992"
"C:\Users\Chris\Documents\GitHub\Control_System\evidence\experiments\runs\authorized_mbco_phase_reconstruction_20260904T002152_3132654Z\retry_06_buffered_single_rearm_ddg_20260904T021526_1936864Z\Phase Scan\2026-09-04\20260904T021539_510021Z_run\raw\rep_0001\scan_0001513_phase_001512_attempt_00.npz","13781386"
"C:\Users\Chris\Documents\GitHub\Control_System\evidence\experiments\runs\authorized_mbco_phase_reconstruction_20260904T002152_3132654Z\retry_06_buffered_single_rearm_ddg_20260904T021526_1936864Z\Phase Scan\2026-09-04\20260904T021539_510021Z_run\raw\rep_0001\scan_0001514_phase_001513_attempt_00.npz","13595830"
"C:\Users\Chris\Documents\GitHub\Control_System\evidence\experiments\runs\authorized_mbco_phase_reconstruction_20260904T002152_3132654Z\retry_06_buffered_single_rearm_ddg_20260904T021526_1936864Z\Phase Scan\2026-09-04\20260904T021539_510021Z_run\raw\rep_0001\scan_0001515_phase_001514_attempt_00.npz","13825174"
"C:\Users\Chris\Documents\GitHub\Control_System\evidence\experiments\runs\authorized_mbco_phase_reconstruction_20260904T002152_3132654Z\retry_06_buffered_single_rearm_ddg_20260904T021526_1936864Z\Phase Scan\2026-09-04\20260904T021539_510021Z_run\raw\rep_0001\scan_0001516_phase_001515_attempt_00.npz","13838222"
"C:\Users\Chris\Documents\GitHub\Control_System\evidence\experiments\runs\authorized_mbco_phase_reconstruction_20260904T002152_3132654Z\retry_06_buffered_single_rearm_ddg_20260904T021526_1936864Z\Phase Scan\2026-09-04\20260904T021539_510021Z_run\raw\rep_0001\scan_0001517_phase_001516_attempt_00.npz","13361038"
"C:\Users\Chris\Documents\GitHub\Control_System\evidence\experiments\runs\authorized_mbco_phase_reconstruction_20260904T002152_3132654Z\retry_06_buffered_single_rearm_ddg_20260904T021526_1936864Z\Phase Scan\2026-09-04\20260904T021539_510021Z_run\raw\rep_0001\scan_0001518_phase_001517_attempt_00.npz","14212338"
"C:\Users\Chris\Documents\GitHub\Control_System\evidence\experiments\runs\authorized_mbco_phase_reconstruction_20260904T002152_3132654Z\retry_06_buffered_single_rearm_ddg_20260904T021526_1936864Z\Phase Scan\2026-09-04\20260904T021539_510021Z_run\raw\rep_0001\scan_0001519_phase_001518_attempt_00.npz","13518226"
"C:\Users\Chris\Documents\GitHub\Control_System\evidence\experiments\runs\authorized_mbco_phase_reconstruction_20260904T002152_3132654Z\retry_06_buffered_single_rearm_ddg_20260904T021526_1936864Z\Phase Scan\2026-09-04\20260904T021539_510021Z_run\raw\rep_0001\scan_0001520_phase_001519_attempt_00.npz","13544238"
"C:\Users\Chris\Documents\GitHub\Control_System\evidence\experiments\runs\authorized_mbco_phase_reconstruction_20260904T002152_3132654Z\retry_06_buffered_single_rearm_ddg_20260904T021526_1936864Z\Phase Scan\2026-09-04\20260904T021539_510021Z_run\raw\rep_0001\scan_0001521_phase_001520_attempt_00.npz","13546574"
"C:\Users\Chris\Documents\GitHub\Control_System\evidence\experiments\runs\authorized_mbco_phase_reconstruction_20260904T002152_3132654Z\retry_06_buffered_single_rearm_ddg_20260904T021526_1936864Z\Phase Scan\2026-09-04\20260904T021539_510021Z_run\raw\rep_0001\scan_0001522_phase_001521_attempt_00.npz","13424842"
"C:\Users\Chris\Documents\GitHub\Control_System\evidence\experiments\runs\authorized_mbco_phase_reconstruction_20260904T002152_3132654Z\retry_06_buffered_single_rearm_ddg_20260904T021526_1936864Z\Phase Scan\2026-09-04\20260904T021539_510021Z_run\raw\rep_0001\scan_0001523_phase_001522_attempt_00.npz","14099050"
"C:\Users\Chris\Documents\GitHub\Control_System\evidence\experiments\runs\authorized_mbco_phase_reconstruction_20260904T002152_3132654Z\retry_06_buffered_single_rearm_ddg_20260904T021526_1936864Z\Phase Scan\2026-09-04\20260904T021539_510021Z_run\raw\rep_0001\scan_0001524_phase_001523_attempt_00.npz","13631122"
"C:\Users\Chris\Documents\GitHub\Control_System\evidence\experiments\runs\authorized_mbco_phase_reconstruction_20260904T002152_3132654Z\retry_06_buffered_single_rearm_ddg_20260904T021526_1936864Z\Phase Scan\2026-09-04\20260904T021539_510021Z_run\raw\rep_0001\scan_0001525_phase_001524_attempt_00.npz","14033746"
"C:\Users\Chris\Documents\GitHub\Control_System\evidence\experiments\runs\authorized_mbco_phase_reconstruction_20260904T002152_3132654Z\retry_06_buffered_single_rearm_ddg_20260904T021526_1936864Z\Phase Scan\2026-09-04\20260904T021539_510021Z_run\raw\rep_0001\scan_0001526_phase_001525_attempt_00.npz","13835598"
"C:\Users\Chris\Documents\GitHub\Control_System\evidence\experiments\runs\authorized_mbco_phase_reconstruction_20260904T002152_3132654Z\retry_06_buffered_single_rearm_ddg_20260904T021526_1936864Z\Phase Scan\2026-09-04\20260904T021539_510021Z_run\raw\rep_0001\scan_0001527_phase_001526_attempt_00.npz","13922318"
"C:\Users\Chris\Documents\GitHub\Control_System\evidence\experiments\runs\authorized_mbco_phase_reconstruction_20260904T002152_3132654Z\retry_06_buffered_single_rearm_ddg_20260904T021526_1936864Z\Phase Scan\2026-09-04\20260904T021539_510021Z_run\raw\rep_0001\scan_0001528_phase_001527_attempt_00.npz","14040206"
"C:\Users\Chris\Documents\GitHub\Control_System\evidence\experiments\runs\authorized_mbco_phase_reconstruction_20260904T002152_3132654Z\retry_06_buffered_single_rearm_ddg_20260904T021526_1936864Z\Phase Scan\2026-09-04\20260904T021539_510021Z_run\raw\rep_0001\scan_0001529_phase_001528_attempt_00.npz","13903630"
"C:\Users\Chris\Documents\GitHub\Control_System\evidence\experiments\runs\authorized_mbco_phase_reconstruction_20260904T002152_3132654Z\retry_06_buffered_single_rearm_ddg_20260904T021526_1936864Z\Phase Scan\2026-09-04\20260904T021539_510021Z_run\raw\rep_0001\scan_0001530_phase_001529_attempt_00.npz","13799914"
"C:\Users\Chris\Documents\GitHub\Control_System\evidence\experiments\runs\authorized_mbco_phase_reconstruction_20260904T002152_3132654Z\retry_06_buffered_single_rearm_ddg_20260904T021526_1936864Z\Phase Scan\2026-09-04\20260904T021539_510021Z_run\raw\rep_0001\scan_0001531_phase_001530_attempt_00.npz","13737198"
"C:\Users\Chris\Documents\GitHub\Control_System\evidence\experiments\runs\authorized_mbco_phase_reconstruction_20260904T002152_3132654Z\retry_06_buffered_single_rearm_ddg_20260904T021526_1936864Z\Phase Scan\2026-09-04\20260904T021539_510021Z_run\raw\rep_0001\scan_0001532_phase_001531_attempt_00.npz","13331410"
"C:\Users\Chris\Documents\GitHub\Control_System\evidence\experiments\runs\authorized_mbco_phase_reconstruction_20260904T002152_3132654Z\retry_06_buffered_single_rearm_ddg_20260904T021526_1936864Z\Phase Scan\2026-09-04\20260904T021539_510021Z_run\raw\rep_0001\scan_0001533_phase_001532_attempt_00.npz","13689398"
"C:\Users\Chris\Documents\GitHub\Control_System\evidence\experiments\runs\authorized_mbco_phase_reconstruction_20260904T002152_3132654Z\retry_06_buffered_single_rearm_ddg_20260904T021526_1936864Z\Phase Scan\2026-09-04\20260904T021539_510021Z_run\raw\rep_0001\scan_0001534_phase_001533_attempt_00.npz","13912014"
"C:\Users\Chris\Documents\GitHub\Control_System\evidence\experiments\runs\authorized_mbco_phase_reconstruction_20260904T002152_3132654Z\retry_06_buffered_single_rearm_ddg_20260904T021526_1936864Z\Phase Scan\2026-09-04\20260904T021539_510021Z_run\raw\rep_0001\scan_0001535_phase_001534_attempt_00.npz","13137792"
"C:\Users\Chris\Documents\GitHub\Control_System\evidence\experiments\runs\authorized_mbco_phase_reconstruction_20260904T002152_3132654Z\retry_06_buffered_single_rearm_ddg_20260904T021526_1936864Z\Phase Scan\2026-09-04\20260904T021539_510021Z_run\raw\rep_0001\scan_0001536_phase_001535_attempt_00.npz","13775630"
"C:\Users\Chris\Documents\GitHub\Control_System\evidence\experiments\runs\authorized_mbco_phase_reconstruction_20260904T002152_3132654Z\retry_06_buffered_single_rearm_ddg_20260904T021526_1936864Z\Phase Scan\2026-09-04\20260904T021539_510021Z_run\raw\rep_0001\scan_0001537_phase_001536_attempt_00.npz","14499194"
"C:\Users\Chris\Documents\GitHub\Control_System\evidence\experiments\runs\authorized_mbco_phase_reconstruction_20260904T002152_3132654Z\retry_06_buffered_single_rearm_ddg_20260904T021526_1936864Z\Phase Scan\2026-09-04\20260904T021539_510021Z_run\raw\rep_0001\scan_0001538_phase_001537_attempt_00.npz","13709750"
"C:\Users\Chris\Documents\GitHub\Control_System\evidence\experiments\runs\authorized_mbco_phase_reconstruction_20260904T002152_3132654Z\retry_06_buffered_single_rearm_ddg_20260904T021526_1936864Z\Phase Scan\2026-09-04\20260904T021539_510021Z_run\raw\rep_0001\scan_0001539_phase_001538_attempt_00.npz","13814666"
"C:\Users\Chris\Documents\GitHub\Control_System\evidence\experiments\runs\authorized_mbco_phase_reconstruction_20260904T002152_3132654Z\retry_06_buffered_single_rearm_ddg_20260904T021526_1936864Z\Phase Scan\2026-09-04\20260904T021539_510021Z_run\raw\rep_0001\scan_0001540_phase_001539_attempt_00.npz","13431690"
"C:\Users\Chris\Documents\GitHub\Control_System\evidence\experiments\runs\authorized_mbco_phase_reconstruction_20260904T002152_3132654Z\retry_06_buffered_single_rearm_ddg_20260904T021526_1936864Z\Phase Scan\2026-09-04\20260904T021539_510021Z_run\raw\rep_0001\scan_0001541_phase_001540_attempt_00.npz","13709454"
"C:\Users\Chris\Documents\GitHub\Control_System\evidence\experiments\runs\authorized_mbco_phase_reconstruction_20260904T002152_3132654Z\retry_06_buffered_single_rearm_ddg_20260904T021526_1936864Z\Phase Scan\2026-09-04\20260904T021539_510021Z_run\raw\rep_0001\scan_0001542_phase_001541_attempt_00.npz","13752082"
"C:\Users\Chris\Documents\GitHub\Control_System\evidence\experiments\runs\authorized_mbco_phase_reconstruction_20260904T002152_3132654Z\retry_06_buffered_single_rearm_ddg_20260904T021526_1936864Z\Phase Scan\2026-09-04\20260904T021539_510021Z_run\raw\rep_0001\scan_0001543_phase_001542_attempt_00.npz","13799222"
"C:\Users\Chris\Documents\GitHub\Control_System\evidence\experiments\runs\authorized_mbco_phase_reconstruction_20260904T002152_3132654Z\retry_06_buffered_single_rearm_ddg_20260904T021526_1936864Z\Phase Scan\2026-09-04\20260904T021539_510021Z_run\raw\rep_0001\scan_0001544_phase_001543_attempt_00.npz","13531882"
"C:\Users\Chris\Documents\GitHub\Control_System\evidence\experiments\runs\authorized_mbco_phase_reconstruction_20260904T002152_3132654Z\retry_06_buffered_single_rearm_ddg_20260904T021526_1936864Z\Phase Scan\2026-09-04\20260904T021539_510021Z_run\raw\rep_0001\scan_0001545_phase_001544_attempt_00.npz","13463950"
"C:\Users\Chris\Documents\GitHub\Control_System\evidence\experiments\runs\authorized_mbco_phase_reconstruction_20260904T002152_3132654Z\retry_06_buffered_single_rearm_ddg_20260904T021526_1936864Z\Phase Scan\2026-09-04\20260904T021539_510021Z_run\raw\rep_0001\scan_0001546_phase_001545_attempt_00.npz","13094030"
"C:\Users\Chris\Documents\GitHub\Control_System\evidence\experiments\runs\authorized_mbco_phase_reconstruction_20260904T002152_3132654Z\retry_06_buffered_single_rearm_ddg_20260904T021526_1936864Z\Phase Scan\2026-09-04\20260904T021539_510021Z_run\raw\rep_0001\scan_0001547_phase_001546_attempt_00.npz","14017930"
"C:\Users\Chris\Documents\GitHub\Control_System\evidence\experiments\runs\authorized_mbco_phase_reconstruction_20260904T002152_3132654Z\retry_06_buffered_single_rearm_ddg_20260904T021526_1936864Z\Phase Scan\2026-09-04\20260904T021539_510021Z_run\raw\rep_0001\scan_0001548_phase_001547_attempt_00.npz","13600078"
"C:\Users\Chris\Documents\GitHub\Control_System\evidence\experiments\runs\authorized_mbco_phase_reconstruction_20260904T002152_3132654Z\retry_06_buffered_single_rearm_ddg_20260904T021526_1936864Z\Phase Scan\2026-09-04\20260904T021539_510021Z_run\raw\rep_0001\scan_0001549_phase_001548_attempt_00.npz","13459338"
"C:\Users\Chris\Documents\GitHub\Control_System\evidence\experiments\runs\authorized_mbco_phase_reconstruction_20260904T002152_3132654Z\retry_06_buffered_single_rearm_ddg_20260904T021526_1936864Z\Phase Scan\2026-09-04\20260904T021539_510021Z_run\raw\rep_0001\scan_0001550_phase_001549_attempt_00.npz","13647402"
"C:\Users\Chris\Documents\GitHub\Control_System\evidence\experiments\runs\authorized_mbco_phase_reconstruction_20260904T002152_3132654Z\retry_06_buffered_single_rearm_ddg_20260904T021526_1936864Z\Phase Scan\2026-09-04\20260904T021539_510021Z_run\raw\rep_0001\scan_0001551_phase_001550_attempt_00.npz","14087982"
"C:\Users\Chris\Documents\GitHub\Control_System\evidence\experiments\runs\authorized_mbco_phase_reconstruction_20260904T002152_3132654Z\retry_06_buffered_single_rearm_ddg_20260904T021526_1936864Z\Phase Scan\2026-09-04\20260904T021539_510021Z_run\raw\rep_0001\scan_0001552_phase_001551_attempt_00.npz","13487798"
"C:\Users\Chris\Documents\GitHub\Control_System\evidence\experiments\runs\authorized_mbco_phase_reconstruction_20260904T002152_3132654Z\retry_06_buffered_single_rearm_ddg_20260904T021526_1936864Z\Phase Scan\2026-09-04\20260904T021539_510021Z_run\raw\rep_0001\scan_0001553_phase_001552_attempt_00.npz","13610130"
"C:\Users\Chris\Documents\GitHub\Control_System\evidence\experiments\runs\authorized_mbco_phase_reconstruction_20260904T002152_3132654Z\retry_06_buffered_single_rearm_ddg_20260904T021526_1936864Z\Phase Scan\2026-09-04\20260904T021539_510021Z_run\raw\rep_0001\scan_0001554_phase_001553_attempt_00.npz","13918646"
"C:\Users\Chris\Documents\GitHub\Control_System\evidence\experiments\runs\authorized_mbco_phase_reconstruction_20260904T002152_3132654Z\retry_06_buffered_single_rearm_ddg_20260904T021526_1936864Z\Phase Scan\2026-09-04\20260904T021539_510021Z_run\raw\rep_0001\scan_0001555_phase_001554_attempt_00.npz","13053504"
"C:\Users\Chris\Documents\GitHub\Control_System\evidence\experiments\runs\authorized_mbco_phase_reconstruction_20260904T002152_3132654Z\retry_06_buffered_single_rearm_ddg_20260904T021526_1936864Z\Phase Scan\2026-09-04\20260904T021539_510021Z_run\raw\rep_0001\scan_0001556_phase_001555_attempt_00.npz","13519626"
"C:\Users\Chris\Documents\GitHub\Control_System\evidence\experiments\runs\authorized_mbco_phase_reconstruction_20260904T002152_3132654Z\retry_06_buffered_single_rearm_ddg_20260904T021526_1936864Z\Phase Scan\2026-09-04\20260904T021539_510021Z_run\raw\rep_0001\scan_0001557_phase_001556_attempt_00.npz","13385590"
"C:\Users\Chris\Documents\GitHub\Control_System\evidence\experiments\runs\authorized_mbco_phase_reconstruction_20260904T002152_3132654Z\retry_06_buffered_single_rearm_ddg_20260904T021526_1936864Z\Phase Scan\2026-09-04\20260904T021539_510021Z_run\raw\rep_0001\scan_0001558_phase_001557_attempt_00.npz","13901678"
"C:\Users\Chris\Documents\GitHub\Control_System\evidence\experiments\runs\authorized_mbco_phase_reconstruction_20260904T002152_3132654Z\retry_06_buffered_single_rearm_ddg_20260904T021526_1936864Z\Phase Scan\2026-09-04\20260904T021539_510021Z_run\raw\rep_0001\scan_0001559_phase_001558_attempt_00.npz","14095562"
"C:\Users\Chris\Documents\GitHub\Control_System\evidence\experiments\runs\authorized_mbco_phase_reconstruction_20260904T002152_3132654Z\retry_06_buffered_single_rearm_ddg_20260904T021526_1936864Z\Phase Scan\2026-09-04\20260904T021539_510021Z_run\raw\rep_0001\scan_0001560_phase_001559_attempt_00.npz","13558798"
"C:\Users\Chris\Documents\GitHub\Control_System\evidence\experiments\runs\authorized_mbco_phase_reconstruction_20260904T002152_3132654Z\retry_06_buffered_single_rearm_ddg_20260904T021526_1936864Z\Phase Scan\2026-09-04\20260904T021539_510021Z_run\raw\rep_0001\scan_0001561_phase_001560_attempt_00.npz","13272230"
"C:\Users\Chris\Documents\GitHub\Control_System\evidence\experiments\runs\authorized_mbco_phase_reconstruction_20260904T002152_3132654Z\retry_06_buffered_single_rearm_ddg_20260904T021526_1936864Z\Phase Scan\2026-09-04\20260904T021539_510021Z_run\raw\rep_0001\scan_0001562_phase_001561_attempt_00.npz","13278350"
"C:\Users\Chris\Documents\GitHub\Control_System\evidence\experiments\runs\authorized_mbco_phase_reconstruction_20260904T002152_3132654Z\retry_06_buffered_single_rearm_ddg_20260904T021526_1936864Z\Phase Scan\2026-09-04\20260904T021539_510021Z_run\raw\rep_0001\scan_0001563_phase_001562_attempt_00.npz","13113748"
"C:\Users\Chris\Documents\GitHub\Control_System\evidence\experiments\runs\authorized_mbco_phase_reconstruction_20260904T002152_3132654Z\retry_06_buffered_single_rearm_ddg_20260904T021526_1936864Z\Phase Scan\2026-09-04\20260904T021539_510021Z_run\raw\rep_0001\scan_0001564_phase_001563_attempt_00.npz","13810742"
"C:\Users\Chris\Documents\GitHub\Control_System\evidence\experiments\runs\authorized_mbco_phase_reconstruction_20260904T002152_3132654Z\retry_06_buffered_single_rearm_ddg_20260904T021526_1936864Z\Phase Scan\2026-09-04\20260904T021539_510021Z_run\raw\rep_0001\scan_0001565_phase_001564_attempt_00.npz","13915082"
"C:\Users\Chris\Documents\GitHub\Control_System\evidence\experiments\runs\authorized_mbco_phase_reconstruction_20260904T002152_3132654Z\retry_06_buffered_single_rearm_ddg_20260904T021526_1936864Z\Phase Scan\2026-09-04\20260904T021539_510021Z_run\raw\rep_0001\scan_0001566_phase_001565_attempt_00.npz","13754190"
"C:\Users\Chris\Documents\GitHub\Control_System\evidence\experiments\runs\authorized_mbco_phase_reconstruction_20260904T002152_3132654Z\retry_06_buffered_single_rearm_ddg_20260904T021526_1936864Z\Phase Scan\2026-09-04\20260904T021539_510021Z_run\raw\rep_0001\scan_0001567_phase_001566_attempt_00.npz","13628986"
"C:\Users\Chris\Documents\GitHub\Control_System\evidence\experiments\runs\authorized_mbco_phase_reconstruction_20260904T002152_3132654Z\retry_06_buffered_single_rearm_ddg_20260904T021526_1936864Z\Phase Scan\2026-09-04\20260904T021539_510021Z_run\raw\rep_0001\scan_0001568_phase_001567_attempt_00.npz","13103196"
"C:\Users\Chris\Documents\GitHub\Control_System\evidence\experiments\runs\authorized_mbco_phase_reconstruction_20260904T002152_3132654Z\retry_06_buffered_single_rearm_ddg_20260904T021526_1936864Z\Phase Scan\2026-09-04\20260904T021539_510021Z_run\raw\rep_0001\scan_0001569_phase_001568_attempt_00.npz","13648818"
"C:\Users\Chris\Documents\GitHub\Control_System\evidence\experiments\runs\authorized_mbco_phase_reconstruction_20260904T002152_3132654Z\retry_06_buffered_single_rearm_ddg_20260904T021526_1936864Z\Phase Scan\2026-09-04\20260904T021539_510021Z_run\raw\rep_0001\scan_0001570_phase_001569_attempt_00.npz","13645554"
"C:\Users\Chris\Documents\GitHub\Control_System\evidence\experiments\runs\authorized_mbco_phase_reconstruction_20260904T002152_3132654Z\retry_06_buffered_single_rearm_ddg_20260904T021526_1936864Z\Phase Scan\2026-09-04\20260904T021539_510021Z_run\raw\rep_0001\scan_0001571_phase_001570_attempt_00.npz","14069006"
"C:\Users\Chris\Documents\GitHub\Control_System\evidence\experiments\runs\authorized_mbco_phase_reconstruction_20260904T002152_3132654Z\retry_06_buffered_single_rearm_ddg_20260904T021526_1936864Z\Phase Scan\2026-09-04\20260904T021539_510021Z_run\raw\rep_0001\scan_0001572_phase_001571_attempt_00.npz","13363830"
"C:\Users\Chris\Documents\GitHub\Control_System\evidence\experiments\runs\authorized_mbco_phase_reconstruction_20260904T002152_3132654Z\retry_06_buffered_single_rearm_ddg_20260904T021526_1936864Z\Phase Scan\2026-09-04\20260904T021539_510021Z_run\raw\rep_0001\scan_0001573_phase_001572_attempt_00.npz","13431694"
"C:\Users\Chris\Documents\GitHub\Control_System\evidence\experiments\runs\authorized_mbco_phase_reconstruction_20260904T002152_3132654Z\retry_06_buffered_single_rearm_ddg_20260904T021526_1936864Z\Phase Scan\2026-09-04\20260904T021539_510021Z_run\raw\rep_0001\scan_0001574_phase_001573_attempt_00.npz","13463786"
"C:\Users\Chris\Documents\GitHub\Control_System\evidence\experiments\runs\authorized_mbco_phase_reconstruction_20260904T002152_3132654Z\retry_06_buffered_single_rearm_ddg_20260904T021526_1936864Z\Phase Scan\2026-09-04\20260904T021539_510021Z_run\raw\rep_0001\scan_0001575_phase_001574_attempt_00.npz","13701454"
"C:\Users\Chris\Documents\GitHub\Control_System\evidence\experiments\runs\authorized_mbco_phase_reconstruction_20260904T002152_3132654Z\retry_06_buffered_single_rearm_ddg_20260904T021526_1936864Z\Phase Scan\2026-09-04\20260904T021539_510021Z_run\raw\rep_0001\scan_0001576_phase_001575_attempt_00.npz","13452910"
"C:\Users\Chris\Documents\GitHub\Control_System\evidence\experiments\runs\authorized_mbco_phase_reconstruction_20260904T002152_3132654Z\retry_06_buffered_single_rearm_ddg_20260904T021526_1936864Z\Phase Scan\2026-09-04\20260904T021539_510021Z_run\raw\rep_0001\scan_0001577_phase_001576_attempt_00.npz","13331274"
"C:\Users\Chris\Documents\GitHub\Control_System\evidence\experiments\runs\authorized_mbco_phase_reconstruction_20260904T002152_3132654Z\retry_06_buffered_single_rearm_ddg_20260904T021526_1936864Z\Phase Scan\2026-09-04\20260904T021539_510021Z_run\raw\rep_0001\scan_0001578_phase_001577_attempt_00.npz","13412878"
"C:\Users\Chris\Documents\GitHub\Control_System\evidence\experiments\runs\authorized_mbco_phase_reconstruction_20260904T002152_3132654Z\retry_06_buffered_single_rearm_ddg_20260904T021526_1936864Z\Phase Scan\2026-09-04\20260904T021539_510021Z_run\raw\rep_0001\scan_0001579_phase_001578_attempt_00.npz","13768690"
"C:\Users\Chris\Documents\GitHub\Control_System\evidence\experiments\runs\authorized_mbco_phase_reconstruction_20260904T002152_3132654Z\retry_06_buffered_single_rearm_ddg_20260904T021526_1936864Z\Phase Scan\2026-09-04\20260904T021539_510021Z_run\raw\rep_0001\scan_0001580_phase_001579_attempt_00.npz","13400658"
"C:\Users\Chris\Documents\GitHub\Control_System\evidence\experiments\runs\authorized_mbco_phase_reconstruction_20260904T002152_3132654Z\retry_06_buffered_single_rearm_ddg_20260904T021526_1936864Z\Phase Scan\2026-09-04\20260904T021539_510021Z_run\raw\rep_0001\scan_0001581_phase_001580_attempt_00.npz","13618294"
"C:\Users\Chris\Documents\GitHub\Control_System\evidence\experiments\runs\authorized_mbco_phase_reconstruction_20260904T002152_3132654Z\retry_06_buffered_single_rearm_ddg_20260904T021526_1936864Z\Phase Scan\2026-09-04\20260904T021539_510021Z_run\raw\rep_0001\scan_0001582_phase_001581_attempt_00.npz","13943990"
"C:\Users\Chris\Documents\GitHub\Control_System\evidence\experiments\runs\authorized_mbco_phase_reconstruction_20260904T002152_3132654Z\retry_06_buffered_single_rearm_ddg_20260904T021526_1936864Z\Phase Scan\2026-09-04\20260904T021539_510021Z_run\raw\rep_0001\scan_0001583_phase_001582_attempt_00.npz","13127576"
"C:\Users\Chris\Documents\GitHub\Control_System\evidence\experiments\runs\authorized_mbco_phase_reconstruction_20260904T002152_3132654Z\retry_06_buffered_single_rearm_ddg_20260904T021526_1936864Z\Phase Scan\2026-09-04\20260904T021539_510021Z_run\raw\rep_0001\scan_0001584_phase_001583_attempt_00.npz","13446546"
"C:\Users\Chris\Documents\GitHub\Control_System\evidence\experiments\runs\authorized_mbco_phase_reconstruction_20260904T002152_3132654Z\retry_06_buffered_single_rearm_ddg_20260904T021526_1936864Z\Phase Scan\2026-09-04\20260904T021539_510021Z_run\raw\rep_0001\scan_0001585_phase_001584_attempt_00.npz","13303438"
"C:\Users\Chris\Documents\GitHub\Control_System\evidence\experiments\runs\authorized_mbco_phase_reconstruction_20260904T002152_3132654Z\retry_06_buffered_single_rearm_ddg_20260904T021526_1936864Z\Phase Scan\2026-09-04\20260904T021539_510021Z_run\raw\rep_0001\scan_0001586_phase_001585_attempt_00.npz","14202226"
"C:\Users\Chris\Documents\GitHub\Control_System\evidence\experiments\runs\authorized_mbco_phase_reconstruction_20260904T002152_3132654Z\retry_06_buffered_single_rearm_ddg_20260904T021526_1936864Z\Phase Scan\2026-09-04\20260904T021539_510021Z_run\raw\rep_0001\scan_0001587_phase_001586_attempt_00.npz","13602826"
"C:\Users\Chris\Documents\GitHub\Control_System\evidence\experiments\runs\authorized_mbco_phase_reconstruction_20260904T002152_3132654Z\retry_06_buffered_single_rearm_ddg_20260904T021526_1936864Z\Phase Scan\2026-09-04\20260904T021539_510021Z_run\raw\rep_0001\scan_0001588_phase_001587_attempt_00.npz","13783090"
"C:\Users\Chris\Documents\GitHub\Control_System\evidence\experiments\runs\authorized_mbco_phase_reconstruction_20260904T002152_3132654Z\retry_06_buffered_single_rearm_ddg_20260904T021526_1936864Z\Phase Scan\2026-09-04\20260904T021539_510021Z_run\raw\rep_0001\scan_0001589_phase_001588_attempt_00.npz","13688690"
"C:\Users\Chris\Documents\GitHub\Control_System\evidence\experiments\runs\authorized_mbco_phase_reconstruction_20260904T002152_3132654Z\retry_06_buffered_single_rearm_ddg_20260904T021526_1936864Z\Phase Scan\2026-09-04\20260904T021539_510021Z_run\raw\rep_0001\scan_0001590_phase_001589_attempt_00.npz","13821174"
"C:\Users\Chris\Documents\GitHub\Control_System\evidence\experiments\runs\authorized_mbco_phase_reconstruction_20260904T002152_3132654Z\retry_06_buffered_single_rearm_ddg_20260904T021526_1936864Z\Phase Scan\2026-09-04\20260904T021539_510021Z_run\raw\rep_0001\scan_0001591_phase_001590_attempt_00.npz","13447950"
"C:\Users\Chris\Documents\GitHub\Control_System\evidence\experiments\runs\authorized_mbco_phase_reconstruction_20260904T002152_3132654Z\retry_06_buffered_single_rearm_ddg_20260904T021526_1936864Z\Phase Scan\2026-09-04\20260904T021539_510021Z_run\raw\rep_0001\scan_0001592_phase_001591_attempt_00.npz","13602554"
"C:\Users\Chris\Documents\GitHub\Control_System\evidence\experiments\runs\authorized_mbco_phase_reconstruction_20260904T002152_3132654Z\retry_06_buffered_single_rearm_ddg_20260904T021526_1936864Z\Phase Scan\2026-09-04\20260904T021539_510021Z_run\raw\rep_0001\scan_0001593_phase_001592_attempt_00.npz","13705710"
"C:\Users\Chris\Documents\GitHub\Control_System\evidence\experiments\runs\authorized_mbco_phase_reconstruction_20260904T002152_3132654Z\retry_06_buffered_single_rearm_ddg_20260904T021526_1936864Z\Phase Scan\2026-09-04\20260904T021539_510021Z_run\raw\rep_0001\scan_0001594_phase_001593_attempt_00.npz","13766450"
"C:\Users\Chris\Documents\GitHub\Control_System\evidence\experiments\runs\authorized_mbco_phase_reconstruction_20260904T002152_3132654Z\retry_06_buffered_single_rearm_ddg_20260904T021526_1936864Z\Phase Scan\2026-09-04\20260904T021539_510021Z_run\raw\rep_0001\scan_0001595_phase_001594_attempt_00.npz","13935478"
"C:\Users\Chris\Documents\GitHub\Control_System\evidence\experiments\runs\authorized_mbco_phase_reconstruction_20260904T002152_3132654Z\retry_06_buffered_single_rearm_ddg_20260904T021526_1936864Z\Phase Scan\2026-09-04\20260904T021539_510021Z_run\raw\rep_0001\scan_0001596_phase_001595_attempt_00.npz","13523442"
"C:\Users\Chris\Documents\GitHub\Control_System\evidence\experiments\runs\authorized_mbco_phase_reconstruction_20260904T002152_3132654Z\retry_06_buffered_single_rearm_ddg_20260904T021526_1936864Z\Phase Scan\2026-09-04\20260904T021539_510021Z_run\raw\rep_0001\scan_0001597_phase_001596_attempt_00.npz","13876146"
"C:\Users\Chris\Documents\GitHub\Control_System\evidence\experiments\runs\authorized_mbco_phase_reconstruction_20260904T002152_3132654Z\retry_06_buffered_single_rearm_ddg_20260904T021526_1936864Z\Phase Scan\2026-09-04\20260904T021539_510021Z_run\raw\rep_0001\scan_0001598_phase_001597_attempt_00.npz","13484462"
"C:\Users\Chris\Documents\GitHub\Control_System\evidence\experiments\runs\authorized_mbco_phase_reconstruction_20260904T002152_3132654Z\retry_06_buffered_single_rearm_ddg_20260904T021526_1936864Z\Phase Scan\2026-09-04\20260904T021539_510021Z_run\raw\rep_0001\scan_0001599_phase_001598_attempt_00.npz","13213976"
"C:\Users\Chris\Documents\GitHub\Control_System\evidence\experiments\runs\authorized_mbco_phase_reconstruction_20260904T002152_3132654Z\retry_06_buffered_single_rearm_ddg_20260904T021526_1936864Z\Phase Scan\2026-09-04\20260904T021539_510021Z_run\raw\rep_0001\scan_0001600_phase_001599_attempt_00.npz","13991630"
"C:\Users\Chris\Documents\GitHub\Control_System\evidence\experiments\runs\authorized_mbco_phase_reconstruction_20260904T002152_3132654Z\retry_06_buffered_single_rearm_ddg_20260904T021526_1936864Z\Phase Scan\2026-09-04\20260904T021539_510021Z_run\raw\rep_0001\scan_0001601_phase_001600_attempt_00.npz","13705806"
