"FullName","Length"
"C:\Users\Chris\Documents\GitHub\Control_System\evidence\experiments\runs\hf2_deferred_capacity_20260907\artifacts.csv","510100"
"C:\Users\Chris\Documents\GitHub\Control_System\evidence\experiments\runs\hf2_deferred_capacity_20260907\before.json","635"
"C:\Users\Chris\Documents\GitHub\Control_System\evidence\experiments\runs\hf2_deferred_capacity_20260907\build_report.py","8431"
"C:\Users\Chris\Documents\GitHub\Control_System\evidence\experiments\runs\hf2_deferred_capacity_20260907\procedural_writeup.md","7181"
"C:\Users\Chris\Documents\GitHub\Control_System\evidence\experiments\runs\hf2_deferred_capacity_20260907\protocol.json","738"
"C:\Users\Chris\Documents\GitHub\Control_System\evidence\experiments\runs\hf2_deferred_capacity_20260907\restoration.json","1061"
"C:\Users\Chris\Documents\GitHub\Control_System\evidence\experiments\runs\hf2_deferred_capacity_20260907\results.json","666597"
"C:\Users\Chris\Documents\GitHub\Control_System\evidence\experiments\runs\hf2_deferred_capacity_20260907\run_capacity.py","9214"
"C:\Users\Chris\Documents\GitHub\Control_System\evidence\experiments\runs\hf2_deferred_capacity_20260907\run_extended_capacity.py","9419"
"C:\Users\Chris\Documents\GitHub\Control_System\evidence\experiments\runs\hf2_deferred_capacity_20260907\saved_verification.json","816"
"C:\Users\Chris\Documents\GitHub\Control_System\evidence\experiments\runs\hf2_deferred_capacity_20260907\verify_saved.py","2169"
"C:\Users\Chris\Documents\GitHub\Control_System\evidence\experiments\runs\hf2_deferred_capacity_20260907\count_0010\detectors_configuration.json","293"
"C:\Users\Chris\Documents\GitHub\Control_System\evidence\experiments\runs\hf2_deferred_capacity_20260907\count_0010\memory.json","879"
"C:\Users\Chris\Documents\GitHub\Control_System\evidence\experiments\runs\hf2_deferred_capacity_20260907\count_0010\result.json","8293"
"C:\Users\Chris\Documents\GitHub\Control_System\evidence\experiments\runs\hf2_deferred_capacity_20260907\count_0010\timing_configuration.json","293"
"C:\Users\Chris\Documents\GitHub\Control_System\evidence\experiments\runs\hf2_deferred_capacity_20260907\count_0010\detectors\x\0000\metadata.json","1133"
"C:\Users\Chris\Documents\GitHub\Control_System\evidence\experiments\runs\hf2_deferred_capacity_20260907\count_0010\detectors\x\0001\metadata.json","1133"
"C:\Users\Chris\Documents\GitHub\Control_System\evidence\experiments\runs\hf2_deferred_capacity_20260907\count_0010\detectors\x\0002\metadata.json","1133"
"C:\Users\Chris\Documents\GitHub\Control_System\evidence\experiments\runs\hf2_deferred_capacity_20260907\count_0010\detectors\x\0003\metadata.json","1133"
"C:\Users\Chris\Documents\GitHub\Control_System\evidence\experiments\runs\hf2_deferred_capacity_20260907\count_0010\detectors\x\0004\metadata.json","1133"
"C:\Users\Chris\Documents\GitHub\Control_System\evidence\experiments\runs\hf2_deferred_capacity_20260907\count_0010\detectors\x\0005\metadata.json","1133"
"C:\Users\Chris\Documents\GitHub\Control_System\evidence\experiments\runs\hf2_deferred_capacity_20260907\count_0010\detectors\x\0006\metadata.json","1133"
"C:\Users\Chris\Documents\GitHub\Control_System\evidence\experiments\runs\hf2_deferred_capacity_20260907\count_0010\detectors\x\0007\metadata.json","1133"
"C:\Users\Chris\Documents\GitHub\Control_System\evidence\experiments\runs\hf2_deferred_capacity_20260907\count_0010\detectors\x\0008\metadata.json","1133"
"C:\Users\Chris\Documents\GitHub\Control_System\evidence\experiments\runs\hf2_deferred_capacity_20260907\count_0010\detectors\x\0009\metadata.json","1133"
"C:\Users\Chris\Documents\GitHub\Control_System\evidence\experiments\runs\hf2_deferred_capacity_20260907\count_0010\detectors\y\0000\metadata.json","1133"
"C:\Users\Chris\Documents\GitHub\Control_System\evidence\experiments\runs\hf2_deferred_capacity_20260907\count_0010\detectors\y\0001\metadata.json","1133"
"C:\Users\Chris\Documents\GitHub\Control_System\evidence\experiments\runs\hf2_deferred_capacity_20260907\count_0010\detectors\y\0002\metadata.json","1133"
"C:\Users\Chris\Documents\GitHub\Control_System\evidence\experiments\runs\hf2_deferred_capacity_20260907\count_0010\detectors\y\0003\metadata.json","1133"
"C:\Users\Chris\Documents\GitHub\Control_System\evidence\experiments\runs\hf2_deferred_capacity_20260907\count_0010\detectors\y\0004\metadata.json","1133"
"C:\Users\Chris\Documents\GitHub\Control_System\evidence\experiments\runs\hf2_deferred_capacity_20260907\count_0010\detectors\y\0005\metadata.json","1133"
"C:\Users\Chris\Documents\GitHub\Control_System\evidence\experiments\runs\hf2_deferred_capacity_20260907\count_0010\detectors\y\0006\metadata.json","1133"
"C:\Users\Chris\Documents\GitHub\Control_System\evidence\experiments\runs\hf2_deferred_capacity_20260907\count_0010\detectors\y\0007\metadata.json","1133"
"C:\Users\Chris\Documents\GitHub\Control_System\evidence\experiments\runs\hf2_deferred_capacity_20260907\count_0010\detectors\y\0008\metadata.json","1133"
"C:\Users\Chris\Documents\GitHub\Control_System\evidence\experiments\runs\hf2_deferred_capacity_20260907\count_0010\detectors\y\0009\metadata.json","1133"
"C:\Users\Chris\Documents\GitHub\Control_System\evidence\experiments\runs\hf2_deferred_capacity_20260907\count_0010\timing\dio\0000\metadata.json","1133"
"C:\Users\Chris\Documents\GitHub\Control_System\evidence\experiments\runs\hf2_deferred_capacity_20260907\count_0010\timing\dio\0001\metadata.json","1133"
"C:\Users\Chris\Documents\GitHub\Control_System\evidence\experiments\runs\hf2_deferred_capacity_20260907\count_0010\timing\dio\0002\metadata.json","1133"
"C:\Users\Chris\Documents\GitHub\Control_System\evidence\experiments\runs\hf2_deferred_capacity_20260907\count_0010\timing\dio\0003\metadata.json","1133"
"C:\Users\Chris\Documents\GitHub\Control_System\evidence\experiments\runs\hf2_deferred_capacity_20260907\count_0010\timing\dio\0004\metadata.json","1133"
"C:\Users\Chris\Documents\GitHub\Control_System\evidence\experiments\runs\hf2_deferred_capacity_20260907\count_0010\timing\dio\0005\metadata.json","1133"
"C:\Users\Chris\Documents\GitHub\Control_System\evidence\experiments\runs\hf2_deferred_capacity_20260907\count_0010\timing\dio\0006\metadata.json","1133"
"C:\Users\Chris\Documents\GitHub\Control_System\evidence\experiments\runs\hf2_deferred_capacity_20260907\count_0010\timing\dio\0007\metadata.json","1133"
"C:\Users\Chris\Documents\GitHub\Control_System\evidence\experiments\runs\hf2_deferred_capacity_20260907\count_0010\timing\dio\0008\metadata.json","1133"
"C:\Users\Chris\Documents\GitHub\Control_System\evidence\experiments\runs\hf2_deferred_capacity_20260907\count_0010\timing\dio\0009\metadata.json","1133"
"C:\Users\Chris\Documents\GitHub\Control_System\evidence\experiments\runs\hf2_deferred_capacity_20260907\count_0100\detectors_configuration.json","295"
"C:\Users\Chris\Documents\GitHub\Control_System\evidence\experiments\runs\hf2_deferred_capacity_20260907\count_0100\memory.json","8311"
"C:\Users\Chris\Documents\GitHub\Control_System\evidence\experiments\runs\hf2_deferred_capacity_20260907\count_0100\result.json","77941"
"C:\Users\Chris\Documents\GitHub\Control_System\evidence\experiments\runs\hf2_deferred_capacity_20260907\count_0100\timing_configuration.json","295"
"C:\Users\Chris\Documents\GitHub\Control_System\evidence\experiments\runs\hf2_deferred_capacity_20260907\count_0100\detectors\x\0000\metadata.json","1133"
"C:\Users\Chris\Documents\GitHub\Control_System\evidence\experiments\runs\hf2_deferred_capacity_20260907\count_0100\detectors\x\0001\metadata.json","1133"
"C:\Users\Chris\Documents\GitHub\Control_System\evidence\experiments\runs\hf2_deferred_capacity_20260907\count_0100\detectors\x\0002\metadata.json","1133"
"C:\Users\Chris\Documents\GitHub\Control_System\evidence\experiments\runs\hf2_deferred_capacity_20260907\count_0100\detectors\x\0003\metadata.json","1133"
"C:\Users\Chris\Documents\GitHub\Control_System\evidence\experiments\runs\hf2_deferred_capacity_20260907\count_0100\detectors\x\0004\metadata.json","1133"
"C:\Users\Chris\Documents\GitHub\Control_System\evidence\experiments\runs\hf2_deferred_capacity_20260907\count_0100\detectors\x\0005\metadata.json","1133"
"C:\Users\Chris\Documents\GitHub\Control_System\evidence\experiments\runs\hf2_deferred_capacity_20260907\count_0100\detectors\x\0006\metadata.json","1133"
"C:\Users\Chris\Documents\GitHub\Control_System\evidence\experiments\runs\hf2_deferred_capacity_20260907\count_0100\detectors\x\0007\metadata.json","1133"
"C:\Users\Chris\Documents\GitHub\Control_System\evidence\experiments\runs\hf2_deferred_capacity_20260907\count_0100\detectors\x\0008\metadata.json","1133"
"C:\Users\Chris\Documents\GitHub\Control_System\evidence\experiments\runs\hf2_deferred_capacity_20260907\count_0100\detectors\x\0009\metadata.json","1133"
"C:\Users\Chris\Documents\GitHub\Control_System\evidence\experiments\runs\hf2_deferred_capacity_20260907\count_0100\detectors\x\0010\metadata.json","1134"
"C:\Users\Chris\Documents\GitHub\Control_System\evidence\experiments\runs\hf2_deferred_capacity_20260907\count_0100\detectors\x\0011\metadata.json","1134"
"C:\Users\Chris\Documents\GitHub\Control_System\evidence\experiments\runs\hf2_deferred_capacity_20260907\count_0100\detectors\x\0012\metadata.json","1134"
"C:\Users\Chris\Documents\GitHub\Control_System\evidence\experiments\runs\hf2_deferred_capacity_20260907\count_0100\detectors\x\0013\metadata.json","1134"
"C:\Users\Chris\Documents\GitHub\Control_System\evidence\experiments\runs\hf2_deferred_capacity_20260907\count_0100\detectors\x\0014\metadata.json","1134"
"C:\Users\Chris\Documents\GitHub\Control_System\evidence\experiments\runs\hf2_deferred_capacity_20260907\count_0100\detectors\x\0015\metadata.json","1134"
"C:\Users\Chris\Documents\GitHub\Control_System\evidence\experiments\runs\hf2_deferred_capacity_20260907\count_0100\detectors\x\0016\metadata.json","1134"
"C:\Users\Chris\Documents\GitHub\Control_System\evidence\experiments\runs\hf2_deferred_capacity_20260907\count_0100\detectors\x\0017\metadata.json","1134"
"C:\Users\Chris\Documents\GitHub\Control_System\evidence\experiments\runs\hf2_deferred_capacity_20260907\count_0100\detectors\x\0018\metadata.json","1134"
"C:\Users\Chris\Documents\GitHub\Control_System\evidence\experiments\runs\hf2_deferred_capacity_20260907\count_0100\detectors\x\0019\metadata.json","1134"
"C:\Users\Chris\Documents\GitHub\Control_System\evidence\experiments\runs\hf2_deferred_capacity_20260907\count_0100\detectors\x\0020\metadata.json","1134"
"C:\Users\Chris\Documents\GitHub\Control_System\evidence\experiments\runs\hf2_deferred_capacity_20260907\count_0100\detectors\x\0021\metadata.json","1134"
"C:\Users\Chris\Documents\GitHub\Control_System\evidence\experiments\runs\hf2_deferred_capacity_20260907\count_0100\detectors\x\0022\metadata.json","1134"
"C:\Users\Chris\Documents\GitHub\Control_System\evidence\experiments\runs\hf2_deferred_capacity_20260907\count_0100\detectors\x\0023\metadata.json","1134"
"C:\Users\Chris\Documents\GitHub\Control_System\evidence\experiments\runs\hf2_deferred_capacity_20260907\count_0100\detectors\x\0024\metadata.json","1134"
"C:\Users\Chris\Documents\GitHub\Control_System\evidence\experiments\runs\hf2_deferred_capacity_20260907\count_0100\detectors\x\0025\metadata.json","1134"
"C:\Users\Chris\Documents\GitHub\Control_System\evidence\experiments\runs\hf2_deferred_capacity_20260907\count_0100\detectors\x\0026\metadata.json","1134"
"C:\Users\Chris\Documents\GitHub\Control_System\evidence\experiments\runs\hf2_deferred_capacity_20260907\count_0100\detectors\x\0027\metadata.json","1134"
"C:\Users\Chris\Documents\GitHub\Control_System\evidence\experiments\runs\hf2_deferred_capacity_20260907\count_0100\detectors\x\0028\metadata.json","1134"
"C:\Users\Chris\Documents\GitHub\Control_System\evidence\experiments\runs\hf2_deferred_capacity_20260907\count_0100\detectors\x\0029\metadata.json","1134"
"C:\Users\Chris\Documents\GitHub\Control_System\evidence\experiments\runs\hf2_deferred_capacity_20260907\count_0100\detectors\x\0030\metadata.json","1134"
"C:\Users\Chris\Documents\GitHub\Control_System\evidence\experiments\runs\hf2_deferred_capacity_20260907\count_0100\detectors\x\0031\metadata.json","1134"
"C:\Users\Chris\Documents\GitHub\Control_System\evidence\experiments\runs\hf2_deferred_capacity_20260907\count_0100\detectors\x\0032\metadata.json","1134"
"C:\Users\Chris\Documents\GitHub\Control_System\evidence\experiments\runs\hf2_deferred_capacity_20260907\count_0100\detectors\x\0033\metadata.json","1134"
"C:\Users\Chris\Documents\GitHub\Control_System\evidence\experiments\runs\hf2_deferred_capacity_20260907\count_0100\detectors\x\0034\metadata.json","1134"
"C:\Users\Chris\Documents\GitHub\Control_System\evidence\experiments\runs\hf2_deferred_capacity_20260907\count_0100\detectors\x\0035\metadata.json","1134"
"C:\Users\Chris\Documents\GitHub\Control_System\evidence\experiments\runs\hf2_deferred_capacity_20260907\count_0100\detectors\x\0036\metadata.json","1134"
"C:\Users\Chris\Documents\GitHub\Control_System\evidence\experiments\runs\hf2_deferred_capacity_20260907\count_0100\detectors\x\0037\metadata.json","1134"
"C:\Users\Chris\Documents\GitHub\Control_System\evidence\experiments\runs\hf2_deferred_capacity_20260907\count_0100\detectors\x\0038\metadata.json","1134"
"C:\Users\Chris\Documents\GitHub\Control_System\evidence\experiments\runs\hf2_deferred_capacity_20260907\count_0100\detectors\x\0039\metadata.json","1134"
"C:\Users\Chris\Documents\GitHub\Control_System\evidence\experiments\runs\hf2_deferred_capacity_20260907\count_0100\detectors\x\0040\metadata.json","1134"
"C:\Users\Chris\Documents\GitHub\Control_System\evidence\experiments\runs\hf2_deferred_capacity_20260907\count_0100\detectors\x\0041\metadata.json","1134"
"C:\Users\Chris\Documents\GitHub\Control_System\evidence\experiments\runs\hf2_deferred_capacity_20260907\count_0100\detectors\x\0042\metadata.json","1134"
"C:\Users\Chris\Documents\GitHub\Control_System\evidence\experiments\runs\hf2_deferred_capacity_20260907\count_0100\detectors\x\0043\metadata.json","1134"
"C:\Users\Chris\Documents\GitHub\Control_System\evidence\experiments\runs\hf2_deferred_capacity_20260907\count_0100\detectors\x\0044\metadata.json","1134"
"C:\Users\Chris\Documents\GitHub\Control_System\evidence\experiments\runs\hf2_deferred_capacity_20260907\count_0100\detectors\x\0045\metadata.json","1134"
"C:\Users\Chris\Documents\GitHub\Control_System\evidence\experiments\runs\hf2_deferred_capacity_20260907\count_0100\detectors\x\0046\metadata.json","1134"
"C:\Users\Chris\Documents\GitHub\Control_System\evidence\experiments\runs\hf2_deferred_capacity_20260907\count_0100\detectors\x\0047\metadata.json","1134"
"C:\Users\Chris\Documents\GitHub\Control_System\evidence\experiments\runs\hf2_deferred_capacity_20260907\count_0100\detectors\x\0048\metadata.json","1134"
"C:\Users\Chris\Documents\GitHub\Control_System\evidence\experiments\runs\hf2_deferred_capacity_20260907\count_0100\detectors\x\0049\metadata.json","1134"
"C:\Users\Chris\Documents\GitHub\Control_System\evidence\experiments\runs\hf2_deferred_capacity_20260907\count_0100\detectors\x\0050\metadata.json","1134"
"C:\Users\Chris\Documents\GitHub\Control_System\evidence\experiments\runs\hf2_deferred_capacity_20260907\count_0100\detectors\x\0051\metadata.json","1134"
"C:\Users\Chris\Documents\GitHub\Control_System\evidence\experiments\runs\hf2_deferred_capacity_20260907\count_0100\detectors\x\0052\metadata.json","1134"
"C:\Users\Chris\Documents\GitHub\Control_System\evidence\experiments\runs\hf2_deferred_capacity_20260907\count_0100\detectors\x\0053\metadata.json","1134"
"C:\Users\Chris\Documents\GitHub\Control_System\evidence\experiments\runs\hf2_deferred_capacity_20260907\count_0100\detectors\x\0054\metadata.json","1134"
"C:\Users\Chris\Documents\GitHub\Control_System\evidence\experiments\runs\hf2_deferred_capacity_20260907\count_0100\detectors\x\0055\metadata.json","1134"
"C:\Users\Chris\Documents\GitHub\Control_System\evidence\experiments\runs\hf2_deferred_capacity_20260907\count_0100\detectors\x\0056\metadata.json","1134"
"C:\Users\Chris\Documents\GitHub\Control_System\evidence\experiments\runs\hf2_deferred_capacity_20260907\count_0100\detectors\x\0057\metadata.json","1134"
"C:\Users\Chris\Documents\GitHub\Control_System\evidence\experiments\runs\hf2_deferred_capacity_20260907\count_0100\detectors\x\0058\metadata.json","1134"
"C:\Users\Chris\Documents\GitHub\Control_System\evidence\experiments\runs\hf2_deferred_capacity_20260907\count_0100\detectors\x\0059\metadata.json","1134"
"C:\Users\Chris\Documents\GitHub\Control_System\evidence\experiments\runs\hf2_deferred_capacity_20260907\count_0100\detectors\x\0060\metadata.json","1134"
"C:\Users\Chris\Documents\GitHub\Control_System\evidence\experiments\runs\hf2_deferred_capacity_20260907\count_0100\detectors\x\0061\metadata.json","1134"
"C:\Users\Chris\Documents\GitHub\Control_System\evidence\experiments\runs\hf2_deferred_capacity_20260907\count_0100\detectors\x\0062\metadata.json","1134"
"C:\Users\Chris\Documents\GitHub\Control_System\evidence\experiments\runs\hf2_deferred_capacity_20260907\count_0100\detectors\x\0063\metadata.json","1134"
"C:\Users\Chris\Documents\GitHub\Control_System\evidence\experiments\runs\hf2_deferred_capacity_20260907\count_0100\detectors\x\0064\metadata.json","1134"
"C:\Users\Chris\Documents\GitHub\Control_System\evidence\experiments\runs\hf2_deferred_capacity_20260907\count_0100\detectors\x\0065\metadata.json","1134"
"C:\Users\Chris\Documents\GitHub\Control_System\evidence\experiments\runs\hf2_deferred_capacity_20260907\count_0100\detectors\x\0066\metadata.json","1134"
"C:\Users\Chris\Documents\GitHub\Control_System\evidence\experiments\runs\hf2_deferred_capacity_20260907\count_0100\detectors\x\0067\metadata.json","1134"
"C:\Users\Chris\Documents\GitHub\Control_System\evidence\experiments\runs\hf2_deferred_capacity_20260907\count_0100\detectors\x\0068\metadata.json","1134"
"C:\Users\Chris\Documents\GitHub\Control_System\evidence\experiments\runs\hf2_deferred_capacity_20260907\count_0100\detectors\x\0069\metadata.json","1134"
"C:\Users\Chris\Documents\GitHub\Control_System\evidence\experiments\runs\hf2_deferred_capacity_20260907\count_0100\detectors\x\0070\metadata.json","1134"
"C:\Users\Chris\Documents\GitHub\Control_System\evidence\experiments\runs\hf2_deferred_capacity_20260907\count_0100\detectors\x\0071\metadata.json","1134"
"C:\Users\Chris\Documents\GitHub\Control_System\evidence\experiments\runs\hf2_deferred_capacity_20260907\count_0100\detectors\x\0072\metadata.json","1134"
"C:\Users\Chris\Documents\GitHub\Control_System\evidence\experiments\runs\hf2_deferred_capacity_20260907\count_0100\detectors\x\0073\metadata.json","1134"
"C:\Users\Chris\Documents\GitHub\Control_System\evidence\experiments\runs\hf2_deferred_capacity_20260907\count_0100\detectors\x\0074\metadata.json","1134"
"C:\Users\Chris\Documents\GitHub\Control_System\evidence\experiments\runs\hf2_deferred_capacity_20260907\count_0100\detectors\x\0075\metadata.json","1134"
"C:\Users\Chris\Documents\GitHub\Control_System\evidence\experiments\runs\hf2_deferred_capacity_20260907\count_0100\detectors\x\0076\metadata.json","1134"
"C:\Users\Chris\Documents\GitHub\Control_System\evidence\experiments\runs\hf2_deferred_capacity_20260907\count_0100\detectors\x\0077\metadata.json","1134"
"C:\Users\Chris\Documents\GitHub\Control_System\evidence\experiments\runs\hf2_deferred_capacity_20260907\count_0100\detectors\x\0078\metadata.json","1134"
"C:\Users\Chris\Documents\GitHub\Control_System\evidence\experiments\runs\hf2_deferred_capacity_20260907\count_0100\detectors\x\0079\metadata.json","1134"
"C:\Users\Chris\Documents\GitHub\Control_System\evidence\experiments\runs\hf2_deferred_capacity_20260907\count_0100\detectors\x\0080\metadata.json","1134"
"C:\Users\Chris\Documents\GitHub\Control_System\evidence\experiments\runs\hf2_deferred_capacity_20260907\count_0100\detectors\x\0081\metadata.json","1134"
"C:\Users\Chris\Documents\GitHub\Control_System\evidence\experiments\runs\hf2_deferred_capacity_20260907\count_0100\detectors\x\0082\metadata.json","1134"
"C:\Users\Chris\Documents\GitHub\Control_System\evidence\experiments\runs\hf2_deferred_capacity_20260907\count_0100\detectors\x\0083\metadata.json","1134"
"C:\Users\Chris\Documents\GitHub\Control_System\evidence\experiments\runs\hf2_deferred_capacity_20260907\count_0100\detectors\x\0084\metadata.json","1134"
"C:\Users\Chris\Documents\GitHub\Control_System\evidence\experiments\runs\hf2_deferred_capacity_20260907\count_0100\detectors\x\0085\metadata.json","1134"
"C:\Users\Chris\Documents\GitHub\Control_System\evidence\experiments\runs\hf2_deferred_capacity_20260907\count_0100\detectors\x\0086\metadata.json","1134"
"C:\Users\Chris\Documents\GitHub\Control_System\evidence\experiments\runs\hf2_deferred_capacity_20260907\count_0100\detectors\x\0087\metadata.json","1134"
"C:\Users\Chris\Documents\GitHub\Control_System\evidence\experiments\runs\hf2_deferred_capacity_20260907\count_0100\detectors\x\0088\metadata.json","1134"
"C:\Users\Chris\Documents\GitHub\Control_System\evidence\experiments\runs\hf2_deferred_capacity_20260907\count_0100\detectors\x\0089\metadata.json","1134"
"C:\Users\Chris\Documents\GitHub\Control_System\evidence\experiments\runs\hf2_deferred_capacity_20260907\count_0100\detectors\x\0090\metadata.json","1134"
"C:\Users\Chris\Documents\GitHub\Control_System\evidence\experiments\runs\hf2_deferred_capacity_20260907\count_0100\detectors\x\0091\metadata.json","1134"
"C:\Users\Chris\Documents\GitHub\Control_System\evidence\experiments\runs\hf2_deferred_capacity_20260907\count_0100\detectors\x\0092\metadata.json","1134"
"C:\Users\Chris\Documents\GitHub\Control_System\evidence\experiments\runs\hf2_deferred_capacity_20260907\count_0100\detectors\x\0093\metadata.json","1134"
"C:\Users\Chris\Documents\GitHub\Control_System\evidence\experiments\runs\hf2_deferred_capacity_20260907\count_0100\detectors\x\0094\metadata.json","1134"
"C:\Users\Chris\Documents\GitHub\Control_System\evidence\experiments\runs\hf2_deferred_capacity_20260907\count_0100\detectors\x\0095\metadata.json","1134"
"C:\Users\Chris\Documents\GitHub\Control_System\evidence\experiments\runs\hf2_deferred_capacity_20260907\count_0100\detectors\x\0096\metadata.json","1134"
"C:\Users\Chris\Documents\GitHub\Control_System\evidence\experiments\runs\hf2_deferred_capacity_20260907\count_0100\detectors\x\0097\metadata.json","1134"
"C:\Users\Chris\Documents\GitHub\Control_System\evidence\experiments\runs\hf2_deferred_capacity_20260907\count_0100\detectors\x\0098\metadata.json","1134"
"C:\Users\Chris\Documents\GitHub\Control_System\evidence\experiments\runs\hf2_deferred_capacity_20260907\count_0100\detectors\x\0099\metadata.json","1134"
"C:\Users\Chris\Documents\GitHub\Control_System\evidence\experiments\runs\hf2_deferred_capacity_20260907\count_0100\detectors\y\0000\metadata.json","1133"
"C:\Users\Chris\Documents\GitHub\Control_System\evidence\experiments\runs\hf2_deferred_capacity_20260907\count_0100\detectors\y\0001\metadata.json","1133"
"C:\Users\Chris\Documents\GitHub\Control_System\evidence\experiments\runs\hf2_deferred_capacity_20260907\count_0100\detectors\y\0002\metadata.json","1133"
"C:\Users\Chris\Documents\GitHub\Control_System\evidence\experiments\runs\hf2_deferred_capacity_20260907\count_0100\detectors\y\0003\metadata.json","1133"
"C:\Users\Chris\Documents\GitHub\Control_System\evidence\experiments\runs\hf2_deferred_capacity_20260907\count_0100\detectors\y\0004\metadata.json","1133"
"C:\Users\Chris\Documents\GitHub\Control_System\evidence\experiments\runs\hf2_deferred_capacity_20260907\count_0100\detectors\y\0005\metadata.json","1133"
"C:\Users\Chris\Documents\GitHub\Control_System\evidence\experiments\runs\hf2_deferred_capacity_20260907\count_0100\detectors\y\0006\metadata.json","1133"
"C:\Users\Chris\Documents\GitHub\Control_System\evidence\experiments\runs\hf2_deferred_capacity_20260907\count_0100\detectors\y\0007\metadata.json","1133"
"C:\Users\Chris\Documents\GitHub\Control_System\evidence\experiments\runs\hf2_deferred_capacity_20260907\count_0100\detectors\y\0008\metadata.json","1133"
"C:\Users\Chris\Documents\GitHub\Control_System\evidence\experiments\runs\hf2_deferred_capacity_20260907\count_0100\detectors\y\0009\metadata.json","1133"
"C:\Users\Chris\Documents\GitHub\Control_System\evidence\experiments\runs\hf2_deferred_capacity_20260907\count_0100\detectors\y\0010\metadata.json","1134"
"C:\Users\Chris\Documents\GitHub\Control_System\evidence\experiments\runs\hf2_deferred_capacity_20260907\count_0100\detectors\y\0011\metadata.json","1134"
"C:\Users\Chris\Documents\GitHub\Control_System\evidence\experiments\runs\hf2_deferred_capacity_20260907\count_0100\detectors\y\0012\metadata.json","1134"
"C:\Users\Chris\Documents\GitHub\Control_System\evidence\experiments\runs\hf2_deferred_capacity_20260907\count_0100\detectors\y\0013\metadata.json","1134"
"C:\Users\Chris\Documents\GitHub\Control_System\evidence\experiments\runs\hf2_deferred_capacity_20260907\count_0100\detectors\y\0014\metadata.json","1134"
"C:\Users\Chris\Documents\GitHub\Control_System\evidence\experiments\runs\hf2_deferred_capacity_20260907\count_0100\detectors\y\0015\metadata.json","1134"
"C:\Users\Chris\Documents\GitHub\Control_System\evidence\experiments\runs\hf2_deferred_capacity_20260907\count_0100\detectors\y\0016\metadata.json","1134"
"C:\Users\Chris\Documents\GitHub\Control_System\evidence\experiments\runs\hf2_deferred_capacity_20260907\count_0100\detectors\y\0017\metadata.json","1134"
"C:\Users\Chris\Documents\GitHub\Control_System\evidence\experiments\runs\hf2_deferred_capacity_20260907\count_0100\detectors\y\0018\metadata.json","1134"
"C:\Users\Chris\Documents\GitHub\Control_System\evidence\experiments\runs\hf2_deferred_capacity_20260907\count_0100\detectors\y\0019\metadata.json","1134"
"C:\Users\Chris\Documents\GitHub\Control_System\evidence\experiments\runs\hf2_deferred_capacity_20260907\count_0100\detectors\y\0020\metadata.json","1134"
"C:\Users\Chris\Documents\GitHub\Control_System\evidence\experiments\runs\hf2_deferred_capacity_20260907\count_0100\detectors\y\0021\metadata.json","1134"
"C:\Users\Chris\Documents\GitHub\Control_System\evidence\experiments\runs\hf2_deferred_capacity_20260907\count_0100\detectors\y\0022\metadata.json","1134"
"C:\Users\Chris\Documents\GitHub\Control_System\evidence\experiments\runs\hf2_deferred_capacity_20260907\count_0100\detectors\y\0023\metadata.json","1134"
"C:\Users\Chris\Documents\GitHub\Control_System\evidence\experiments\runs\hf2_deferred_capacity_20260907\count_0100\detectors\y\0024\metadata.json","1134"
"C:\Users\Chris\Documents\GitHub\Control_System\evidence\experiments\runs\hf2_deferred_capacity_20260907\count_0100\detectors\y\0025\metadata.json","1134"
"C:\Users\Chris\Documents\GitHub\Control_System\evidence\experiments\runs\hf2_deferred_capacity_20260907\count_0100\detectors\y\0026\metadata.json","1134"
"C:\Users\Chris\Documents\GitHub\Control_System\evidence\experiments\runs\hf2_deferred_capacity_20260907\count_0100\detectors\y\0027\metadata.json","1134"
"C:\Users\Chris\Documents\GitHub\Control_System\evidence\experiments\runs\hf2_deferred_capacity_20260907\count_0100\detectors\y\0028\metadata.json","1134"
"C:\Users\Chris\Documents\GitHub\Control_System\evidence\experiments\runs\hf2_deferred_capacity_20260907\count_0100\detectors\y\0029\metadata.json","1134"
"C:\Users\Chris\Documents\GitHub\Control_System\evidence\experiments\runs\hf2_deferred_capacity_20260907\count_0100\detectors\y\0030\metadata.json","1134"
"C:\Users\Chris\Documents\GitHub\Control_System\evidence\experiments\runs\hf2_deferred_capacity_20260907\count_0100\detectors\y\0031\metadata.json","1134"
"C:\Users\Chris\Documents\GitHub\Control_System\evidence\experiments\runs\hf2_deferred_capacity_20260907\count_0100\detectors\y\0032\metadata.json","1134"
"C:\Users\Chris\Documents\GitHub\Control_System\evidence\experiments\runs\hf2_deferred_capacity_20260907\count_0100\detectors\y\0033\metadata.json","1134"
"C:\Users\Chris\Documents\GitHub\Control_System\evidence\experiments\runs\hf2_deferred_capacity_20260907\count_0100\detectors\y\0034\metadata.json","1134"
"C:\Users\Chris\Documents\GitHub\Control_System\evidence\experiments\runs\hf2_deferred_capacity_20260907\count_0100\detectors\y\0035\metadata.json","1134"
"C:\Users\Chris\Documents\GitHub\Control_System\evidence\experiments\runs\hf2_deferred_capacity_20260907\count_0100\detectors\y\0036\metadata.json","1134"
"C:\Users\Chris\Documents\GitHub\Control_System\evidence\experiments\runs\hf2_deferred_capacity_20260907\count_0100\detectors\y\0037\metadata.json","1134"
"C:\Users\Chris\Documents\GitHub\Control_System\evidence\experiments\runs\hf2_deferred_capacity_20260907\count_0100\detectors\y\0038\metadata.json","1134"
"C:\Users\Chris\Documents\GitHub\Control_System\evidence\experiments\runs\hf2_deferred_capacity_20260907\count_0100\detectors\y\0039\metadata.json","1134"
"C:\Users\Chris\Documents\GitHub\Control_System\evidence\experiments\runs\hf2_deferred_capacity_20260907\count_0100\detectors\y\0040\metadata.json","1134"
"C:\Users\Chris\Documents\GitHub\Control_System\evidence\experiments\runs\hf2_deferred_capacity_20260907\count_0100\detectors\y\0041\metadata.json","1134"
"C:\Users\Chris\Documents\GitHub\Control_System\evidence\experiments\runs\hf2_deferred_capacity_20260907\count_0100\detectors\y\0042\metadata.json","1134"
"C:\Users\Chris\Documents\GitHub\Control_System\evidence\experiments\runs\hf2_deferred_capacity_20260907\count_0100\detectors\y\0043\metadata.json","1134"
"C:\Users\Chris\Documents\GitHub\Control_System\evidence\experiments\runs\hf2_deferred_capacity_20260907\count_0100\detectors\y\0044\metadata.json","1134"
"C:\Users\Chris\Documents\GitHub\Control_System\evidence\experiments\runs\hf2_deferred_capacity_20260907\count_0100\detectors\y\0045\metadata.json","1134"
"C:\Users\Chris\Documents\GitHub\Control_System\evidence\experiments\runs\hf2_deferred_capacity_20260907\count_0100\detectors\y\0046\metadata.json","1134"
"C:\Users\Chris\Documents\GitHub\Control_System\evidence\experiments\runs\hf2_deferred_capacity_20260907\count_0100\detectors\y\0047\metadata.json","1134"
"C:\Users\Chris\Documents\GitHub\Control_System\evidence\experiments\runs\hf2_deferred_capacity_20260907\count_0100\detectors\y\0048\metadata.json","1134"
"C:\Users\Chris\Documents\GitHub\Control_System\evidence\experiments\runs\hf2_deferred_capacity_20260907\count_0100\detectors\y\0049\metadata.json","1134"
"C:\Users\Chris\Documents\GitHub\Control_System\evidence\experiments\runs\hf2_deferred_capacity_20260907\count_0100\detectors\y\0050\metadata.json","1134"
"C:\Users\Chris\Documents\GitHub\Control_System\evidence\experiments\runs\hf2_deferred_capacity_20260907\count_0100\detectors\y\0051\metadata.json","1134"
"C:\Users\Chris\Documents\GitHub\Control_System\evidence\experiments\runs\hf2_deferred_capacity_20260907\count_0100\detectors\y\0052\metadata.json","1134"
"C:\Users\Chris\Documents\GitHub\Control_System\evidence\experiments\runs\hf2_deferred_capacity_20260907\count_0100\detectors\y\0053\metadata.json","1134"
"C:\Users\Chris\Documents\GitHub\Control_System\evidence\experiments\runs\hf2_deferred_capacity_20260907\count_0100\detectors\y\0054\metadata.json","1134"
"C:\Users\Chris\Documents\GitHub\Control_System\evidence\experiments\runs\hf2_deferred_capacity_20260907\count_0100\detectors\y\0055\metadata.json","1134"
"C:\Users\Chris\Documents\GitHub\Control_System\evidence\experiments\runs\hf2_deferred_capacity_20260907\count_0100\detectors\y\0056\metadata.json","1134"
"C:\Users\Chris\Documents\GitHub\Control_System\evidence\experiments\runs\hf2_deferred_capacity_20260907\count_0100\detectors\y\0057\metadata.json","1134"
"C:\Users\Chris\Documents\GitHub\Control_System\evidence\experiments\runs\hf2_deferred_capacity_20260907\count_0100\detectors\y\0058\metadata.json","1134"
"C:\Users\Chris\Documents\GitHub\Control_System\evidence\experiments\runs\hf2_deferred_capacity_20260907\count_0100\detectors\y\0059\metadata.json","1134"
"C:\Users\Chris\Documents\GitHub\Control_System\evidence\experiments\runs\hf2_deferred_capacity_20260907\count_0100\detectors\y\0060\metadata.json","1134"
"C:\Users\Chris\Documents\GitHub\Control_System\evidence\experiments\runs\hf2_deferred_capacity_20260907\count_0100\detectors\y\0061\metadata.json","1134"
"C:\Users\Chris\Documents\GitHub\Control_System\evidence\experiments\runs\hf2_deferred_capacity_20260907\count_0100\detectors\y\0062\metadata.json","1134"
"C:\Users\Chris\Documents\GitHub\Control_System\evidence\experiments\runs\hf2_deferred_capacity_20260907\count_0100\detectors\y\0063\metadata.json","1134"
"C:\Users\Chris\Documents\GitHub\Control_System\evidence\experiments\runs\hf2_deferred_capacity_20260907\count_0100\detectors\y\0064\metadata.json","1134"
"C:\Users\Chris\Documents\GitHub\Control_System\evidence\experiments\runs\hf2_deferred_capacity_20260907\count_0100\detectors\y\0065\metadata.json","1134"
"C:\Users\Chris\Documents\GitHub\Control_System\evidence\experiments\runs\hf2_deferred_capacity_20260907\count_0100\detectors\y\0066\metadata.json","1134"
"C:\Users\Chris\Documents\GitHub\Control_System\evidence\experiments\runs\hf2_deferred_capacity_20260907\count_0100\detectors\y\0067\metadata.json","1134"
"C:\Users\Chris\Documents\GitHub\Control_System\evidence\experiments\runs\hf2_deferred_capacity_20260907\count_0100\detectors\y\0068\metadata.json","1134"
"C:\Users\Chris\Documents\GitHub\Control_System\evidence\experiments\runs\hf2_deferred_capacity_20260907\count_0100\detectors\y\0069\metadata.json","1134"
"C:\Users\Chris\Documents\GitHub\Control_System\evidence\experiments\runs\hf2_deferred_capacity_20260907\count_0100\detectors\y\0070\metadata.json","1134"
"C:\Users\Chris\Documents\GitHub\Control_System\evidence\experiments\runs\hf2_deferred_capacity_20260907\count_0100\detectors\y\0071\metadata.json","1134"
"C:\Users\Chris\Documents\GitHub\Control_System\evidence\experiments\runs\hf2_deferred_capacity_20260907\count_0100\detectors\y\0072\metadata.json","1134"
"C:\Users\Chris\Documents\GitHub\Control_System\evidence\experiments\runs\hf2_deferred_capacity_20260907\count_0100\detectors\y\0073\metadata.json","1134"
"C:\Users\Chris\Documents\GitHub\Control_System\evidence\experiments\runs\hf2_deferred_capacity_20260907\count_0100\detectors\y\0074\metadata.json","1134"
"C:\Users\Chris\Documents\GitHub\Control_System\evidence\experiments\runs\hf2_deferred_capacity_20260907\count_0100\detectors\y\0075\metadata.json","1134"
"C:\Users\Chris\Documents\GitHub\Control_System\evidence\experiments\runs\hf2_deferred_capacity_20260907\count_0100\detectors\y\0076\metadata.json","1134"
"C:\Users\Chris\Documents\GitHub\Control_System\evidence\experiments\runs\hf2_deferred_capacity_20260907\count_0100\detectors\y\0077\metadata.json","1134"
"C:\Users\Chris\Documents\GitHub\Control_System\evidence\experiments\runs\hf2_deferred_capacity_20260907\count_0100\detectors\y\0078\metadata.json","1134"
"C:\Users\Chris\Documents\GitHub\Control_System\evidence\experiments\runs\hf2_deferred_capacity_20260907\count_0100\detectors\y\0079\metadata.json","1134"
"C:\Users\Chris\Documents\GitHub\Control_System\evidence\experiments\runs\hf2_deferred_capacity_20260907\count_0100\detectors\y\0080\metadata.json","1134"
"C:\Users\Chris\Documents\GitHub\Control_System\evidence\experiments\runs\hf2_deferred_capacity_20260907\count_0100\detectors\y\0081\metadata.json","1134"
"C:\Users\Chris\Documents\GitHub\Control_System\evidence\experiments\runs\hf2_deferred_capacity_20260907\count_0100\detectors\y\0082\metadata.json","1134"
"C:\Users\Chris\Documents\GitHub\Control_System\evidence\experiments\runs\hf2_deferred_capacity_20260907\count_0100\detectors\y\0083\metadata.json","1134"
"C:\Users\Chris\Documents\GitHub\Control_System\evidence\experiments\runs\hf2_deferred_capacity_20260907\count_0100\detectors\y\0084\metadata.json","1134"
"C:\Users\Chris\Documents\GitHub\Control_System\evidence\experiments\runs\hf2_deferred_capacity_20260907\count_0100\detectors\y\0085\metadata.json","1134"
"C:\Users\Chris\Documents\GitHub\Control_System\evidence\experiments\runs\hf2_deferred_capacity_20260907\count_0100\detectors\y\0086\metadata.json","1134"
"C:\Users\Chris\Documents\GitHub\Control_System\evidence\experiments\runs\hf2_deferred_capacity_20260907\count_0100\detectors\y\0087\metadata.json","1134"
"C:\Users\Chris\Documents\GitHub\Control_System\evidence\experiments\runs\hf2_deferred_capacity_20260907\count_0100\detectors\y\0088\metadata.json","1134"
"C:\Users\Chris\Documents\GitHub\Control_System\evidence\experiments\runs\hf2_deferred_capacity_20260907\count_0100\detectors\y\0089\metadata.json","1134"
"C:\Users\Chris\Documents\GitHub\Control_System\evidence\experiments\runs\hf2_deferred_capacity_20260907\count_0100\detectors\y\0090\metadata.json","1134"
"C:\Users\Chris\Documents\GitHub\Control_System\evidence\experiments\runs\hf2_deferred_capacity_20260907\count_0100\detectors\y\0091\metadata.json","1134"
"C:\Users\Chris\Documents\GitHub\Control_System\evidence\experiments\runs\hf2_deferred_capacity_20260907\count_0100\detectors\y\0092\metadata.json","1134"
"C:\Users\Chris\Documents\GitHub\Control_System\evidence\experiments\runs\hf2_deferred_capacity_20260907\count_0100\detectors\y\0093\metadata.json","1134"
"C:\Users\Chris\Documents\GitHub\Control_System\evidence\experiments\runs\hf2_deferred_capacity_20260907\count_0100\detectors\y\0094\metadata.json","1134"
"C:\Users\Chris\Documents\GitHub\Control_System\evidence\experiments\runs\hf2_deferred_capacity_20260907\count_0100\detectors\y\0095\metadata.json","1134"
"C:\Users\Chris\Documents\GitHub\Control_System\evidence\experiments\runs\hf2_deferred_capacity_20260907\count_0100\detectors\y\0096\metadata.json","1134"
"C:\Users\Chris\Documents\GitHub\Control_System\evidence\experiments\runs\hf2_deferred_capacity_20260907\count_0100\detectors\y\0097\metadata.json","1134"
"C:\Users\Chris\Documents\GitHub\Control_System\evidence\experiments\runs\hf2_deferred_capacity_20260907\count_0100\detectors\y\0098\metadata.json","1134"
"C:\Users\Chris\Documents\GitHub\Control_System\evidence\experiments\runs\hf2_deferred_capacity_20260907\count_0100\detectors\y\0099\metadata.json","1134"
"C:\Users\Chris\Documents\GitHub\Control_System\evidence\experiments\runs\hf2_deferred_capacity_20260907\count_0100\timing\dio\0000\metadata.json","1133"
"C:\Users\Chris\Documents\GitHub\Control_System\evidence\experiments\runs\hf2_deferred_capacity_20260907\count_0100\timing\dio\0001\metadata.json","1133"
"C:\Users\Chris\Documents\GitHub\Control_System\evidence\experiments\runs\hf2_deferred_capacity_20260907\count_0100\timing\dio\0002\metadata.json","1133"
"C:\Users\Chris\Documents\GitHub\Control_System\evidence\experiments\runs\hf2_deferred_capacity_20260907\count_0100\timing\dio\0003\metadata.json","1133"
"C:\Users\Chris\Documents\GitHub\Control_System\evidence\experiments\runs\hf2_deferred_capacity_20260907\count_0100\timing\dio\0004\metadata.json","1133"
"C:\Users\Chris\Documents\GitHub\Control_System\evidence\experiments\runs\hf2_deferred_capacity_20260907\count_0100\timing\dio\0005\metadata.json","1133"
"C:\Users\Chris\Documents\GitHub\Control_System\evidence\experiments\runs\hf2_deferred_capacity_20260907\count_0100\timing\dio\0006\metadata.json","1133"
"C:\Users\Chris\Documents\GitHub\Control_System\evidence\experiments\runs\hf2_deferred_capacity_20260907\count_0100\timing\dio\0007\metadata.json","1133"
"C:\Users\Chris\Documents\GitHub\Control_System\evidence\experiments\runs\hf2_deferred_capacity_20260907\count_0100\timing\dio\0008\metadata.json","1133"
"C:\Users\Chris\Documents\GitHub\Control_System\evidence\experiments\runs\hf2_deferred_capacity_20260907\count_0100\timing\dio\0009\metadata.json","1133"
"C:\Users\Chris\Documents\GitHub\Control_System\evidence\experiments\runs\hf2_deferred_capacity_20260907\count_0100\timing\dio\0010\metadata.json","1134"
"C:\Users\Chris\Documents\GitHub\Control_System\evidence\experiments\runs\hf2_deferred_capacity_20260907\count_0100\timing\dio\0011\metadata.json","1134"
"C:\Users\Chris\Documents\GitHub\Control_System\evidence\experiments\runs\hf2_deferred_capacity_20260907\count_0100\timing\dio\0012\metadata.json","1134"
"C:\Users\Chris\Documents\GitHub\Control_System\evidence\experiments\runs\hf2_deferred_capacity_20260907\count_0100\timing\dio\0013\metadata.json","1134"
"C:\Users\Chris\Documents\GitHub\Control_System\evidence\experiments\runs\hf2_deferred_capacity_20260907\count_0100\timing\dio\0014\metadata.json","1134"
"C:\Users\Chris\Documents\GitHub\Control_System\evidence\experiments\runs\hf2_deferred_capacity_20260907\count_0100\timing\dio\0015\metadata.json","1134"
"C:\Users\Chris\Documents\GitHub\Control_System\evidence\experiments\runs\hf2_deferred_capacity_20260907\count_0100\timing\dio\0016\metadata.json","1134"
"C:\Users\Chris\Documents\GitHub\Control_System\evidence\experiments\runs\hf2_deferred_capacity_20260907\count_0100\timing\dio\0017\metadata.json","1134"
"C:\Users\Chris\Documents\GitHub\Control_System\evidence\experiments\runs\hf2_deferred_capacity_20260907\count_0100\timing\dio\0018\metadata.json","1134"
"C:\Users\Chris\Documents\GitHub\Control_System\evidence\experiments\runs\hf2_deferred_capacity_20260907\count_0100\timing\dio\0019\metadata.json","1134"
"C:\Users\Chris\Documents\GitHub\Control_System\evidence\experiments\runs\hf2_deferred_capacity_20260907\count_0100\timing\dio\0020\metadata.json","1134"
"C:\Users\Chris\Documents\GitHub\Control_System\evidence\experiments\runs\hf2_deferred_capacity_20260907\count_0100\timing\dio\0021\metadata.json","1134"
"C:\Users\Chris\Documents\GitHub\Control_System\evidence\experiments\runs\hf2_deferred_capacity_20260907\count_0100\timing\dio\0022\metadata.json","1134"
"C:\Users\Chris\Documents\GitHub\Control_System\evidence\experiments\runs\hf2_deferred_capacity_20260907\count_0100\timing\dio\0023\metadata.json","1134"
"C:\Users\Chris\Documents\GitHub\Control_System\evidence\experiments\runs\hf2_deferred_capacity_20260907\count_0100\timing\dio\0024\metadata.json","1134"
"C:\Users\Chris\Documents\GitHub\Control_System\evidence\experiments\runs\hf2_deferred_capacity_20260907\count_0100\timing\dio\0025\metadata.json","1134"
"C:\Users\Chris\Documents\GitHub\Control_System\evidence\experiments\runs\hf2_deferred_capacity_20260907\count_0100\timing\dio\0026\metadata.json","1134"
"C:\Users\Chris\Documents\GitHub\Control_System\evidence\experiments\runs\hf2_deferred_capacity_20260907\count_0100\timing\dio\0027\metadata.json","1134"
"C:\Users\Chris\Documents\GitHub\Control_System\evidence\experiments\runs\hf2_deferred_capacity_20260907\count_0100\timing\dio\0028\metadata.json","1134"
"C:\Users\Chris\Documents\GitHub\Control_System\evidence\experiments\runs\hf2_deferred_capacity_20260907\count_0100\timing\dio\0029\metadata.json","1134"
"C:\Users\Chris\Documents\GitHub\Control_System\evidence\experiments\runs\hf2_deferred_capacity_20260907\count_0100\timing\dio\0030\metadata.json","1134"
"C:\Users\Chris\Documents\GitHub\Control_System\evidence\experiments\runs\hf2_deferred_capacity_20260907\count_0100\timing\dio\0031\metadata.json","1134"
"C:\Users\Chris\Documents\GitHub\Control_System\evidence\experiments\runs\hf2_deferred_capacity_20260907\count_0100\timing\dio\0032\metadata.json","1134"
"C:\Users\Chris\Documents\GitHub\Control_System\evidence\experiments\runs\hf2_deferred_capacity_20260907\count_0100\timing\dio\0033\metadata.json","1134"
"C:\Users\Chris\Documents\GitHub\Control_System\evidence\experiments\runs\hf2_deferred_capacity_20260907\count_0100\timing\dio\0034\metadata.json","1134"
"C:\Users\Chris\Documents\GitHub\Control_System\evidence\experiments\runs\hf2_deferred_capacity_20260907\count_0100\timing\dio\0035\metadata.json","1134"
"C:\Users\Chris\Documents\GitHub\Control_System\evidence\experiments\runs\hf2_deferred_capacity_20260907\count_0100\timing\dio\0036\metadata.json","1134"
"C:\Users\Chris\Documents\GitHub\Control_System\evidence\experiments\runs\hf2_deferred_capacity_20260907\count_0100\timing\dio\0037\metadata.json","1134"
"C:\Users\Chris\Documents\GitHub\Control_System\evidence\experiments\runs\hf2_deferred_capacity_20260907\count_0100\timing\dio\0038\metadata.json","1134"
"C:\Users\Chris\Documents\GitHub\Control_System\evidence\experiments\runs\hf2_deferred_capacity_20260907\count_0100\timing\dio\0039\metadata.json","1134"
"C:\Users\Chris\Documents\GitHub\Control_System\evidence\experiments\runs\hf2_deferred_capacity_20260907\count_0100\timing\dio\0040\metadata.json","1134"
"C:\Users\Chris\Documents\GitHub\Control_System\evidence\experiments\runs\hf2_deferred_capacity_20260907\count_0100\timing\dio\0041\metadata.json","1134"
"C:\Users\Chris\Documents\GitHub\Control_System\evidence\experiments\runs\hf2_deferred_capacity_20260907\count_0100\timing\dio\0042\metadata.json","1134"
"C:\Users\Chris\Documents\GitHub\Control_System\evidence\experiments\runs\hf2_deferred_capacity_20260907\count_0100\timing\dio\0043\metadata.json","1134"
"C:\Users\Chris\Documents\GitHub\Control_System\evidence\experiments\runs\hf2_deferred_capacity_20260907\count_0100\timing\dio\0044\metadata.json","1134"
"C:\Users\Chris\Documents\GitHub\Control_System\evidence\experiments\runs\hf2_deferred_capacity_20260907\count_0100\timing\dio\0045\metadata.json","1134"
"C:\Users\Chris\Documents\GitHub\Control_System\evidence\experiments\runs\hf2_deferred_capacity_20260907\count_0100\timing\dio\0046\metadata.json","1134"
"C:\Users\Chris\Documents\GitHub\Control_System\evidence\experiments\runs\hf2_deferred_capacity_20260907\count_0100\timing\dio\0047\metadata.json","1134"
"C:\Users\Chris\Documents\GitHub\Control_System\evidence\experiments\runs\hf2_deferred_capacity_20260907\count_0100\timing\dio\0048\metadata.json","1134"
"C:\Users\Chris\Documents\GitHub\Control_System\evidence\experiments\runs\hf2_deferred_capacity_20260907\count_0100\timing\dio\0049\metadata.json","1134"
"C:\Users\Chris\Documents\GitHub\Control_System\evidence\experiments\runs\hf2_deferred_capacity_20260907\count_0100\timing\dio\0050\metadata.json","1134"
"C:\Users\Chris\Documents\GitHub\Control_System\evidence\experiments\runs\hf2_deferred_capacity_20260907\count_0100\timing\dio\0051\metadata.json","1134"
"C:\Users\Chris\Documents\GitHub\Control_System\evidence\experiments\runs\hf2_deferred_capacity_20260907\count_0100\timing\dio\0052\metadata.json","1134"
"C:\Users\Chris\Documents\GitHub\Control_System\evidence\experiments\runs\hf2_deferred_capacity_20260907\count_0100\timing\dio\0053\metadata.json","1134"
"C:\Users\Chris\Documents\GitHub\Control_System\evidence\experiments\runs\hf2_deferred_capacity_20260907\count_0100\timing\dio\0054\metadata.json","1134"
"C:\Users\Chris\Documents\GitHub\Control_System\evidence\experiments\runs\hf2_deferred_capacity_20260907\count_0100\timing\dio\0055\metadata.json","1134"
"C:\Users\Chris\Documents\GitHub\Control_System\evidence\experiments\runs\hf2_deferred_capacity_20260907\count_0100\timing\dio\0056\metadata.json","1134"
"C:\Users\Chris\Documents\GitHub\Control_System\evidence\experiments\runs\hf2_deferred_capacity_20260907\count_0100\timing\dio\0057\metadata.json","1134"
"C:\Users\Chris\Documents\GitHub\Control_System\evidence\experiments\runs\hf2_deferred_capacity_20260907\count_0100\timing\dio\0058\metadata.json","1134"
"C:\Users\Chris\Documents\GitHub\Control_System\evidence\experiments\runs\hf2_deferred_capacity_20260907\count_0100\timing\dio\0059\metadata.json","1134"
"C:\Users\Chris\Documents\GitHub\Control_System\evidence\experiments\runs\hf2_deferred_capacity_20260907\count_0100\timing\dio\0060\metadata.json","1134"
"C:\Users\Chris\Documents\GitHub\Control_System\evidence\experiments\runs\hf2_deferred_capacity_20260907\count_0100\timing\dio\0061\metadata.json","1134"
"C:\Users\Chris\Documents\GitHub\Control_System\evidence\experiments\runs\hf2_deferred_capacity_20260907\count_0100\timing\dio\0062\metadata.json","1134"
"C:\Users\Chris\Documents\GitHub\Control_System\evidence\experiments\runs\hf2_deferred_capacity_20260907\count_0100\timing\dio\0063\metadata.json","1134"
"C:\Users\Chris\Documents\GitHub\Control_System\evidence\experiments\runs\hf2_deferred_capacity_20260907\count_0100\timing\dio\0064\metadata.json","1134"
"C:\Users\Chris\Documents\GitHub\Control_System\evidence\experiments\runs\hf2_deferred_capacity_20260907\count_0100\timing\dio\0065\metadata.json","1134"
"C:\Users\Chris\Documents\GitHub\Control_System\evidence\experiments\runs\hf2_deferred_capacity_20260907\count_0100\timing\dio\0066\metadata.json","1134"
"C:\Users\Chris\Documents\GitHub\Control_System\evidence\experiments\runs\hf2_deferred_capacity_20260907\count_0100\timing\dio\0067\metadata.json","1134"
"C:\Users\Chris\Documents\GitHub\Control_System\evidence\experiments\runs\hf2_deferred_capacity_20260907\count_0100\timing\dio\0068\metadata.json","1134"
"C:\Users\Chris\Documents\GitHub\Control_System\evidence\experiments\runs\hf2_deferred_capacity_20260907\count_0100\timing\dio\0069\metadata.json","1134"
"C:\Users\Chris\Documents\GitHub\Control_System\evidence\experiments\runs\hf2_deferred_capacity_20260907\count_0100\timing\dio\0070\metadata.json","1134"
"C:\Users\Chris\Documents\GitHub\Control_System\evidence\experiments\runs\hf2_deferred_capacity_20260907\count_0100\timing\dio\0071\metadata.json","1134"
"C:\Users\Chris\Documents\GitHub\Control_System\evidence\experiments\runs\hf2_deferred_capacity_20260907\count_0100\timing\dio\0072\metadata.json","1134"
"C:\Users\Chris\Documents\GitHub\Control_System\evidence\experiments\runs\hf2_deferred_capacity_20260907\count_0100\timing\dio\0073\metadata.json","1134"
"C:\Users\Chris\Documents\GitHub\Control_System\evidence\experiments\runs\hf2_deferred_capacity_20260907\count_0100\timing\dio\0074\metadata.json","1134"
"C:\Users\Chris\Documents\GitHub\Control_System\evidence\experiments\runs\hf2_deferred_capacity_20260907\count_0100\timing\dio\0075\metadata.json","1134"
"C:\Users\Chris\Documents\GitHub\Control_System\evidence\experiments\runs\hf2_deferred_capacity_20260907\count_0100\timing\dio\0076\metadata.json","1134"
"C:\Users\Chris\Documents\GitHub\Control_System\evidence\experiments\runs\hf2_deferred_capacity_20260907\count_0100\timing\dio\0077\metadata.json","1134"
"C:\Users\Chris\Documents\GitHub\Control_System\evidence\experiments\runs\hf2_deferred_capacity_20260907\count_0100\timing\dio\0078\metadata.json","1134"
"C:\Users\Chris\Documents\GitHub\Control_System\evidence\experiments\runs\hf2_deferred_capacity_20260907\count_0100\timing\dio\0079\metadata.json","1134"
"C:\Users\Chris\Documents\GitHub\Control_System\evidence\experiments\runs\hf2_deferred_capacity_20260907\count_0100\timing\dio\0080\metadata.json","1134"
"C:\Users\Chris\Documents\GitHub\Control_System\evidence\experiments\runs\hf2_deferred_capacity_20260907\count_0100\timing\dio\0081\metadata.json","1134"
"C:\Users\Chris\Documents\GitHub\Control_System\evidence\experiments\runs\hf2_deferred_capacity_20260907\count_0100\timing\dio\0082\metadata.json","1134"
"C:\Users\Chris\Documents\GitHub\Control_System\evidence\experiments\runs\hf2_deferred_capacity_20260907\count_0100\timing\dio\0083\metadata.json","1134"
"C:\Users\Chris\Documents\GitHub\Control_System\evidence\experiments\runs\hf2_deferred_capacity_20260907\count_0100\timing\dio\0084\metadata.json","1134"
"C:\Users\Chris\Documents\GitHub\Control_System\evidence\experiments\runs\hf2_deferred_capacity_20260907\count_0100\timing\dio\0085\metadata.json","1134"
"C:\Users\Chris\Documents\GitHub\Control_System\evidence\experiments\runs\hf2_deferred_capacity_20260907\count_0100\timing\dio\0086\metadata.json","1134"
"C:\Users\Chris\Documents\GitHub\Control_System\evidence\experiments\runs\hf2_deferred_capacity_20260907\count_0100\timing\dio\0087\metadata.json","1134"
"C:\Users\Chris\Documents\GitHub\Control_System\evidence\experiments\runs\hf2_deferred_capacity_20260907\count_0100\timing\dio\0088\metadata.json","1134"
"C:\Users\Chris\Documents\GitHub\Control_System\evidence\experiments\runs\hf2_deferred_capacity_20260907\count_0100\timing\dio\0089\metadata.json","1134"
"C:\Users\Chris\Documents\GitHub\Control_System\evidence\experiments\runs\hf2_deferred_capacity_20260907\count_0100\timing\dio\0090\metadata.json","1134"
"C:\Users\Chris\Documents\GitHub\Control_System\evidence\experiments\runs\hf2_deferred_capacity_20260907\count_0100\timing\dio\0091\metadata.json","1134"
"C:\Users\Chris\Documents\GitHub\Control_System\evidence\experiments\runs\hf2_deferred_capacity_20260907\count_0100\timing\dio\0092\metadata.json","1134"
"C:\Users\Chris\Documents\GitHub\Control_System\evidence\experiments\runs\hf2_deferred_capacity_20260907\count_0100\timing\dio\0093\metadata.json","1134"
"C:\Users\Chris\Documents\GitHub\Control_System\evidence\experiments\runs\hf2_deferred_capacity_20260907\count_0100\timing\dio\0094\metadata.json","1134"
"C:\Users\Chris\Documents\GitHub\Control_System\evidence\experiments\runs\hf2_deferred_capacity_20260907\count_0100\timing\dio\0095\metadata.json","1134"
"C:\Users\Chris\Documents\GitHub\Control_System\evidence\experiments\runs\hf2_deferred_capacity_20260907\count_0100\timing\dio\0096\metadata.json","1134"
"C:\Users\Chris\Documents\GitHub\Control_System\evidence\experiments\runs\hf2_deferred_capacity_20260907\count_0100\timing\dio\0097\metadata.json","1134"
"C:\Users\Chris\Documents\GitHub\Control_System\evidence\experiments\runs\hf2_deferred_capacity_20260907\count_0100\timing\dio\0098\metadata.json","1134"
"C:\Users\Chris\Documents\GitHub\Control_System\evidence\experiments\runs\hf2_deferred_capacity_20260907\count_0100\timing\dio\0099\metadata.json","1134"
"C:\Users\Chris\Documents\GitHub\Control_System\evidence\experiments\runs\hf2_deferred_capacity_20260907\count_0190\detectors_configuration.json","295"
"C:\Users\Chris\Documents\GitHub\Control_System\evidence\experiments\runs\hf2_deferred_capacity_20260907\count_0190\memory.json","16055"
"C:\Users\Chris\Documents\GitHub\Control_System\evidence\experiments\runs\hf2_deferred_capacity_20260907\count_0190\result.json","147613"
"C:\Users\Chris\Documents\GitHub\Control_System\evidence\experiments\runs\hf2_deferred_capacity_20260907\count_0190\timing_configuration.json","295"
"C:\Users\Chris\Documents\GitHub\Control_System\evidence\experiments\runs\hf2_deferred_capacity_20260907\count_0190\detectors\x\0000\metadata.json","1133"
"C:\Users\Chris\Documents\GitHub\Control_System\evidence\experiments\runs\hf2_deferred_capacity_20260907\count_0190\detectors\x\0001\metadata.json","1133"
"C:\Users\Chris\Documents\GitHub\Control_System\evidence\experiments\runs\hf2_deferred_capacity_20260907\count_0190\detectors\x\0002\metadata.json","1133"
"C:\Users\Chris\Documents\GitHub\Control_System\evidence\experiments\runs\hf2_deferred_capacity_20260907\count_0190\detectors\x\0003\metadata.json","1133"
"C:\Users\Chris\Documents\GitHub\Control_System\evidence\experiments\runs\hf2_deferred_capacity_20260907\count_0190\detectors\x\0004\metadata.json","1133"
"C:\Users\Chris\Documents\GitHub\Control_System\evidence\experiments\runs\hf2_deferred_capacity_20260907\count_0190\detectors\x\0005\metadata.json","1133"
"C:\Users\Chris\Documents\GitHub\Control_System\evidence\experiments\runs\hf2_deferred_capacity_20260907\count_0190\detectors\x\0006\metadata.json","1133"
"C:\Users\Chris\Documents\GitHub\Control_System\evidence\experiments\runs\hf2_deferred_capacity_20260907\count_0190\detectors\x\0007\metadata.json","1133"
"C:\Users\Chris\Documents\GitHub\Control_System\evidence\experiments\runs\hf2_deferred_capacity_20260907\count_0190\detectors\x\0008\metadata.json","1133"
"C:\Users\Chris\Documents\GitHub\Control_System\evidence\experiments\runs\hf2_deferred_capacity_20260907\count_0190\detectors\x\0009\metadata.json","1133"
"C:\Users\Chris\Documents\GitHub\Control_System\evidence\experiments\runs\hf2_deferred_capacity_20260907\count_0190\detectors\x\0010\metadata.json","1134"
"C:\Users\Chris\Documents\GitHub\Control_System\evidence\experiments\runs\hf2_deferred_capacity_20260907\count_0190\detectors\x\0011\metadata.json","1134"
"C:\Users\Chris\Documents\GitHub\Control_System\evidence\experiments\runs\hf2_deferred_capacity_20260907\count_0190\detectors\x\0012\metadata.json","1134"
"C:\Users\Chris\Documents\GitHub\Control_System\evidence\experiments\runs\hf2_deferred_capacity_20260907\count_0190\detectors\x\0013\metadata.json","1134"
"C:\Users\Chris\Documents\GitHub\Control_System\evidence\experiments\runs\hf2_deferred_capacity_20260907\count_0190\detectors\x\0014\metadata.json","1134"
"C:\Users\Chris\Documents\GitHub\Control_System\evidence\experiments\runs\hf2_deferred_capacity_20260907\count_0190\detectors\x\0015\metadata.json","1134"
"C:\Users\Chris\Documents\GitHub\Control_System\evidence\experiments\runs\hf2_deferred_capacity_20260907\count_0190\detectors\x\0016\metadata.json","1134"
"C:\Users\Chris\Documents\GitHub\Control_System\evidence\experiments\runs\hf2_deferred_capacity_20260907\count_0190\detectors\x\0017\metadata.json","1134"
"C:\Users\Chris\Documents\GitHub\Control_System\evidence\experiments\runs\hf2_deferred_capacity_20260907\count_0190\detectors\x\0018\metadata.json","1134"
"C:\Users\Chris\Documents\GitHub\Control_System\evidence\experiments\runs\hf2_deferred_capacity_20260907\count_0190\detectors\x\0019\metadata.json","1134"
"C:\Users\Chris\Documents\GitHub\Control_System\evidence\experiments\runs\hf2_deferred_capacity_20260907\count_0190\detectors\x\0020\metadata.json","1134"
"C:\Users\Chris\Documents\GitHub\Control_System\evidence\experiments\runs\hf2_deferred_capacity_20260907\count_0190\detectors\x\0021\metadata.json","1134"
"C:\Users\Chris\Documents\GitHub\Control_System\evidence\experiments\runs\hf2_deferred_capacity_20260907\count_0190\detectors\x\0022\metadata.json","1134"
"C:\Users\Chris\Documents\GitHub\Control_System\evidence\experiments\runs\hf2_deferred_capacity_20260907\count_0190\detectors\x\0023\metadata.json","1134"
"C:\Users\Chris\Documents\GitHub\Control_System\evidence\experiments\runs\hf2_deferred_capacity_20260907\count_0190\detectors\x\0024\metadata.json","1134"
"C:\Users\Chris\Documents\GitHub\Control_System\evidence\experiments\runs\hf2_deferred_capacity_20260907\count_0190\detectors\x\0025\metadata.json","1134"
"C:\Users\Chris\Documents\GitHub\Control_System\evidence\experiments\runs\hf2_deferred_capacity_20260907\count_0190\detectors\x\0026\metadata.json","1134"
"C:\Users\Chris\Documents\GitHub\Control_System\evidence\experiments\runs\hf2_deferred_capacity_20260907\count_0190\detectors\x\0027\metadata.json","1134"
"C:\Users\Chris\Documents\GitHub\Control_System\evidence\experiments\runs\hf2_deferred_capacity_20260907\count_0190\detectors\x\0028\metadata.json","1134"
"C:\Users\Chris\Documents\GitHub\Control_System\evidence\experiments\runs\hf2_deferred_capacity_20260907\count_0190\detectors\x\0029\metadata.json","1134"
"C:\Users\Chris\Documents\GitHub\Control_System\evidence\experiments\runs\hf2_deferred_capacity_20260907\count_0190\detectors\x\0030\metadata.json","1134"
"C:\Users\Chris\Documents\GitHub\Control_System\evidence\experiments\runs\hf2_deferred_capacity_20260907\count_0190\detectors\x\0031\metadata.json","1134"
"C:\Users\Chris\Documents\GitHub\Control_System\evidence\experiments\runs\hf2_deferred_capacity_20260907\count_0190\detectors\x\0032\metadata.json","1134"
"C:\Users\Chris\Documents\GitHub\Control_System\evidence\experiments\runs\hf2_deferred_capacity_20260907\count_0190\detectors\x\0033\metadata.json","1134"
"C:\Users\Chris\Documents\GitHub\Control_System\evidence\experiments\runs\hf2_deferred_capacity_20260907\count_0190\detectors\x\0034\metadata.json","1134"
"C:\Users\Chris\Documents\GitHub\Control_System\evidence\experiments\runs\hf2_deferred_capacity_20260907\count_0190\detectors\x\0035\metadata.json","1134"
"C:\Users\Chris\Documents\GitHub\Control_System\evidence\experiments\runs\hf2_deferred_capacity_20260907\count_0190\detectors\x\0036\metadata.json","1134"
"C:\Users\Chris\Documents\GitHub\Control_System\evidence\experiments\runs\hf2_deferred_capacity_20260907\count_0190\detectors\x\0037\metadata.json","1134"
"C:\Users\Chris\Documents\GitHub\Control_System\evidence\experiments\runs\hf2_deferred_capacity_20260907\count_0190\detectors\x\0038\metadata.json","1134"
"C:\Users\Chris\Documents\GitHub\Control_System\evidence\experiments\runs\hf2_deferred_capacity_20260907\count_0190\detectors\x\0039\metadata.json","1134"
"C:\Users\Chris\Documents\GitHub\Control_System\evidence\experiments\runs\hf2_deferred_capacity_20260907\count_0190\detectors\x\0040\metadata.json","1134"
"C:\Users\Chris\Documents\GitHub\Control_System\evidence\experiments\runs\hf2_deferred_capacity_20260907\count_0190\detectors\x\0041\metadata.json","1134"
"C:\Users\Chris\Documents\GitHub\Control_System\evidence\experiments\runs\hf2_deferred_capacity_20260907\count_0190\detectors\x\0042\metadata.json","1134"
"C:\Users\Chris\Documents\GitHub\Control_System\evidence\experiments\runs\hf2_deferred_capacity_20260907\count_0190\detectors\x\0043\metadata.json","1134"
"C:\Users\Chris\Documents\GitHub\Control_System\evidence\experiments\runs\hf2_deferred_capacity_20260907\count_0190\detectors\x\0044\metadata.json","1134"
"C:\Users\Chris\Documents\GitHub\Control_System\evidence\experiments\runs\hf2_deferred_capacity_20260907\count_0190\detectors\x\0045\metadata.json","1134"
"C:\Users\Chris\Documents\GitHub\Control_System\evidence\experiments\runs\hf2_deferred_capacity_20260907\count_0190\detectors\x\0046\metadata.json","1134"
"C:\Users\Chris\Documents\GitHub\Control_System\evidence\experiments\runs\hf2_deferred_capacity_20260907\count_0190\detectors\x\0047\metadata.json","1134"
"C:\Users\Chris\Documents\GitHub\Control_System\evidence\experiments\runs\hf2_deferred_capacity_20260907\count_0190\detectors\x\0048\metadata.json","1134"
"C:\Users\Chris\Documents\GitHub\Control_System\evidence\experiments\runs\hf2_deferred_capacity_20260907\count_0190\detectors\x\0049\metadata.json","1134"
"C:\Users\Chris\Documents\GitHub\Control_System\evidence\experiments\runs\hf2_deferred_capacity_20260907\count_0190\detectors\x\0050\metadata.json","1134"
"C:\Users\Chris\Documents\GitHub\Control_System\evidence\experiments\runs\hf2_deferred_capacity_20260907\count_0190\detectors\x\0051\metadata.json","1134"
"C:\Users\Chris\Documents\GitHub\Control_System\evidence\experiments\runs\hf2_deferred_capacity_20260907\count_0190\detectors\x\0052\metadata.json","1134"
"C:\Users\Chris\Documents\GitHub\Control_System\evidence\experiments\runs\hf2_deferred_capacity_20260907\count_0190\detectors\x\0053\metadata.json","1134"
"C:\Users\Chris\Documents\GitHub\Control_System\evidence\experiments\runs\hf2_deferred_capacity_20260907\count_0190\detectors\x\0054\metadata.json","1134"
"C:\Users\Chris\Documents\GitHub\Control_System\evidence\experiments\runs\hf2_deferred_capacity_20260907\count_0190\detectors\x\0055\metadata.json","1134"
"C:\Users\Chris\Documents\GitHub\Control_System\evidence\experiments\runs\hf2_deferred_capacity_20260907\count_0190\detectors\x\0056\metadata.json","1134"
"C:\Users\Chris\Documents\GitHub\Control_System\evidence\experiments\runs\hf2_deferred_capacity_20260907\count_0190\detectors\x\0057\metadata.json","1134"
"C:\Users\Chris\Documents\GitHub\Control_System\evidence\experiments\runs\hf2_deferred_capacity_20260907\count_0190\detectors\x\0058\metadata.json","1134"
"C:\Users\Chris\Documents\GitHub\Control_System\evidence\experiments\runs\hf2_deferred_capacity_20260907\count_0190\detectors\x\0059\metadata.json","1134"
"C:\Users\Chris\Documents\GitHub\Control_System\evidence\experiments\runs\hf2_deferred_capacity_20260907\count_0190\detectors\x\0060\metadata.json","1134"
"C:\Users\Chris\Documents\GitHub\Control_System\evidence\experiments\runs\hf2_deferred_capacity_20260907\count_0190\detectors\x\0061\metadata.json","1134"
"C:\Users\Chris\Documents\GitHub\Control_System\evidence\experiments\runs\hf2_deferred_capacity_20260907\count_0190\detectors\x\0062\metadata.json","1134"
"C:\Users\Chris\Documents\GitHub\Control_System\evidence\experiments\runs\hf2_deferred_capacity_20260907\count_0190\detectors\x\0063\metadata.json","1134"
"C:\Users\Chris\Documents\GitHub\Control_System\evidence\experiments\runs\hf2_deferred_capacity_20260907\count_0190\detectors\x\0064\metadata.json","1134"
"C:\Users\Chris\Documents\GitHub\Control_System\evidence\experiments\runs\hf2_deferred_capacity_20260907\count_0190\detectors\x\0065\metadata.json","1134"
"C:\Users\Chris\Documents\GitHub\Control_System\evidence\experiments\runs\hf2_deferred_capacity_20260907\count_0190\detectors\x\0066\metadata.json","1134"
"C:\Users\Chris\Documents\GitHub\Control_System\evidence\experiments\runs\hf2_deferred_capacity_20260907\count_0190\detectors\x\0067\metadata.json","1134"
"C:\Users\Chris\Documents\GitHub\Control_System\evidence\experiments\runs\hf2_deferred_capacity_20260907\count_0190\detectors\x\0068\metadata.json","1134"
"C:\Users\Chris\Documents\GitHub\Control_System\evidence\experiments\runs\hf2_deferred_capacity_20260907\count_0190\detectors\x\0069\metadata.json","1134"
"C:\Users\Chris\Documents\GitHub\Control_System\evidence\experiments\runs\hf2_deferred_capacity_20260907\count_0190\detectors\x\0070\metadata.json","1134"
"C:\Users\Chris\Documents\GitHub\Control_System\evidence\experiments\runs\hf2_deferred_capacity_20260907\count_0190\detectors\x\0071\metadata.json","1134"
"C:\Users\Chris\Documents\GitHub\Control_System\evidence\experiments\runs\hf2_deferred_capacity_20260907\count_0190\detectors\x\0072\metadata.json","1134"
"C:\Users\Chris\Documents\GitHub\Control_System\evidence\experiments\runs\hf2_deferred_capacity_20260907\count_0190\detectors\x\0073\metadata.json","1134"
"C:\Users\Chris\Documents\GitHub\Control_System\evidence\experiments\runs\hf2_deferred_capacity_20260907\count_0190\detectors\x\0074\metadata.json","1134"
"C:\Users\Chris\Documents\GitHub\Control_System\evidence\experiments\runs\hf2_deferred_capacity_20260907\count_0190\detectors\x\0075\metadata.json","1134"
"C:\Users\Chris\Documents\GitHub\Control_System\evidence\experiments\runs\hf2_deferred_capacity_20260907\count_0190\detectors\x\0076\metadata.json","1134"
"C:\Users\Chris\Documents\GitHub\Control_System\evidence\experiments\runs\hf2_deferred_capacity_20260907\count_0190\detectors\x\0077\metadata.json","1134"
"C:\Users\Chris\Documents\GitHub\Control_System\evidence\experiments\runs\hf2_deferred_capacity_20260907\count_0190\detectors\x\0078\metadata.json","1134"
"C:\Users\Chris\Documents\GitHub\Control_System\evidence\experiments\runs\hf2_deferred_capacity_20260907\count_0190\detectors\x\0079\metadata.json","1134"
"C:\Users\Chris\Documents\GitHub\Control_System\evidence\experiments\runs\hf2_deferred_capacity_20260907\count_0190\detectors\x\0080\metadata.json","1134"
"C:\Users\Chris\Documents\GitHub\Control_System\evidence\experiments\runs\hf2_deferred_capacity_20260907\count_0190\detectors\x\0081\metadata.json","1134"
"C:\Users\Chris\Documents\GitHub\Control_System\evidence\experiments\runs\hf2_deferred_capacity_20260907\count_0190\detectors\x\0082\metadata.json","1134"
"C:\Users\Chris\Documents\GitHub\Control_System\evidence\experiments\runs\hf2_deferred_capacity_20260907\count_0190\detectors\x\0083\metadata.json","1134"
"C:\Users\Chris\Documents\GitHub\Control_System\evidence\experiments\runs\hf2_deferred_capacity_20260907\count_0190\detectors\x\0084\metadata.json","1134"
"C:\Users\Chris\Documents\GitHub\Control_System\evidence\experiments\runs\hf2_deferred_capacity_20260907\count_0190\detectors\x\0085\metadata.json","1134"
"C:\Users\Chris\Documents\GitHub\Control_System\evidence\experiments\runs\hf2_deferred_capacity_20260907\count_0190\detectors\x\0086\metadata.json","1134"
"C:\Users\Chris\Documents\GitHub\Control_System\evidence\experiments\runs\hf2_deferred_capacity_20260907\count_0190\detectors\x\0087\metadata.json","1134"
"C:\Users\Chris\Documents\GitHub\Control_System\evidence\experiments\runs\hf2_deferred_capacity_20260907\count_0190\detectors\x\0088\metadata.json","1134"
"C:\Users\Chris\Documents\GitHub\Control_System\evidence\experiments\runs\hf2_deferred_capacity_20260907\count_0190\detectors\x\0089\metadata.json","1134"
"C:\Users\Chris\Documents\GitHub\Control_System\evidence\experiments\runs\hf2_deferred_capacity_20260907\count_0190\detectors\x\0090\metadata.json","1134"
"C:\Users\Chris\Documents\GitHub\Control_System\evidence\experiments\runs\hf2_deferred_capacity_20260907\count_0190\detectors\x\0091\metadata.json","1134"
"C:\Users\Chris\Documents\GitHub\Control_System\evidence\experiments\runs\hf2_deferred_capacity_20260907\count_0190\detectors\x\0092\metadata.json","1134"
"C:\Users\Chris\Documents\GitHub\Control_System\evidence\experiments\runs\hf2_deferred_capacity_20260907\count_0190\detectors\x\0093\metadata.json","1134"
"C:\Users\Chris\Documents\GitHub\Control_System\evidence\experiments\runs\hf2_deferred_capacity_20260907\count_0190\detectors\x\0094\metadata.json","1134"
"C:\Users\Chris\Documents\GitHub\Control_System\evidence\experiments\runs\hf2_deferred_capacity_20260907\count_0190\detectors\x\0095\metadata.json","1134"
"C:\Users\Chris\Documents\GitHub\Control_System\evidence\experiments\runs\hf2_deferred_capacity_20260907\count_0190\detectors\x\0096\metadata.json","1134"
"C:\Users\Chris\Documents\GitHub\Control_System\evidence\experiments\runs\hf2_deferred_capacity_20260907\count_0190\detectors\x\0097\metadata.json","1134"
"C:\Users\Chris\Documents\GitHub\Control_System\evidence\experiments\runs\hf2_deferred_capacity_20260907\count_0190\detectors\x\0098\metadata.json","1134"
"C:\Users\Chris\Documents\GitHub\Control_System\evidence\experiments\runs\hf2_deferred_capacity_20260907\count_0190\detectors\x\0099\metadata.json","1134"
"C:\Users\Chris\Documents\GitHub\Control_System\evidence\experiments\runs\hf2_deferred_capacity_20260907\count_0190\detectors\x\0100\metadata.json","1135"
"C:\Users\Chris\Documents\GitHub\Control_System\evidence\experiments\runs\hf2_deferred_capacity_20260907\count_0190\detectors\x\0101\metadata.json","1135"
"C:\Users\Chris\Documents\GitHub\Control_System\evidence\experiments\runs\hf2_deferred_capacity_20260907\count_0190\detectors\x\0102\metadata.json","1135"
"C:\Users\Chris\Documents\GitHub\Control_System\evidence\experiments\runs\hf2_deferred_capacity_20260907\count_0190\detectors\x\0103\metadata.json","1135"
"C:\Users\Chris\Documents\GitHub\Control_System\evidence\experiments\runs\hf2_deferred_capacity_20260907\count_0190\detectors\x\0104\metadata.json","1135"
"C:\Users\Chris\Documents\GitHub\Control_System\evidence\experiments\runs\hf2_deferred_capacity_20260907\count_0190\detectors\x\0105\metadata.json","1135"
"C:\Users\Chris\Documents\GitHub\Control_System\evidence\experiments\runs\hf2_deferred_capacity_20260907\count_0190\detectors\x\0106\metadata.json","1135"
"C:\Users\Chris\Documents\GitHub\Control_System\evidence\experiments\runs\hf2_deferred_capacity_20260907\count_0190\detectors\x\0107\metadata.json","1135"
"C:\Users\Chris\Documents\GitHub\Control_System\evidence\experiments\runs\hf2_deferred_capacity_20260907\count_0190\detectors\x\0108\metadata.json","1135"
"C:\Users\Chris\Documents\GitHub\Control_System\evidence\experiments\runs\hf2_deferred_capacity_20260907\count_0190\detectors\x\0109\metadata.json","1135"
"C:\Users\Chris\Documents\GitHub\Control_System\evidence\experiments\runs\hf2_deferred_capacity_20260907\count_0190\detectors\x\0110\metadata.json","1135"
"C:\Users\Chris\Documents\GitHub\Control_System\evidence\experiments\runs\hf2_deferred_capacity_20260907\count_0190\detectors\x\0111\metadata.json","1135"
"C:\Users\Chris\Documents\GitHub\Control_System\evidence\experiments\runs\hf2_deferred_capacity_20260907\count_0190\detectors\x\0112\metadata.json","1135"
"C:\Users\Chris\Documents\GitHub\Control_System\evidence\experiments\runs\hf2_deferred_capacity_20260907\count_0190\detectors\x\0113\metadata.json","1135"
"C:\Users\Chris\Documents\GitHub\Control_System\evidence\experiments\runs\hf2_deferred_capacity_20260907\count_0190\detectors\x\0114\metadata.json","1135"
"C:\Users\Chris\Documents\GitHub\Control_System\evidence\experiments\runs\hf2_deferred_capacity_20260907\count_0190\detectors\x\0115\metadata.json","1135"
"C:\Users\Chris\Documents\GitHub\Control_System\evidence\experiments\runs\hf2_deferred_capacity_20260907\count_0190\detectors\x\0116\metadata.json","1135"
"C:\Users\Chris\Documents\GitHub\Control_System\evidence\experiments\runs\hf2_deferred_capacity_20260907\count_0190\detectors\x\0117\metadata.json","1135"
"C:\Users\Chris\Documents\GitHub\Control_System\evidence\experiments\runs\hf2_deferred_capacity_20260907\count_0190\detectors\x\0118\metadata.json","1135"
"C:\Users\Chris\Documents\GitHub\Control_System\evidence\experiments\runs\hf2_deferred_capacity_20260907\count_0190\detectors\x\0119\metadata.json","1135"
"C:\Users\Chris\Documents\GitHub\Control_System\evidence\experiments\runs\hf2_deferred_capacity_20260907\count_0190\detectors\x\0120\metadata.json","1135"
"C:\Users\Chris\Documents\GitHub\Control_System\evidence\experiments\runs\hf2_deferred_capacity_20260907\count_0190\detectors\x\0121\metadata.json","1135"
"C:\Users\Chris\Documents\GitHub\Control_System\evidence\experiments\runs\hf2_deferred_capacity_20260907\count_0190\detectors\x\0122\metadata.json","1135"
"C:\Users\Chris\Documents\GitHub\Control_System\evidence\experiments\runs\hf2_deferred_capacity_20260907\count_0190\detectors\x\0123\metadata.json","1135"
"C:\Users\Chris\Documents\GitHub\Control_System\evidence\experiments\runs\hf2_deferred_capacity_20260907\count_0190\detectors\x\0124\metadata.json","1135"
"C:\Users\Chris\Documents\GitHub\Control_System\evidence\experiments\runs\hf2_deferred_capacity_20260907\count_0190\detectors\x\0125\metadata.json","1135"
"C:\Users\Chris\Documents\GitHub\Control_System\evidence\experiments\runs\hf2_deferred_capacity_20260907\count_0190\detectors\x\0126\metadata.json","1135"
"C:\Users\Chris\Documents\GitHub\Control_System\evidence\experiments\runs\hf2_deferred_capacity_20260907\count_0190\detectors\x\0127\metadata.json","1135"
"C:\Users\Chris\Documents\GitHub\Control_System\evidence\experiments\runs\hf2_deferred_capacity_20260907\count_0190\detectors\x\0128\metadata.json","1135"
"C:\Users\Chris\Documents\GitHub\Control_System\evidence\experiments\runs\hf2_deferred_capacity_20260907\count_0190\detectors\x\0129\metadata.json","1135"
"C:\Users\Chris\Documents\GitHub\Control_System\evidence\experiments\runs\hf2_deferred_capacity_20260907\count_0190\detectors\x\0130\metadata.json","1135"
"C:\Users\Chris\Documents\GitHub\Control_System\evidence\experiments\runs\hf2_deferred_capacity_20260907\count_0190\detectors\x\0131\metadata.json","1135"
"C:\Users\Chris\Documents\GitHub\Control_System\evidence\experiments\runs\hf2_deferred_capacity_20260907\count_0190\detectors\x\0132\metadata.json","1135"
"C:\Users\Chris\Documents\GitHub\Control_System\evidence\experiments\runs\hf2_deferred_capacity_20260907\count_0190\detectors\x\0133\metadata.json","1135"
"C:\Users\Chris\Documents\GitHub\Control_System\evidence\experiments\runs\hf2_deferred_capacity_20260907\count_0190\detectors\x\0134\metadata.json","1135"
"C:\Users\Chris\Documents\GitHub\Control_System\evidence\experiments\runs\hf2_deferred_capacity_20260907\count_0190\detectors\x\0135\metadata.json","1135"
"C:\Users\Chris\Documents\GitHub\Control_System\evidence\experiments\runs\hf2_deferred_capacity_20260907\count_0190\detectors\x\0136\metadata.json","1135"
"C:\Users\Chris\Documents\GitHub\Control_System\evidence\experiments\runs\hf2_deferred_capacity_20260907\count_0190\detectors\x\0137\metadata.json","1135"
"C:\Users\Chris\Documents\GitHub\Control_System\evidence\experiments\runs\hf2_deferred_capacity_20260907\count_0190\detectors\x\0138\metadata.json","1135"
"C:\Users\Chris\Documents\GitHub\Control_System\evidence\experiments\runs\hf2_deferred_capacity_20260907\count_0190\detectors\x\0139\metadata.json","1135"
"C:\Users\Chris\Documents\GitHub\Control_System\evidence\experiments\runs\hf2_deferred_capacity_20260907\count_0190\detectors\x\0140\metadata.json","1135"
"C:\Users\Chris\Documents\GitHub\Control_System\evidence\experiments\runs\hf2_deferred_capacity_20260907\count_0190\detectors\x\0141\metadata.json","1135"
"C:\Users\Chris\Documents\GitHub\Control_System\evidence\experiments\runs\hf2_deferred_capacity_20260907\count_0190\detectors\x\0142\metadata.json","1135"
"C:\Users\Chris\Documents\GitHub\Control_System\evidence\experiments\runs\hf2_deferred_capacity_20260907\count_0190\detectors\x\0143\metadata.json","1135"
"C:\Users\Chris\Documents\GitHub\Control_System\evidence\experiments\runs\hf2_deferred_capacity_20260907\count_0190\detectors\x\0144\metadata.json","1135"
"C:\Users\Chris\Documents\GitHub\Control_System\evidence\experiments\runs\hf2_deferred_capacity_20260907\count_0190\detectors\x\0145\metadata.json","1135"
"C:\Users\Chris\Documents\GitHub\Control_System\evidence\experiments\runs\hf2_deferred_capacity_20260907\count_0190\detectors\x\0146\metadata.json","1135"
"C:\Users\Chris\Documents\GitHub\Control_System\evidence\experiments\runs\hf2_deferred_capacity_20260907\count_0190\detectors\x\0147\metadata.json","1135"
"C:\Users\Chris\Documents\GitHub\Control_System\evidence\experiments\runs\hf2_deferred_capacity_20260907\count_0190\detectors\x\0148\metadata.json","1135"
"C:\Users\Chris\Documents\GitHub\Control_System\evidence\experiments\runs\hf2_deferred_capacity_20260907\count_0190\detectors\x\0149\metadata.json","1135"
"C:\Users\Chris\Documents\GitHub\Control_System\evidence\experiments\runs\hf2_deferred_capacity_20260907\count_0190\detectors\x\0150\metadata.json","1135"
"C:\Users\Chris\Documents\GitHub\Control_System\evidence\experiments\runs\hf2_deferred_capacity_20260907\count_0190\detectors\x\0151\metadata.json","1135"
"C:\Users\Chris\Documents\GitHub\Control_System\evidence\experiments\runs\hf2_deferred_capacity_20260907\count_0190\detectors\x\0152\metadata.json","1135"
"C:\Users\Chris\Documents\GitHub\Control_System\evidence\experiments\runs\hf2_deferred_capacity_20260907\count_0190\detectors\x\0153\metadata.json","1135"
"C:\Users\Chris\Documents\GitHub\Control_System\evidence\experiments\runs\hf2_deferred_capacity_20260907\count_0190\detectors\x\0154\metadata.json","1135"
"C:\Users\Chris\Documents\GitHub\Control_System\evidence\experiments\runs\hf2_deferred_capacity_20260907\count_0190\detectors\x\0155\metadata.json","1135"
"C:\Users\Chris\Documents\GitHub\Control_System\evidence\experiments\runs\hf2_deferred_capacity_20260907\count_0190\detectors\x\0156\metadata.json","1135"
"C:\Users\Chris\Documents\GitHub\Control_System\evidence\experiments\runs\hf2_deferred_capacity_20260907\count_0190\detectors\x\0157\metadata.json","1135"
"C:\Users\Chris\Documents\GitHub\Control_System\evidence\experiments\runs\hf2_deferred_capacity_20260907\count_0190\detectors\x\0158\metadata.json","1135"
"C:\Users\Chris\Documents\GitHub\Control_System\evidence\experiments\runs\hf2_deferred_capacity_20260907\count_0190\detectors\x\0159\metadata.json","1135"
"C:\Users\Chris\Documents\GitHub\Control_System\evidence\experiments\runs\hf2_deferred_capacity_20260907\count_0190\detectors\x\0160\metadata.json","1135"
"C:\Users\Chris\Documents\GitHub\Control_System\evidence\experiments\runs\hf2_deferred_capacity_20260907\count_0190\detectors\x\0161\metadata.json","1135"
"C:\Users\Chris\Documents\GitHub\Control_System\evidence\experiments\runs\hf2_deferred_capacity_20260907\count_0190\detectors\x\0162\metadata.json","1135"
"C:\Users\Chris\Documents\GitHub\Control_System\evidence\experiments\runs\hf2_deferred_capacity_20260907\count_0190\detectors\x\0163\metadata.json","1135"
"C:\Users\Chris\Documents\GitHub\Control_System\evidence\experiments\runs\hf2_deferred_capacity_20260907\count_0190\detectors\x\0164\metadata.json","1135"
"C:\Users\Chris\Documents\GitHub\Control_System\evidence\experiments\runs\hf2_deferred_capacity_20260907\count_0190\detectors\x\0165\metadata.json","1135"
"C:\Users\Chris\Documents\GitHub\Control_System\evidence\experiments\runs\hf2_deferred_capacity_20260907\count_0190\detectors\x\0166\metadata.json","1135"
"C:\Users\Chris\Documents\GitHub\Control_System\evidence\experiments\runs\hf2_deferred_capacity_20260907\count_0190\detectors\x\0167\metadata.json","1135"
"C:\Users\Chris\Documents\GitHub\Control_System\evidence\experiments\runs\hf2_deferred_capacity_20260907\count_0190\detectors\x\0168\metadata.json","1135"
"C:\Users\Chris\Documents\GitHub\Control_System\evidence\experiments\runs\hf2_deferred_capacity_20260907\count_0190\detectors\x\0169\metadata.json","1135"
"C:\Users\Chris\Documents\GitHub\Control_System\evidence\experiments\runs\hf2_deferred_capacity_20260907\count_0190\detectors\x\0170\metadata.json","1135"
"C:\Users\Chris\Documents\GitHub\Control_System\evidence\experiments\runs\hf2_deferred_capacity_20260907\count_0190\detectors\x\0171\metadata.json","1135"
"C:\Users\Chris\Documents\GitHub\Control_System\evidence\experiments\runs\hf2_deferred_capacity_20260907\count_0190\detectors\x\0172\metadata.json","1135"
"C:\Users\Chris\Documents\GitHub\Control_System\evidence\experiments\runs\hf2_deferred_capacity_20260907\count_0190\detectors\x\0173\metadata.json","1135"
"C:\Users\Chris\Documents\GitHub\Control_System\evidence\experiments\runs\hf2_deferred_capacity_20260907\count_0190\detectors\x\0174\metadata.json","1135"
"C:\Users\Chris\Documents\GitHub\Control_System\evidence\experiments\runs\hf2_deferred_capacity_20260907\count_0190\detectors\x\0175\metadata.json","1135"
"C:\Users\Chris\Documents\GitHub\Control_System\evidence\experiments\runs\hf2_deferred_capacity_20260907\count_0190\detectors\x\0176\metadata.json","1135"
"C:\Users\Chris\Documents\GitHub\Control_System\evidence\experiments\runs\hf2_deferred_capacity_20260907\count_0190\detectors\x\0177\metadata.json","1135"
"C:\Users\Chris\Documents\GitHub\Control_System\evidence\experiments\runs\hf2_deferred_capacity_20260907\count_0190\detectors\x\0178\metadata.json","1135"
"C:\Users\Chris\Documents\GitHub\Control_System\evidence\experiments\runs\hf2_deferred_capacity_20260907\count_0190\detectors\x\0179\metadata.json","1135"
"C:\Users\Chris\Documents\GitHub\Control_System\evidence\experiments\runs\hf2_deferred_capacity_20260907\count_0190\detectors\x\0180\metadata.json","1135"
"C:\Users\Chris\Documents\GitHub\Control_System\evidence\experiments\runs\hf2_deferred_capacity_20260907\count_0190\detectors\x\0181\metadata.json","1135"
"C:\Users\Chris\Documents\GitHub\Control_System\evidence\experiments\runs\hf2_deferred_capacity_20260907\count_0190\detectors\x\0182\metadata.json","1135"
"C:\Users\Chris\Documents\GitHub\Control_System\evidence\experiments\runs\hf2_deferred_capacity_20260907\count_0190\detectors\x\0183\metadata.json","1135"
"C:\Users\Chris\Documents\GitHub\Control_System\evidence\experiments\runs\hf2_deferred_capacity_20260907\count_0190\detectors\x\0184\metadata.json","1135"
"C:\Users\Chris\Documents\GitHub\Control_System\evidence\experiments\runs\hf2_deferred_capacity_20260907\count_0190\detectors\x\0185\metadata.json","1135"
"C:\Users\Chris\Documents\GitHub\Control_System\evidence\experiments\runs\hf2_deferred_capacity_20260907\count_0190\detectors\x\0186\metadata.json","1135"
"C:\Users\Chris\Documents\GitHub\Control_System\evidence\experiments\runs\hf2_deferred_capacity_20260907\count_0190\detectors\x\0187\metadata.json","1135"
"C:\Users\Chris\Documents\GitHub\Control_System\evidence\experiments\runs\hf2_deferred_capacity_20260907\count_0190\detectors\x\0188\metadata.json","1135"
"C:\Users\Chris\Documents\GitHub\Control_System\evidence\experiments\runs\hf2_deferred_capacity_20260907\count_0190\detectors\x\0189\metadata.json","1135"
"C:\Users\Chris\Documents\GitHub\Control_System\evidence\experiments\runs\hf2_deferred_capacity_20260907\count_0190\detectors\y\0000\metadata.json","1133"
"C:\Users\Chris\Documents\GitHub\Control_System\evidence\experiments\runs\hf2_deferred_capacity_20260907\count_0190\detectors\y\0001\metadata.json","1133"
"C:\Users\Chris\Documents\GitHub\Control_System\evidence\experiments\runs\hf2_deferred_capacity_20260907\count_0190\detectors\y\0002\metadata.json","1133"
"C:\Users\Chris\Documents\GitHub\Control_System\evidence\experiments\runs\hf2_deferred_capacity_20260907\count_0190\detectors\y\0003\metadata.json","1133"
"C:\Users\Chris\Documents\GitHub\Control_System\evidence\experiments\runs\hf2_deferred_capacity_20260907\count_0190\detectors\y\0004\metadata.json","1133"
"C:\Users\Chris\Documents\GitHub\Control_System\evidence\experiments\runs\hf2_deferred_capacity_20260907\count_0190\detectors\y\0005\metadata.json","1133"
"C:\Users\Chris\Documents\GitHub\Control_System\evidence\experiments\runs\hf2_deferred_capacity_20260907\count_0190\detectors\y\0006\metadata.json","1133"
"C:\Users\Chris\Documents\GitHub\Control_System\evidence\experiments\runs\hf2_deferred_capacity_20260907\count_0190\detectors\y\0007\metadata.json","1133"
"C:\Users\Chris\Documents\GitHub\Control_System\evidence\experiments\runs\hf2_deferred_capacity_20260907\count_0190\detectors\y\0008\metadata.json","1133"
"C:\Users\Chris\Documents\GitHub\Control_System\evidence\experiments\runs\hf2_deferred_capacity_20260907\count_0190\detectors\y\0009\metadata.json","1133"
"C:\Users\Chris\Documents\GitHub\Control_System\evidence\experiments\runs\hf2_deferred_capacity_20260907\count_0190\detectors\y\0010\metadata.json","1134"
"C:\Users\Chris\Documents\GitHub\Control_System\evidence\experiments\runs\hf2_deferred_capacity_20260907\count_0190\detectors\y\0011\metadata.json","1134"
"C:\Users\Chris\Documents\GitHub\Control_System\evidence\experiments\runs\hf2_deferred_capacity_20260907\count_0190\detectors\y\0012\metadata.json","1134"
"C:\Users\Chris\Documents\GitHub\Control_System\evidence\experiments\runs\hf2_deferred_capacity_20260907\count_0190\detectors\y\0013\metadata.json","1134"
"C:\Users\Chris\Documents\GitHub\Control_System\evidence\experiments\runs\hf2_deferred_capacity_20260907\count_0190\detectors\y\0014\metadata.json","1134"
"C:\Users\Chris\Documents\GitHub\Control_System\evidence\experiments\runs\hf2_deferred_capacity_20260907\count_0190\detectors\y\0015\metadata.json","1134"
"C:\Users\Chris\Documents\GitHub\Control_System\evidence\experiments\runs\hf2_deferred_capacity_20260907\count_0190\detectors\y\0016\metadata.json","1134"
"C:\Users\Chris\Documents\GitHub\Control_System\evidence\experiments\runs\hf2_deferred_capacity_20260907\count_0190\detectors\y\0017\metadata.json","1134"
"C:\Users\Chris\Documents\GitHub\Control_System\evidence\experiments\runs\hf2_deferred_capacity_20260907\count_0190\detectors\y\0018\metadata.json","1134"
"C:\Users\Chris\Documents\GitHub\Control_System\evidence\experiments\runs\hf2_deferred_capacity_20260907\count_0190\detectors\y\0019\metadata.json","1134"
"C:\Users\Chris\Documents\GitHub\Control_System\evidence\experiments\runs\hf2_deferred_capacity_20260907\count_0190\detectors\y\0020\metadata.json","1134"
"C:\Users\Chris\Documents\GitHub\Control_System\evidence\experiments\runs\hf2_deferred_capacity_20260907\count_0190\detectors\y\0021\metadata.json","1134"
"C:\Users\Chris\Documents\GitHub\Control_System\evidence\experiments\runs\hf2_deferred_capacity_20260907\count_0190\detectors\y\0022\metadata.json","1134"
"C:\Users\Chris\Documents\GitHub\Control_System\evidence\experiments\runs\hf2_deferred_capacity_20260907\count_0190\detectors\y\0023\metadata.json","1134"
"C:\Users\Chris\Documents\GitHub\Control_System\evidence\experiments\runs\hf2_deferred_capacity_20260907\count_0190\detectors\y\0024\metadata.json","1134"
"C:\Users\Chris\Documents\GitHub\Control_System\evidence\experiments\runs\hf2_deferred_capacity_20260907\count_0190\detectors\y\0025\metadata.json","1134"
"C:\Users\Chris\Documents\GitHub\Control_System\evidence\experiments\runs\hf2_deferred_capacity_20260907\count_0190\detectors\y\0026\metadata.json","1134"
"C:\Users\Chris\Documents\GitHub\Control_System\evidence\experiments\runs\hf2_deferred_capacity_20260907\count_0190\detectors\y\0027\metadata.json","1134"
"C:\Users\Chris\Documents\GitHub\Control_System\evidence\experiments\runs\hf2_deferred_capacity_20260907\count_0190\detectors\y\0028\metadata.json","1134"
"C:\Users\Chris\Documents\GitHub\Control_System\evidence\experiments\runs\hf2_deferred_capacity_20260907\count_0190\detectors\y\0029\metadata.json","1134"
"C:\Users\Chris\Documents\GitHub\Control_System\evidence\experiments\runs\hf2_deferred_capacity_20260907\count_0190\detectors\y\0030\metadata.json","1134"
"C:\Users\Chris\Documents\GitHub\Control_System\evidence\experiments\runs\hf2_deferred_capacity_20260907\count_0190\detectors\y\0031\metadata.json","1134"
"C:\Users\Chris\Documents\GitHub\Control_System\evidence\experiments\runs\hf2_deferred_capacity_20260907\count_0190\detectors\y\0032\metadata.json","1134"
"C:\Users\Chris\Documents\GitHub\Control_System\evidence\experiments\runs\hf2_deferred_capacity_20260907\count_0190\detectors\y\0033\metadata.json","1134"
"C:\Users\Chris\Documents\GitHub\Control_System\evidence\experiments\runs\hf2_deferred_capacity_20260907\count_0190\detectors\y\0034\metadata.json","1134"
"C:\Users\Chris\Documents\GitHub\Control_System\evidence\experiments\runs\hf2_deferred_capacity_20260907\count_0190\detectors\y\0035\metadata.json","1134"
"C:\Users\Chris\Documents\GitHub\Control_System\evidence\experiments\runs\hf2_deferred_capacity_20260907\count_0190\detectors\y\0036\metadata.json","1134"
"C:\Users\Chris\Documents\GitHub\Control_System\evidence\experiments\runs\hf2_deferred_capacity_20260907\count_0190\detectors\y\0037\metadata.json","1134"
"C:\Users\Chris\Documents\GitHub\Control_System\evidence\experiments\runs\hf2_deferred_capacity_20260907\count_0190\detectors\y\0038\metadata.json","1134"
"C:\Users\Chris\Documents\GitHub\Control_System\evidence\experiments\runs\hf2_deferred_capacity_20260907\count_0190\detectors\y\0039\metadata.json","1134"
"C:\Users\Chris\Documents\GitHub\Control_System\evidence\experiments\runs\hf2_deferred_capacity_20260907\count_0190\detectors\y\0040\metadata.json","1134"
"C:\Users\Chris\Documents\GitHub\Control_System\evidence\experiments\runs\hf2_deferred_capacity_20260907\count_0190\detectors\y\0041\metadata.json","1134"
"C:\Users\Chris\Documents\GitHub\Control_System\evidence\experiments\runs\hf2_deferred_capacity_20260907\count_0190\detectors\y\0042\metadata.json","1134"
"C:\Users\Chris\Documents\GitHub\Control_System\evidence\experiments\runs\hf2_deferred_capacity_20260907\count_0190\detectors\y\0043\metadata.json","1134"
"C:\Users\Chris\Documents\GitHub\Control_System\evidence\experiments\runs\hf2_deferred_capacity_20260907\count_0190\detectors\y\0044\metadata.json","1134"
"C:\Users\Chris\Documents\GitHub\Control_System\evidence\experiments\runs\hf2_deferred_capacity_20260907\count_0190\detectors\y\0045\metadata.json","1134"
"C:\Users\Chris\Documents\GitHub\Control_System\evidence\experiments\runs\hf2_deferred_capacity_20260907\count_0190\detectors\y\0046\metadata.json","1134"
"C:\Users\Chris\Documents\GitHub\Control_System\evidence\experiments\runs\hf2_deferred_capacity_20260907\count_0190\detectors\y\0047\metadata.json","1134"
"C:\Users\Chris\Documents\GitHub\Control_System\evidence\experiments\runs\hf2_deferred_capacity_20260907\count_0190\detectors\y\0048\metadata.json","1134"
"C:\Users\Chris\Documents\GitHub\Control_System\evidence\experiments\runs\hf2_deferred_capacity_20260907\count_0190\detectors\y\0049\metadata.json","1134"
"C:\Users\Chris\Documents\GitHub\Control_System\evidence\experiments\runs\hf2_deferred_capacity_20260907\count_0190\detectors\y\0050\metadata.json","1134"
"C:\Users\Chris\Documents\GitHub\Control_System\evidence\experiments\runs\hf2_deferred_capacity_20260907\count_0190\detectors\y\0051\metadata.json","1134"
"C:\Users\Chris\Documents\GitHub\Control_System\evidence\experiments\runs\hf2_deferred_capacity_20260907\count_0190\detectors\y\0052\metadata.json","1134"
"C:\Users\Chris\Documents\GitHub\Control_System\evidence\experiments\runs\hf2_deferred_capacity_20260907\count_0190\detectors\y\0053\metadata.json","1134"
"C:\Users\Chris\Documents\GitHub\Control_System\evidence\experiments\runs\hf2_deferred_capacity_20260907\count_0190\detectors\y\0054\metadata.json","1134"
"C:\Users\Chris\Documents\GitHub\Control_System\evidence\experiments\runs\hf2_deferred_capacity_20260907\count_0190\detectors\y\0055\metadata.json","1134"
"C:\Users\Chris\Documents\GitHub\Control_System\evidence\experiments\runs\hf2_deferred_capacity_20260907\count_0190\detectors\y\0056\metadata.json","1134"
"C:\Users\Chris\Documents\GitHub\Control_System\evidence\experiments\runs\hf2_deferred_capacity_20260907\count_0190\detectors\y\0057\metadata.json","1134"
"C:\Users\Chris\Documents\GitHub\Control_System\evidence\experiments\runs\hf2_deferred_capacity_20260907\count_0190\detectors\y\0058\metadata.json","1134"
"C:\Users\Chris\Documents\GitHub\Control_System\evidence\experiments\runs\hf2_deferred_capacity_20260907\count_0190\detectors\y\0059\metadata.json","1134"
"C:\Users\Chris\Documents\GitHub\Control_System\evidence\experiments\runs\hf2_deferred_capacity_20260907\count_0190\detectors\y\0060\metadata.json","1134"
"C:\Users\Chris\Documents\GitHub\Control_System\evidence\experiments\runs\hf2_deferred_capacity_20260907\count_0190\detectors\y\0061\metadata.json","1134"
"C:\Users\Chris\Documents\GitHub\Control_System\evidence\experiments\runs\hf2_deferred_capacity_20260907\count_0190\detectors\y\0062\metadata.json","1134"
"C:\Users\Chris\Documents\GitHub\Control_System\evidence\experiments\runs\hf2_deferred_capacity_20260907\count_0190\detectors\y\0063\metadata.json","1134"
"C:\Users\Chris\Documents\GitHub\Control_System\evidence\experiments\runs\hf2_deferred_capacity_20260907\count_0190\detectors\y\0064\metadata.json","1134"
"C:\Users\Chris\Documents\GitHub\Control_System\evidence\experiments\runs\hf2_deferred_capacity_20260907\count_0190\detectors\y\0065\metadata.json","1134"
"C:\Users\Chris\Documents\GitHub\Control_System\evidence\experiments\runs\hf2_deferred_capacity_20260907\count_0190\detectors\y\0066\metadata.json","1134"
"C:\Users\Chris\Documents\GitHub\Control_System\evidence\experiments\runs\hf2_deferred_capacity_20260907\count_0190\detectors\y\0067\metadata.json","1134"
"C:\Users\Chris\Documents\GitHub\Control_System\evidence\experiments\runs\hf2_deferred_capacity_20260907\count_0190\detectors\y\0068\metadata.json","1134"
"C:\Users\Chris\Documents\GitHub\Control_System\evidence\experiments\runs\hf2_deferred_capacity_20260907\count_0190\detectors\y\0069\metadata.json","1134"
"C:\Users\Chris\Documents\GitHub\Control_System\evidence\experiments\runs\hf2_deferred_capacity_20260907\count_0190\detectors\y\0070\metadata.json","1134"
"C:\Users\Chris\Documents\GitHub\Control_System\evidence\experiments\runs\hf2_deferred_capacity_20260907\count_0190\detectors\y\0071\metadata.json","1134"
"C:\Users\Chris\Documents\GitHub\Control_System\evidence\experiments\runs\hf2_deferred_capacity_20260907\count_0190\detectors\y\0072\metadata.json","1134"
"C:\Users\Chris\Documents\GitHub\Control_System\evidence\experiments\runs\hf2_deferred_capacity_20260907\count_0190\detectors\y\0073\metadata.json","1134"
"C:\Users\Chris\Documents\GitHub\Control_System\evidence\experiments\runs\hf2_deferred_capacity_20260907\count_0190\detectors\y\0074\metadata.json","1134"
"C:\Users\Chris\Documents\GitHub\Control_System\evidence\experiments\runs\hf2_deferred_capacity_20260907\count_0190\detectors\y\0075\metadata.json","1134"
"C:\Users\Chris\Documents\GitHub\Control_System\evidence\experiments\runs\hf2_deferred_capacity_20260907\count_0190\detectors\y\0076\metadata.json","1134"
"C:\Users\Chris\Documents\GitHub\Control_System\evidence\experiments\runs\hf2_deferred_capacity_20260907\count_0190\detectors\y\0077\metadata.json","1134"
"C:\Users\Chris\Documents\GitHub\Control_System\evidence\experiments\runs\hf2_deferred_capacity_20260907\count_0190\detectors\y\0078\metadata.json","1134"
"C:\Users\Chris\Documents\GitHub\Control_System\evidence\experiments\runs\hf2_deferred_capacity_20260907\count_0190\detectors\y\0079\metadata.json","1134"
"C:\Users\Chris\Documents\GitHub\Control_System\evidence\experiments\runs\hf2_deferred_capacity_20260907\count_0190\detectors\y\0080\metadata.json","1134"
"C:\Users\Chris\Documents\GitHub\Control_System\evidence\experiments\runs\hf2_deferred_capacity_20260907\count_0190\detectors\y\0081\metadata.json","1134"
"C:\Users\Chris\Documents\GitHub\Control_System\evidence\experiments\runs\hf2_deferred_capacity_20260907\count_0190\detectors\y\0082\metadata.json","1134"
"C:\Users\Chris\Documents\GitHub\Control_System\evidence\experiments\runs\hf2_deferred_capacity_20260907\count_0190\detectors\y\0083\metadata.json","1134"
"C:\Users\Chris\Documents\GitHub\Control_System\evidence\experiments\runs\hf2_deferred_capacity_20260907\count_0190\detectors\y\0084\metadata.json","1134"
"C:\Users\Chris\Documents\GitHub\Control_System\evidence\experiments\runs\hf2_deferred_capacity_20260907\count_0190\detectors\y\0085\metadata.json","1134"
"C:\Users\Chris\Documents\GitHub\Control_System\evidence\experiments\runs\hf2_deferred_capacity_20260907\count_0190\detectors\y\0086\metadata.json","1134"
"C:\Users\Chris\Documents\GitHub\Control_System\evidence\experiments\runs\hf2_deferred_capacity_20260907\count_0190\detectors\y\0087\metadata.json","1134"
"C:\Users\Chris\Documents\GitHub\Control_System\evidence\experiments\runs\hf2_deferred_capacity_20260907\count_0190\detectors\y\0088\metadata.json","1134"
"C:\Users\Chris\Documents\GitHub\Control_System\evidence\experiments\runs\hf2_deferred_capacity_20260907\count_0190\detectors\y\0089\metadata.json","1134"
"C:\Users\Chris\Documents\GitHub\Control_System\evidence\experiments\runs\hf2_deferred_capacity_20260907\count_0190\detectors\y\0090\metadata.json","1134"
"C:\Users\Chris\Documents\GitHub\Control_System\evidence\experiments\runs\hf2_deferred_capacity_20260907\count_0190\detectors\y\0091\metadata.json","1134"
"C:\Users\Chris\Documents\GitHub\Control_System\evidence\experiments\runs\hf2_deferred_capacity_20260907\count_0190\detectors\y\0092\metadata.json","1134"
"C:\Users\Chris\Documents\GitHub\Control_System\evidence\experiments\runs\hf2_deferred_capacity_20260907\count_0190\detectors\y\0093\metadata.json","1134"
"C:\Users\Chris\Documents\GitHub\Control_System\evidence\experiments\runs\hf2_deferred_capacity_20260907\count_0190\detectors\y\0094\metadata.json","1134"
"C:\Users\Chris\Documents\GitHub\Control_System\evidence\experiments\runs\hf2_deferred_capacity_20260907\count_0190\detectors\y\0095\metadata.json","1134"
"C:\Users\Chris\Documents\GitHub\Control_System\evidence\experiments\runs\hf2_deferred_capacity_20260907\count_0190\detectors\y\0096\metadata.json","1134"
"C:\Users\Chris\Documents\GitHub\Control_System\evidence\experiments\runs\hf2_deferred_capacity_20260907\count_0190\detectors\y\0097\metadata.json","1134"
"C:\Users\Chris\Documents\GitHub\Control_System\evidence\experiments\runs\hf2_deferred_capacity_20260907\count_0190\detectors\y\0098\metadata.json","1134"
"C:\Users\Chris\Documents\GitHub\Control_System\evidence\experiments\runs\hf2_deferred_capacity_20260907\count_0190\detectors\y\0099\metadata.json","1134"
"C:\Users\Chris\Documents\GitHub\Control_System\evidence\experiments\runs\hf2_deferred_capacity_20260907\count_0190\detectors\y\0100\metadata.json","1135"
"C:\Users\Chris\Documents\GitHub\Control_System\evidence\experiments\runs\hf2_deferred_capacity_20260907\count_0190\detectors\y\0101\metadata.json","1135"
"C:\Users\Chris\Documents\GitHub\Control_System\evidence\experiments\runs\hf2_deferred_capacity_20260907\count_0190\detectors\y\0102\metadata.json","1135"
"C:\Users\Chris\Documents\GitHub\Control_System\evidence\experiments\runs\hf2_deferred_capacity_20260907\count_0190\detectors\y\0103\metadata.json","1135"
"C:\Users\Chris\Documents\GitHub\Control_System\evidence\experiments\runs\hf2_deferred_capacity_20260907\count_0190\detectors\y\0104\metadata.json","1135"
"C:\Users\Chris\Documents\GitHub\Control_System\evidence\experiments\runs\hf2_deferred_capacity_20260907\count_0190\detectors\y\0105\metadata.json","1135"
"C:\Users\Chris\Documents\GitHub\Control_System\evidence\experiments\runs\hf2_deferred_capacity_20260907\count_0190\detectors\y\0106\metadata.json","1135"
"C:\Users\Chris\Documents\GitHub\Control_System\evidence\experiments\runs\hf2_deferred_capacity_20260907\count_0190\detectors\y\0107\metadata.json","1135"
"C:\Users\Chris\Documents\GitHub\Control_System\evidence\experiments\runs\hf2_deferred_capacity_20260907\count_0190\detectors\y\0108\metadata.json","1135"
"C:\Users\Chris\Documents\GitHub\Control_System\evidence\experiments\runs\hf2_deferred_capacity_20260907\count_0190\detectors\y\0109\metadata.json","1135"
"C:\Users\Chris\Documents\GitHub\Control_System\evidence\experiments\runs\hf2_deferred_capacity_20260907\count_0190\detectors\y\0110\metadata.json","1135"
"C:\Users\Chris\Documents\GitHub\Control_System\evidence\experiments\runs\hf2_deferred_capacity_20260907\count_0190\detectors\y\0111\metadata.json","1135"
"C:\Users\Chris\Documents\GitHub\Control_System\evidence\experiments\runs\hf2_deferred_capacity_20260907\count_0190\detectors\y\0112\metadata.json","1135"
"C:\Users\Chris\Documents\GitHub\Control_System\evidence\experiments\runs\hf2_deferred_capacity_20260907\count_0190\detectors\y\0113\metadata.json","1135"
"C:\Users\Chris\Documents\GitHub\Control_System\evidence\experiments\runs\hf2_deferred_capacity_20260907\count_0190\detectors\y\0114\metadata.json","1135"
"C:\Users\Chris\Documents\GitHub\Control_System\evidence\experiments\runs\hf2_deferred_capacity_20260907\count_0190\detectors\y\0115\metadata.json","1135"
"C:\Users\Chris\Documents\GitHub\Control_System\evidence\experiments\runs\hf2_deferred_capacity_20260907\count_0190\detectors\y\0116\metadata.json","1135"
"C:\Users\Chris\Documents\GitHub\Control_System\evidence\experiments\runs\hf2_deferred_capacity_20260907\count_0190\detectors\y\0117\metadata.json","1135"
"C:\Users\Chris\Documents\GitHub\Control_System\evidence\experiments\runs\hf2_deferred_capacity_20260907\count_0190\detectors\y\0118\metadata.json","1135"
"C:\Users\Chris\Documents\GitHub\Control_System\evidence\experiments\runs\hf2_deferred_capacity_20260907\count_0190\detectors\y\0119\metadata.json","1135"
"C:\Users\Chris\Documents\GitHub\Control_System\evidence\experiments\runs\hf2_deferred_capacity_20260907\count_0190\detectors\y\0120\metadata.json","1135"
"C:\Users\Chris\Documents\GitHub\Control_System\evidence\experiments\runs\hf2_deferred_capacity_20260907\count_0190\detectors\y\0121\metadata.json","1135"
"C:\Users\Chris\Documents\GitHub\Control_System\evidence\experiments\runs\hf2_deferred_capacity_20260907\count_0190\detectors\y\0122\metadata.json","1135"
"C:\Users\Chris\Documents\GitHub\Control_System\evidence\experiments\runs\hf2_deferred_capacity_20260907\count_0190\detectors\y\0123\metadata.json","1135"
"C:\Users\Chris\Documents\GitHub\Control_System\evidence\experiments\runs\hf2_deferred_capacity_20260907\count_0190\detectors\y\0124\metadata.json","1135"
"C:\Users\Chris\Documents\GitHub\Control_System\evidence\experiments\runs\hf2_deferred_capacity_20260907\count_0190\detectors\y\0125\metadata.json","1135"
"C:\Users\Chris\Documents\GitHub\Control_System\evidence\experiments\runs\hf2_deferred_capacity_20260907\count_0190\detectors\y\0126\metadata.json","1135"
"C:\Users\Chris\Documents\GitHub\Control_System\evidence\experiments\runs\hf2_deferred_capacity_20260907\count_0190\detectors\y\0127\metadata.json","1135"
"C:\Users\Chris\Documents\GitHub\Control_System\evidence\experiments\runs\hf2_deferred_capacity_20260907\count_0190\detectors\y\0128\metadata.json","1135"
"C:\Users\Chris\Documents\GitHub\Control_System\evidence\experiments\runs\hf2_deferred_capacity_20260907\count_0190\detectors\y\0129\metadata.json","1135"
"C:\Users\Chris\Documents\GitHub\Control_System\evidence\experiments\runs\hf2_deferred_capacity_20260907\count_0190\detectors\y\0130\metadata.json","1135"
"C:\Users\Chris\Documents\GitHub\Control_System\evidence\experiments\runs\hf2_deferred_capacity_20260907\count_0190\detectors\y\0131\metadata.json","1135"
"C:\Users\Chris\Documents\GitHub\Control_System\evidence\experiments\runs\hf2_deferred_capacity_20260907\count_0190\detectors\y\0132\metadata.json","1135"
"C:\Users\Chris\Documents\GitHub\Control_System\evidence\experiments\runs\hf2_deferred_capacity_20260907\count_0190\detectors\y\0133\metadata.json","1135"
"C:\Users\Chris\Documents\GitHub\Control_System\evidence\experiments\runs\hf2_deferred_capacity_20260907\count_0190\detectors\y\0134\metadata.json","1135"
"C:\Users\Chris\Documents\GitHub\Control_System\evidence\experiments\runs\hf2_deferred_capacity_20260907\count_0190\detectors\y\0135\metadata.json","1135"
"C:\Users\Chris\Documents\GitHub\Control_System\evidence\experiments\runs\hf2_deferred_capacity_20260907\count_0190\detectors\y\0136\metadata.json","1135"
"C:\Users\Chris\Documents\GitHub\Control_System\evidence\experiments\runs\hf2_deferred_capacity_20260907\count_0190\detectors\y\0137\metadata.json","1135"
"C:\Users\Chris\Documents\GitHub\Control_System\evidence\experiments\runs\hf2_deferred_capacity_20260907\count_0190\detectors\y\0138\metadata.json","1135"
"C:\Users\Chris\Documents\GitHub\Control_System\evidence\experiments\runs\hf2_deferred_capacity_20260907\count_0190\detectors\y\0139\metadata.json","1135"
"C:\Users\Chris\Documents\GitHub\Control_System\evidence\experiments\runs\hf2_deferred_capacity_20260907\count_0190\detectors\y\0140\metadata.json","1135"
"C:\Users\Chris\Documents\GitHub\Control_System\evidence\experiments\runs\hf2_deferred_capacity_20260907\count_0190\detectors\y\0141\metadata.json","1135"
"C:\Users\Chris\Documents\GitHub\Control_System\evidence\experiments\runs\hf2_deferred_capacity_20260907\count_0190\detectors\y\0142\metadata.json","1135"
"C:\Users\Chris\Documents\GitHub\Control_System\evidence\experiments\runs\hf2_deferred_capacity_20260907\count_0190\detectors\y\0143\metadata.json","1135"
"C:\Users\Chris\Documents\GitHub\Control_System\evidence\experiments\runs\hf2_deferred_capacity_20260907\count_0190\detectors\y\0144\metadata.json","1135"
"C:\Users\Chris\Documents\GitHub\Control_System\evidence\experiments\runs\hf2_deferred_capacity_20260907\count_0190\detectors\y\0145\metadata.json","1135"
"C:\Users\Chris\Documents\GitHub\Control_System\evidence\experiments\runs\hf2_deferred_capacity_20260907\count_0190\detectors\y\0146\metadata.json","1135"
"C:\Users\Chris\Documents\GitHub\Control_System\evidence\experiments\runs\hf2_deferred_capacity_20260907\count_0190\detectors\y\0147\metadata.json","1135"
"C:\Users\Chris\Documents\GitHub\Control_System\evidence\experiments\runs\hf2_deferred_capacity_20260907\count_0190\detectors\y\0148\metadata.json","1135"
"C:\Users\Chris\Documents\GitHub\Control_System\evidence\experiments\runs\hf2_deferred_capacity_20260907\count_0190\detectors\y\0149\metadata.json","1135"
"C:\Users\Chris\Documents\GitHub\Control_System\evidence\experiments\runs\hf2_deferred_capacity_20260907\count_0190\detectors\y\0150\metadata.json","1135"
"C:\Users\Chris\Documents\GitHub\Control_System\evidence\experiments\runs\hf2_deferred_capacity_20260907\count_0190\detectors\y\0151\metadata.json","1135"
"C:\Users\Chris\Documents\GitHub\Control_System\evidence\experiments\runs\hf2_deferred_capacity_20260907\count_0190\detectors\y\0152\metadata.json","1135"
"C:\Users\Chris\Documents\GitHub\Control_System\evidence\experiments\runs\hf2_deferred_capacity_20260907\count_0190\detectors\y\0153\metadata.json","1135"
"C:\Users\Chris\Documents\GitHub\Control_System\evidence\experiments\runs\hf2_deferred_capacity_20260907\count_0190\detectors\y\0154\metadata.json","1135"
"C:\Users\Chris\Documents\GitHub\Control_System\evidence\experiments\runs\hf2_deferred_capacity_20260907\count_0190\detectors\y\0155\metadata.json","1135"
"C:\Users\Chris\Documents\GitHub\Control_System\evidence\experiments\runs\hf2_deferred_capacity_20260907\count_0190\detectors\y\0156\metadata.json","1135"
"C:\Users\Chris\Documents\GitHub\Control_System\evidence\experiments\runs\hf2_deferred_capacity_20260907\count_0190\detectors\y\0157\metadata.json","1135"
"C:\Users\Chris\Documents\GitHub\Control_System\evidence\experiments\runs\hf2_deferred_capacity_20260907\count_0190\detectors\y\0158\metadata.json","1135"
"C:\Users\Chris\Documents\GitHub\Control_System\evidence\experiments\runs\hf2_deferred_capacity_20260907\count_0190\detectors\y\0159\metadata.json","1135"
"C:\Users\Chris\Documents\GitHub\Control_System\evidence\experiments\runs\hf2_deferred_capacity_20260907\count_0190\detectors\y\0160\metadata.json","1135"
"C:\Users\Chris\Documents\GitHub\Control_System\evidence\experiments\runs\hf2_deferred_capacity_20260907\count_0190\detectors\y\0161\metadata.json","1135"
"C:\Users\Chris\Documents\GitHub\Control_System\evidence\experiments\runs\hf2_deferred_capacity_20260907\count_0190\detectors\y\0162\metadata.json","1135"
"C:\Users\Chris\Documents\GitHub\Control_System\evidence\experiments\runs\hf2_deferred_capacity_20260907\count_0190\detectors\y\0163\metadata.json","1135"
"C:\Users\Chris\Documents\GitHub\Control_System\evidence\experiments\runs\hf2_deferred_capacity_20260907\count_0190\detectors\y\0164\metadata.json","1135"
"C:\Users\Chris\Documents\GitHub\Control_System\evidence\experiments\runs\hf2_deferred_capacity_20260907\count_0190\detectors\y\0165\metadata.json","1135"
"C:\Users\Chris\Documents\GitHub\Control_System\evidence\experiments\runs\hf2_deferred_capacity_20260907\count_0190\detectors\y\0166\metadata.json","1135"
"C:\Users\Chris\Documents\GitHub\Control_System\evidence\experiments\runs\hf2_deferred_capacity_20260907\count_0190\detectors\y\0167\metadata.json","1135"
"C:\Users\Chris\Documents\GitHub\Control_System\evidence\experiments\runs\hf2_deferred_capacity_20260907\count_0190\detectors\y\0168\metadata.json","1135"
"C:\Users\Chris\Documents\GitHub\Control_System\evidence\experiments\runs\hf2_deferred_capacity_20260907\count_0190\detectors\y\0169\metadata.json","1135"
"C:\Users\Chris\Documents\GitHub\Control_System\evidence\experiments\runs\hf2_deferred_capacity_20260907\count_0190\detectors\y\0170\metadata.json","1135"
"C:\Users\Chris\Documents\GitHub\Control_System\evidence\experiments\runs\hf2_deferred_capacity_20260907\count_0190\detectors\y\0171\metadata.json","1135"
"C:\Users\Chris\Documents\GitHub\Control_System\evidence\experiments\runs\hf2_deferred_capacity_20260907\count_0190\detectors\y\0172\metadata.json","1135"
"C:\Users\Chris\Documents\GitHub\Control_System\evidence\experiments\runs\hf2_deferred_capacity_20260907\count_0190\detectors\y\0173\metadata.json","1135"
"C:\Users\Chris\Documents\GitHub\Control_System\evidence\experiments\runs\hf2_deferred_capacity_20260907\count_0190\detectors\y\0174\metadata.json","1135"
"C:\Users\Chris\Documents\GitHub\Control_System\evidence\experiments\runs\hf2_deferred_capacity_20260907\count_0190\detectors\y\0175\metadata.json","1135"
"C:\Users\Chris\Documents\GitHub\Control_System\evidence\experiments\runs\hf2_deferred_capacity_20260907\count_0190\detectors\y\0176\metadata.json","1135"
"C:\Users\Chris\Documents\GitHub\Control_System\evidence\experiments\runs\hf2_deferred_capacity_20260907\count_0190\detectors\y\0177\metadata.json","1135"
"C:\Users\Chris\Documents\GitHub\Control_System\evidence\experiments\runs\hf2_deferred_capacity_20260907\count_0190\detectors\y\0178\metadata.json","1135"
"C:\Users\Chris\Documents\GitHub\Control_System\evidence\experiments\runs\hf2_deferred_capacity_20260907\count_0190\detectors\y\0179\metadata.json","1135"
"C:\Users\Chris\Documents\GitHub\Control_System\evidence\experiments\runs\hf2_deferred_capacity_20260907\count_0190\detectors\y\0180\metadata.json","1135"
"C:\Users\Chris\Documents\GitHub\Control_System\evidence\experiments\runs\hf2_deferred_capacity_20260907\count_0190\detectors\y\0181\metadata.json","1135"
"C:\Users\Chris\Documents\GitHub\Control_System\evidence\experiments\runs\hf2_deferred_capacity_20260907\count_0190\detectors\y\0182\metadata.json","1135"
"C:\Users\Chris\Documents\GitHub\Control_System\evidence\experiments\runs\hf2_deferred_capacity_20260907\count_0190\detectors\y\0183\metadata.json","1135"
"C:\Users\Chris\Documents\GitHub\Control_System\evidence\experiments\runs\hf2_deferred_capacity_20260907\count_0190\detectors\y\0184\metadata.json","1135"
"C:\Users\Chris\Documents\GitHub\Control_System\evidence\experiments\runs\hf2_deferred_capacity_20260907\count_0190\detectors\y\0185\metadata.json","1135"
"C:\Users\Chris\Documents\GitHub\Control_System\evidence\experiments\runs\hf2_deferred_capacity_20260907\count_0190\detectors\y\0186\metadata.json","1135"
"C:\Users\Chris\Documents\GitHub\Control_System\evidence\experiments\runs\hf2_deferred_capacity_20260907\count_0190\detectors\y\0187\metadata.json","1135"
"C:\Users\Chris\Documents\GitHub\Control_System\evidence\experiments\runs\hf2_deferred_capacity_20260907\count_0190\detectors\y\0188\metadata.json","1135"
"C:\Users\Chris\Documents\GitHub\Control_System\evidence\experiments\runs\hf2_deferred_capacity_20260907\count_0190\detectors\y\0189\metadata.json","1135"
"C:\Users\Chris\Documents\GitHub\Control_System\evidence\experiments\runs\hf2_deferred_capacity_20260907\count_0190\timing\dio\0000\metadata.json","1133"
"C:\Users\Chris\Documents\GitHub\Control_System\evidence\experiments\runs\hf2_deferred_capacity_20260907\count_0190\timing\dio\0001\metadata.json","1133"
"C:\Users\Chris\Documents\GitHub\Control_System\evidence\experiments\runs\hf2_deferred_capacity_20260907\count_0190\timing\dio\0002\metadata.json","1133"
"C:\Users\Chris\Documents\GitHub\Control_System\evidence\experiments\runs\hf2_deferred_capacity_20260907\count_0190\timing\dio\0003\metadata.json","1133"
"C:\Users\Chris\Documents\GitHub\Control_System\evidence\experiments\runs\hf2_deferred_capacity_20260907\count_0190\timing\dio\0004\metadata.json","1133"
"C:\Users\Chris\Documents\GitHub\Control_System\evidence\experiments\runs\hf2_deferred_capacity_20260907\count_0190\timing\dio\0005\metadata.json","1133"
"C:\Users\Chris\Documents\GitHub\Control_System\evidence\experiments\runs\hf2_deferred_capacity_20260907\count_0190\timing\dio\0006\metadata.json","1133"
"C:\Users\Chris\Documents\GitHub\Control_System\evidence\experiments\runs\hf2_deferred_capacity_20260907\count_0190\timing\dio\0007\metadata.json","1133"
"C:\Users\Chris\Documents\GitHub\Control_System\evidence\experiments\runs\hf2_deferred_capacity_20260907\count_0190\timing\dio\0008\metadata.json","1133"
"C:\Users\Chris\Documents\GitHub\Control_System\evidence\experiments\runs\hf2_deferred_capacity_20260907\count_0190\timing\dio\0009\metadata.json","1133"
"C:\Users\Chris\Documents\GitHub\Control_System\evidence\experiments\runs\hf2_deferred_capacity_20260907\count_0190\timing\dio\0010\metadata.json","1134"
"C:\Users\Chris\Documents\GitHub\Control_System\evidence\experiments\runs\hf2_deferred_capacity_20260907\count_0190\timing\dio\0011\metadata.json","1134"
"C:\Users\Chris\Documents\GitHub\Control_System\evidence\experiments\runs\hf2_deferred_capacity_20260907\count_0190\timing\dio\0012\metadata.json","1134"
"C:\Users\Chris\Documents\GitHub\Control_System\evidence\experiments\runs\hf2_deferred_capacity_20260907\count_0190\timing\dio\0013\metadata.json","1134"
"C:\Users\Chris\Documents\GitHub\Control_System\evidence\experiments\runs\hf2_deferred_capacity_20260907\count_0190\timing\dio\0014\metadata.json","1134"
"C:\Users\Chris\Documents\GitHub\Control_System\evidence\experiments\runs\hf2_deferred_capacity_20260907\count_0190\timing\dio\0015\metadata.json","1134"
"C:\Users\Chris\Documents\GitHub\Control_System\evidence\experiments\runs\hf2_deferred_capacity_20260907\count_0190\timing\dio\0016\metadata.json","1134"
"C:\Users\Chris\Documents\GitHub\Control_System\evidence\experiments\runs\hf2_deferred_capacity_20260907\count_0190\timing\dio\0017\metadata.json","1134"
"C:\Users\Chris\Documents\GitHub\Control_System\evidence\experiments\runs\hf2_deferred_capacity_20260907\count_0190\timing\dio\0018\metadata.json","1134"
"C:\Users\Chris\Documents\GitHub\Control_System\evidence\experiments\runs\hf2_deferred_capacity_20260907\count_0190\timing\dio\0019\metadata.json","1134"
"C:\Users\Chris\Documents\GitHub\Control_System\evidence\experiments\runs\hf2_deferred_capacity_20260907\count_0190\timing\dio\0020\metadata.json","1134"
"C:\Users\Chris\Documents\GitHub\Control_System\evidence\experiments\runs\hf2_deferred_capacity_20260907\count_0190\timing\dio\0021\metadata.json","1134"
"C:\Users\Chris\Documents\GitHub\Control_System\evidence\experiments\runs\hf2_deferred_capacity_20260907\count_0190\timing\dio\0022\metadata.json","1134"
"C:\Users\Chris\Documents\GitHub\Control_System\evidence\experiments\runs\hf2_deferred_capacity_20260907\count_0190\timing\dio\0023\metadata.json","1134"
"C:\Users\Chris\Documents\GitHub\Control_System\evidence\experiments\runs\hf2_deferred_capacity_20260907\count_0190\timing\dio\0024\metadata.json","1134"
"C:\Users\Chris\Documents\GitHub\Control_System\evidence\experiments\runs\hf2_deferred_capacity_20260907\count_0190\timing\dio\0025\metadata.json","1134"
"C:\Users\Chris\Documents\GitHub\Control_System\evidence\experiments\runs\hf2_deferred_capacity_20260907\count_0190\timing\dio\0026\metadata.json","1134"
"C:\Users\Chris\Documents\GitHub\Control_System\evidence\experiments\runs\hf2_deferred_capacity_20260907\count_0190\timing\dio\0027\metadata.json","1134"
"C:\Users\Chris\Documents\GitHub\Control_System\evidence\experiments\runs\hf2_deferred_capacity_20260907\count_0190\timing\dio\0028\metadata.json","1134"
"C:\Users\Chris\Documents\GitHub\Control_System\evidence\experiments\runs\hf2_deferred_capacity_20260907\count_0190\timing\dio\0029\metadata.json","1134"
"C:\Users\Chris\Documents\GitHub\Control_System\evidence\experiments\runs\hf2_deferred_capacity_20260907\count_0190\timing\dio\0030\metadata.json","1134"
"C:\Users\Chris\Documents\GitHub\Control_System\evidence\experiments\runs\hf2_deferred_capacity_20260907\count_0190\timing\dio\0031\metadata.json","1134"
"C:\Users\Chris\Documents\GitHub\Control_System\evidence\experiments\runs\hf2_deferred_capacity_20260907\count_0190\timing\dio\0032\metadata.json","1134"
"C:\Users\Chris\Documents\GitHub\Control_System\evidence\experiments\runs\hf2_deferred_capacity_20260907\count_0190\timing\dio\0033\metadata.json","1134"
"C:\Users\Chris\Documents\GitHub\Control_System\evidence\experiments\runs\hf2_deferred_capacity_20260907\count_0190\timing\dio\0034\metadata.json","1134"
"C:\Users\Chris\Documents\GitHub\Control_System\evidence\experiments\runs\hf2_deferred_capacity_20260907\count_0190\timing\dio\0035\metadata.json","1134"
"C:\Users\Chris\Documents\GitHub\Control_System\evidence\experiments\runs\hf2_deferred_capacity_20260907\count_0190\timing\dio\0036\metadata.json","1134"
"C:\Users\Chris\Documents\GitHub\Control_System\evidence\experiments\runs\hf2_deferred_capacity_20260907\count_0190\timing\dio\0037\metadata.json","1134"
"C:\Users\Chris\Documents\GitHub\Control_System\evidence\experiments\runs\hf2_deferred_capacity_20260907\count_0190\timing\dio\0038\metadata.json","1134"
"C:\Users\Chris\Documents\GitHub\Control_System\evidence\experiments\runs\hf2_deferred_capacity_20260907\count_0190\timing\dio\0039\metadata.json","1134"
"C:\Users\Chris\Documents\GitHub\Control_System\evidence\experiments\runs\hf2_deferred_capacity_20260907\count_0190\timing\dio\0040\metadata.json","1134"
"C:\Users\Chris\Documents\GitHub\Control_System\evidence\experiments\runs\hf2_deferred_capacity_20260907\count_0190\timing\dio\0041\metadata.json","1134"
"C:\Users\Chris\Documents\GitHub\Control_System\evidence\experiments\runs\hf2_deferred_capacity_20260907\count_0190\timing\dio\0042\metadata.json","1134"
"C:\Users\Chris\Documents\GitHub\Control_System\evidence\experiments\runs\hf2_deferred_capacity_20260907\count_0190\timing\dio\0043\metadata.json","1134"
"C:\Users\Chris\Documents\GitHub\Control_System\evidence\experiments\runs\hf2_deferred_capacity_20260907\count_0190\timing\dio\0044\metadata.json","1134"
"C:\Users\Chris\Documents\GitHub\Control_System\evidence\experiments\runs\hf2_deferred_capacity_20260907\count_0190\timing\dio\0045\metadata.json","1134"
"C:\Users\Chris\Documents\GitHub\Control_System\evidence\experiments\runs\hf2_deferred_capacity_20260907\count_0190\timing\dio\0046\metadata.json","1134"
"C:\Users\Chris\Documents\GitHub\Control_System\evidence\experiments\runs\hf2_deferred_capacity_20260907\count_0190\timing\dio\0047\metadata.json","1134"
"C:\Users\Chris\Documents\GitHub\Control_System\evidence\experiments\runs\hf2_deferred_capacity_20260907\count_0190\timing\dio\0048\metadata.json","1134"
"C:\Users\Chris\Documents\GitHub\Control_System\evidence\experiments\runs\hf2_deferred_capacity_20260907\count_0190\timing\dio\0049\metadata.json","1134"
"C:\Users\Chris\Documents\GitHub\Control_System\evidence\experiments\runs\hf2_deferred_capacity_20260907\count_0190\timing\dio\0050\metadata.json","1134"
"C:\Users\Chris\Documents\GitHub\Control_System\evidence\experiments\runs\hf2_deferred_capacity_20260907\count_0190\timing\dio\0051\metadata.json","1134"
"C:\Users\Chris\Documents\GitHub\Control_System\evidence\experiments\runs\hf2_deferred_capacity_20260907\count_0190\timing\dio\0052\metadata.json","1134"
"C:\Users\Chris\Documents\GitHub\Control_System\evidence\experiments\runs\hf2_deferred_capacity_20260907\count_0190\timing\dio\0053\metadata.json","1134"
"C:\Users\Chris\Documents\GitHub\Control_System\evidence\experiments\runs\hf2_deferred_capacity_20260907\count_0190\timing\dio\0054\metadata.json","1134"
"C:\Users\Chris\Documents\GitHub\Control_System\evidence\experiments\runs\hf2_deferred_capacity_20260907\count_0190\timing\dio\0055\metadata.json","1134"
"C:\Users\Chris\Documents\GitHub\Control_System\evidence\experiments\runs\hf2_deferred_capacity_20260907\count_0190\timing\dio\0056\metadata.json","1134"
"C:\Users\Chris\Documents\GitHub\Control_System\evidence\experiments\runs\hf2_deferred_capacity_20260907\count_0190\timing\dio\0057\metadata.json","1134"
"C:\Users\Chris\Documents\GitHub\Control_System\evidence\experiments\runs\hf2_deferred_capacity_20260907\count_0190\timing\dio\0058\metadata.json","1134"
"C:\Users\Chris\Documents\GitHub\Control_System\evidence\experiments\runs\hf2_deferred_capacity_20260907\count_0190\timing\dio\0059\metadata.json","1134"
"C:\Users\Chris\Documents\GitHub\Control_System\evidence\experiments\runs\hf2_deferred_capacity_20260907\count_0190\timing\dio\0060\metadata.json","1134"
"C:\Users\Chris\Documents\GitHub\Control_System\evidence\experiments\runs\hf2_deferred_capacity_20260907\count_0190\timing\dio\0061\metadata.json","1134"
"C:\Users\Chris\Documents\GitHub\Control_System\evidence\experiments\runs\hf2_deferred_capacity_20260907\count_0190\timing\dio\0062\metadata.json","1134"
"C:\Users\Chris\Documents\GitHub\Control_System\evidence\experiments\runs\hf2_deferred_capacity_20260907\count_0190\timing\dio\0063\metadata.json","1134"
"C:\Users\Chris\Documents\GitHub\Control_System\evidence\experiments\runs\hf2_deferred_capacity_20260907\count_0190\timing\dio\0064\metadata.json","1134"
"C:\Users\Chris\Documents\GitHub\Control_System\evidence\experiments\runs\hf2_deferred_capacity_20260907\count_0190\timing\dio\0065\metadata.json","1134"
"C:\Users\Chris\Documents\GitHub\Control_System\evidence\experiments\runs\hf2_deferred_capacity_20260907\count_0190\timing\dio\0066\metadata.json","1134"
"C:\Users\Chris\Documents\GitHub\Control_System\evidence\experiments\runs\hf2_deferred_capacity_20260907\count_0190\timing\dio\0067\metadata.json","1134"
"C:\Users\Chris\Documents\GitHub\Control_System\evidence\experiments\runs\hf2_deferred_capacity_20260907\count_0190\timing\dio\0068\metadata.json","1134"
"C:\Users\Chris\Documents\GitHub\Control_System\evidence\experiments\runs\hf2_deferred_capacity_20260907\count_0190\timing\dio\0069\metadata.json","1134"
"C:\Users\Chris\Documents\GitHub\Control_System\evidence\experiments\runs\hf2_deferred_capacity_20260907\count_0190\timing\dio\0070\metadata.json","1134"
"C:\Users\Chris\Documents\GitHub\Control_System\evidence\experiments\runs\hf2_deferred_capacity_20260907\count_0190\timing\dio\0071\metadata.json","1134"
"C:\Users\Chris\Documents\GitHub\Control_System\evidence\experiments\runs\hf2_deferred_capacity_20260907\count_0190\timing\dio\0072\metadata.json","1134"
"C:\Users\Chris\Documents\GitHub\Control_System\evidence\experiments\runs\hf2_deferred_capacity_20260907\count_0190\timing\dio\0073\metadata.json","1134"
"C:\Users\Chris\Documents\GitHub\Control_System\evidence\experiments\runs\hf2_deferred_capacity_20260907\count_0190\timing\dio\0074\metadata.json","1134"
"C:\Users\Chris\Documents\GitHub\Control_System\evidence\experiments\runs\hf2_deferred_capacity_20260907\count_0190\timing\dio\0075\metadata.json","1134"
"C:\Users\Chris\Documents\GitHub\Control_System\evidence\experiments\runs\hf2_deferred_capacity_20260907\count_0190\timing\dio\0076\metadata.json","1134"
"C:\Users\Chris\Documents\GitHub\Control_System\evidence\experiments\runs\hf2_deferred_capacity_20260907\count_0190\timing\dio\0077\metadata.json","1134"
"C:\Users\Chris\Documents\GitHub\Control_System\evidence\experiments\runs\hf2_deferred_capacity_20260907\count_0190\timing\dio\0078\metadata.json","1134"
"C:\Users\Chris\Documents\GitHub\Control_System\evidence\experiments\runs\hf2_deferred_capacity_20260907\count_0190\timing\dio\0079\metadata.json","1134"
"C:\Users\Chris\Documents\GitHub\Control_System\evidence\experiments\runs\hf2_deferred_capacity_20260907\count_0190\timing\dio\0080\metadata.json","1134"
"C:\Users\Chris\Documents\GitHub\Control_System\evidence\experiments\runs\hf2_deferred_capacity_20260907\count_0190\timing\dio\0081\metadata.json","1134"
"C:\Users\Chris\Documents\GitHub\Control_System\evidence\experiments\runs\hf2_deferred_capacity_20260907\count_0190\timing\dio\0082\metadata.json","1134"
"C:\Users\Chris\Documents\GitHub\Control_System\evidence\experiments\runs\hf2_deferred_capacity_20260907\count_0190\timing\dio\0083\metadata.json","1134"
"C:\Users\Chris\Documents\GitHub\Control_System\evidence\experiments\runs\hf2_deferred_capacity_20260907\count_0190\timing\dio\0084\metadata.json","1134"
"C:\Users\Chris\Documents\GitHub\Control_System\evidence\experiments\runs\hf2_deferred_capacity_20260907\count_0190\timing\dio\0085\metadata.json","1134"
"C:\Users\Chris\Documents\GitHub\Control_System\evidence\experiments\runs\hf2_deferred_capacity_20260907\count_0190\timing\dio\0086\metadata.json","1134"
"C:\Users\Chris\Documents\GitHub\Control_System\evidence\experiments\runs\hf2_deferred_capacity_20260907\count_0190\timing\dio\0087\metadata.json","1134"
"C:\Users\Chris\Documents\GitHub\Control_System\evidence\experiments\runs\hf2_deferred_capacity_20260907\count_0190\timing\dio\0088\metadata.json","1134"
"C:\Users\Chris\Documents\GitHub\Control_System\evidence\experiments\runs\hf2_deferred_capacity_20260907\count_0190\timing\dio\0089\metadata.json","1134"
"C:\Users\Chris\Documents\GitHub\Control_System\evidence\experiments\runs\hf2_deferred_capacity_20260907\count_0190\timing\dio\0090\metadata.json","1134"
"C:\Users\Chris\Documents\GitHub\Control_System\evidence\experiments\runs\hf2_deferred_capacity_20260907\count_0190\timing\dio\0091\metadata.json","1134"
"C:\Users\Chris\Documents\GitHub\Control_System\evidence\experiments\runs\hf2_deferred_capacity_20260907\count_0190\timing\dio\0092\metadata.json","1134"
"C:\Users\Chris\Documents\GitHub\Control_System\evidence\experiments\runs\hf2_deferred_capacity_20260907\count_0190\timing\dio\0093\metadata.json","1134"
"C:\Users\Chris\Documents\GitHub\Control_System\evidence\experiments\runs\hf2_deferred_capacity_20260907\count_0190\timing\dio\0094\metadata.json","1134"
"C:\Users\Chris\Documents\GitHub\Control_System\evidence\experiments\runs\hf2_deferred_capacity_20260907\count_0190\timing\dio\0095\metadata.json","1134"
"C:\Users\Chris\Documents\GitHub\Control_System\evidence\experiments\runs\hf2_deferred_capacity_20260907\count_0190\timing\dio\0096\metadata.json","1134"
"C:\Users\Chris\Documents\GitHub\Control_System\evidence\experiments\runs\hf2_deferred_capacity_20260907\count_0190\timing\dio\0097\metadata.json","1134"
"C:\Users\Chris\Documents\GitHub\Control_System\evidence\experiments\runs\hf2_deferred_capacity_20260907\count_0190\timing\dio\0098\metadata.json","1134"
"C:\Users\Chris\Documents\GitHub\Control_System\evidence\experiments\runs\hf2_deferred_capacity_20260907\count_0190\timing\dio\0099\metadata.json","1134"
"C:\Users\Chris\Documents\GitHub\Control_System\evidence\experiments\runs\hf2_deferred_capacity_20260907\count_0190\timing\dio\0100\metadata.json","1135"
"C:\Users\Chris\Documents\GitHub\Control_System\evidence\experiments\runs\hf2_deferred_capacity_20260907\count_0190\timing\dio\0101\metadata.json","1135"
"C:\Users\Chris\Documents\GitHub\Control_System\evidence\experiments\runs\hf2_deferred_capacity_20260907\count_0190\timing\dio\0102\metadata.json","1135"
"C:\Users\Chris\Documents\GitHub\Control_System\evidence\experiments\runs\hf2_deferred_capacity_20260907\count_0190\timing\dio\0103\metadata.json","1135"
"C:\Users\Chris\Documents\GitHub\Control_System\evidence\experiments\runs\hf2_deferred_capacity_20260907\count_0190\timing\dio\0104\metadata.json","1135"
"C:\Users\Chris\Documents\GitHub\Control_System\evidence\experiments\runs\hf2_deferred_capacity_20260907\count_0190\timing\dio\0105\metadata.json","1135"
"C:\Users\Chris\Documents\GitHub\Control_System\evidence\experiments\runs\hf2_deferred_capacity_20260907\count_0190\timing\dio\0106\metadata.json","1135"
"C:\Users\Chris\Documents\GitHub\Control_System\evidence\experiments\runs\hf2_deferred_capacity_20260907\count_0190\timing\dio\0107\metadata.json","1135"
"C:\Users\Chris\Documents\GitHub\Control_System\evidence\experiments\runs\hf2_deferred_capacity_20260907\count_0190\timing\dio\0108\metadata.json","1135"
"C:\Users\Chris\Documents\GitHub\Control_System\evidence\experiments\runs\hf2_deferred_capacity_20260907\count_0190\timing\dio\0109\metadata.json","1135"
"C:\Users\Chris\Documents\GitHub\Control_System\evidence\experiments\runs\hf2_deferred_capacity_20260907\count_0190\timing\dio\0110\metadata.json","1135"
"C:\Users\Chris\Documents\GitHub\Control_System\evidence\experiments\runs\hf2_deferred_capacity_20260907\count_0190\timing\dio\0111\metadata.json","1135"
"C:\Users\Chris\Documents\GitHub\Control_System\evidence\experiments\runs\hf2_deferred_capacity_20260907\count_0190\timing\dio\0112\metadata.json","1135"
"C:\Users\Chris\Documents\GitHub\Control_System\evidence\experiments\runs\hf2_deferred_capacity_20260907\count_0190\timing\dio\0113\metadata.json","1135"
"C:\Users\Chris\Documents\GitHub\Control_System\evidence\experiments\runs\hf2_deferred_capacity_20260907\count_0190\timing\dio\0114\metadata.json","1135"
"C:\Users\Chris\Documents\GitHub\Control_System\evidence\experiments\runs\hf2_deferred_capacity_20260907\count_0190\timing\dio\0115\metadata.json","1135"
"C:\Users\Chris\Documents\GitHub\Control_System\evidence\experiments\runs\hf2_deferred_capacity_20260907\count_0190\timing\dio\0116\metadata.json","1135"
"C:\Users\Chris\Documents\GitHub\Control_System\evidence\experiments\runs\hf2_deferred_capacity_20260907\count_0190\timing\dio\0117\metadata.json","1135"
"C:\Users\Chris\Documents\GitHub\Control_System\evidence\experiments\runs\hf2_deferred_capacity_20260907\count_0190\timing\dio\0118\metadata.json","1135"
"C:\Users\Chris\Documents\GitHub\Control_System\evidence\experiments\runs\hf2_deferred_capacity_20260907\count_0190\timing\dio\0119\metadata.json","1135"
"C:\Users\Chris\Documents\GitHub\Control_System\evidence\experiments\runs\hf2_deferred_capacity_20260907\count_0190\timing\dio\0120\metadata.json","1135"
"C:\Users\Chris\Documents\GitHub\Control_System\evidence\experiments\runs\hf2_deferred_capacity_20260907\count_0190\timing\dio\0121\metadata.json","1135"
"C:\Users\Chris\Documents\GitHub\Control_System\evidence\experiments\runs\hf2_deferred_capacity_20260907\count_0190\timing\dio\0122\metadata.json","1135"
"C:\Users\Chris\Documents\GitHub\Control_System\evidence\experiments\runs\hf2_deferred_capacity_20260907\count_0190\timing\dio\0123\metadata.json","1135"
"C:\Users\Chris\Documents\GitHub\Control_System\evidence\experiments\runs\hf2_deferred_capacity_20260907\count_0190\timing\dio\0124\metadata.json","1135"
"C:\Users\Chris\Documents\GitHub\Control_System\evidence\experiments\runs\hf2_deferred_capacity_20260907\count_0190\timing\dio\0125\metadata.json","1135"
"C:\Users\Chris\Documents\GitHub\Control_System\evidence\experiments\runs\hf2_deferred_capacity_20260907\count_0190\timing\dio\0126\metadata.json","1135"
"C:\Users\Chris\Documents\GitHub\Control_System\evidence\experiments\runs\hf2_deferred_capacity_20260907\count_0190\timing\dio\0127\metadata.json","1135"
"C:\Users\Chris\Documents\GitHub\Control_System\evidence\experiments\runs\hf2_deferred_capacity_20260907\count_0190\timing\dio\0128\metadata.json","1135"
"C:\Users\Chris\Documents\GitHub\Control_System\evidence\experiments\runs\hf2_deferred_capacity_20260907\count_0190\timing\dio\0129\metadata.json","1135"
"C:\Users\Chris\Documents\GitHub\Control_System\evidence\experiments\runs\hf2_deferred_capacity_20260907\count_0190\timing\dio\0130\metadata.json","1135"
"C:\Users\Chris\Documents\GitHub\Control_System\evidence\experiments\runs\hf2_deferred_capacity_20260907\count_0190\timing\dio\0131\metadata.json","1135"
"C:\Users\Chris\Documents\GitHub\Control_System\evidence\experiments\runs\hf2_deferred_capacity_20260907\count_0190\timing\dio\0132\metadata.json","1135"
"C:\Users\Chris\Documents\GitHub\Control_System\evidence\experiments\runs\hf2_deferred_capacity_20260907\count_0190\timing\dio\0133\metadata.json","1135"
"C:\Users\Chris\Documents\GitHub\Control_System\evidence\experiments\runs\hf2_deferred_capacity_20260907\count_0190\timing\dio\0134\metadata.json","1135"
"C:\Users\Chris\Documents\GitHub\Control_System\evidence\experiments\runs\hf2_deferred_capacity_20260907\count_0190\timing\dio\0135\metadata.json","1135"
"C:\Users\Chris\Documents\GitHub\Control_System\evidence\experiments\runs\hf2_deferred_capacity_20260907\count_0190\timing\dio\0136\metadata.json","1135"
"C:\Users\Chris\Documents\GitHub\Control_System\evidence\experiments\runs\hf2_deferred_capacity_20260907\count_0190\timing\dio\0137\metadata.json","1135"
"C:\Users\Chris\Documents\GitHub\Control_System\evidence\experiments\runs\hf2_deferred_capacity_20260907\count_0190\timing\dio\0138\metadata.json","1135"
"C:\Users\Chris\Documents\GitHub\Control_System\evidence\experiments\runs\hf2_deferred_capacity_20260907\count_0190\timing\dio\0139\metadata.json","1135"
"C:\Users\Chris\Documents\GitHub\Control_System\evidence\experiments\runs\hf2_deferred_capacity_20260907\count_0190\timing\dio\0140\metadata.json","1135"
"C:\Users\Chris\Documents\GitHub\Control_System\evidence\experiments\runs\hf2_deferred_capacity_20260907\count_0190\timing\dio\0141\metadata.json","1135"
"C:\Users\Chris\Documents\GitHub\Control_System\evidence\experiments\runs\hf2_deferred_capacity_20260907\count_0190\timing\dio\0142\metadata.json","1135"
"C:\Users\Chris\Documents\GitHub\Control_System\evidence\experiments\runs\hf2_deferred_capacity_20260907\count_0190\timing\dio\0143\metadata.json","1135"
"C:\Users\Chris\Documents\GitHub\Control_System\evidence\experiments\runs\hf2_deferred_capacity_20260907\count_0190\timing\dio\0144\metadata.json","1135"
"C:\Users\Chris\Documents\GitHub\Control_System\evidence\experiments\runs\hf2_deferred_capacity_20260907\count_0190\timing\dio\0145\metadata.json","1135"
"C:\Users\Chris\Documents\GitHub\Control_System\evidence\experiments\runs\hf2_deferred_capacity_20260907\count_0190\timing\dio\0146\metadata.json","1135"
"C:\Users\Chris\Documents\GitHub\Control_System\evidence\experiments\runs\hf2_deferred_capacity_20260907\count_0190\timing\dio\0147\metadata.json","1135"
"C:\Users\Chris\Documents\GitHub\Control_System\evidence\experiments\runs\hf2_deferred_capacity_20260907\count_0190\timing\dio\0148\metadata.json","1135"
"C:\Users\Chris\Documents\GitHub\Control_System\evidence\experiments\runs\hf2_deferred_capacity_20260907\count_0190\timing\dio\0149\metadata.json","1135"
"C:\Users\Chris\Documents\GitHub\Control_System\evidence\experiments\runs\hf2_deferred_capacity_20260907\count_0190\timing\dio\0150\metadata.json","1135"
"C:\Users\Chris\Documents\GitHub\Control_System\evidence\experiments\runs\hf2_deferred_capacity_20260907\count_0190\timing\dio\0151\metadata.json","1135"
"C:\Users\Chris\Documents\GitHub\Control_System\evidence\experiments\runs\hf2_deferred_capacity_20260907\count_0190\timing\dio\0152\metadata.json","1135"
"C:\Users\Chris\Documents\GitHub\Control_System\evidence\experiments\runs\hf2_deferred_capacity_20260907\count_0190\timing\dio\0153\metadata.json","1135"
"C:\Users\Chris\Documents\GitHub\Control_System\evidence\experiments\runs\hf2_deferred_capacity_20260907\count_0190\timing\dio\0154\metadata.json","1135"
"C:\Users\Chris\Documents\GitHub\Control_System\evidence\experiments\runs\hf2_deferred_capacity_20260907\count_0190\timing\dio\0155\metadata.json","1135"
"C:\Users\Chris\Documents\GitHub\Control_System\evidence\experiments\runs\hf2_deferred_capacity_20260907\count_0190\timing\dio\0156\metadata.json","1135"
"C:\Users\Chris\Documents\GitHub\Control_System\evidence\experiments\runs\hf2_deferred_capacity_20260907\count_0190\timing\dio\0157\metadata.json","1135"
"C:\Users\Chris\Documents\GitHub\Control_System\evidence\experiments\runs\hf2_deferred_capacity_20260907\count_0190\timing\dio\0158\metadata.json","1135"
"C:\Users\Chris\Documents\GitHub\Control_System\evidence\experiments\runs\hf2_deferred_capacity_20260907\count_0190\timing\dio\0159\metadata.json","1135"
"C:\Users\Chris\Documents\GitHub\Control_System\evidence\experiments\runs\hf2_deferred_capacity_20260907\count_0190\timing\dio\0160\metadata.json","1135"
"C:\Users\Chris\Documents\GitHub\Control_System\evidence\experiments\runs\hf2_deferred_capacity_20260907\count_0190\timing\dio\0161\metadata.json","1135"
"C:\Users\Chris\Documents\GitHub\Control_System\evidence\experiments\runs\hf2_deferred_capacity_20260907\count_0190\timing\dio\0162\metadata.json","1135"
"C:\Users\Chris\Documents\GitHub\Control_System\evidence\experiments\runs\hf2_deferred_capacity_20260907\count_0190\timing\dio\0163\metadata.json","1135"
"C:\Users\Chris\Documents\GitHub\Control_System\evidence\experiments\runs\hf2_deferred_capacity_20260907\count_0190\timing\dio\0164\metadata.json","1135"
"C:\Users\Chris\Documents\GitHub\Control_System\evidence\experiments\runs\hf2_deferred_capacity_20260907\count_0190\timing\dio\0165\metadata.json","1135"
"C:\Users\Chris\Documents\GitHub\Control_System\evidence\experiments\runs\hf2_deferred_capacity_20260907\count_0190\timing\dio\0166\metadata.json","1135"
"C:\Users\Chris\Documents\GitHub\Control_System\evidence\experiments\runs\hf2_deferred_capacity_20260907\count_0190\timing\dio\0167\metadata.json","1135"
"C:\Users\Chris\Documents\GitHub\Control_System\evidence\experiments\runs\hf2_deferred_capacity_20260907\count_0190\timing\dio\0168\metadata.json","1135"
"C:\Users\Chris\Documents\GitHub\Control_System\evidence\experiments\runs\hf2_deferred_capacity_20260907\count_0190\timing\dio\0169\metadata.json","1135"
"C:\Users\Chris\Documents\GitHub\Control_System\evidence\experiments\runs\hf2_deferred_capacity_20260907\count_0190\timing\dio\0170\metadata.json","1135"
"C:\Users\Chris\Documents\GitHub\Control_System\evidence\experiments\runs\hf2_deferred_capacity_20260907\count_0190\timing\dio\0171\metadata.json","1135"
"C:\Users\Chris\Documents\GitHub\Control_System\evidence\experiments\runs\hf2_deferred_capacity_20260907\count_0190\timing\dio\0172\metadata.json","1135"
"C:\Users\Chris\Documents\GitHub\Control_System\evidence\experiments\runs\hf2_deferred_capacity_20260907\count_0190\timing\dio\0173\metadata.json","1135"
"C:\Users\Chris\Documents\GitHub\Control_System\evidence\experiments\runs\hf2_deferred_capacity_20260907\count_0190\timing\dio\0174\metadata.json","1135"
"C:\Users\Chris\Documents\GitHub\Control_System\evidence\experiments\runs\hf2_deferred_capacity_20260907\count_0190\timing\dio\0175\metadata.json","1135"
"C:\Users\Chris\Documents\GitHub\Control_System\evidence\experiments\runs\hf2_deferred_capacity_20260907\count_0190\timing\dio\0176\metadata.json","1135"
"C:\Users\Chris\Documents\GitHub\Control_System\evidence\experiments\runs\hf2_deferred_capacity_20260907\count_0190\timing\dio\0177\metadata.json","1135"
"C:\Users\Chris\Documents\GitHub\Control_System\evidence\experiments\runs\hf2_deferred_capacity_20260907\count_0190\timing\dio\0178\metadata.json","1135"
"C:\Users\Chris\Documents\GitHub\Control_System\evidence\experiments\runs\hf2_deferred_capacity_20260907\count_0190\timing\dio\0179\metadata.json","1135"
"C:\Users\Chris\Documents\GitHub\Control_System\evidence\experiments\runs\hf2_deferred_capacity_20260907\count_0190\timing\dio\0180\metadata.json","1135"
"C:\Users\Chris\Documents\GitHub\Control_System\evidence\experiments\runs\hf2_deferred_capacity_20260907\count_0190\timing\dio\0181\metadata.json","1135"
"C:\Users\Chris\Documents\GitHub\Control_System\evidence\experiments\runs\hf2_deferred_capacity_20260907\count_0190\timing\dio\0182\metadata.json","1135"
"C:\Users\Chris\Documents\GitHub\Control_System\evidence\experiments\runs\hf2_deferred_capacity_20260907\count_0190\timing\dio\0183\metadata.json","1135"
"C:\Users\Chris\Documents\GitHub\Control_System\evidence\experiments\runs\hf2_deferred_capacity_20260907\count_0190\timing\dio\0184\metadata.json","1135"
"C:\Users\Chris\Documents\GitHub\Control_System\evidence\experiments\runs\hf2_deferred_capacity_20260907\count_0190\timing\dio\0185\metadata.json","1135"
"C:\Users\Chris\Documents\GitHub\Control_System\evidence\experiments\runs\hf2_deferred_capacity_20260907\count_0190\timing\dio\0186\metadata.json","1135"
"C:\Users\Chris\Documents\GitHub\Control_System\evidence\experiments\runs\hf2_deferred_capacity_20260907\count_0190\timing\dio\0187\metadata.json","1135"
"C:\Users\Chris\Documents\GitHub\Control_System\evidence\experiments\runs\hf2_deferred_capacity_20260907\count_0190\timing\dio\0188\metadata.json","1135"
"C:\Users\Chris\Documents\GitHub\Control_System\evidence\experiments\runs\hf2_deferred_capacity_20260907\count_0190\timing\dio\0189\metadata.json","1135"
"C:\Users\Chris\Documents\GitHub\Control_System\evidence\experiments\runs\hf2_deferred_capacity_20260907\count_0220\detectors_configuration.json","295"
"C:\Users\Chris\Documents\GitHub\Control_System\evidence\experiments\runs\hf2_deferred_capacity_20260907\count_0220\memory.json","18930"
"C:\Users\Chris\Documents\GitHub\Control_System\evidence\experiments\runs\hf2_deferred_capacity_20260907\count_0220\result.json","170834"
"C:\Users\Chris\Documents\GitHub\Control_System\evidence\experiments\runs\hf2_deferred_capacity_20260907\count_0220\timing_configuration.json","295"
"C:\Users\Chris\Documents\GitHub\Control_System\evidence\experiments\runs\hf2_deferred_capacity_20260907\count_0220\detectors\x\0000\metadata.json","1133"
"C:\Users\Chris\Documents\GitHub\Control_System\evidence\experiments\runs\hf2_deferred_capacity_20260907\count_0220\detectors\x\0001\metadata.json","1133"
"C:\Users\Chris\Documents\GitHub\Control_System\evidence\experiments\runs\hf2_deferred_capacity_20260907\count_0220\detectors\x\0002\metadata.json","1133"
"C:\Users\Chris\Documents\GitHub\Control_System\evidence\experiments\runs\hf2_deferred_capacity_20260907\count_0220\detectors\x\0003\metadata.json","1133"
"C:\Users\Chris\Documents\GitHub\Control_System\evidence\experiments\runs\hf2_deferred_capacity_20260907\count_0220\detectors\x\0004\metadata.json","1133"
"C:\Users\Chris\Documents\GitHub\Control_System\evidence\experiments\runs\hf2_deferred_capacity_20260907\count_0220\detectors\x\0005\metadata.json","1133"
"C:\Users\Chris\Documents\GitHub\Control_System\evidence\experiments\runs\hf2_deferred_capacity_20260907\count_0220\detectors\x\0006\metadata.json","1133"
"C:\Users\Chris\Documents\GitHub\Control_System\evidence\experiments\runs\hf2_deferred_capacity_20260907\count_0220\detectors\x\0007\metadata.json","1133"
"C:\Users\Chris\Documents\GitHub\Control_System\evidence\experiments\runs\hf2_deferred_capacity_20260907\count_0220\detectors\x\0008\metadata.json","1133"
"C:\Users\Chris\Documents\GitHub\Control_System\evidence\experiments\runs\hf2_deferred_capacity_20260907\count_0220\detectors\x\0009\metadata.json","1133"
"C:\Users\Chris\Documents\GitHub\Control_System\evidence\experiments\runs\hf2_deferred_capacity_20260907\count_0220\detectors\x\0010\metadata.json","1134"
"C:\Users\Chris\Documents\GitHub\Control_System\evidence\experiments\runs\hf2_deferred_capacity_20260907\count_0220\detectors\x\0011\metadata.json","1134"
"C:\Users\Chris\Documents\GitHub\Control_System\evidence\experiments\runs\hf2_deferred_capacity_20260907\count_0220\detectors\x\0012\metadata.json","1134"
"C:\Users\Chris\Documents\GitHub\Control_System\evidence\experiments\runs\hf2_deferred_capacity_20260907\count_0220\detectors\x\0013\metadata.json","1134"
"C:\Users\Chris\Documents\GitHub\Control_System\evidence\experiments\runs\hf2_deferred_capacity_20260907\count_0220\detectors\x\0014\metadata.json","1134"
"C:\Users\Chris\Documents\GitHub\Control_System\evidence\experiments\runs\hf2_deferred_capacity_20260907\count_0220\detectors\x\0015\metadata.json","1134"
"C:\Users\Chris\Documents\GitHub\Control_System\evidence\experiments\runs\hf2_deferred_capacity_20260907\count_0220\detectors\x\0016\metadata.json","1134"
"C:\Users\Chris\Documents\GitHub\Control_System\evidence\experiments\runs\hf2_deferred_capacity_20260907\count_0220\detectors\x\0017\metadata.json","1134"
"C:\Users\Chris\Documents\GitHub\Control_System\evidence\experiments\runs\hf2_deferred_capacity_20260907\count_0220\detectors\x\0018\metadata.json","1134"
"C:\Users\Chris\Documents\GitHub\Control_System\evidence\experiments\runs\hf2_deferred_capacity_20260907\count_0220\detectors\x\0019\metadata.json","1134"
"C:\Users\Chris\Documents\GitHub\Control_System\evidence\experiments\runs\hf2_deferred_capacity_20260907\count_0220\detectors\x\0020\metadata.json","1134"
"C:\Users\Chris\Documents\GitHub\Control_System\evidence\experiments\runs\hf2_deferred_capacity_20260907\count_0220\detectors\x\0021\metadata.json","1134"
"C:\Users\Chris\Documents\GitHub\Control_System\evidence\experiments\runs\hf2_deferred_capacity_20260907\count_0220\detectors\x\0022\metadata.json","1134"
"C:\Users\Chris\Documents\GitHub\Control_System\evidence\experiments\runs\hf2_deferred_capacity_20260907\count_0220\detectors\x\0023\metadata.json","1134"
"C:\Users\Chris\Documents\GitHub\Control_System\evidence\experiments\runs\hf2_deferred_capacity_20260907\count_0220\detectors\x\0024\metadata.json","1134"
"C:\Users\Chris\Documents\GitHub\Control_System\evidence\experiments\runs\hf2_deferred_capacity_20260907\count_0220\detectors\x\0025\metadata.json","1134"
"C:\Users\Chris\Documents\GitHub\Control_System\evidence\experiments\runs\hf2_deferred_capacity_20260907\count_0220\detectors\x\0026\metadata.json","1134"
"C:\Users\Chris\Documents\GitHub\Control_System\evidence\experiments\runs\hf2_deferred_capacity_20260907\count_0220\detectors\x\0027\metadata.json","1134"
"C:\Users\Chris\Documents\GitHub\Control_System\evidence\experiments\runs\hf2_deferred_capacity_20260907\count_0220\detectors\x\0028\metadata.json","1134"
"C:\Users\Chris\Documents\GitHub\Control_System\evidence\experiments\runs\hf2_deferred_capacity_20260907\count_0220\detectors\x\0029\metadata.json","1134"
"C:\Users\Chris\Documents\GitHub\Control_System\evidence\experiments\runs\hf2_deferred_capacity_20260907\count_0220\detectors\x\0030\metadata.json","1134"
"C:\Users\Chris\Documents\GitHub\Control_System\evidence\experiments\runs\hf2_deferred_capacity_20260907\count_0220\detectors\x\0031\metadata.json","1134"
"C:\Users\Chris\Documents\GitHub\Control_System\evidence\experiments\runs\hf2_deferred_capacity_20260907\count_0220\detectors\x\0032\metadata.json","1134"
"C:\Users\Chris\Documents\GitHub\Control_System\evidence\experiments\runs\hf2_deferred_capacity_20260907\count_0220\detectors\x\0033\metadata.json","1134"
"C:\Users\Chris\Documents\GitHub\Control_System\evidence\experiments\runs\hf2_deferred_capacity_20260907\count_0220\detectors\x\0034\metadata.json","1134"
"C:\Users\Chris\Documents\GitHub\Control_System\evidence\experiments\runs\hf2_deferred_capacity_20260907\count_0220\detectors\x\0035\metadata.json","1134"
"C:\Users\Chris\Documents\GitHub\Control_System\evidence\experiments\runs\hf2_deferred_capacity_20260907\count_0220\detectors\x\0036\metadata.json","1134"
"C:\Users\Chris\Documents\GitHub\Control_System\evidence\experiments\runs\hf2_deferred_capacity_20260907\count_0220\detectors\x\0037\metadata.json","1134"
"C:\Users\Chris\Documents\GitHub\Control_System\evidence\experiments\runs\hf2_deferred_capacity_20260907\count_0220\detectors\x\0038\metadata.json","1134"
"C:\Users\Chris\Documents\GitHub\Control_System\evidence\experiments\runs\hf2_deferred_capacity_20260907\count_0220\detectors\x\0039\metadata.json","1134"
"C:\Users\Chris\Documents\GitHub\Control_System\evidence\experiments\runs\hf2_deferred_capacity_20260907\count_0220\detectors\x\0040\metadata.json","1134"
"C:\Users\Chris\Documents\GitHub\Control_System\evidence\experiments\runs\hf2_deferred_capacity_20260907\count_0220\detectors\x\0041\metadata.json","1134"
"C:\Users\Chris\Documents\GitHub\Control_System\evidence\experiments\runs\hf2_deferred_capacity_20260907\count_0220\detectors\x\0042\metadata.json","1134"
"C:\Users\Chris\Documents\GitHub\Control_System\evidence\experiments\runs\hf2_deferred_capacity_20260907\count_0220\detectors\x\0043\metadata.json","1134"
"C:\Users\Chris\Documents\GitHub\Control_System\evidence\experiments\runs\hf2_deferred_capacity_20260907\count_0220\detectors\x\0044\metadata.json","1134"
"C:\Users\Chris\Documents\GitHub\Control_System\evidence\experiments\runs\hf2_deferred_capacity_20260907\count_0220\detectors\x\0045\metadata.json","1134"
"C:\Users\Chris\Documents\GitHub\Control_System\evidence\experiments\runs\hf2_deferred_capacity_20260907\count_0220\detectors\x\0046\metadata.json","1134"
"C:\Users\Chris\Documents\GitHub\Control_System\evidence\experiments\runs\hf2_deferred_capacity_20260907\count_0220\detectors\x\0047\metadata.json","1134"
"C:\Users\Chris\Documents\GitHub\Control_System\evidence\experiments\runs\hf2_deferred_capacity_20260907\count_0220\detectors\x\0048\metadata.json","1134"
"C:\Users\Chris\Documents\GitHub\Control_System\evidence\experiments\runs\hf2_deferred_capacity_20260907\count_0220\detectors\x\0049\metadata.json","1134"
"C:\Users\Chris\Documents\GitHub\Control_System\evidence\experiments\runs\hf2_deferred_capacity_20260907\count_0220\detectors\x\0050\metadata.json","1134"
"C:\Users\Chris\Documents\GitHub\Control_System\evidence\experiments\runs\hf2_deferred_capacity_20260907\count_0220\detectors\x\0051\metadata.json","1134"
"C:\Users\Chris\Documents\GitHub\Control_System\evidence\experiments\runs\hf2_deferred_capacity_20260907\count_0220\detectors\x\0052\metadata.json","1134"
"C:\Users\Chris\Documents\GitHub\Control_System\evidence\experiments\runs\hf2_deferred_capacity_20260907\count_0220\detectors\x\0053\metadata.json","1134"
"C:\Users\Chris\Documents\GitHub\Control_System\evidence\experiments\runs\hf2_deferred_capacity_20260907\count_0220\detectors\x\0054\metadata.json","1134"
"C:\Users\Chris\Documents\GitHub\Control_System\evidence\experiments\runs\hf2_deferred_capacity_20260907\count_0220\detectors\x\0055\metadata.json","1134"
"C:\Users\Chris\Documents\GitHub\Control_System\evidence\experiments\runs\hf2_deferred_capacity_20260907\count_0220\detectors\x\0056\metadata.json","1134"
"C:\Users\Chris\Documents\GitHub\Control_System\evidence\experiments\runs\hf2_deferred_capacity_20260907\count_0220\detectors\x\0057\metadata.json","1134"
"C:\Users\Chris\Documents\GitHub\Control_System\evidence\experiments\runs\hf2_deferred_capacity_20260907\count_0220\detectors\x\0058\metadata.json","1134"
"C:\Users\Chris\Documents\GitHub\Control_System\evidence\experiments\runs\hf2_deferred_capacity_20260907\count_0220\detectors\x\0059\metadata.json","1134"
"C:\Users\Chris\Documents\GitHub\Control_System\evidence\experiments\runs\hf2_deferred_capacity_20260907\count_0220\detectors\x\0060\metadata.json","1134"
"C:\Users\Chris\Documents\GitHub\Control_System\evidence\experiments\runs\hf2_deferred_capacity_20260907\count_0220\detectors\x\0061\metadata.json","1134"
"C:\Users\Chris\Documents\GitHub\Control_System\evidence\experiments\runs\hf2_deferred_capacity_20260907\count_0220\detectors\x\0062\metadata.json","1134"
"C:\Users\Chris\Documents\GitHub\Control_System\evidence\experiments\runs\hf2_deferred_capacity_20260907\count_0220\detectors\x\0063\metadata.json","1134"
"C:\Users\Chris\Documents\GitHub\Control_System\evidence\experiments\runs\hf2_deferred_capacity_20260907\count_0220\detectors\x\0064\metadata.json","1134"
"C:\Users\Chris\Documents\GitHub\Control_System\evidence\experiments\runs\hf2_deferred_capacity_20260907\count_0220\detectors\x\0065\metadata.json","1134"
"C:\Users\Chris\Documents\GitHub\Control_System\evidence\experiments\runs\hf2_deferred_capacity_20260907\count_0220\detectors\x\0066\metadata.json","1134"
"C:\Users\Chris\Documents\GitHub\Control_System\evidence\experiments\runs\hf2_deferred_capacity_20260907\count_0220\detectors\x\0067\metadata.json","1134"
"C:\Users\Chris\Documents\GitHub\Control_System\evidence\experiments\runs\hf2_deferred_capacity_20260907\count_0220\detectors\x\0068\metadata.json","1134"
"C:\Users\Chris\Documents\GitHub\Control_System\evidence\experiments\runs\hf2_deferred_capacity_20260907\count_0220\detectors\x\0069\metadata.json","1134"
"C:\Users\Chris\Documents\GitHub\Control_System\evidence\experiments\runs\hf2_deferred_capacity_20260907\count_0220\detectors\x\0070\metadata.json","1134"
"C:\Users\Chris\Documents\GitHub\Control_System\evidence\experiments\runs\hf2_deferred_capacity_20260907\count_0220\detectors\x\0071\metadata.json","1134"
"C:\Users\Chris\Documents\GitHub\Control_System\evidence\experiments\runs\hf2_deferred_capacity_20260907\count_0220\detectors\x\0072\metadata.json","1134"
"C:\Users\Chris\Documents\GitHub\Control_System\evidence\experiments\runs\hf2_deferred_capacity_20260907\count_0220\detectors\x\0073\metadata.json","1134"
"C:\Users\Chris\Documents\GitHub\Control_System\evidence\experiments\runs\hf2_deferred_capacity_20260907\count_0220\detectors\x\0074\metadata.json","1134"
"C:\Users\Chris\Documents\GitHub\Control_System\evidence\experiments\runs\hf2_deferred_capacity_20260907\count_0220\detectors\x\0075\metadata.json","1134"
"C:\Users\Chris\Documents\GitHub\Control_System\evidence\experiments\runs\hf2_deferred_capacity_20260907\count_0220\detectors\x\0076\metadata.json","1134"
"C:\Users\Chris\Documents\GitHub\Control_System\evidence\experiments\runs\hf2_deferred_capacity_20260907\count_0220\detectors\x\0077\metadata.json","1134"
"C:\Users\Chris\Documents\GitHub\Control_System\evidence\experiments\runs\hf2_deferred_capacity_20260907\count_0220\detectors\x\0078\metadata.json","1134"
"C:\Users\Chris\Documents\GitHub\Control_System\evidence\experiments\runs\hf2_deferred_capacity_20260907\count_0220\detectors\x\0079\metadata.json","1134"
"C:\Users\Chris\Documents\GitHub\Control_System\evidence\experiments\runs\hf2_deferred_capacity_20260907\count_0220\detectors\x\0080\metadata.json","1134"
"C:\Users\Chris\Documents\GitHub\Control_System\evidence\experiments\runs\hf2_deferred_capacity_20260907\count_0220\detectors\x\0081\metadata.json","1134"
"C:\Users\Chris\Documents\GitHub\Control_System\evidence\experiments\runs\hf2_deferred_capacity_20260907\count_0220\detectors\x\0082\metadata.json","1134"
"C:\Users\Chris\Documents\GitHub\Control_System\evidence\experiments\runs\hf2_deferred_capacity_20260907\count_0220\detectors\x\0083\metadata.json","1134"
"C:\Users\Chris\Documents\GitHub\Control_System\evidence\experiments\runs\hf2_deferred_capacity_20260907\count_0220\detectors\x\0084\metadata.json","1134"
"C:\Users\Chris\Documents\GitHub\Control_System\evidence\experiments\runs\hf2_deferred_capacity_20260907\count_0220\detectors\x\0085\metadata.json","1134"
"C:\Users\Chris\Documents\GitHub\Control_System\evidence\experiments\runs\hf2_deferred_capacity_20260907\count_0220\detectors\x\0086\metadata.json","1134"
"C:\Users\Chris\Documents\GitHub\Control_System\evidence\experiments\runs\hf2_deferred_capacity_20260907\count_0220\detectors\x\0087\metadata.json","1134"
"C:\Users\Chris\Documents\GitHub\Control_System\evidence\experiments\runs\hf2_deferred_capacity_20260907\count_0220\detectors\x\0088\metadata.json","1134"
"C:\Users\Chris\Documents\GitHub\Control_System\evidence\experiments\runs\hf2_deferred_capacity_20260907\count_0220\detectors\x\0089\metadata.json","1134"
"C:\Users\Chris\Documents\GitHub\Control_System\evidence\experiments\runs\hf2_deferred_capacity_20260907\count_0220\detectors\x\0090\metadata.json","1134"
"C:\Users\Chris\Documents\GitHub\Control_System\evidence\experiments\runs\hf2_deferred_capacity_20260907\count_0220\detectors\x\0091\metadata.json","1134"
"C:\Users\Chris\Documents\GitHub\Control_System\evidence\experiments\runs\hf2_deferred_capacity_20260907\count_0220\detectors\x\0092\metadata.json","1134"
"C:\Users\Chris\Documents\GitHub\Control_System\evidence\experiments\runs\hf2_deferred_capacity_20260907\count_0220\detectors\x\0093\metadata.json","1134"
"C:\Users\Chris\Documents\GitHub\Control_System\evidence\experiments\runs\hf2_deferred_capacity_20260907\count_0220\detectors\x\0094\metadata.json","1134"
"C:\Users\Chris\Documents\GitHub\Control_System\evidence\experiments\runs\hf2_deferred_capacity_20260907\count_0220\detectors\x\0095\metadata.json","1134"
"C:\Users\Chris\Documents\GitHub\Control_System\evidence\experiments\runs\hf2_deferred_capacity_20260907\count_0220\detectors\x\0096\metadata.json","1134"
"C:\Users\Chris\Documents\GitHub\Control_System\evidence\experiments\runs\hf2_deferred_capacity_20260907\count_0220\detectors\x\0097\metadata.json","1134"
"C:\Users\Chris\Documents\GitHub\Control_System\evidence\experiments\runs\hf2_deferred_capacity_20260907\count_0220\detectors\x\0098\metadata.json","1134"
"C:\Users\Chris\Documents\GitHub\Control_System\evidence\experiments\runs\hf2_deferred_capacity_20260907\count_0220\detectors\x\0099\metadata.json","1134"
"C:\Users\Chris\Documents\GitHub\Control_System\evidence\experiments\runs\hf2_deferred_capacity_20260907\count_0220\detectors\x\0100\metadata.json","1135"
"C:\Users\Chris\Documents\GitHub\Control_System\evidence\experiments\runs\hf2_deferred_capacity_20260907\count_0220\detectors\x\0101\metadata.json","1135"
"C:\Users\Chris\Documents\GitHub\Control_System\evidence\experiments\runs\hf2_deferred_capacity_20260907\count_0220\detectors\x\0102\metadata.json","1135"
"C:\Users\Chris\Documents\GitHub\Control_System\evidence\experiments\runs\hf2_deferred_capacity_20260907\count_0220\detectors\x\0103\metadata.json","1135"
"C:\Users\Chris\Documents\GitHub\Control_System\evidence\experiments\runs\hf2_deferred_capacity_20260907\count_0220\detectors\x\0104\metadata.json","1135"
"C:\Users\Chris\Documents\GitHub\Control_System\evidence\experiments\runs\hf2_deferred_capacity_20260907\count_0220\detectors\x\0105\metadata.json","1135"
"C:\Users\Chris\Documents\GitHub\Control_System\evidence\experiments\runs\hf2_deferred_capacity_20260907\count_0220\detectors\x\0106\metadata.json","1135"
"C:\Users\Chris\Documents\GitHub\Control_System\evidence\experiments\runs\hf2_deferred_capacity_20260907\count_0220\detectors\x\0107\metadata.json","1135"
"C:\Users\Chris\Documents\GitHub\Control_System\evidence\experiments\runs\hf2_deferred_capacity_20260907\count_0220\detectors\x\0108\metadata.json","1135"
"C:\Users\Chris\Documents\GitHub\Control_System\evidence\experiments\runs\hf2_deferred_capacity_20260907\count_0220\detectors\x\0109\metadata.json","1135"
"C:\Users\Chris\Documents\GitHub\Control_System\evidence\experiments\runs\hf2_deferred_capacity_20260907\count_0220\detectors\x\0110\metadata.json","1135"
"C:\Users\Chris\Documents\GitHub\Control_System\evidence\experiments\runs\hf2_deferred_capacity_20260907\count_0220\detectors\x\0111\metadata.json","1135"
"C:\Users\Chris\Documents\GitHub\Control_System\evidence\experiments\runs\hf2_deferred_capacity_20260907\count_0220\detectors\x\0112\metadata.json","1135"
"C:\Users\Chris\Documents\GitHub\Control_System\evidence\experiments\runs\hf2_deferred_capacity_20260907\count_0220\detectors\x\0113\metadata.json","1135"
"C:\Users\Chris\Documents\GitHub\Control_System\evidence\experiments\runs\hf2_deferred_capacity_20260907\count_0220\detectors\x\0114\metadata.json","1135"
"C:\Users\Chris\Documents\GitHub\Control_System\evidence\experiments\runs\hf2_deferred_capacity_20260907\count_0220\detectors\x\0115\metadata.json","1135"
"C:\Users\Chris\Documents\GitHub\Control_System\evidence\experiments\runs\hf2_deferred_capacity_20260907\count_0220\detectors\x\0116\metadata.json","1135"
"C:\Users\Chris\Documents\GitHub\Control_System\evidence\experiments\runs\hf2_deferred_capacity_20260907\count_0220\detectors\x\0117\metadata.json","1135"
"C:\Users\Chris\Documents\GitHub\Control_System\evidence\experiments\runs\hf2_deferred_capacity_20260907\count_0220\detectors\x\0118\metadata.json","1135"
"C:\Users\Chris\Documents\GitHub\Control_System\evidence\experiments\runs\hf2_deferred_capacity_20260907\count_0220\detectors\x\0119\metadata.json","1135"
"C:\Users\Chris\Documents\GitHub\Control_System\evidence\experiments\runs\hf2_deferred_capacity_20260907\count_0220\detectors\x\0120\metadata.json","1135"
"C:\Users\Chris\Documents\GitHub\Control_System\evidence\experiments\runs\hf2_deferred_capacity_20260907\count_0220\detectors\x\0121\metadata.json","1135"
"C:\Users\Chris\Documents\GitHub\Control_System\evidence\experiments\runs\hf2_deferred_capacity_20260907\count_0220\detectors\x\0122\metadata.json","1135"
"C:\Users\Chris\Documents\GitHub\Control_System\evidence\experiments\runs\hf2_deferred_capacity_20260907\count_0220\detectors\x\0123\metadata.json","1135"
"C:\Users\Chris\Documents\GitHub\Control_System\evidence\experiments\runs\hf2_deferred_capacity_20260907\count_0220\detectors\x\0124\metadata.json","1135"
"C:\Users\Chris\Documents\GitHub\Control_System\evidence\experiments\runs\hf2_deferred_capacity_20260907\count_0220\detectors\x\0125\metadata.json","1135"
"C:\Users\Chris\Documents\GitHub\Control_System\evidence\experiments\runs\hf2_deferred_capacity_20260907\count_0220\detectors\x\0126\metadata.json","1135"
"C:\Users\Chris\Documents\GitHub\Control_System\evidence\experiments\runs\hf2_deferred_capacity_20260907\count_0220\detectors\x\0127\metadata.json","1135"
"C:\Users\Chris\Documents\GitHub\Control_System\evidence\experiments\runs\hf2_deferred_capacity_20260907\count_0220\detectors\x\0128\metadata.json","1135"
"C:\Users\Chris\Documents\GitHub\Control_System\evidence\experiments\runs\hf2_deferred_capacity_20260907\count_0220\detectors\x\0129\metadata.json","1135"
"C:\Users\Chris\Documents\GitHub\Control_System\evidence\experiments\runs\hf2_deferred_capacity_20260907\count_0220\detectors\x\0130\metadata.json","1135"
"C:\Users\Chris\Documents\GitHub\Control_System\evidence\experiments\runs\hf2_deferred_capacity_20260907\count_0220\detectors\x\0131\metadata.json","1135"
"C:\Users\Chris\Documents\GitHub\Control_System\evidence\experiments\runs\hf2_deferred_capacity_20260907\count_0220\detectors\x\0132\metadata.json","1135"
"C:\Users\Chris\Documents\GitHub\Control_System\evidence\experiments\runs\hf2_deferred_capacity_20260907\count_0220\detectors\x\0133\metadata.json","1135"
"C:\Users\Chris\Documents\GitHub\Control_System\evidence\experiments\runs\hf2_deferred_capacity_20260907\count_0220\detectors\x\0134\metadata.json","1135"
"C:\Users\Chris\Documents\GitHub\Control_System\evidence\experiments\runs\hf2_deferred_capacity_20260907\count_0220\detectors\x\0135\metadata.json","1135"
"C:\Users\Chris\Documents\GitHub\Control_System\evidence\experiments\runs\hf2_deferred_capacity_20260907\count_0220\detectors\x\0136\metadata.json","1135"
"C:\Users\Chris\Documents\GitHub\Control_System\evidence\experiments\runs\hf2_deferred_capacity_20260907\count_0220\detectors\x\0137\metadata.json","1135"
"C:\Users\Chris\Documents\GitHub\Control_System\evidence\experiments\runs\hf2_deferred_capacity_20260907\count_0220\detectors\x\0138\metadata.json","1135"
"C:\Users\Chris\Documents\GitHub\Control_System\evidence\experiments\runs\hf2_deferred_capacity_20260907\count_0220\detectors\x\0139\metadata.json","1135"
"C:\Users\Chris\Documents\GitHub\Control_System\evidence\experiments\runs\hf2_deferred_capacity_20260907\count_0220\detectors\x\0140\metadata.json","1135"
"C:\Users\Chris\Documents\GitHub\Control_System\evidence\experiments\runs\hf2_deferred_capacity_20260907\count_0220\detectors\x\0141\metadata.json","1135"
"C:\Users\Chris\Documents\GitHub\Control_System\evidence\experiments\runs\hf2_deferred_capacity_20260907\count_0220\detectors\x\0142\metadata.json","1135"
"C:\Users\Chris\Documents\GitHub\Control_System\evidence\experiments\runs\hf2_deferred_capacity_20260907\count_0220\detectors\x\0143\metadata.json","1135"
"C:\Users\Chris\Documents\GitHub\Control_System\evidence\experiments\runs\hf2_deferred_capacity_20260907\count_0220\detectors\x\0144\metadata.json","1135"
"C:\Users\Chris\Documents\GitHub\Control_System\evidence\experiments\runs\hf2_deferred_capacity_20260907\count_0220\detectors\x\0145\metadata.json","1135"
"C:\Users\Chris\Documents\GitHub\Control_System\evidence\experiments\runs\hf2_deferred_capacity_20260907\count_0220\detectors\x\0146\metadata.json","1135"
"C:\Users\Chris\Documents\GitHub\Control_System\evidence\experiments\runs\hf2_deferred_capacity_20260907\count_0220\detectors\x\0147\metadata.json","1135"
"C:\Users\Chris\Documents\GitHub\Control_System\evidence\experiments\runs\hf2_deferred_capacity_20260907\count_0220\detectors\x\0148\metadata.json","1135"
"C:\Users\Chris\Documents\GitHub\Control_System\evidence\experiments\runs\hf2_deferred_capacity_20260907\count_0220\detectors\x\0149\metadata.json","1135"
"C:\Users\Chris\Documents\GitHub\Control_System\evidence\experiments\runs\hf2_deferred_capacity_20260907\count_0220\detectors\x\0150\metadata.json","1135"
"C:\Users\Chris\Documents\GitHub\Control_System\evidence\experiments\runs\hf2_deferred_capacity_20260907\count_0220\detectors\x\0151\metadata.json","1135"
"C:\Users\Chris\Documents\GitHub\Control_System\evidence\experiments\runs\hf2_deferred_capacity_20260907\count_0220\detectors\x\0152\metadata.json","1135"
"C:\Users\Chris\Documents\GitHub\Control_System\evidence\experiments\runs\hf2_deferred_capacity_20260907\count_0220\detectors\x\0153\metadata.json","1135"
"C:\Users\Chris\Documents\GitHub\Control_System\evidence\experiments\runs\hf2_deferred_capacity_20260907\count_0220\detectors\x\0154\metadata.json","1135"
"C:\Users\Chris\Documents\GitHub\Control_System\evidence\experiments\runs\hf2_deferred_capacity_20260907\count_0220\detectors\x\0155\metadata.json","1135"
"C:\Users\Chris\Documents\GitHub\Control_System\evidence\experiments\runs\hf2_deferred_capacity_20260907\count_0220\detectors\x\0156\metadata.json","1135"
"C:\Users\Chris\Documents\GitHub\Control_System\evidence\experiments\runs\hf2_deferred_capacity_20260907\count_0220\detectors\x\0157\metadata.json","1135"
"C:\Users\Chris\Documents\GitHub\Control_System\evidence\experiments\runs\hf2_deferred_capacity_20260907\count_0220\detectors\x\0158\metadata.json","1135"
"C:\Users\Chris\Documents\GitHub\Control_System\evidence\experiments\runs\hf2_deferred_capacity_20260907\count_0220\detectors\x\0159\metadata.json","1135"
"C:\Users\Chris\Documents\GitHub\Control_System\evidence\experiments\runs\hf2_deferred_capacity_20260907\count_0220\detectors\x\0160\metadata.json","1135"
"C:\Users\Chris\Documents\GitHub\Control_System\evidence\experiments\runs\hf2_deferred_capacity_20260907\count_0220\detectors\x\0161\metadata.json","1135"
"C:\Users\Chris\Documents\GitHub\Control_System\evidence\experiments\runs\hf2_deferred_capacity_20260907\count_0220\detectors\x\0162\metadata.json","1135"
"C:\Users\Chris\Documents\GitHub\Control_System\evidence\experiments\runs\hf2_deferred_capacity_20260907\count_0220\detectors\x\0163\metadata.json","1135"
"C:\Users\Chris\Documents\GitHub\Control_System\evidence\experiments\runs\hf2_deferred_capacity_20260907\count_0220\detectors\x\0164\metadata.json","1135"
"C:\Users\Chris\Documents\GitHub\Control_System\evidence\experiments\runs\hf2_deferred_capacity_20260907\count_0220\detectors\x\0165\metadata.json","1135"
"C:\Users\Chris\Documents\GitHub\Control_System\evidence\experiments\runs\hf2_deferred_capacity_20260907\count_0220\detectors\x\0166\metadata.json","1135"
"C:\Users\Chris\Documents\GitHub\Control_System\evidence\experiments\runs\hf2_deferred_capacity_20260907\count_0220\detectors\x\0167\metadata.json","1135"
"C:\Users\Chris\Documents\GitHub\Control_System\evidence\experiments\runs\hf2_deferred_capacity_20260907\count_0220\detectors\x\0168\metadata.json","1135"
"C:\Users\Chris\Documents\GitHub\Control_System\evidence\experiments\runs\hf2_deferred_capacity_20260907\count_0220\detectors\x\0169\metadata.json","1135"
"C:\Users\Chris\Documents\GitHub\Control_System\evidence\experiments\runs\hf2_deferred_capacity_20260907\count_0220\detectors\x\0170\metadata.json","1135"
"C:\Users\Chris\Documents\GitHub\Control_System\evidence\experiments\runs\hf2_deferred_capacity_20260907\count_0220\detectors\x\0171\metadata.json","1135"
"C:\Users\Chris\Documents\GitHub\Control_System\evidence\experiments\runs\hf2_deferred_capacity_20260907\count_0220\detectors\x\0172\metadata.json","1135"
"C:\Users\Chris\Documents\GitHub\Control_System\evidence\experiments\runs\hf2_deferred_capacity_20260907\count_0220\detectors\x\0173\metadata.json","1135"
"C:\Users\Chris\Documents\GitHub\Control_System\evidence\experiments\runs\hf2_deferred_capacity_20260907\count_0220\detectors\x\0174\metadata.json","1135"
"C:\Users\Chris\Documents\GitHub\Control_System\evidence\experiments\runs\hf2_deferred_capacity_20260907\count_0220\detectors\x\0175\metadata.json","1135"
"C:\Users\Chris\Documents\GitHub\Control_System\evidence\experiments\runs\hf2_deferred_capacity_20260907\count_0220\detectors\x\0176\metadata.json","1135"
"C:\Users\Chris\Documents\GitHub\Control_System\evidence\experiments\runs\hf2_deferred_capacity_20260907\count_0220\detectors\x\0177\metadata.json","1135"
"C:\Users\Chris\Documents\GitHub\Control_System\evidence\experiments\runs\hf2_deferred_capacity_20260907\count_0220\detectors\x\0178\metadata.json","1135"
"C:\Users\Chris\Documents\GitHub\Control_System\evidence\experiments\runs\hf2_deferred_capacity_20260907\count_0220\detectors\x\0179\metadata.json","1135"
"C:\Users\Chris\Documents\GitHub\Control_System\evidence\experiments\runs\hf2_deferred_capacity_20260907\count_0220\detectors\x\0180\metadata.json","1135"
"C:\Users\Chris\Documents\GitHub\Control_System\evidence\experiments\runs\hf2_deferred_capacity_20260907\count_0220\detectors\x\0181\metadata.json","1135"
"C:\Users\Chris\Documents\GitHub\Control_System\evidence\experiments\runs\hf2_deferred_capacity_20260907\count_0220\detectors\x\0182\metadata.json","1135"
"C:\Users\Chris\Documents\GitHub\Control_System\evidence\experiments\runs\hf2_deferred_capacity_20260907\count_0220\detectors\x\0183\metadata.json","1135"
"C:\Users\Chris\Documents\GitHub\Control_System\evidence\experiments\runs\hf2_deferred_capacity_20260907\count_0220\detectors\x\0184\metadata.json","1135"
"C:\Users\Chris\Documents\GitHub\Control_System\evidence\experiments\runs\hf2_deferred_capacity_20260907\count_0220\detectors\x\0185\metadata.json","1135"
"C:\Users\Chris\Documents\GitHub\Control_System\evidence\experiments\runs\hf2_deferred_capacity_20260907\count_0220\detectors\x\0186\metadata.json","1135"
"C:\Users\Chris\Documents\GitHub\Control_System\evidence\experiments\runs\hf2_deferred_capacity_20260907\count_0220\detectors\x\0187\metadata.json","1135"
"C:\Users\Chris\Documents\GitHub\Control_System\evidence\experiments\runs\hf2_deferred_capacity_20260907\count_0220\detectors\x\0188\metadata.json","1135"
"C:\Users\Chris\Documents\GitHub\Control_System\evidence\experiments\runs\hf2_deferred_capacity_20260907\count_0220\detectors\x\0189\metadata.json","1135"
"C:\Users\Chris\Documents\GitHub\Control_System\evidence\experiments\runs\hf2_deferred_capacity_20260907\count_0220\detectors\x\0190\metadata.json","1135"
"C:\Users\Chris\Documents\GitHub\Control_System\evidence\experiments\runs\hf2_deferred_capacity_20260907\count_0220\detectors\x\0191\metadata.json","1135"
"C:\Users\Chris\Documents\GitHub\Control_System\evidence\experiments\runs\hf2_deferred_capacity_20260907\count_0220\detectors\x\0192\metadata.json","1135"
"C:\Users\Chris\Documents\GitHub\Control_System\evidence\experiments\runs\hf2_deferred_capacity_20260907\count_0220\detectors\x\0193\metadata.json","1135"
"C:\Users\Chris\Documents\GitHub\Control_System\evidence\experiments\runs\hf2_deferred_capacity_20260907\count_0220\detectors\x\0194\metadata.json","1135"
"C:\Users\Chris\Documents\GitHub\Control_System\evidence\experiments\runs\hf2_deferred_capacity_20260907\count_0220\detectors\x\0195\metadata.json","1135"
"C:\Users\Chris\Documents\GitHub\Control_System\evidence\experiments\runs\hf2_deferred_capacity_20260907\count_0220\detectors\x\0196\metadata.json","1135"
"C:\Users\Chris\Documents\GitHub\Control_System\evidence\experiments\runs\hf2_deferred_capacity_20260907\count_0220\detectors\x\0197\metadata.json","1135"
"C:\Users\Chris\Documents\GitHub\Control_System\evidence\experiments\runs\hf2_deferred_capacity_20260907\count_0220\detectors\x\0198\metadata.json","1135"
"C:\Users\Chris\Documents\GitHub\Control_System\evidence\experiments\runs\hf2_deferred_capacity_20260907\count_0220\detectors\x\0199\metadata.json","1135"
"C:\Users\Chris\Documents\GitHub\Control_System\evidence\experiments\runs\hf2_deferred_capacity_20260907\count_0220\detectors\x\0200\metadata.json","1135"
"C:\Users\Chris\Documents\GitHub\Control_System\evidence\experiments\runs\hf2_deferred_capacity_20260907\count_0220\detectors\x\0201\metadata.json","1135"
"C:\Users\Chris\Documents\GitHub\Control_System\evidence\experiments\runs\hf2_deferred_capacity_20260907\count_0220\detectors\x\0202\metadata.json","1135"
"C:\Users\Chris\Documents\GitHub\Control_System\evidence\experiments\runs\hf2_deferred_capacity_20260907\count_0220\detectors\x\0203\metadata.json","1135"
"C:\Users\Chris\Documents\GitHub\Control_System\evidence\experiments\runs\hf2_deferred_capacity_20260907\count_0220\detectors\x\0204\metadata.json","1135"
"C:\Users\Chris\Documents\GitHub\Control_System\evidence\experiments\runs\hf2_deferred_capacity_20260907\count_0220\detectors\x\0205\metadata.json","1135"
"C:\Users\Chris\Documents\GitHub\Control_System\evidence\experiments\runs\hf2_deferred_capacity_20260907\count_0220\detectors\x\0206\metadata.json","1135"
"C:\Users\Chris\Documents\GitHub\Control_System\evidence\experiments\runs\hf2_deferred_capacity_20260907\count_0220\detectors\x\0207\metadata.json","1135"
"C:\Users\Chris\Documents\GitHub\Control_System\evidence\experiments\runs\hf2_deferred_capacity_20260907\count_0220\detectors\x\0208\metadata.json","1135"
"C:\Users\Chris\Documents\GitHub\Control_System\evidence\experiments\runs\hf2_deferred_capacity_20260907\count_0220\detectors\x\0209\metadata.json","1135"
"C:\Users\Chris\Documents\GitHub\Control_System\evidence\experiments\runs\hf2_deferred_capacity_20260907\count_0220\detectors\x\0210\metadata.json","1135"
"C:\Users\Chris\Documents\GitHub\Control_System\evidence\experiments\runs\hf2_deferred_capacity_20260907\count_0220\detectors\x\0211\metadata.json","1135"
"C:\Users\Chris\Documents\GitHub\Control_System\evidence\experiments\runs\hf2_deferred_capacity_20260907\count_0220\detectors\x\0212\metadata.json","1135"
"C:\Users\Chris\Documents\GitHub\Control_System\evidence\experiments\runs\hf2_deferred_capacity_20260907\count_0220\detectors\x\0213\metadata.json","1135"
"C:\Users\Chris\Documents\GitHub\Control_System\evidence\experiments\runs\hf2_deferred_capacity_20260907\count_0220\detectors\x\0214\metadata.json","1135"
"C:\Users\Chris\Documents\GitHub\Control_System\evidence\experiments\runs\hf2_deferred_capacity_20260907\count_0220\detectors\x\0215\metadata.json","1135"
"C:\Users\Chris\Documents\GitHub\Control_System\evidence\experiments\runs\hf2_deferred_capacity_20260907\count_0220\detectors\x\0216\metadata.json","1135"
"C:\Users\Chris\Documents\GitHub\Control_System\evidence\experiments\runs\hf2_deferred_capacity_20260907\count_0220\detectors\x\0217\metadata.json","1135"
"C:\Users\Chris\Documents\GitHub\Control_System\evidence\experiments\runs\hf2_deferred_capacity_20260907\count_0220\detectors\x\0218\metadata.json","1135"
"C:\Users\Chris\Documents\GitHub\Control_System\evidence\experiments\runs\hf2_deferred_capacity_20260907\count_0220\detectors\x\0219\metadata.json","1135"
"C:\Users\Chris\Documents\GitHub\Control_System\evidence\experiments\runs\hf2_deferred_capacity_20260907\count_0220\detectors\y\0000\metadata.json","1133"
"C:\Users\Chris\Documents\GitHub\Control_System\evidence\experiments\runs\hf2_deferred_capacity_20260907\count_0220\detectors\y\0001\metadata.json","1133"
"C:\Users\Chris\Documents\GitHub\Control_System\evidence\experiments\runs\hf2_deferred_capacity_20260907\count_0220\detectors\y\0002\metadata.json","1133"
"C:\Users\Chris\Documents\GitHub\Control_System\evidence\experiments\runs\hf2_deferred_capacity_20260907\count_0220\detectors\y\0003\metadata.json","1133"
"C:\Users\Chris\Documents\GitHub\Control_System\evidence\experiments\runs\hf2_deferred_capacity_20260907\count_0220\detectors\y\0004\metadata.json","1133"
"C:\Users\Chris\Documents\GitHub\Control_System\evidence\experiments\runs\hf2_deferred_capacity_20260907\count_0220\detectors\y\0005\metadata.json","1133"
"C:\Users\Chris\Documents\GitHub\Control_System\evidence\experiments\runs\hf2_deferred_capacity_20260907\count_0220\detectors\y\0006\metadata.json","1133"
"C:\Users\Chris\Documents\GitHub\Control_System\evidence\experiments\runs\hf2_deferred_capacity_20260907\count_0220\detectors\y\0007\metadata.json","1133"
"C:\Users\Chris\Documents\GitHub\Control_System\evidence\experiments\runs\hf2_deferred_capacity_20260907\count_0220\detectors\y\0008\metadata.json","1133"
"C:\Users\Chris\Documents\GitHub\Control_System\evidence\experiments\runs\hf2_deferred_capacity_20260907\count_0220\detectors\y\0009\metadata.json","1133"
"C:\Users\Chris\Documents\GitHub\Control_System\evidence\experiments\runs\hf2_deferred_capacity_20260907\count_0220\detectors\y\0010\metadata.json","1134"
"C:\Users\Chris\Documents\GitHub\Control_System\evidence\experiments\runs\hf2_deferred_capacity_20260907\count_0220\detectors\y\0011\metadata.json","1134"
"C:\Users\Chris\Documents\GitHub\Control_System\evidence\experiments\runs\hf2_deferred_capacity_20260907\count_0220\detectors\y\0012\metadata.json","1134"
"C:\Users\Chris\Documents\GitHub\Control_System\evidence\experiments\runs\hf2_deferred_capacity_20260907\count_0220\detectors\y\0013\metadata.json","1134"
"C:\Users\Chris\Documents\GitHub\Control_System\evidence\experiments\runs\hf2_deferred_capacity_20260907\count_0220\detectors\y\0014\metadata.json","1134"
"C:\Users\Chris\Documents\GitHub\Control_System\evidence\experiments\runs\hf2_deferred_capacity_20260907\count_0220\detectors\y\0015\metadata.json","1134"
"C:\Users\Chris\Documents\GitHub\Control_System\evidence\experiments\runs\hf2_deferred_capacity_20260907\count_0220\detectors\y\0016\metadata.json","1134"
"C:\Users\Chris\Documents\GitHub\Control_System\evidence\experiments\runs\hf2_deferred_capacity_20260907\count_0220\detectors\y\0017\metadata.json","1134"
"C:\Users\Chris\Documents\GitHub\Control_System\evidence\experiments\runs\hf2_deferred_capacity_20260907\count_0220\detectors\y\0018\metadata.json","1134"
"C:\Users\Chris\Documents\GitHub\Control_System\evidence\experiments\runs\hf2_deferred_capacity_20260907\count_0220\detectors\y\0019\metadata.json","1134"
"C:\Users\Chris\Documents\GitHub\Control_System\evidence\experiments\runs\hf2_deferred_capacity_20260907\count_0220\detectors\y\0020\metadata.json","1134"
"C:\Users\Chris\Documents\GitHub\Control_System\evidence\experiments\runs\hf2_deferred_capacity_20260907\count_0220\detectors\y\0021\metadata.json","1134"
"C:\Users\Chris\Documents\GitHub\Control_System\evidence\experiments\runs\hf2_deferred_capacity_20260907\count_0220\detectors\y\0022\metadata.json","1134"
"C:\Users\Chris\Documents\GitHub\Control_System\evidence\experiments\runs\hf2_deferred_capacity_20260907\count_0220\detectors\y\0023\metadata.json","1134"
"C:\Users\Chris\Documents\GitHub\Control_System\evidence\experiments\runs\hf2_deferred_capacity_20260907\count_0220\detectors\y\0024\metadata.json","1134"
"C:\Users\Chris\Documents\GitHub\Control_System\evidence\experiments\runs\hf2_deferred_capacity_20260907\count_0220\detectors\y\0025\metadata.json","1134"
"C:\Users\Chris\Documents\GitHub\Control_System\evidence\experiments\runs\hf2_deferred_capacity_20260907\count_0220\detectors\y\0026\metadata.json","1134"
"C:\Users\Chris\Documents\GitHub\Control_System\evidence\experiments\runs\hf2_deferred_capacity_20260907\count_0220\detectors\y\0027\metadata.json","1134"
"C:\Users\Chris\Documents\GitHub\Control_System\evidence\experiments\runs\hf2_deferred_capacity_20260907\count_0220\detectors\y\0028\metadata.json","1134"
"C:\Users\Chris\Documents\GitHub\Control_System\evidence\experiments\runs\hf2_deferred_capacity_20260907\count_0220\detectors\y\0029\metadata.json","1134"
"C:\Users\Chris\Documents\GitHub\Control_System\evidence\experiments\runs\hf2_deferred_capacity_20260907\count_0220\detectors\y\0030\metadata.json","1134"
"C:\Users\Chris\Documents\GitHub\Control_System\evidence\experiments\runs\hf2_deferred_capacity_20260907\count_0220\detectors\y\0031\metadata.json","1134"
"C:\Users\Chris\Documents\GitHub\Control_System\evidence\experiments\runs\hf2_deferred_capacity_20260907\count_0220\detectors\y\0032\metadata.json","1134"
"C:\Users\Chris\Documents\GitHub\Control_System\evidence\experiments\runs\hf2_deferred_capacity_20260907\count_0220\detectors\y\0033\metadata.json","1134"
"C:\Users\Chris\Documents\GitHub\Control_System\evidence\experiments\runs\hf2_deferred_capacity_20260907\count_0220\detectors\y\0034\metadata.json","1134"
"C:\Users\Chris\Documents\GitHub\Control_System\evidence\experiments\runs\hf2_deferred_capacity_20260907\count_0220\detectors\y\0035\metadata.json","1134"
"C:\Users\Chris\Documents\GitHub\Control_System\evidence\experiments\runs\hf2_deferred_capacity_20260907\count_0220\detectors\y\0036\metadata.json","1134"
"C:\Users\Chris\Documents\GitHub\Control_System\evidence\experiments\runs\hf2_deferred_capacity_20260907\count_0220\detectors\y\0037\metadata.json","1134"
"C:\Users\Chris\Documents\GitHub\Control_System\evidence\experiments\runs\hf2_deferred_capacity_20260907\count_0220\detectors\y\0038\metadata.json","1134"
"C:\Users\Chris\Documents\GitHub\Control_System\evidence\experiments\runs\hf2_deferred_capacity_20260907\count_0220\detectors\y\0039\metadata.json","1134"
"C:\Users\Chris\Documents\GitHub\Control_System\evidence\experiments\runs\hf2_deferred_capacity_20260907\count_0220\detectors\y\0040\metadata.json","1134"
"C:\Users\Chris\Documents\GitHub\Control_System\evidence\experiments\runs\hf2_deferred_capacity_20260907\count_0220\detectors\y\0041\metadata.json","1134"
"C:\Users\Chris\Documents\GitHub\Control_System\evidence\experiments\runs\hf2_deferred_capacity_20260907\count_0220\detectors\y\0042\metadata.json","1134"
"C:\Users\Chris\Documents\GitHub\Control_System\evidence\experiments\runs\hf2_deferred_capacity_20260907\count_0220\detectors\y\0043\metadata.json","1134"
"C:\Users\Chris\Documents\GitHub\Control_System\evidence\experiments\runs\hf2_deferred_capacity_20260907\count_0220\detectors\y\0044\metadata.json","1134"
"C:\Users\Chris\Documents\GitHub\Control_System\evidence\experiments\runs\hf2_deferred_capacity_20260907\count_0220\detectors\y\0045\metadata.json","1134"
"C:\Users\Chris\Documents\GitHub\Control_System\evidence\experiments\runs\hf2_deferred_capacity_20260907\count_0220\detectors\y\0046\metadata.json","1134"
"C:\Users\Chris\Documents\GitHub\Control_System\evidence\experiments\runs\hf2_deferred_capacity_20260907\count_0220\detectors\y\0047\metadata.json","1134"
"C:\Users\Chris\Documents\GitHub\Control_System\evidence\experiments\runs\hf2_deferred_capacity_20260907\count_0220\detectors\y\0048\metadata.json","1134"
"C:\Users\Chris\Documents\GitHub\Control_System\evidence\experiments\runs\hf2_deferred_capacity_20260907\count_0220\detectors\y\0049\metadata.json","1134"
"C:\Users\Chris\Documents\GitHub\Control_System\evidence\experiments\runs\hf2_deferred_capacity_20260907\count_0220\detectors\y\0050\metadata.json","1134"
"C:\Users\Chris\Documents\GitHub\Control_System\evidence\experiments\runs\hf2_deferred_capacity_20260907\count_0220\detectors\y\0051\metadata.json","1134"
"C:\Users\Chris\Documents\GitHub\Control_System\evidence\experiments\runs\hf2_deferred_capacity_20260907\count_0220\detectors\y\0052\metadata.json","1134"
"C:\Users\Chris\Documents\GitHub\Control_System\evidence\experiments\runs\hf2_deferred_capacity_20260907\count_0220\detectors\y\0053\metadata.json","1134"
"C:\Users\Chris\Documents\GitHub\Control_System\evidence\experiments\runs\hf2_deferred_capacity_20260907\count_0220\detectors\y\0054\metadata.json","1134"
"C:\Users\Chris\Documents\GitHub\Control_System\evidence\experiments\runs\hf2_deferred_capacity_20260907\count_0220\detectors\y\0055\metadata.json","1134"
"C:\Users\Chris\Documents\GitHub\Control_System\evidence\experiments\runs\hf2_deferred_capacity_20260907\count_0220\detectors\y\0056\metadata.json","1134"
"C:\Users\Chris\Documents\GitHub\Control_System\evidence\experiments\runs\hf2_deferred_capacity_20260907\count_0220\detectors\y\0057\metadata.json","1134"
"C:\Users\Chris\Documents\GitHub\Control_System\evidence\experiments\runs\hf2_deferred_capacity_20260907\count_0220\detectors\y\0058\metadata.json","1134"
"C:\Users\Chris\Documents\GitHub\Control_System\evidence\experiments\runs\hf2_deferred_capacity_20260907\count_0220\detectors\y\0059\metadata.json","1134"
"C:\Users\Chris\Documents\GitHub\Control_System\evidence\experiments\runs\hf2_deferred_capacity_20260907\count_0220\detectors\y\0060\metadata.json","1134"
"C:\Users\Chris\Documents\GitHub\Control_System\evidence\experiments\runs\hf2_deferred_capacity_20260907\count_0220\detectors\y\0061\metadata.json","1134"
"C:\Users\Chris\Documents\GitHub\Control_System\evidence\experiments\runs\hf2_deferred_capacity_20260907\count_0220\detectors\y\0062\metadata.json","1134"
"C:\Users\Chris\Documents\GitHub\Control_System\evidence\experiments\runs\hf2_deferred_capacity_20260907\count_0220\detectors\y\0063\metadata.json","1134"
"C:\Users\Chris\Documents\GitHub\Control_System\evidence\experiments\runs\hf2_deferred_capacity_20260907\count_0220\detectors\y\0064\metadata.json","1134"
"C:\Users\Chris\Documents\GitHub\Control_System\evidence\experiments\runs\hf2_deferred_capacity_20260907\count_0220\detectors\y\0065\metadata.json","1134"
"C:\Users\Chris\Documents\GitHub\Control_System\evidence\experiments\runs\hf2_deferred_capacity_20260907\count_0220\detectors\y\0066\metadata.json","1134"
"C:\Users\Chris\Documents\GitHub\Control_System\evidence\experiments\runs\hf2_deferred_capacity_20260907\count_0220\detectors\y\0067\metadata.json","1134"
"C:\Users\Chris\Documents\GitHub\Control_System\evidence\experiments\runs\hf2_deferred_capacity_20260907\count_0220\detectors\y\0068\metadata.json","1134"
"C:\Users\Chris\Documents\GitHub\Control_System\evidence\experiments\runs\hf2_deferred_capacity_20260907\count_0220\detectors\y\0069\metadata.json","1134"
"C:\Users\Chris\Documents\GitHub\Control_System\evidence\experiments\runs\hf2_deferred_capacity_20260907\count_0220\detectors\y\0070\metadata.json","1134"
"C:\Users\Chris\Documents\GitHub\Control_System\evidence\experiments\runs\hf2_deferred_capacity_20260907\count_0220\detectors\y\0071\metadata.json","1134"
"C:\Users\Chris\Documents\GitHub\Control_System\evidence\experiments\runs\hf2_deferred_capacity_20260907\count_0220\detectors\y\0072\metadata.json","1134"
"C:\Users\Chris\Documents\GitHub\Control_System\evidence\experiments\runs\hf2_deferred_capacity_20260907\count_0220\detectors\y\0073\metadata.json","1134"
"C:\Users\Chris\Documents\GitHub\Control_System\evidence\experiments\runs\hf2_deferred_capacity_20260907\count_0220\detectors\y\0074\metadata.json","1134"
"C:\Users\Chris\Documents\GitHub\Control_System\evidence\experiments\runs\hf2_deferred_capacity_20260907\count_0220\detectors\y\0075\metadata.json","1134"
"C:\Users\Chris\Documents\GitHub\Control_System\evidence\experiments\runs\hf2_deferred_capacity_20260907\count_0220\detectors\y\0076\metadata.json","1134"
"C:\Users\Chris\Documents\GitHub\Control_System\evidence\experiments\runs\hf2_deferred_capacity_20260907\count_0220\detectors\y\0077\metadata.json","1134"
"C:\Users\Chris\Documents\GitHub\Control_System\evidence\experiments\runs\hf2_deferred_capacity_20260907\count_0220\detectors\y\0078\metadata.json","1134"
"C:\Users\Chris\Documents\GitHub\Control_System\evidence\experiments\runs\hf2_deferred_capacity_20260907\count_0220\detectors\y\0079\metadata.json","1134"
"C:\Users\Chris\Documents\GitHub\Control_System\evidence\experiments\runs\hf2_deferred_capacity_20260907\count_0220\detectors\y\0080\metadata.json","1134"
"C:\Users\Chris\Documents\GitHub\Control_System\evidence\experiments\runs\hf2_deferred_capacity_20260907\count_0220\detectors\y\0081\metadata.json","1134"
"C:\Users\Chris\Documents\GitHub\Control_System\evidence\experiments\runs\hf2_deferred_capacity_20260907\count_0220\detectors\y\0082\metadata.json","1134"
"C:\Users\Chris\Documents\GitHub\Control_System\evidence\experiments\runs\hf2_deferred_capacity_20260907\count_0220\detectors\y\0083\metadata.json","1134"
"C:\Users\Chris\Documents\GitHub\Control_System\evidence\experiments\runs\hf2_deferred_capacity_20260907\count_0220\detectors\y\0084\metadata.json","1134"
"C:\Users\Chris\Documents\GitHub\Control_System\evidence\experiments\runs\hf2_deferred_capacity_20260907\count_0220\detectors\y\0085\metadata.json","1134"
"C:\Users\Chris\Documents\GitHub\Control_System\evidence\experiments\runs\hf2_deferred_capacity_20260907\count_0220\detectors\y\0086\metadata.json","1134"
"C:\Users\Chris\Documents\GitHub\Control_System\evidence\experiments\runs\hf2_deferred_capacity_20260907\count_0220\detectors\y\0087\metadata.json","1134"
"C:\Users\Chris\Documents\GitHub\Control_System\evidence\experiments\runs\hf2_deferred_capacity_20260907\count_0220\detectors\y\0088\metadata.json","1134"
"C:\Users\Chris\Documents\GitHub\Control_System\evidence\experiments\runs\hf2_deferred_capacity_20260907\count_0220\detectors\y\0089\metadata.json","1134"
"C:\Users\Chris\Documents\GitHub\Control_System\evidence\experiments\runs\hf2_deferred_capacity_20260907\count_0220\detectors\y\0090\metadata.json","1134"
"C:\Users\Chris\Documents\GitHub\Control_System\evidence\experiments\runs\hf2_deferred_capacity_20260907\count_0220\detectors\y\0091\metadata.json","1134"
"C:\Users\Chris\Documents\GitHub\Control_System\evidence\experiments\runs\hf2_deferred_capacity_20260907\count_0220\detectors\y\0092\metadata.json","1134"
"C:\Users\Chris\Documents\GitHub\Control_System\evidence\experiments\runs\hf2_deferred_capacity_20260907\count_0220\detectors\y\0093\metadata.json","1134"
"C:\Users\Chris\Documents\GitHub\Control_System\evidence\experiments\runs\hf2_deferred_capacity_20260907\count_0220\detectors\y\0094\metadata.json","1134"
"C:\Users\Chris\Documents\GitHub\Control_System\evidence\experiments\runs\hf2_deferred_capacity_20260907\count_0220\detectors\y\0095\metadata.json","1134"
"C:\Users\Chris\Documents\GitHub\Control_System\evidence\experiments\runs\hf2_deferred_capacity_20260907\count_0220\detectors\y\0096\metadata.json","1134"
"C:\Users\Chris\Documents\GitHub\Control_System\evidence\experiments\runs\hf2_deferred_capacity_20260907\count_0220\detectors\y\0097\metadata.json","1134"
"C:\Users\Chris\Documents\GitHub\Control_System\evidence\experiments\runs\hf2_deferred_capacity_20260907\count_0220\detectors\y\0098\metadata.json","1134"
"C:\Users\Chris\Documents\GitHub\Control_System\evidence\experiments\runs\hf2_deferred_capacity_20260907\count_0220\detectors\y\0099\metadata.json","1134"
"C:\Users\Chris\Documents\GitHub\Control_System\evidence\experiments\runs\hf2_deferred_capacity_20260907\count_0220\detectors\y\0100\metadata.json","1135"
"C:\Users\Chris\Documents\GitHub\Control_System\evidence\experiments\runs\hf2_deferred_capacity_20260907\count_0220\detectors\y\0101\metadata.json","1135"
"C:\Users\Chris\Documents\GitHub\Control_System\evidence\experiments\runs\hf2_deferred_capacity_20260907\count_0220\detectors\y\0102\metadata.json","1135"
"C:\Users\Chris\Documents\GitHub\Control_System\evidence\experiments\runs\hf2_deferred_capacity_20260907\count_0220\detectors\y\0103\metadata.json","1135"
"C:\Users\Chris\Documents\GitHub\Control_System\evidence\experiments\runs\hf2_deferred_capacity_20260907\count_0220\detectors\y\0104\metadata.json","1135"
"C:\Users\Chris\Documents\GitHub\Control_System\evidence\experiments\runs\hf2_deferred_capacity_20260907\count_0220\detectors\y\0105\metadata.json","1135"
"C:\Users\Chris\Documents\GitHub\Control_System\evidence\experiments\runs\hf2_deferred_capacity_20260907\count_0220\detectors\y\0106\metadata.json","1135"
"C:\Users\Chris\Documents\GitHub\Control_System\evidence\experiments\runs\hf2_deferred_capacity_20260907\count_0220\detectors\y\0107\metadata.json","1135"
"C:\Users\Chris\Documents\GitHub\Control_System\evidence\experiments\runs\hf2_deferred_capacity_20260907\count_0220\detectors\y\0108\metadata.json","1135"
"C:\Users\Chris\Documents\GitHub\Control_System\evidence\experiments\runs\hf2_deferred_capacity_20260907\count_0220\detectors\y\0109\metadata.json","1135"
"C:\Users\Chris\Documents\GitHub\Control_System\evidence\experiments\runs\hf2_deferred_capacity_20260907\count_0220\detectors\y\0110\metadata.json","1135"
"C:\Users\Chris\Documents\GitHub\Control_System\evidence\experiments\runs\hf2_deferred_capacity_20260907\count_0220\detectors\y\0111\metadata.json","1135"
"C:\Users\Chris\Documents\GitHub\Control_System\evidence\experiments\runs\hf2_deferred_capacity_20260907\count_0220\detectors\y\0112\metadata.json","1135"
"C:\Users\Chris\Documents\GitHub\Control_System\evidence\experiments\runs\hf2_deferred_capacity_20260907\count_0220\detectors\y\0113\metadata.json","1135"
"C:\Users\Chris\Documents\GitHub\Control_System\evidence\experiments\runs\hf2_deferred_capacity_20260907\count_0220\detectors\y\0114\metadata.json","1135"
"C:\Users\Chris\Documents\GitHub\Control_System\evidence\experiments\runs\hf2_deferred_capacity_20260907\count_0220\detectors\y\0115\metadata.json","1135"
"C:\Users\Chris\Documents\GitHub\Control_System\evidence\experiments\runs\hf2_deferred_capacity_20260907\count_0220\detectors\y\0116\metadata.json","1135"
"C:\Users\Chris\Documents\GitHub\Control_System\evidence\experiments\runs\hf2_deferred_capacity_20260907\count_0220\detectors\y\0117\metadata.json","1135"
"C:\Users\Chris\Documents\GitHub\Control_System\evidence\experiments\runs\hf2_deferred_capacity_20260907\count_0220\detectors\y\0118\metadata.json","1135"
"C:\Users\Chris\Documents\GitHub\Control_System\evidence\experiments\runs\hf2_deferred_capacity_20260907\count_0220\detectors\y\0119\metadata.json","1135"
"C:\Users\Chris\Documents\GitHub\Control_System\evidence\experiments\runs\hf2_deferred_capacity_20260907\count_0220\detectors\y\0120\metadata.json","1135"
"C:\Users\Chris\Documents\GitHub\Control_System\evidence\experiments\runs\hf2_deferred_capacity_20260907\count_0220\detectors\y\0121\metadata.json","1135"
"C:\Users\Chris\Documents\GitHub\Control_System\evidence\experiments\runs\hf2_deferred_capacity_20260907\count_0220\detectors\y\0122\metadata.json","1135"
"C:\Users\Chris\Documents\GitHub\Control_System\evidence\experiments\runs\hf2_deferred_capacity_20260907\count_0220\detectors\y\0123\metadata.json","1135"
"C:\Users\Chris\Documents\GitHub\Control_System\evidence\experiments\runs\hf2_deferred_capacity_20260907\count_0220\detectors\y\0124\metadata.json","1135"
"C:\Users\Chris\Documents\GitHub\Control_System\evidence\experiments\runs\hf2_deferred_capacity_20260907\count_0220\detectors\y\0125\metadata.json","1135"
"C:\Users\Chris\Documents\GitHub\Control_System\evidence\experiments\runs\hf2_deferred_capacity_20260907\count_0220\detectors\y\0126\metadata.json","1135"
"C:\Users\Chris\Documents\GitHub\Control_System\evidence\experiments\runs\hf2_deferred_capacity_20260907\count_0220\detectors\y\0127\metadata.json","1135"
"C:\Users\Chris\Documents\GitHub\Control_System\evidence\experiments\runs\hf2_deferred_capacity_20260907\count_0220\detectors\y\0128\metadata.json","1135"
"C:\Users\Chris\Documents\GitHub\Control_System\evidence\experiments\runs\hf2_deferred_capacity_20260907\count_0220\detectors\y\0129\metadata.json","1135"
"C:\Users\Chris\Documents\GitHub\Control_System\evidence\experiments\runs\hf2_deferred_capacity_20260907\count_0220\detectors\y\0130\metadata.json","1135"
"C:\Users\Chris\Documents\GitHub\Control_System\evidence\experiments\runs\hf2_deferred_capacity_20260907\count_0220\detectors\y\0131\metadata.json","1135"
"C:\Users\Chris\Documents\GitHub\Control_System\evidence\experiments\runs\hf2_deferred_capacity_20260907\count_0220\detectors\y\0132\metadata.json","1135"
"C:\Users\Chris\Documents\GitHub\Control_System\evidence\experiments\runs\hf2_deferred_capacity_20260907\count_0220\detectors\y\0133\metadata.json","1135"
"C:\Users\Chris\Documents\GitHub\Control_System\evidence\experiments\runs\hf2_deferred_capacity_20260907\count_0220\detectors\y\0134\metadata.json","1135"
"C:\Users\Chris\Documents\GitHub\Control_System\evidence\experiments\runs\hf2_deferred_capacity_20260907\count_0220\detectors\y\0135\metadata.json","1135"
"C:\Users\Chris\Documents\GitHub\Control_System\evidence\experiments\runs\hf2_deferred_capacity_20260907\count_0220\detectors\y\0136\metadata.json","1135"
"C:\Users\Chris\Documents\GitHub\Control_System\evidence\experiments\runs\hf2_deferred_capacity_20260907\count_0220\detectors\y\0137\metadata.json","1135"
"C:\Users\Chris\Documents\GitHub\Control_System\evidence\experiments\runs\hf2_deferred_capacity_20260907\count_0220\detectors\y\0138\metadata.json","1135"
"C:\Users\Chris\Documents\GitHub\Control_System\evidence\experiments\runs\hf2_deferred_capacity_20260907\count_0220\detectors\y\0139\metadata.json","1135"
"C:\Users\Chris\Documents\GitHub\Control_System\evidence\experiments\runs\hf2_deferred_capacity_20260907\count_0220\detectors\y\0140\metadata.json","1135"
"C:\Users\Chris\Documents\GitHub\Control_System\evidence\experiments\runs\hf2_deferred_capacity_20260907\count_0220\detectors\y\0141\metadata.json","1135"
"C:\Users\Chris\Documents\GitHub\Control_System\evidence\experiments\runs\hf2_deferred_capacity_20260907\count_0220\detectors\y\0142\metadata.json","1135"
"C:\Users\Chris\Documents\GitHub\Control_System\evidence\experiments\runs\hf2_deferred_capacity_20260907\count_0220\detectors\y\0143\metadata.json","1135"
"C:\Users\Chris\Documents\GitHub\Control_System\evidence\experiments\runs\hf2_deferred_capacity_20260907\count_0220\detectors\y\0144\metadata.json","1135"
"C:\Users\Chris\Documents\GitHub\Control_System\evidence\experiments\runs\hf2_deferred_capacity_20260907\count_0220\detectors\y\0145\metadata.json","1135"
"C:\Users\Chris\Documents\GitHub\Control_System\evidence\experiments\runs\hf2_deferred_capacity_20260907\count_0220\detectors\y\0146\metadata.json","1135"
"C:\Users\Chris\Documents\GitHub\Control_System\evidence\experiments\runs\hf2_deferred_capacity_20260907\count_0220\detectors\y\0147\metadata.json","1135"
"C:\Users\Chris\Documents\GitHub\Control_System\evidence\experiments\runs\hf2_deferred_capacity_20260907\count_0220\detectors\y\0148\metadata.json","1135"
"C:\Users\Chris\Documents\GitHub\Control_System\evidence\experiments\runs\hf2_deferred_capacity_20260907\count_0220\detectors\y\0149\metadata.json","1135"
"C:\Users\Chris\Documents\GitHub\Control_System\evidence\experiments\runs\hf2_deferred_capacity_20260907\count_0220\detectors\y\0150\metadata.json","1135"
"C:\Users\Chris\Documents\GitHub\Control_System\evidence\experiments\runs\hf2_deferred_capacity_20260907\count_0220\detectors\y\0151\metadata.json","1135"
"C:\Users\Chris\Documents\GitHub\Control_System\evidence\experiments\runs\hf2_deferred_capacity_20260907\count_0220\detectors\y\0152\metadata.json","1135"
"C:\Users\Chris\Documents\GitHub\Control_System\evidence\experiments\runs\hf2_deferred_capacity_20260907\count_0220\detectors\y\0153\metadata.json","1135"
"C:\Users\Chris\Documents\GitHub\Control_System\evidence\experiments\runs\hf2_deferred_capacity_20260907\count_0220\detectors\y\0154\metadata.json","1135"
"C:\Users\Chris\Documents\GitHub\Control_System\evidence\experiments\runs\hf2_deferred_capacity_20260907\count_0220\detectors\y\0155\metadata.json","1135"
"C:\Users\Chris\Documents\GitHub\Control_System\evidence\experiments\runs\hf2_deferred_capacity_20260907\count_0220\detectors\y\0156\metadata.json","1135"
"C:\Users\Chris\Documents\GitHub\Control_System\evidence\experiments\runs\hf2_deferred_capacity_20260907\count_0220\detectors\y\0157\metadata.json","1135"
"C:\Users\Chris\Documents\GitHub\Control_System\evidence\experiments\runs\hf2_deferred_capacity_20260907\count_0220\detectors\y\0158\metadata.json","1135"
"C:\Users\Chris\Documents\GitHub\Control_System\evidence\experiments\runs\hf2_deferred_capacity_20260907\count_0220\detectors\y\0159\metadata.json","1135"
"C:\Users\Chris\Documents\GitHub\Control_System\evidence\experiments\runs\hf2_deferred_capacity_20260907\count_0220\detectors\y\0160\metadata.json","1135"
"C:\Users\Chris\Documents\GitHub\Control_System\evidence\experiments\runs\hf2_deferred_capacity_20260907\count_0220\detectors\y\0161\metadata.json","1135"
"C:\Users\Chris\Documents\GitHub\Control_System\evidence\experiments\runs\hf2_deferred_capacity_20260907\count_0220\detectors\y\0162\metadata.json","1135"
"C:\Users\Chris\Documents\GitHub\Control_System\evidence\experiments\runs\hf2_deferred_capacity_20260907\count_0220\detectors\y\0163\metadata.json","1135"
"C:\Users\Chris\Documents\GitHub\Control_System\evidence\experiments\runs\hf2_deferred_capacity_20260907\count_0220\detectors\y\0164\metadata.json","1135"
"C:\Users\Chris\Documents\GitHub\Control_System\evidence\experiments\runs\hf2_deferred_capacity_20260907\count_0220\detectors\y\0165\metadata.json","1135"
"C:\Users\Chris\Documents\GitHub\Control_System\evidence\experiments\runs\hf2_deferred_capacity_20260907\count_0220\detectors\y\0166\metadata.json","1135"
"C:\Users\Chris\Documents\GitHub\Control_System\evidence\experiments\runs\hf2_deferred_capacity_20260907\count_0220\detectors\y\0167\metadata.json","1135"
"C:\Users\Chris\Documents\GitHub\Control_System\evidence\experiments\runs\hf2_deferred_capacity_20260907\count_0220\detectors\y\0168\metadata.json","1135"
"C:\Users\Chris\Documents\GitHub\Control_System\evidence\experiments\runs\hf2_deferred_capacity_20260907\count_0220\detectors\y\0169\metadata.json","1135"
"C:\Users\Chris\Documents\GitHub\Control_System\evidence\experiments\runs\hf2_deferred_capacity_20260907\count_0220\detectors\y\0170\metadata.json","1135"
"C:\Users\Chris\Documents\GitHub\Control_System\evidence\experiments\runs\hf2_deferred_capacity_20260907\count_0220\detectors\y\0171\metadata.json","1135"
"C:\Users\Chris\Documents\GitHub\Control_System\evidence\experiments\runs\hf2_deferred_capacity_20260907\count_0220\detectors\y\0172\metadata.json","1135"
"C:\Users\Chris\Documents\GitHub\Control_System\evidence\experiments\runs\hf2_deferred_capacity_20260907\count_0220\detectors\y\0173\metadata.json","1135"
"C:\Users\Chris\Documents\GitHub\Control_System\evidence\experiments\runs\hf2_deferred_capacity_20260907\count_0220\detectors\y\0174\metadata.json","1135"
"C:\Users\Chris\Documents\GitHub\Control_System\evidence\experiments\runs\hf2_deferred_capacity_20260907\count_0220\detectors\y\0175\metadata.json","1135"
"C:\Users\Chris\Documents\GitHub\Control_System\evidence\experiments\runs\hf2_deferred_capacity_20260907\count_0220\detectors\y\0176\metadata.json","1135"
"C:\Users\Chris\Documents\GitHub\Control_System\evidence\experiments\runs\hf2_deferred_capacity_20260907\count_0220\detectors\y\0177\metadata.json","1135"
"C:\Users\Chris\Documents\GitHub\Control_System\evidence\experiments\runs\hf2_deferred_capacity_20260907\count_0220\detectors\y\0178\metadata.json","1135"
"C:\Users\Chris\Documents\GitHub\Control_System\evidence\experiments\runs\hf2_deferred_capacity_20260907\count_0220\detectors\y\0179\metadata.json","1135"
"C:\Users\Chris\Documents\GitHub\Control_System\evidence\experiments\runs\hf2_deferred_capacity_20260907\count_0220\detectors\y\0180\metadata.json","1135"
"C:\Users\Chris\Documents\GitHub\Control_System\evidence\experiments\runs\hf2_deferred_capacity_20260907\count_0220\detectors\y\0181\metadata.json","1135"
"C:\Users\Chris\Documents\GitHub\Control_System\evidence\experiments\runs\hf2_deferred_capacity_20260907\count_0220\detectors\y\0182\metadata.json","1135"
"C:\Users\Chris\Documents\GitHub\Control_System\evidence\experiments\runs\hf2_deferred_capacity_20260907\count_0220\detectors\y\0183\metadata.json","1135"
"C:\Users\Chris\Documents\GitHub\Control_System\evidence\experiments\runs\hf2_deferred_capacity_20260907\count_0220\detectors\y\0184\metadata.json","1135"
"C:\Users\Chris\Documents\GitHub\Control_System\evidence\experiments\runs\hf2_deferred_capacity_20260907\count_0220\detectors\y\0185\metadata.json","1135"
"C:\Users\Chris\Documents\GitHub\Control_System\evidence\experiments\runs\hf2_deferred_capacity_20260907\count_0220\detectors\y\0186\metadata.json","1135"
"C:\Users\Chris\Documents\GitHub\Control_System\evidence\experiments\runs\hf2_deferred_capacity_20260907\count_0220\detectors\y\0187\metadata.json","1135"
"C:\Users\Chris\Documents\GitHub\Control_System\evidence\experiments\runs\hf2_deferred_capacity_20260907\count_0220\detectors\y\0188\metadata.json","1135"
"C:\Users\Chris\Documents\GitHub\Control_System\evidence\experiments\runs\hf2_deferred_capacity_20260907\count_0220\detectors\y\0189\metadata.json","1135"
"C:\Users\Chris\Documents\GitHub\Control_System\evidence\experiments\runs\hf2_deferred_capacity_20260907\count_0220\detectors\y\0190\metadata.json","1135"
"C:\Users\Chris\Documents\GitHub\Control_System\evidence\experiments\runs\hf2_deferred_capacity_20260907\count_0220\detectors\y\0191\metadata.json","1135"
"C:\Users\Chris\Documents\GitHub\Control_System\evidence\experiments\runs\hf2_deferred_capacity_20260907\count_0220\detectors\y\0192\metadata.json","1135"
"C:\Users\Chris\Documents\GitHub\Control_System\evidence\experiments\runs\hf2_deferred_capacity_20260907\count_0220\detectors\y\0193\metadata.json","1135"
"C:\Users\Chris\Documents\GitHub\Control_System\evidence\experiments\runs\hf2_deferred_capacity_20260907\count_0220\detectors\y\0194\metadata.json","1135"
"C:\Users\Chris\Documents\GitHub\Control_System\evidence\experiments\runs\hf2_deferred_capacity_20260907\count_0220\detectors\y\0195\metadata.json","1135"
"C:\Users\Chris\Documents\GitHub\Control_System\evidence\experiments\runs\hf2_deferred_capacity_20260907\count_0220\detectors\y\0196\metadata.json","1135"
"C:\Users\Chris\Documents\GitHub\Control_System\evidence\experiments\runs\hf2_deferred_capacity_20260907\count_0220\detectors\y\0197\metadata.json","1135"
"C:\Users\Chris\Documents\GitHub\Control_System\evidence\experiments\runs\hf2_deferred_capacity_20260907\count_0220\detectors\y\0198\metadata.json","1135"
"C:\Users\Chris\Documents\GitHub\Control_System\evidence\experiments\runs\hf2_deferred_capacity_20260907\count_0220\detectors\y\0199\metadata.json","1135"
"C:\Users\Chris\Documents\GitHub\Control_System\evidence\experiments\runs\hf2_deferred_capacity_20260907\count_0220\detectors\y\0200\metadata.json","1135"
"C:\Users\Chris\Documents\GitHub\Control_System\evidence\experiments\runs\hf2_deferred_capacity_20260907\count_0220\detectors\y\0201\metadata.json","1135"
"C:\Users\Chris\Documents\GitHub\Control_System\evidence\experiments\runs\hf2_deferred_capacity_20260907\count_0220\detectors\y\0202\metadata.json","1135"
"C:\Users\Chris\Documents\GitHub\Control_System\evidence\experiments\runs\hf2_deferred_capacity_20260907\count_0220\detectors\y\0203\metadata.json","1135"
"C:\Users\Chris\Documents\GitHub\Control_System\evidence\experiments\runs\hf2_deferred_capacity_20260907\count_0220\detectors\y\0204\metadata.json","1135"
"C:\Users\Chris\Documents\GitHub\Control_System\evidence\experiments\runs\hf2_deferred_capacity_20260907\count_0220\detectors\y\0205\metadata.json","1135"
"C:\Users\Chris\Documents\GitHub\Control_System\evidence\experiments\runs\hf2_deferred_capacity_20260907\count_0220\detectors\y\0206\metadata.json","1135"
"C:\Users\Chris\Documents\GitHub\Control_System\evidence\experiments\runs\hf2_deferred_capacity_20260907\count_0220\detectors\y\0207\metadata.json","1135"
"C:\Users\Chris\Documents\GitHub\Control_System\evidence\experiments\runs\hf2_deferred_capacity_20260907\count_0220\detectors\y\0208\metadata.json","1135"
"C:\Users\Chris\Documents\GitHub\Control_System\evidence\experiments\runs\hf2_deferred_capacity_20260907\count_0220\detectors\y\0209\metadata.json","1135"
"C:\Users\Chris\Documents\GitHub\Control_System\evidence\experiments\runs\hf2_deferred_capacity_20260907\count_0220\detectors\y\0210\metadata.json","1135"
"C:\Users\Chris\Documents\GitHub\Control_System\evidence\experiments\runs\hf2_deferred_capacity_20260907\count_0220\detectors\y\0211\metadata.json","1135"
"C:\Users\Chris\Documents\GitHub\Control_System\evidence\experiments\runs\hf2_deferred_capacity_20260907\count_0220\detectors\y\0212\metadata.json","1135"
"C:\Users\Chris\Documents\GitHub\Control_System\evidence\experiments\runs\hf2_deferred_capacity_20260907\count_0220\detectors\y\0213\metadata.json","1135"
"C:\Users\Chris\Documents\GitHub\Control_System\evidence\experiments\runs\hf2_deferred_capacity_20260907\count_0220\detectors\y\0214\metadata.json","1135"
"C:\Users\Chris\Documents\GitHub\Control_System\evidence\experiments\runs\hf2_deferred_capacity_20260907\count_0220\detectors\y\0215\metadata.json","1135"
"C:\Users\Chris\Documents\GitHub\Control_System\evidence\experiments\runs\hf2_deferred_capacity_20260907\count_0220\detectors\y\0216\metadata.json","1135"
"C:\Users\Chris\Documents\GitHub\Control_System\evidence\experiments\runs\hf2_deferred_capacity_20260907\count_0220\detectors\y\0217\metadata.json","1135"
"C:\Users\Chris\Documents\GitHub\Control_System\evidence\experiments\runs\hf2_deferred_capacity_20260907\count_0220\detectors\y\0218\metadata.json","1135"
"C:\Users\Chris\Documents\GitHub\Control_System\evidence\experiments\runs\hf2_deferred_capacity_20260907\count_0220\detectors\y\0219\metadata.json","1135"
"C:\Users\Chris\Documents\GitHub\Control_System\evidence\experiments\runs\hf2_deferred_capacity_20260907\count_0220\timing\dio\0000\metadata.json","1133"
"C:\Users\Chris\Documents\GitHub\Control_System\evidence\experiments\runs\hf2_deferred_capacity_20260907\count_0220\timing\dio\0001\metadata.json","1133"
"C:\Users\Chris\Documents\GitHub\Control_System\evidence\experiments\runs\hf2_deferred_capacity_20260907\count_0220\timing\dio\0002\metadata.json","1133"
"C:\Users\Chris\Documents\GitHub\Control_System\evidence\experiments\runs\hf2_deferred_capacity_20260907\count_0220\timing\dio\0003\metadata.json","1133"
"C:\Users\Chris\Documents\GitHub\Control_System\evidence\experiments\runs\hf2_deferred_capacity_20260907\count_0220\timing\dio\0004\metadata.json","1133"
"C:\Users\Chris\Documents\GitHub\Control_System\evidence\experiments\runs\hf2_deferred_capacity_20260907\count_0220\timing\dio\0005\metadata.json","1133"
"C:\Users\Chris\Documents\GitHub\Control_System\evidence\experiments\runs\hf2_deferred_capacity_20260907\count_0220\timing\dio\0006\metadata.json","1133"
"C:\Users\Chris\Documents\GitHub\Control_System\evidence\experiments\runs\hf2_deferred_capacity_20260907\count_0220\timing\dio\0007\metadata.json","1133"
"C:\Users\Chris\Documents\GitHub\Control_System\evidence\experiments\runs\hf2_deferred_capacity_20260907\count_0220\timing\dio\0008\metadata.json","1133"
"C:\Users\Chris\Documents\GitHub\Control_System\evidence\experiments\runs\hf2_deferred_capacity_20260907\count_0220\timing\dio\0009\metadata.json","1133"
"C:\Users\Chris\Documents\GitHub\Control_System\evidence\experiments\runs\hf2_deferred_capacity_20260907\count_0220\timing\dio\0010\metadata.json","1134"
"C:\Users\Chris\Documents\GitHub\Control_System\evidence\experiments\runs\hf2_deferred_capacity_20260907\count_0220\timing\dio\0011\metadata.json","1134"
"C:\Users\Chris\Documents\GitHub\Control_System\evidence\experiments\runs\hf2_deferred_capacity_20260907\count_0220\timing\dio\0012\metadata.json","1134"
"C:\Users\Chris\Documents\GitHub\Control_System\evidence\experiments\runs\hf2_deferred_capacity_20260907\count_0220\timing\dio\0013\metadata.json","1134"
"C:\Users\Chris\Documents\GitHub\Control_System\evidence\experiments\runs\hf2_deferred_capacity_20260907\count_0220\timing\dio\0014\metadata.json","1134"
"C:\Users\Chris\Documents\GitHub\Control_System\evidence\experiments\runs\hf2_deferred_capacity_20260907\count_0220\timing\dio\0015\metadata.json","1134"
"C:\Users\Chris\Documents\GitHub\Control_System\evidence\experiments\runs\hf2_deferred_capacity_20260907\count_0220\timing\dio\0016\metadata.json","1134"
"C:\Users\Chris\Documents\GitHub\Control_System\evidence\experiments\runs\hf2_deferred_capacity_20260907\count_0220\timing\dio\0017\metadata.json","1134"
"C:\Users\Chris\Documents\GitHub\Control_System\evidence\experiments\runs\hf2_deferred_capacity_20260907\count_0220\timing\dio\0018\metadata.json","1134"
"C:\Users\Chris\Documents\GitHub\Control_System\evidence\experiments\runs\hf2_deferred_capacity_20260907\count_0220\timing\dio\0019\metadata.json","1134"
"C:\Users\Chris\Documents\GitHub\Control_System\evidence\experiments\runs\hf2_deferred_capacity_20260907\count_0220\timing\dio\0020\metadata.json","1134"
"C:\Users\Chris\Documents\GitHub\Control_System\evidence\experiments\runs\hf2_deferred_capacity_20260907\count_0220\timing\dio\0021\metadata.json","1134"
"C:\Users\Chris\Documents\GitHub\Control_System\evidence\experiments\runs\hf2_deferred_capacity_20260907\count_0220\timing\dio\0022\metadata.json","1134"
"C:\Users\Chris\Documents\GitHub\Control_System\evidence\experiments\runs\hf2_deferred_capacity_20260907\count_0220\timing\dio\0023\metadata.json","1134"
"C:\Users\Chris\Documents\GitHub\Control_System\evidence\experiments\runs\hf2_deferred_capacity_20260907\count_0220\timing\dio\0024\metadata.json","1134"
"C:\Users\Chris\Documents\GitHub\Control_System\evidence\experiments\runs\hf2_deferred_capacity_20260907\count_0220\timing\dio\0025\metadata.json","1134"
"C:\Users\Chris\Documents\GitHub\Control_System\evidence\experiments\runs\hf2_deferred_capacity_20260907\count_0220\timing\dio\0026\metadata.json","1134"
"C:\Users\Chris\Documents\GitHub\Control_System\evidence\experiments\runs\hf2_deferred_capacity_20260907\count_0220\timing\dio\0027\metadata.json","1134"
"C:\Users\Chris\Documents\GitHub\Control_System\evidence\experiments\runs\hf2_deferred_capacity_20260907\count_0220\timing\dio\0028\metadata.json","1134"
"C:\Users\Chris\Documents\GitHub\Control_System\evidence\experiments\runs\hf2_deferred_capacity_20260907\count_0220\timing\dio\0029\metadata.json","1134"
"C:\Users\Chris\Documents\GitHub\Control_System\evidence\experiments\runs\hf2_deferred_capacity_20260907\count_0220\timing\dio\0030\metadata.json","1134"
"C:\Users\Chris\Documents\GitHub\Control_System\evidence\experiments\runs\hf2_deferred_capacity_20260907\count_0220\timing\dio\0031\metadata.json","1134"
"C:\Users\Chris\Documents\GitHub\Control_System\evidence\experiments\runs\hf2_deferred_capacity_20260907\count_0220\timing\dio\0032\metadata.json","1134"
"C:\Users\Chris\Documents\GitHub\Control_System\evidence\experiments\runs\hf2_deferred_capacity_20260907\count_0220\timing\dio\0033\metadata.json","1134"
"C:\Users\Chris\Documents\GitHub\Control_System\evidence\experiments\runs\hf2_deferred_capacity_20260907\count_0220\timing\dio\0034\metadata.json","1134"
"C:\Users\Chris\Documents\GitHub\Control_System\evidence\experiments\runs\hf2_deferred_capacity_20260907\count_0220\timing\dio\0035\metadata.json","1134"
"C:\Users\Chris\Documents\GitHub\Control_System\evidence\experiments\runs\hf2_deferred_capacity_20260907\count_0220\timing\dio\0036\metadata.json","1134"
"C:\Users\Chris\Documents\GitHub\Control_System\evidence\experiments\runs\hf2_deferred_capacity_20260907\count_0220\timing\dio\0037\metadata.json","1134"
"C:\Users\Chris\Documents\GitHub\Control_System\evidence\experiments\runs\hf2_deferred_capacity_20260907\count_0220\timing\dio\0038\metadata.json","1134"
"C:\Users\Chris\Documents\GitHub\Control_System\evidence\experiments\runs\hf2_deferred_capacity_20260907\count_0220\timing\dio\0039\metadata.json","1134"
"C:\Users\Chris\Documents\GitHub\Control_System\evidence\experiments\runs\hf2_deferred_capacity_20260907\count_0220\timing\dio\0040\metadata.json","1134"
"C:\Users\Chris\Documents\GitHub\Control_System\evidence\experiments\runs\hf2_deferred_capacity_20260907\count_0220\timing\dio\0041\metadata.json","1134"
"C:\Users\Chris\Documents\GitHub\Control_System\evidence\experiments\runs\hf2_deferred_capacity_20260907\count_0220\timing\dio\0042\metadata.json","1134"
"C:\Users\Chris\Documents\GitHub\Control_System\evidence\experiments\runs\hf2_deferred_capacity_20260907\count_0220\timing\dio\0043\metadata.json","1134"
"C:\Users\Chris\Documents\GitHub\Control_System\evidence\experiments\runs\hf2_deferred_capacity_20260907\count_0220\timing\dio\0044\metadata.json","1134"
"C:\Users\Chris\Documents\GitHub\Control_System\evidence\experiments\runs\hf2_deferred_capacity_20260907\count_0220\timing\dio\0045\metadata.json","1134"
"C:\Users\Chris\Documents\GitHub\Control_System\evidence\experiments\runs\hf2_deferred_capacity_20260907\count_0220\timing\dio\0046\metadata.json","1134"
"C:\Users\Chris\Documents\GitHub\Control_System\evidence\experiments\runs\hf2_deferred_capacity_20260907\count_0220\timing\dio\0047\metadata.json","1134"
"C:\Users\Chris\Documents\GitHub\Control_System\evidence\experiments\runs\hf2_deferred_capacity_20260907\count_0220\timing\dio\0048\metadata.json","1134"
"C:\Users\Chris\Documents\GitHub\Control_System\evidence\experiments\runs\hf2_deferred_capacity_20260907\count_0220\timing\dio\0049\metadata.json","1134"
"C:\Users\Chris\Documents\GitHub\Control_System\evidence\experiments\runs\hf2_deferred_capacity_20260907\count_0220\timing\dio\0050\metadata.json","1134"
"C:\Users\Chris\Documents\GitHub\Control_System\evidence\experiments\runs\hf2_deferred_capacity_20260907\count_0220\timing\dio\0051\metadata.json","1134"
"C:\Users\Chris\Documents\GitHub\Control_System\evidence\experiments\runs\hf2_deferred_capacity_20260907\count_0220\timing\dio\0052\metadata.json","1134"
"C:\Users\Chris\Documents\GitHub\Control_System\evidence\experiments\runs\hf2_deferred_capacity_20260907\count_0220\timing\dio\0053\metadata.json","1134"
"C:\Users\Chris\Documents\GitHub\Control_System\evidence\experiments\runs\hf2_deferred_capacity_20260907\count_0220\timing\dio\0054\metadata.json","1134"
"C:\Users\Chris\Documents\GitHub\Control_System\evidence\experiments\runs\hf2_deferred_capacity_20260907\count_0220\timing\dio\0055\metadata.json","1134"
"C:\Users\Chris\Documents\GitHub\Control_System\evidence\experiments\runs\hf2_deferred_capacity_20260907\count_0220\timing\dio\0056\metadata.json","1134"
"C:\Users\Chris\Documents\GitHub\Control_System\evidence\experiments\runs\hf2_deferred_capacity_20260907\count_0220\timing\dio\0057\metadata.json","1134"
"C:\Users\Chris\Documents\GitHub\Control_System\evidence\experiments\runs\hf2_deferred_capacity_20260907\count_0220\timing\dio\0058\metadata.json","1134"
"C:\Users\Chris\Documents\GitHub\Control_System\evidence\experiments\runs\hf2_deferred_capacity_20260907\count_0220\timing\dio\0059\metadata.json","1134"
"C:\Users\Chris\Documents\GitHub\Control_System\evidence\experiments\runs\hf2_deferred_capacity_20260907\count_0220\timing\dio\0060\metadata.json","1134"
"C:\Users\Chris\Documents\GitHub\Control_System\evidence\experiments\runs\hf2_deferred_capacity_20260907\count_0220\timing\dio\0061\metadata.json","1134"
"C:\Users\Chris\Documents\GitHub\Control_System\evidence\experiments\runs\hf2_deferred_capacity_20260907\count_0220\timing\dio\0062\metadata.json","1134"
"C:\Users\Chris\Documents\GitHub\Control_System\evidence\experiments\runs\hf2_deferred_capacity_20260907\count_0220\timing\dio\0063\metadata.json","1134"
"C:\Users\Chris\Documents\GitHub\Control_System\evidence\experiments\runs\hf2_deferred_capacity_20260907\count_0220\timing\dio\0064\metadata.json","1134"
"C:\Users\Chris\Documents\GitHub\Control_System\evidence\experiments\runs\hf2_deferred_capacity_20260907\count_0220\timing\dio\0065\metadata.json","1134"
"C:\Users\Chris\Documents\GitHub\Control_System\evidence\experiments\runs\hf2_deferred_capacity_20260907\count_0220\timing\dio\0066\metadata.json","1134"
"C:\Users\Chris\Documents\GitHub\Control_System\evidence\experiments\runs\hf2_deferred_capacity_20260907\count_0220\timing\dio\0067\metadata.json","1134"
"C:\Users\Chris\Documents\GitHub\Control_System\evidence\experiments\runs\hf2_deferred_capacity_20260907\count_0220\timing\dio\0068\metadata.json","1134"
"C:\Users\Chris\Documents\GitHub\Control_System\evidence\experiments\runs\hf2_deferred_capacity_20260907\count_0220\timing\dio\0069\metadata.json","1134"
"C:\Users\Chris\Documents\GitHub\Control_System\evidence\experiments\runs\hf2_deferred_capacity_20260907\count_0220\timing\dio\0070\metadata.json","1134"
"C:\Users\Chris\Documents\GitHub\Control_System\evidence\experiments\runs\hf2_deferred_capacity_20260907\count_0220\timing\dio\0071\metadata.json","1134"
"C:\Users\Chris\Documents\GitHub\Control_System\evidence\experiments\runs\hf2_deferred_capacity_20260907\count_0220\timing\dio\0072\metadata.json","1134"
"C:\Users\Chris\Documents\GitHub\Control_System\evidence\experiments\runs\hf2_deferred_capacity_20260907\count_0220\timing\dio\0073\metadata.json","1134"
"C:\Users\Chris\Documents\GitHub\Control_System\evidence\experiments\runs\hf2_deferred_capacity_20260907\count_0220\timing\dio\0074\metadata.json","1134"
"C:\Users\Chris\Documents\GitHub\Control_System\evidence\experiments\runs\hf2_deferred_capacity_20260907\count_0220\timing\dio\0075\metadata.json","1134"
"C:\Users\Chris\Documents\GitHub\Control_System\evidence\experiments\runs\hf2_deferred_capacity_20260907\count_0220\timing\dio\0076\metadata.json","1134"
"C:\Users\Chris\Documents\GitHub\Control_System\evidence\experiments\runs\hf2_deferred_capacity_20260907\count_0220\timing\dio\0077\metadata.json","1134"
"C:\Users\Chris\Documents\GitHub\Control_System\evidence\experiments\runs\hf2_deferred_capacity_20260907\count_0220\timing\dio\0078\metadata.json","1134"
"C:\Users\Chris\Documents\GitHub\Control_System\evidence\experiments\runs\hf2_deferred_capacity_20260907\count_0220\timing\dio\0079\metadata.json","1134"
"C:\Users\Chris\Documents\GitHub\Control_System\evidence\experiments\runs\hf2_deferred_capacity_20260907\count_0220\timing\dio\0080\metadata.json","1134"
"C:\Users\Chris\Documents\GitHub\Control_System\evidence\experiments\runs\hf2_deferred_capacity_20260907\count_0220\timing\dio\0081\metadata.json","1134"
"C:\Users\Chris\Documents\GitHub\Control_System\evidence\experiments\runs\hf2_deferred_capacity_20260907\count_0220\timing\dio\0082\metadata.json","1134"
"C:\Users\Chris\Documents\GitHub\Control_System\evidence\experiments\runs\hf2_deferred_capacity_20260907\count_0220\timing\dio\0083\metadata.json","1134"
"C:\Users\Chris\Documents\GitHub\Control_System\evidence\experiments\runs\hf2_deferred_capacity_20260907\count_0220\timing\dio\0084\metadata.json","1134"
"C:\Users\Chris\Documents\GitHub\Control_System\evidence\experiments\runs\hf2_deferred_capacity_20260907\count_0220\timing\dio\0085\metadata.json","1134"
"C:\Users\Chris\Documents\GitHub\Control_System\evidence\experiments\runs\hf2_deferred_capacity_20260907\count_0220\timing\dio\0086\metadata.json","1134"
"C:\Users\Chris\Documents\GitHub\Control_System\evidence\experiments\runs\hf2_deferred_capacity_20260907\count_0220\timing\dio\0087\metadata.json","1134"
"C:\Users\Chris\Documents\GitHub\Control_System\evidence\experiments\runs\hf2_deferred_capacity_20260907\count_0220\timing\dio\0088\metadata.json","1134"
"C:\Users\Chris\Documents\GitHub\Control_System\evidence\experiments\runs\hf2_deferred_capacity_20260907\count_0220\timing\dio\0089\metadata.json","1134"
"C:\Users\Chris\Documents\GitHub\Control_System\evidence\experiments\runs\hf2_deferred_capacity_20260907\count_0220\timing\dio\0090\metadata.json","1134"
"C:\Users\Chris\Documents\GitHub\Control_System\evidence\experiments\runs\hf2_deferred_capacity_20260907\count_0220\timing\dio\0091\metadata.json","1134"
"C:\Users\Chris\Documents\GitHub\Control_System\evidence\experiments\runs\hf2_deferred_capacity_20260907\count_0220\timing\dio\0092\metadata.json","1134"
"C:\Users\Chris\Documents\GitHub\Control_System\evidence\experiments\runs\hf2_deferred_capacity_20260907\count_0220\timing\dio\0093\metadata.json","1134"
"C:\Users\Chris\Documents\GitHub\Control_System\evidence\experiments\runs\hf2_deferred_capacity_20260907\count_0220\timing\dio\0094\metadata.json","1134"
"C:\Users\Chris\Documents\GitHub\Control_System\evidence\experiments\runs\hf2_deferred_capacity_20260907\count_0220\timing\dio\0095\metadata.json","1134"
"C:\Users\Chris\Documents\GitHub\Control_System\evidence\experiments\runs\hf2_deferred_capacity_20260907\count_0220\timing\dio\0096\metadata.json","1134"
"C:\Users\Chris\Documents\GitHub\Control_System\evidence\experiments\runs\hf2_deferred_capacity_20260907\count_0220\timing\dio\0097\metadata.json","1134"
"C:\Users\Chris\Documents\GitHub\Control_System\evidence\experiments\runs\hf2_deferred_capacity_20260907\count_0220\timing\dio\0098\metadata.json","1134"
"C:\Users\Chris\Documents\GitHub\Control_System\evidence\experiments\runs\hf2_deferred_capacity_20260907\count_0220\timing\dio\0099\metadata.json","1134"
"C:\Users\Chris\Documents\GitHub\Control_System\evidence\experiments\runs\hf2_deferred_capacity_20260907\count_0220\timing\dio\0100\metadata.json","1135"
"C:\Users\Chris\Documents\GitHub\Control_System\evidence\experiments\runs\hf2_deferred_capacity_20260907\count_0220\timing\dio\0101\metadata.json","1135"
"C:\Users\Chris\Documents\GitHub\Control_System\evidence\experiments\runs\hf2_deferred_capacity_20260907\count_0220\timing\dio\0102\metadata.json","1135"
"C:\Users\Chris\Documents\GitHub\Control_System\evidence\experiments\runs\hf2_deferred_capacity_20260907\count_0220\timing\dio\0103\metadata.json","1135"
"C:\Users\Chris\Documents\GitHub\Control_System\evidence\experiments\runs\hf2_deferred_capacity_20260907\count_0220\timing\dio\0104\metadata.json","1135"
"C:\Users\Chris\Documents\GitHub\Control_System\evidence\experiments\runs\hf2_deferred_capacity_20260907\count_0220\timing\dio\0105\metadata.json","1135"
"C:\Users\Chris\Documents\GitHub\Control_System\evidence\experiments\runs\hf2_deferred_capacity_20260907\count_0220\timing\dio\0106\metadata.json","1135"
"C:\Users\Chris\Documents\GitHub\Control_System\evidence\experiments\runs\hf2_deferred_capacity_20260907\count_0220\timing\dio\0107\metadata.json","1135"
"C:\Users\Chris\Documents\GitHub\Control_System\evidence\experiments\runs\hf2_deferred_capacity_20260907\count_0220\timing\dio\0108\metadata.json","1135"
"C:\Users\Chris\Documents\GitHub\Control_System\evidence\experiments\runs\hf2_deferred_capacity_20260907\count_0220\timing\dio\0109\metadata.json","1135"
"C:\Users\Chris\Documents\GitHub\Control_System\evidence\experiments\runs\hf2_deferred_capacity_20260907\count_0220\timing\dio\0110\metadata.json","1135"
"C:\Users\Chris\Documents\GitHub\Control_System\evidence\experiments\runs\hf2_deferred_capacity_20260907\count_0220\timing\dio\0111\metadata.json","1135"
"C:\Users\Chris\Documents\GitHub\Control_System\evidence\experiments\runs\hf2_deferred_capacity_20260907\count_0220\timing\dio\0112\metadata.json","1135"
"C:\Users\Chris\Documents\GitHub\Control_System\evidence\experiments\runs\hf2_deferred_capacity_20260907\count_0220\timing\dio\0113\metadata.json","1135"
"C:\Users\Chris\Documents\GitHub\Control_System\evidence\experiments\runs\hf2_deferred_capacity_20260907\count_0220\timing\dio\0114\metadata.json","1135"
"C:\Users\Chris\Documents\GitHub\Control_System\evidence\experiments\runs\hf2_deferred_capacity_20260907\count_0220\timing\dio\0115\metadata.json","1135"
"C:\Users\Chris\Documents\GitHub\Control_System\evidence\experiments\runs\hf2_deferred_capacity_20260907\count_0220\timing\dio\0116\metadata.json","1135"
"C:\Users\Chris\Documents\GitHub\Control_System\evidence\experiments\runs\hf2_deferred_capacity_20260907\count_0220\timing\dio\0117\metadata.json","1135"
"C:\Users\Chris\Documents\GitHub\Control_System\evidence\experiments\runs\hf2_deferred_capacity_20260907\count_0220\timing\dio\0118\metadata.json","1135"
"C:\Users\Chris\Documents\GitHub\Control_System\evidence\experiments\runs\hf2_deferred_capacity_20260907\count_0220\timing\dio\0119\metadata.json","1135"
"C:\Users\Chris\Documents\GitHub\Control_System\evidence\experiments\runs\hf2_deferred_capacity_20260907\count_0220\timing\dio\0120\metadata.json","1135"
"C:\Users\Chris\Documents\GitHub\Control_System\evidence\experiments\runs\hf2_deferred_capacity_20260907\count_0220\timing\dio\0121\metadata.json","1135"
"C:\Users\Chris\Documents\GitHub\Control_System\evidence\experiments\runs\hf2_deferred_capacity_20260907\count_0220\timing\dio\0122\metadata.json","1135"
"C:\Users\Chris\Documents\GitHub\Control_System\evidence\experiments\runs\hf2_deferred_capacity_20260907\count_0220\timing\dio\0123\metadata.json","1135"
"C:\Users\Chris\Documents\GitHub\Control_System\evidence\experiments\runs\hf2_deferred_capacity_20260907\count_0220\timing\dio\0124\metadata.json","1135"
"C:\Users\Chris\Documents\GitHub\Control_System\evidence\experiments\runs\hf2_deferred_capacity_20260907\count_0220\timing\dio\0125\metadata.json","1135"
"C:\Users\Chris\Documents\GitHub\Control_System\evidence\experiments\runs\hf2_deferred_capacity_20260907\count_0220\timing\dio\0126\metadata.json","1135"
"C:\Users\Chris\Documents\GitHub\Control_System\evidence\experiments\runs\hf2_deferred_capacity_20260907\count_0220\timing\dio\0127\metadata.json","1135"
"C:\Users\Chris\Documents\GitHub\Control_System\evidence\experiments\runs\hf2_deferred_capacity_20260907\count_0220\timing\dio\0128\metadata.json","1135"
"C:\Users\Chris\Documents\GitHub\Control_System\evidence\experiments\runs\hf2_deferred_capacity_20260907\count_0220\timing\dio\0129\metadata.json","1135"
"C:\Users\Chris\Documents\GitHub\Control_System\evidence\experiments\runs\hf2_deferred_capacity_20260907\count_0220\timing\dio\0130\metadata.json","1135"
"C:\Users\Chris\Documents\GitHub\Control_System\evidence\experiments\runs\hf2_deferred_capacity_20260907\count_0220\timing\dio\0131\metadata.json","1135"
"C:\Users\Chris\Documents\GitHub\Control_System\evidence\experiments\runs\hf2_deferred_capacity_20260907\count_0220\timing\dio\0132\metadata.json","1135"
"C:\Users\Chris\Documents\GitHub\Control_System\evidence\experiments\runs\hf2_deferred_capacity_20260907\count_0220\timing\dio\0133\metadata.json","1135"
"C:\Users\Chris\Documents\GitHub\Control_System\evidence\experiments\runs\hf2_deferred_capacity_20260907\count_0220\timing\dio\0134\metadata.json","1135"
"C:\Users\Chris\Documents\GitHub\Control_System\evidence\experiments\runs\hf2_deferred_capacity_20260907\count_0220\timing\dio\0135\metadata.json","1135"
"C:\Users\Chris\Documents\GitHub\Control_System\evidence\experiments\runs\hf2_deferred_capacity_20260907\count_0220\timing\dio\0136\metadata.json","1135"
"C:\Users\Chris\Documents\GitHub\Control_System\evidence\experiments\runs\hf2_deferred_capacity_20260907\count_0220\timing\dio\0137\metadata.json","1135"
"C:\Users\Chris\Documents\GitHub\Control_System\evidence\experiments\runs\hf2_deferred_capacity_20260907\count_0220\timing\dio\0138\metadata.json","1135"
"C:\Users\Chris\Documents\GitHub\Control_System\evidence\experiments\runs\hf2_deferred_capacity_20260907\count_0220\timing\dio\0139\metadata.json","1135"
"C:\Users\Chris\Documents\GitHub\Control_System\evidence\experiments\runs\hf2_deferred_capacity_20260907\count_0220\timing\dio\0140\metadata.json","1135"
"C:\Users\Chris\Documents\GitHub\Control_System\evidence\experiments\runs\hf2_deferred_capacity_20260907\count_0220\timing\dio\0141\metadata.json","1135"
"C:\Users\Chris\Documents\GitHub\Control_System\evidence\experiments\runs\hf2_deferred_capacity_20260907\count_0220\timing\dio\0142\metadata.json","1135"
"C:\Users\Chris\Documents\GitHub\Control_System\evidence\experiments\runs\hf2_deferred_capacity_20260907\count_0220\timing\dio\0143\metadata.json","1135"
"C:\Users\Chris\Documents\GitHub\Control_System\evidence\experiments\runs\hf2_deferred_capacity_20260907\count_0220\timing\dio\0144\metadata.json","1135"
"C:\Users\Chris\Documents\GitHub\Control_System\evidence\experiments\runs\hf2_deferred_capacity_20260907\count_0220\timing\dio\0145\metadata.json","1135"
"C:\Users\Chris\Documents\GitHub\Control_System\evidence\experiments\runs\hf2_deferred_capacity_20260907\count_0220\timing\dio\0146\metadata.json","1135"
"C:\Users\Chris\Documents\GitHub\Control_System\evidence\experiments\runs\hf2_deferred_capacity_20260907\count_0220\timing\dio\0147\metadata.json","1135"
"C:\Users\Chris\Documents\GitHub\Control_System\evidence\experiments\runs\hf2_deferred_capacity_20260907\count_0220\timing\dio\0148\metadata.json","1135"
"C:\Users\Chris\Documents\GitHub\Control_System\evidence\experiments\runs\hf2_deferred_capacity_20260907\count_0220\timing\dio\0149\metadata.json","1135"
"C:\Users\Chris\Documents\GitHub\Control_System\evidence\experiments\runs\hf2_deferred_capacity_20260907\count_0220\timing\dio\0150\metadata.json","1135"
"C:\Users\Chris\Documents\GitHub\Control_System\evidence\experiments\runs\hf2_deferred_capacity_20260907\count_0220\timing\dio\0151\metadata.json","1135"
"C:\Users\Chris\Documents\GitHub\Control_System\evidence\experiments\runs\hf2_deferred_capacity_20260907\count_0220\timing\dio\0152\metadata.json","1135"
"C:\Users\Chris\Documents\GitHub\Control_System\evidence\experiments\runs\hf2_deferred_capacity_20260907\count_0220\timing\dio\0153\metadata.json","1135"
"C:\Users\Chris\Documents\GitHub\Control_System\evidence\experiments\runs\hf2_deferred_capacity_20260907\count_0220\timing\dio\0154\metadata.json","1135"
"C:\Users\Chris\Documents\GitHub\Control_System\evidence\experiments\runs\hf2_deferred_capacity_20260907\count_0220\timing\dio\0155\metadata.json","1135"
"C:\Users\Chris\Documents\GitHub\Control_System\evidence\experiments\runs\hf2_deferred_capacity_20260907\count_0220\timing\dio\0156\metadata.json","1135"
"C:\Users\Chris\Documents\GitHub\Control_System\evidence\experiments\runs\hf2_deferred_capacity_20260907\count_0220\timing\dio\0157\metadata.json","1135"
"C:\Users\Chris\Documents\GitHub\Control_System\evidence\experiments\runs\hf2_deferred_capacity_20260907\count_0220\timing\dio\0158\metadata.json","1135"
"C:\Users\Chris\Documents\GitHub\Control_System\evidence\experiments\runs\hf2_deferred_capacity_20260907\count_0220\timing\dio\0159\metadata.json","1135"
"C:\Users\Chris\Documents\GitHub\Control_System\evidence\experiments\runs\hf2_deferred_capacity_20260907\count_0220\timing\dio\0160\metadata.json","1135"
"C:\Users\Chris\Documents\GitHub\Control_System\evidence\experiments\runs\hf2_deferred_capacity_20260907\count_0220\timing\dio\0161\metadata.json","1135"
"C:\Users\Chris\Documents\GitHub\Control_System\evidence\experiments\runs\hf2_deferred_capacity_20260907\count_0220\timing\dio\0162\metadata.json","1135"
"C:\Users\Chris\Documents\GitHub\Control_System\evidence\experiments\runs\hf2_deferred_capacity_20260907\count_0220\timing\dio\0163\metadata.json","1135"
"C:\Users\Chris\Documents\GitHub\Control_System\evidence\experiments\runs\hf2_deferred_capacity_20260907\count_0220\timing\dio\0164\metadata.json","1135"
"C:\Users\Chris\Documents\GitHub\Control_System\evidence\experiments\runs\hf2_deferred_capacity_20260907\count_0220\timing\dio\0165\metadata.json","1135"
"C:\Users\Chris\Documents\GitHub\Control_System\evidence\experiments\runs\hf2_deferred_capacity_20260907\count_0220\timing\dio\0166\metadata.json","1135"
"C:\Users\Chris\Documents\GitHub\Control_System\evidence\experiments\runs\hf2_deferred_capacity_20260907\count_0220\timing\dio\0167\metadata.json","1135"
"C:\Users\Chris\Documents\GitHub\Control_System\evidence\experiments\runs\hf2_deferred_capacity_20260907\count_0220\timing\dio\0168\metadata.json","1135"
"C:\Users\Chris\Documents\GitHub\Control_System\evidence\experiments\runs\hf2_deferred_capacity_20260907\count_0220\timing\dio\0169\metadata.json","1135"
"C:\Users\Chris\Documents\GitHub\Control_System\evidence\experiments\runs\hf2_deferred_capacity_20260907\count_0220\timing\dio\0170\metadata.json","1135"
"C:\Users\Chris\Documents\GitHub\Control_System\evidence\experiments\runs\hf2_deferred_capacity_20260907\count_0220\timing\dio\0171\metadata.json","1135"
"C:\Users\Chris\Documents\GitHub\Control_System\evidence\experiments\runs\hf2_deferred_capacity_20260907\count_0220\timing\dio\0172\metadata.json","1135"
"C:\Users\Chris\Documents\GitHub\Control_System\evidence\experiments\runs\hf2_deferred_capacity_20260907\count_0220\timing\dio\0173\metadata.json","1135"
"C:\Users\Chris\Documents\GitHub\Control_System\evidence\experiments\runs\hf2_deferred_capacity_20260907\count_0220\timing\dio\0174\metadata.json","1135"
"C:\Users\Chris\Documents\GitHub\Control_System\evidence\experiments\runs\hf2_deferred_capacity_20260907\count_0220\timing\dio\0175\metadata.json","1135"
"C:\Users\Chris\Documents\GitHub\Control_System\evidence\experiments\runs\hf2_deferred_capacity_20260907\count_0220\timing\dio\0176\metadata.json","1135"
"C:\Users\Chris\Documents\GitHub\Control_System\evidence\experiments\runs\hf2_deferred_capacity_20260907\count_0220\timing\dio\0177\metadata.json","1135"
"C:\Users\Chris\Documents\GitHub\Control_System\evidence\experiments\runs\hf2_deferred_capacity_20260907\count_0220\timing\dio\0178\metadata.json","1135"
"C:\Users\Chris\Documents\GitHub\Control_System\evidence\experiments\runs\hf2_deferred_capacity_20260907\count_0220\timing\dio\0179\metadata.json","1135"
"C:\Users\Chris\Documents\GitHub\Control_System\evidence\experiments\runs\hf2_deferred_capacity_20260907\count_0220\timing\dio\0180\metadata.json","1135"
"C:\Users\Chris\Documents\GitHub\Control_System\evidence\experiments\runs\hf2_deferred_capacity_20260907\count_0220\timing\dio\0181\metadata.json","1135"
"C:\Users\Chris\Documents\GitHub\Control_System\evidence\experiments\runs\hf2_deferred_capacity_20260907\count_0220\timing\dio\0182\metadata.json","1135"
"C:\Users\Chris\Documents\GitHub\Control_System\evidence\experiments\runs\hf2_deferred_capacity_20260907\count_0220\timing\dio\0183\metadata.json","1135"
"C:\Users\Chris\Documents\GitHub\Control_System\evidence\experiments\runs\hf2_deferred_capacity_20260907\count_0220\timing\dio\0184\metadata.json","1135"
"C:\Users\Chris\Documents\GitHub\Control_System\evidence\experiments\runs\hf2_deferred_capacity_20260907\count_0220\timing\dio\0185\metadata.json","1135"
"C:\Users\Chris\Documents\GitHub\Control_System\evidence\experiments\runs\hf2_deferred_capacity_20260907\count_0220\timing\dio\0186\metadata.json","1135"
"C:\Users\Chris\Documents\GitHub\Control_System\evidence\experiments\runs\hf2_deferred_capacity_20260907\count_0220\timing\dio\0187\metadata.json","1135"
"C:\Users\Chris\Documents\GitHub\Control_System\evidence\experiments\runs\hf2_deferred_capacity_20260907\count_0220\timing\dio\0188\metadata.json","1135"
"C:\Users\Chris\Documents\GitHub\Control_System\evidence\experiments\runs\hf2_deferred_capacity_20260907\count_0220\timing\dio\0189\metadata.json","1135"
"C:\Users\Chris\Documents\GitHub\Control_System\evidence\experiments\runs\hf2_deferred_capacity_20260907\count_0220\timing\dio\0190\metadata.json","1135"
"C:\Users\Chris\Documents\GitHub\Control_System\evidence\experiments\runs\hf2_deferred_capacity_20260907\count_0220\timing\dio\0191\metadata.json","1135"
"C:\Users\Chris\Documents\GitHub\Control_System\evidence\experiments\runs\hf2_deferred_capacity_20260907\count_0220\timing\dio\0192\metadata.json","1135"
"C:\Users\Chris\Documents\GitHub\Control_System\evidence\experiments\runs\hf2_deferred_capacity_20260907\count_0220\timing\dio\0193\metadata.json","1135"
"C:\Users\Chris\Documents\GitHub\Control_System\evidence\experiments\runs\hf2_deferred_capacity_20260907\count_0220\timing\dio\0194\metadata.json","1135"
"C:\Users\Chris\Documents\GitHub\Control_System\evidence\experiments\runs\hf2_deferred_capacity_20260907\count_0220\timing\dio\0195\metadata.json","1135"
"C:\Users\Chris\Documents\GitHub\Control_System\evidence\experiments\runs\hf2_deferred_capacity_20260907\count_0220\timing\dio\0196\metadata.json","1135"
"C:\Users\Chris\Documents\GitHub\Control_System\evidence\experiments\runs\hf2_deferred_capacity_20260907\count_0220\timing\dio\0197\metadata.json","1135"
"C:\Users\Chris\Documents\GitHub\Control_System\evidence\experiments\runs\hf2_deferred_capacity_20260907\count_0220\timing\dio\0198\metadata.json","1135"
"C:\Users\Chris\Documents\GitHub\Control_System\evidence\experiments\runs\hf2_deferred_capacity_20260907\count_0220\timing\dio\0199\metadata.json","1135"
"C:\Users\Chris\Documents\GitHub\Control_System\evidence\experiments\runs\hf2_deferred_capacity_20260907\count_0220\timing\dio\0200\metadata.json","1135"
"C:\Users\Chris\Documents\GitHub\Control_System\evidence\experiments\runs\hf2_deferred_capacity_20260907\count_0220\timing\dio\0201\metadata.json","1135"
"C:\Users\Chris\Documents\GitHub\Control_System\evidence\experiments\runs\hf2_deferred_capacity_20260907\count_0220\timing\dio\0202\metadata.json","1135"
"C:\Users\Chris\Documents\GitHub\Control_System\evidence\experiments\runs\hf2_deferred_capacity_20260907\count_0220\timing\dio\0203\metadata.json","1135"
"C:\Users\Chris\Documents\GitHub\Control_System\evidence\experiments\runs\hf2_deferred_capacity_20260907\count_0220\timing\dio\0204\metadata.json","1135"
"C:\Users\Chris\Documents\GitHub\Control_System\evidence\experiments\runs\hf2_deferred_capacity_20260907\count_0220\timing\dio\0205\metadata.json","1135"
"C:\Users\Chris\Documents\GitHub\Control_System\evidence\experiments\runs\hf2_deferred_capacity_20260907\count_0220\timing\dio\0206\metadata.json","1135"
"C:\Users\Chris\Documents\GitHub\Control_System\evidence\experiments\runs\hf2_deferred_capacity_20260907\count_0220\timing\dio\0207\metadata.json","1135"
"C:\Users\Chris\Documents\GitHub\Control_System\evidence\experiments\runs\hf2_deferred_capacity_20260907\count_0220\timing\dio\0208\metadata.json","1135"
"C:\Users\Chris\Documents\GitHub\Control_System\evidence\experiments\runs\hf2_deferred_capacity_20260907\count_0220\timing\dio\0209\metadata.json","1135"
"C:\Users\Chris\Documents\GitHub\Control_System\evidence\experiments\runs\hf2_deferred_capacity_20260907\count_0220\timing\dio\0210\metadata.json","1135"
"C:\Users\Chris\Documents\GitHub\Control_System\evidence\experiments\runs\hf2_deferred_capacity_20260907\count_0220\timing\dio\0211\metadata.json","1135"
"C:\Users\Chris\Documents\GitHub\Control_System\evidence\experiments\runs\hf2_deferred_capacity_20260907\count_0220\timing\dio\0212\metadata.json","1135"
"C:\Users\Chris\Documents\GitHub\Control_System\evidence\experiments\runs\hf2_deferred_capacity_20260907\count_0220\timing\dio\0213\metadata.json","1135"
"C:\Users\Chris\Documents\GitHub\Control_System\evidence\experiments\runs\hf2_deferred_capacity_20260907\count_0220\timing\dio\0214\metadata.json","1135"
"C:\Users\Chris\Documents\GitHub\Control_System\evidence\experiments\runs\hf2_deferred_capacity_20260907\count_0220\timing\dio\0215\metadata.json","1135"
"C:\Users\Chris\Documents\GitHub\Control_System\evidence\experiments\runs\hf2_deferred_capacity_20260907\count_0220\timing\dio\0216\metadata.json","1135"
"C:\Users\Chris\Documents\GitHub\Control_System\evidence\experiments\runs\hf2_deferred_capacity_20260907\count_0220\timing\dio\0217\metadata.json","1135"
"C:\Users\Chris\Documents\GitHub\Control_System\evidence\experiments\runs\hf2_deferred_capacity_20260907\count_0220\timing\dio\0218\metadata.json","1135"
"C:\Users\Chris\Documents\GitHub\Control_System\evidence\experiments\runs\hf2_deferred_capacity_20260907\count_0220\timing\dio\0219\metadata.json","1135"
"C:\Users\Chris\Documents\GitHub\Control_System\evidence\experiments\runs\hf2_deferred_capacity_20260907\count_0270\detectors_configuration.json","295"
"C:\Users\Chris\Documents\GitHub\Control_System\evidence\experiments\runs\hf2_deferred_capacity_20260907\count_0270\memory.json","23098"
"C:\Users\Chris\Documents\GitHub\Control_System\evidence\experiments\runs\hf2_deferred_capacity_20260907\count_0270\result.json","209518"
"C:\Users\Chris\Documents\GitHub\Control_System\evidence\experiments\runs\hf2_deferred_capacity_20260907\count_0270\timing_configuration.json","295"
"C:\Users\Chris\Documents\GitHub\Control_System\evidence\experiments\runs\hf2_deferred_capacity_20260907\count_0270\detectors\x\0000\metadata.json","1133"
"C:\Users\Chris\Documents\GitHub\Control_System\evidence\experiments\runs\hf2_deferred_capacity_20260907\count_0270\detectors\x\0001\metadata.json","1133"
"C:\Users\Chris\Documents\GitHub\Control_System\evidence\experiments\runs\hf2_deferred_capacity_20260907\count_0270\detectors\x\0002\metadata.json","1133"
"C:\Users\Chris\Documents\GitHub\Control_System\evidence\experiments\runs\hf2_deferred_capacity_20260907\count_0270\detectors\x\0003\metadata.json","1133"
"C:\Users\Chris\Documents\GitHub\Control_System\evidence\experiments\runs\hf2_deferred_capacity_20260907\count_0270\detectors\x\0004\metadata.json","1133"
"C:\Users\Chris\Documents\GitHub\Control_System\evidence\experiments\runs\hf2_deferred_capacity_20260907\count_0270\detectors\x\0005\metadata.json","1133"
"C:\Users\Chris\Documents\GitHub\Control_System\evidence\experiments\runs\hf2_deferred_capacity_20260907\count_0270\detectors\x\0006\metadata.json","1133"
"C:\Users\Chris\Documents\GitHub\Control_System\evidence\experiments\runs\hf2_deferred_capacity_20260907\count_0270\detectors\x\0007\metadata.json","1133"
"C:\Users\Chris\Documents\GitHub\Control_System\evidence\experiments\runs\hf2_deferred_capacity_20260907\count_0270\detectors\x\0008\metadata.json","1133"
"C:\Users\Chris\Documents\GitHub\Control_System\evidence\experiments\runs\hf2_deferred_capacity_20260907\count_0270\detectors\x\0009\metadata.json","1133"
"C:\Users\Chris\Documents\GitHub\Control_System\evidence\experiments\runs\hf2_deferred_capacity_20260907\count_0270\detectors\x\0010\metadata.json","1134"
"C:\Users\Chris\Documents\GitHub\Control_System\evidence\experiments\runs\hf2_deferred_capacity_20260907\count_0270\detectors\x\0011\metadata.json","1134"
"C:\Users\Chris\Documents\GitHub\Control_System\evidence\experiments\runs\hf2_deferred_capacity_20260907\count_0270\detectors\x\0012\metadata.json","1134"
"C:\Users\Chris\Documents\GitHub\Control_System\evidence\experiments\runs\hf2_deferred_capacity_20260907\count_0270\detectors\x\0013\metadata.json","1134"
"C:\Users\Chris\Documents\GitHub\Control_System\evidence\experiments\runs\hf2_deferred_capacity_20260907\count_0270\detectors\x\0014\metadata.json","1134"
"C:\Users\Chris\Documents\GitHub\Control_System\evidence\experiments\runs\hf2_deferred_capacity_20260907\count_0270\detectors\x\0015\metadata.json","1134"
"C:\Users\Chris\Documents\GitHub\Control_System\evidence\experiments\runs\hf2_deferred_capacity_20260907\count_0270\detectors\x\0016\metadata.json","1134"
"C:\Users\Chris\Documents\GitHub\Control_System\evidence\experiments\runs\hf2_deferred_capacity_20260907\count_0270\detectors\x\0017\metadata.json","1134"
"C:\Users\Chris\Documents\GitHub\Control_System\evidence\experiments\runs\hf2_deferred_capacity_20260907\count_0270\detectors\x\0018\metadata.json","1134"
"C:\Users\Chris\Documents\GitHub\Control_System\evidence\experiments\runs\hf2_deferred_capacity_20260907\count_0270\detectors\x\0019\metadata.json","1134"
"C:\Users\Chris\Documents\GitHub\Control_System\evidence\experiments\runs\hf2_deferred_capacity_20260907\count_0270\detectors\x\0020\metadata.json","1134"
"C:\Users\Chris\Documents\GitHub\Control_System\evidence\experiments\runs\hf2_deferred_capacity_20260907\count_0270\detectors\x\0021\metadata.json","1134"
"C:\Users\Chris\Documents\GitHub\Control_System\evidence\experiments\runs\hf2_deferred_capacity_20260907\count_0270\detectors\x\0022\metadata.json","1134"
"C:\Users\Chris\Documents\GitHub\Control_System\evidence\experiments\runs\hf2_deferred_capacity_20260907\count_0270\detectors\x\0023\metadata.json","1134"
"C:\Users\Chris\Documents\GitHub\Control_System\evidence\experiments\runs\hf2_deferred_capacity_20260907\count_0270\detectors\x\0024\metadata.json","1134"
"C:\Users\Chris\Documents\GitHub\Control_System\evidence\experiments\runs\hf2_deferred_capacity_20260907\count_0270\detectors\x\0025\metadata.json","1134"
"C:\Users\Chris\Documents\GitHub\Control_System\evidence\experiments\runs\hf2_deferred_capacity_20260907\count_0270\detectors\x\0026\metadata.json","1134"
"C:\Users\Chris\Documents\GitHub\Control_System\evidence\experiments\runs\hf2_deferred_capacity_20260907\count_0270\detectors\x\0027\metadata.json","1134"
"C:\Users\Chris\Documents\GitHub\Control_System\evidence\experiments\runs\hf2_deferred_capacity_20260907\count_0270\detectors\x\0028\metadata.json","1134"
"C:\Users\Chris\Documents\GitHub\Control_System\evidence\experiments\runs\hf2_deferred_capacity_20260907\count_0270\detectors\x\0029\metadata.json","1134"
"C:\Users\Chris\Documents\GitHub\Control_System\evidence\experiments\runs\hf2_deferred_capacity_20260907\count_0270\detectors\x\0030\metadata.json","1134"
"C:\Users\Chris\Documents\GitHub\Control_System\evidence\experiments\runs\hf2_deferred_capacity_20260907\count_0270\detectors\x\0031\metadata.json","1134"
"C:\Users\Chris\Documents\GitHub\Control_System\evidence\experiments\runs\hf2_deferred_capacity_20260907\count_0270\detectors\x\0032\metadata.json","1134"
"C:\Users\Chris\Documents\GitHub\Control_System\evidence\experiments\runs\hf2_deferred_capacity_20260907\count_0270\detectors\x\0033\metadata.json","1134"
"C:\Users\Chris\Documents\GitHub\Control_System\evidence\experiments\runs\hf2_deferred_capacity_20260907\count_0270\detectors\x\0034\metadata.json","1134"
"C:\Users\Chris\Documents\GitHub\Control_System\evidence\experiments\runs\hf2_deferred_capacity_20260907\count_0270\detectors\x\0035\metadata.json","1134"
"C:\Users\Chris\Documents\GitHub\Control_System\evidence\experiments\runs\hf2_deferred_capacity_20260907\count_0270\detectors\x\0036\metadata.json","1134"
"C:\Users\Chris\Documents\GitHub\Control_System\evidence\experiments\runs\hf2_deferred_capacity_20260907\count_0270\detectors\x\0037\metadata.json","1134"
"C:\Users\Chris\Documents\GitHub\Control_System\evidence\experiments\runs\hf2_deferred_capacity_20260907\count_0270\detectors\x\0038\metadata.json","1134"
"C:\Users\Chris\Documents\GitHub\Control_System\evidence\experiments\runs\hf2_deferred_capacity_20260907\count_0270\detectors\x\0039\metadata.json","1134"
"C:\Users\Chris\Documents\GitHub\Control_System\evidence\experiments\runs\hf2_deferred_capacity_20260907\count_0270\detectors\x\0040\metadata.json","1134"
"C:\Users\Chris\Documents\GitHub\Control_System\evidence\experiments\runs\hf2_deferred_capacity_20260907\count_0270\detectors\x\0041\metadata.json","1134"
"C:\Users\Chris\Documents\GitHub\Control_System\evidence\experiments\runs\hf2_deferred_capacity_20260907\count_0270\detectors\x\0042\metadata.json","1134"
"C:\Users\Chris\Documents\GitHub\Control_System\evidence\experiments\runs\hf2_deferred_capacity_20260907\count_0270\detectors\x\0043\metadata.json","1134"
"C:\Users\Chris\Documents\GitHub\Control_System\evidence\experiments\runs\hf2_deferred_capacity_20260907\count_0270\detectors\x\0044\metadata.json","1134"
"C:\Users\Chris\Documents\GitHub\Control_System\evidence\experiments\runs\hf2_deferred_capacity_20260907\count_0270\detectors\x\0045\metadata.json","1134"
"C:\Users\Chris\Documents\GitHub\Control_System\evidence\experiments\runs\hf2_deferred_capacity_20260907\count_0270\detectors\x\0046\metadata.json","1134"
"C:\Users\Chris\Documents\GitHub\Control_System\evidence\experiments\runs\hf2_deferred_capacity_20260907\count_0270\detectors\x\0047\metadata.json","1134"
"C:\Users\Chris\Documents\GitHub\Control_System\evidence\experiments\runs\hf2_deferred_capacity_20260907\count_0270\detectors\x\0048\metadata.json","1134"
"C:\Users\Chris\Documents\GitHub\Control_System\evidence\experiments\runs\hf2_deferred_capacity_20260907\count_0270\detectors\x\0049\metadata.json","1134"
"C:\Users\Chris\Documents\GitHub\Control_System\evidence\experiments\runs\hf2_deferred_capacity_20260907\count_0270\detectors\x\0050\metadata.json","1134"
"C:\Users\Chris\Documents\GitHub\Control_System\evidence\experiments\runs\hf2_deferred_capacity_20260907\count_0270\detectors\x\0051\metadata.json","1134"
"C:\Users\Chris\Documents\GitHub\Control_System\evidence\experiments\runs\hf2_deferred_capacity_20260907\count_0270\detectors\x\0052\metadata.json","1134"
"C:\Users\Chris\Documents\GitHub\Control_System\evidence\experiments\runs\hf2_deferred_capacity_20260907\count_0270\detectors\x\0053\metadata.json","1134"
"C:\Users\Chris\Documents\GitHub\Control_System\evidence\experiments\runs\hf2_deferred_capacity_20260907\count_0270\detectors\x\0054\metadata.json","1134"
"C:\Users\Chris\Documents\GitHub\Control_System\evidence\experiments\runs\hf2_deferred_capacity_20260907\count_0270\detectors\x\0055\metadata.json","1134"
"C:\Users\Chris\Documents\GitHub\Control_System\evidence\experiments\runs\hf2_deferred_capacity_20260907\count_0270\detectors\x\0056\metadata.json","1134"
"C:\Users\Chris\Documents\GitHub\Control_System\evidence\experiments\runs\hf2_deferred_capacity_20260907\count_0270\detectors\x\0057\metadata.json","1134"
"C:\Users\Chris\Documents\GitHub\Control_System\evidence\experiments\runs\hf2_deferred_capacity_20260907\count_0270\detectors\x\0058\metadata.json","1134"
"C:\Users\Chris\Documents\GitHub\Control_System\evidence\experiments\runs\hf2_deferred_capacity_20260907\count_0270\detectors\x\0059\metadata.json","1134"
"C:\Users\Chris\Documents\GitHub\Control_System\evidence\experiments\runs\hf2_deferred_capacity_20260907\count_0270\detectors\x\0060\metadata.json","1134"
"C:\Users\Chris\Documents\GitHub\Control_System\evidence\experiments\runs\hf2_deferred_capacity_20260907\count_0270\detectors\x\0061\metadata.json","1134"
"C:\Users\Chris\Documents\GitHub\Control_System\evidence\experiments\runs\hf2_deferred_capacity_20260907\count_0270\detectors\x\0062\metadata.json","1134"
"C:\Users\Chris\Documents\GitHub\Control_System\evidence\experiments\runs\hf2_deferred_capacity_20260907\count_0270\detectors\x\0063\metadata.json","1134"
"C:\Users\Chris\Documents\GitHub\Control_System\evidence\experiments\runs\hf2_deferred_capacity_20260907\count_0270\detectors\x\0064\metadata.json","1134"
"C:\Users\Chris\Documents\GitHub\Control_System\evidence\experiments\runs\hf2_deferred_capacity_20260907\count_0270\detectors\x\0065\metadata.json","1134"
"C:\Users\Chris\Documents\GitHub\Control_System\evidence\experiments\runs\hf2_deferred_capacity_20260907\count_0270\detectors\x\0066\metadata.json","1134"
"C:\Users\Chris\Documents\GitHub\Control_System\evidence\experiments\runs\hf2_deferred_capacity_20260907\count_0270\detectors\x\0067\metadata.json","1134"
"C:\Users\Chris\Documents\GitHub\Control_System\evidence\experiments\runs\hf2_deferred_capacity_20260907\count_0270\detectors\x\0068\metadata.json","1134"
"C:\Users\Chris\Documents\GitHub\Control_System\evidence\experiments\runs\hf2_deferred_capacity_20260907\count_0270\detectors\x\0069\metadata.json","1134"
"C:\Users\Chris\Documents\GitHub\Control_System\evidence\experiments\runs\hf2_deferred_capacity_20260907\count_0270\detectors\x\0070\metadata.json","1134"
"C:\Users\Chris\Documents\GitHub\Control_System\evidence\experiments\runs\hf2_deferred_capacity_20260907\count_0270\detectors\x\0071\metadata.json","1134"
"C:\Users\Chris\Documents\GitHub\Control_System\evidence\experiments\runs\hf2_deferred_capacity_20260907\count_0270\detectors\x\0072\metadata.json","1134"
"C:\Users\Chris\Documents\GitHub\Control_System\evidence\experiments\runs\hf2_deferred_capacity_20260907\count_0270\detectors\x\0073\metadata.json","1134"
"C:\Users\Chris\Documents\GitHub\Control_System\evidence\experiments\runs\hf2_deferred_capacity_20260907\count_0270\detectors\x\0074\metadata.json","1134"
"C:\Users\Chris\Documents\GitHub\Control_System\evidence\experiments\runs\hf2_deferred_capacity_20260907\count_0270\detectors\x\0075\metadata.json","1134"
"C:\Users\Chris\Documents\GitHub\Control_System\evidence\experiments\runs\hf2_deferred_capacity_20260907\count_0270\detectors\x\0076\metadata.json","1134"
"C:\Users\Chris\Documents\GitHub\Control_System\evidence\experiments\runs\hf2_deferred_capacity_20260907\count_0270\detectors\x\0077\metadata.json","1134"
"C:\Users\Chris\Documents\GitHub\Control_System\evidence\experiments\runs\hf2_deferred_capacity_20260907\count_0270\detectors\x\0078\metadata.json","1134"
"C:\Users\Chris\Documents\GitHub\Control_System\evidence\experiments\runs\hf2_deferred_capacity_20260907\count_0270\detectors\x\0079\metadata.json","1134"
"C:\Users\Chris\Documents\GitHub\Control_System\evidence\experiments\runs\hf2_deferred_capacity_20260907\count_0270\detectors\x\0080\metadata.json","1134"
"C:\Users\Chris\Documents\GitHub\Control_System\evidence\experiments\runs\hf2_deferred_capacity_20260907\count_0270\detectors\x\0081\metadata.json","1134"
"C:\Users\Chris\Documents\GitHub\Control_System\evidence\experiments\runs\hf2_deferred_capacity_20260907\count_0270\detectors\x\0082\metadata.json","1134"
"C:\Users\Chris\Documents\GitHub\Control_System\evidence\experiments\runs\hf2_deferred_capacity_20260907\count_0270\detectors\x\0083\metadata.json","1134"
"C:\Users\Chris\Documents\GitHub\Control_System\evidence\experiments\runs\hf2_deferred_capacity_20260907\count_0270\detectors\x\0084\metadata.json","1134"
"C:\Users\Chris\Documents\GitHub\Control_System\evidence\experiments\runs\hf2_deferred_capacity_20260907\count_0270\detectors\x\0085\metadata.json","1134"
"C:\Users\Chris\Documents\GitHub\Control_System\evidence\experiments\runs\hf2_deferred_capacity_20260907\count_0270\detectors\x\0086\metadata.json","1134"
"C:\Users\Chris\Documents\GitHub\Control_System\evidence\experiments\runs\hf2_deferred_capacity_20260907\count_0270\detectors\x\0087\metadata.json","1134"
"C:\Users\Chris\Documents\GitHub\Control_System\evidence\experiments\runs\hf2_deferred_capacity_20260907\count_0270\detectors\x\0088\metadata.json","1134"
"C:\Users\Chris\Documents\GitHub\Control_System\evidence\experiments\runs\hf2_deferred_capacity_20260907\count_0270\detectors\x\0089\metadata.json","1134"
"C:\Users\Chris\Documents\GitHub\Control_System\evidence\experiments\runs\hf2_deferred_capacity_20260907\count_0270\detectors\x\0090\metadata.json","1134"
"C:\Users\Chris\Documents\GitHub\Control_System\evidence\experiments\runs\hf2_deferred_capacity_20260907\count_0270\detectors\x\0091\metadata.json","1134"
"C:\Users\Chris\Documents\GitHub\Control_System\evidence\experiments\runs\hf2_deferred_capacity_20260907\count_0270\detectors\x\0092\metadata.json","1134"
"C:\Users\Chris\Documents\GitHub\Control_System\evidence\experiments\runs\hf2_deferred_capacity_20260907\count_0270\detectors\x\0093\metadata.json","1134"
"C:\Users\Chris\Documents\GitHub\Control_System\evidence\experiments\runs\hf2_deferred_capacity_20260907\count_0270\detectors\x\0094\metadata.json","1134"
"C:\Users\Chris\Documents\GitHub\Control_System\evidence\experiments\runs\hf2_deferred_capacity_20260907\count_0270\detectors\x\0095\metadata.json","1134"
"C:\Users\Chris\Documents\GitHub\Control_System\evidence\experiments\runs\hf2_deferred_capacity_20260907\count_0270\detectors\x\0096\metadata.json","1134"
"C:\Users\Chris\Documents\GitHub\Control_System\evidence\experiments\runs\hf2_deferred_capacity_20260907\count_0270\detectors\x\0097\metadata.json","1134"
"C:\Users\Chris\Documents\GitHub\Control_System\evidence\experiments\runs\hf2_deferred_capacity_20260907\count_0270\detectors\x\0098\metadata.json","1134"
"C:\Users\Chris\Documents\GitHub\Control_System\evidence\experiments\runs\hf2_deferred_capacity_20260907\count_0270\detectors\x\0099\metadata.json","1134"
"C:\Users\Chris\Documents\GitHub\Control_System\evidence\experiments\runs\hf2_deferred_capacity_20260907\count_0270\detectors\x\0100\metadata.json","1135"
"C:\Users\Chris\Documents\GitHub\Control_System\evidence\experiments\runs\hf2_deferred_capacity_20260907\count_0270\detectors\x\0101\metadata.json","1135"
"C:\Users\Chris\Documents\GitHub\Control_System\evidence\experiments\runs\hf2_deferred_capacity_20260907\count_0270\detectors\x\0102\metadata.json","1135"
"C:\Users\Chris\Documents\GitHub\Control_System\evidence\experiments\runs\hf2_deferred_capacity_20260907\count_0270\detectors\x\0103\metadata.json","1135"
"C:\Users\Chris\Documents\GitHub\Control_System\evidence\experiments\runs\hf2_deferred_capacity_20260907\count_0270\detectors\x\0104\metadata.json","1135"
"C:\Users\Chris\Documents\GitHub\Control_System\evidence\experiments\runs\hf2_deferred_capacity_20260907\count_0270\detectors\x\0105\metadata.json","1135"
"C:\Users\Chris\Documents\GitHub\Control_System\evidence\experiments\runs\hf2_deferred_capacity_20260907\count_0270\detectors\x\0106\metadata.json","1135"
"C:\Users\Chris\Documents\GitHub\Control_System\evidence\experiments\runs\hf2_deferred_capacity_20260907\count_0270\detectors\x\0107\metadata.json","1135"
"C:\Users\Chris\Documents\GitHub\Control_System\evidence\experiments\runs\hf2_deferred_capacity_20260907\count_0270\detectors\x\0108\metadata.json","1135"
"C:\Users\Chris\Documents\GitHub\Control_System\evidence\experiments\runs\hf2_deferred_capacity_20260907\count_0270\detectors\x\0109\metadata.json","1135"
"C:\Users\Chris\Documents\GitHub\Control_System\evidence\experiments\runs\hf2_deferred_capacity_20260907\count_0270\detectors\x\0110\metadata.json","1135"
"C:\Users\Chris\Documents\GitHub\Control_System\evidence\experiments\runs\hf2_deferred_capacity_20260907\count_0270\detectors\x\0111\metadata.json","1135"
"C:\Users\Chris\Documents\GitHub\Control_System\evidence\experiments\runs\hf2_deferred_capacity_20260907\count_0270\detectors\x\0112\metadata.json","1135"
"C:\Users\Chris\Documents\GitHub\Control_System\evidence\experiments\runs\hf2_deferred_capacity_20260907\count_0270\detectors\x\0113\metadata.json","1135"
"C:\Users\Chris\Documents\GitHub\Control_System\evidence\experiments\runs\hf2_deferred_capacity_20260907\count_0270\detectors\x\0114\metadata.json","1135"
"C:\Users\Chris\Documents\GitHub\Control_System\evidence\experiments\runs\hf2_deferred_capacity_20260907\count_0270\detectors\x\0115\metadata.json","1135"
"C:\Users\Chris\Documents\GitHub\Control_System\evidence\experiments\runs\hf2_deferred_capacity_20260907\count_0270\detectors\x\0116\metadata.json","1135"
"C:\Users\Chris\Documents\GitHub\Control_System\evidence\experiments\runs\hf2_deferred_capacity_20260907\count_0270\detectors\x\0117\metadata.json","1135"
"C:\Users\Chris\Documents\GitHub\Control_System\evidence\experiments\runs\hf2_deferred_capacity_20260907\count_0270\detectors\x\0118\metadata.json","1135"
"C:\Users\Chris\Documents\GitHub\Control_System\evidence\experiments\runs\hf2_deferred_capacity_20260907\count_0270\detectors\x\0119\metadata.json","1135"
"C:\Users\Chris\Documents\GitHub\Control_System\evidence\experiments\runs\hf2_deferred_capacity_20260907\count_0270\detectors\x\0120\metadata.json","1135"
"C:\Users\Chris\Documents\GitHub\Control_System\evidence\experiments\runs\hf2_deferred_capacity_20260907\count_0270\detectors\x\0121\metadata.json","1135"
"C:\Users\Chris\Documents\GitHub\Control_System\evidence\experiments\runs\hf2_deferred_capacity_20260907\count_0270\detectors\x\0122\metadata.json","1135"
"C:\Users\Chris\Documents\GitHub\Control_System\evidence\experiments\runs\hf2_deferred_capacity_20260907\count_0270\detectors\x\0123\metadata.json","1135"
"C:\Users\Chris\Documents\GitHub\Control_System\evidence\experiments\runs\hf2_deferred_capacity_20260907\count_0270\detectors\x\0124\metadata.json","1135"
"C:\Users\Chris\Documents\GitHub\Control_System\evidence\experiments\runs\hf2_deferred_capacity_20260907\count_0270\detectors\x\0125\metadata.json","1135"
"C:\Users\Chris\Documents\GitHub\Control_System\evidence\experiments\runs\hf2_deferred_capacity_20260907\count_0270\detectors\x\0126\metadata.json","1135"
"C:\Users\Chris\Documents\GitHub\Control_System\evidence\experiments\runs\hf2_deferred_capacity_20260907\count_0270\detectors\x\0127\metadata.json","1135"
"C:\Users\Chris\Documents\GitHub\Control_System\evidence\experiments\runs\hf2_deferred_capacity_20260907\count_0270\detectors\x\0128\metadata.json","1135"
"C:\Users\Chris\Documents\GitHub\Control_System\evidence\experiments\runs\hf2_deferred_capacity_20260907\count_0270\detectors\x\0129\metadata.json","1135"
"C:\Users\Chris\Documents\GitHub\Control_System\evidence\experiments\runs\hf2_deferred_capacity_20260907\count_0270\detectors\x\0130\metadata.json","1135"
"C:\Users\Chris\Documents\GitHub\Control_System\evidence\experiments\runs\hf2_deferred_capacity_20260907\count_0270\detectors\x\0131\metadata.json","1135"
"C:\Users\Chris\Documents\GitHub\Control_System\evidence\experiments\runs\hf2_deferred_capacity_20260907\count_0270\detectors\x\0132\metadata.json","1135"
"C:\Users\Chris\Documents\GitHub\Control_System\evidence\experiments\runs\hf2_deferred_capacity_20260907\count_0270\detectors\x\0133\metadata.json","1135"
"C:\Users\Chris\Documents\GitHub\Control_System\evidence\experiments\runs\hf2_deferred_capacity_20260907\count_0270\detectors\x\0134\metadata.json","1135"
"C:\Users\Chris\Documents\GitHub\Control_System\evidence\experiments\runs\hf2_deferred_capacity_20260907\count_0270\detectors\x\0135\metadata.json","1135"
"C:\Users\Chris\Documents\GitHub\Control_System\evidence\experiments\runs\hf2_deferred_capacity_20260907\count_0270\detectors\x\0136\metadata.json","1135"
"C:\Users\Chris\Documents\GitHub\Control_System\evidence\experiments\runs\hf2_deferred_capacity_20260907\count_0270\detectors\x\0137\metadata.json","1135"
"C:\Users\Chris\Documents\GitHub\Control_System\evidence\experiments\runs\hf2_deferred_capacity_20260907\count_0270\detectors\x\0138\metadata.json","1135"
"C:\Users\Chris\Documents\GitHub\Control_System\evidence\experiments\runs\hf2_deferred_capacity_20260907\count_0270\detectors\x\0139\metadata.json","1135"
"C:\Users\Chris\Documents\GitHub\Control_System\evidence\experiments\runs\hf2_deferred_capacity_20260907\count_0270\detectors\x\0140\metadata.json","1135"
"C:\Users\Chris\Documents\GitHub\Control_System\evidence\experiments\runs\hf2_deferred_capacity_20260907\count_0270\detectors\x\0141\metadata.json","1135"
"C:\Users\Chris\Documents\GitHub\Control_System\evidence\experiments\runs\hf2_deferred_capacity_20260907\count_0270\detectors\x\0142\metadata.json","1135"
"C:\Users\Chris\Documents\GitHub\Control_System\evidence\experiments\runs\hf2_deferred_capacity_20260907\count_0270\detectors\x\0143\metadata.json","1135"
"C:\Users\Chris\Documents\GitHub\Control_System\evidence\experiments\runs\hf2_deferred_capacity_20260907\count_0270\detectors\x\0144\metadata.json","1135"
"C:\Users\Chris\Documents\GitHub\Control_System\evidence\experiments\runs\hf2_deferred_capacity_20260907\count_0270\detectors\x\0145\metadata.json","1135"
"C:\Users\Chris\Documents\GitHub\Control_System\evidence\experiments\runs\hf2_deferred_capacity_20260907\count_0270\detectors\x\0146\metadata.json","1135"
"C:\Users\Chris\Documents\GitHub\Control_System\evidence\experiments\runs\hf2_deferred_capacity_20260907\count_0270\detectors\x\0147\metadata.json","1135"
"C:\Users\Chris\Documents\GitHub\Control_System\evidence\experiments\runs\hf2_deferred_capacity_20260907\count_0270\detectors\x\0148\metadata.json","1135"
"C:\Users\Chris\Documents\GitHub\Control_System\evidence\experiments\runs\hf2_deferred_capacity_20260907\count_0270\detectors\x\0149\metadata.json","1135"
"C:\Users\Chris\Documents\GitHub\Control_System\evidence\experiments\runs\hf2_deferred_capacity_20260907\count_0270\detectors\x\0150\metadata.json","1135"
"C:\Users\Chris\Documents\GitHub\Control_System\evidence\experiments\runs\hf2_deferred_capacity_20260907\count_0270\detectors\x\0151\metadata.json","1135"
"C:\Users\Chris\Documents\GitHub\Control_System\evidence\experiments\runs\hf2_deferred_capacity_20260907\count_0270\detectors\x\0152\metadata.json","1135"
"C:\Users\Chris\Documents\GitHub\Control_System\evidence\experiments\runs\hf2_deferred_capacity_20260907\count_0270\detectors\x\0153\metadata.json","1135"
"C:\Users\Chris\Documents\GitHub\Control_System\evidence\experiments\runs\hf2_deferred_capacity_20260907\count_0270\detectors\x\0154\metadata.json","1135"
"C:\Users\Chris\Documents\GitHub\Control_System\evidence\experiments\runs\hf2_deferred_capacity_20260907\count_0270\detectors\x\0155\metadata.json","1135"
"C:\Users\Chris\Documents\GitHub\Control_System\evidence\experiments\runs\hf2_deferred_capacity_20260907\count_0270\detectors\x\0156\metadata.json","1135"
"C:\Users\Chris\Documents\GitHub\Control_System\evidence\experiments\runs\hf2_deferred_capacity_20260907\count_0270\detectors\x\0157\metadata.json","1135"
"C:\Users\Chris\Documents\GitHub\Control_System\evidence\experiments\runs\hf2_deferred_capacity_20260907\count_0270\detectors\x\0158\metadata.json","1135"
"C:\Users\Chris\Documents\GitHub\Control_System\evidence\experiments\runs\hf2_deferred_capacity_20260907\count_0270\detectors\x\0159\metadata.json","1135"
"C:\Users\Chris\Documents\GitHub\Control_System\evidence\experiments\runs\hf2_deferred_capacity_20260907\count_0270\detectors\x\0160\metadata.json","1135"
"C:\Users\Chris\Documents\GitHub\Control_System\evidence\experiments\runs\hf2_deferred_capacity_20260907\count_0270\detectors\x\0161\metadata.json","1135"
"C:\Users\Chris\Documents\GitHub\Control_System\evidence\experiments\runs\hf2_deferred_capacity_20260907\count_0270\detectors\x\0162\metadata.json","1135"
"C:\Users\Chris\Documents\GitHub\Control_System\evidence\experiments\runs\hf2_deferred_capacity_20260907\count_0270\detectors\x\0163\metadata.json","1135"
"C:\Users\Chris\Documents\GitHub\Control_System\evidence\experiments\runs\hf2_deferred_capacity_20260907\count_0270\detectors\x\0164\metadata.json","1135"
"C:\Users\Chris\Documents\GitHub\Control_System\evidence\experiments\runs\hf2_deferred_capacity_20260907\count_0270\detectors\x\0165\metadata.json","1135"
"C:\Users\Chris\Documents\GitHub\Control_System\evidence\experiments\runs\hf2_deferred_capacity_20260907\count_0270\detectors\x\0166\metadata.json","1135"
"C:\Users\Chris\Documents\GitHub\Control_System\evidence\experiments\runs\hf2_deferred_capacity_20260907\count_0270\detectors\x\0167\metadata.json","1135"
"C:\Users\Chris\Documents\GitHub\Control_System\evidence\experiments\runs\hf2_deferred_capacity_20260907\count_0270\detectors\x\0168\metadata.json","1135"
"C:\Users\Chris\Documents\GitHub\Control_System\evidence\experiments\runs\hf2_deferred_capacity_20260907\count_0270\detectors\x\0169\metadata.json","1135"
"C:\Users\Chris\Documents\GitHub\Control_System\evidence\experiments\runs\hf2_deferred_capacity_20260907\count_0270\detectors\x\0170\metadata.json","1135"
"C:\Users\Chris\Documents\GitHub\Control_System\evidence\experiments\runs\hf2_deferred_capacity_20260907\count_0270\detectors\x\0171\metadata.json","1135"
"C:\Users\Chris\Documents\GitHub\Control_System\evidence\experiments\runs\hf2_deferred_capacity_20260907\count_0270\detectors\x\0172\metadata.json","1135"
"C:\Users\Chris\Documents\GitHub\Control_System\evidence\experiments\runs\hf2_deferred_capacity_20260907\count_0270\detectors\x\0173\metadata.json","1135"
"C:\Users\Chris\Documents\GitHub\Control_System\evidence\experiments\runs\hf2_deferred_capacity_20260907\count_0270\detectors\x\0174\metadata.json","1135"
"C:\Users\Chris\Documents\GitHub\Control_System\evidence\experiments\runs\hf2_deferred_capacity_20260907\count_0270\detectors\x\0175\metadata.json","1135"
"C:\Users\Chris\Documents\GitHub\Control_System\evidence\experiments\runs\hf2_deferred_capacity_20260907\count_0270\detectors\x\0176\metadata.json","1135"
"C:\Users\Chris\Documents\GitHub\Control_System\evidence\experiments\runs\hf2_deferred_capacity_20260907\count_0270\detectors\x\0177\metadata.json","1135"
"C:\Users\Chris\Documents\GitHub\Control_System\evidence\experiments\runs\hf2_deferred_capacity_20260907\count_0270\detectors\x\0178\metadata.json","1135"
"C:\Users\Chris\Documents\GitHub\Control_System\evidence\experiments\runs\hf2_deferred_capacity_20260907\count_0270\detectors\x\0179\metadata.json","1135"
"C:\Users\Chris\Documents\GitHub\Control_System\evidence\experiments\runs\hf2_deferred_capacity_20260907\count_0270\detectors\x\0180\metadata.json","1135"
"C:\Users\Chris\Documents\GitHub\Control_System\evidence\experiments\runs\hf2_deferred_capacity_20260907\count_0270\detectors\x\0181\metadata.json","1135"
"C:\Users\Chris\Documents\GitHub\Control_System\evidence\experiments\runs\hf2_deferred_capacity_20260907\count_0270\detectors\x\0182\metadata.json","1135"
"C:\Users\Chris\Documents\GitHub\Control_System\evidence\experiments\runs\hf2_deferred_capacity_20260907\count_0270\detectors\x\0183\metadata.json","1135"
"C:\Users\Chris\Documents\GitHub\Control_System\evidence\experiments\runs\hf2_deferred_capacity_20260907\count_0270\detectors\x\0184\metadata.json","1135"
"C:\Users\Chris\Documents\GitHub\Control_System\evidence\experiments\runs\hf2_deferred_capacity_20260907\count_0270\detectors\x\0185\metadata.json","1135"
"C:\Users\Chris\Documents\GitHub\Control_System\evidence\experiments\runs\hf2_deferred_capacity_20260907\count_0270\detectors\x\0186\metadata.json","1135"
"C:\Users\Chris\Documents\GitHub\Control_System\evidence\experiments\runs\hf2_deferred_capacity_20260907\count_0270\detectors\x\0187\metadata.json","1135"
"C:\Users\Chris\Documents\GitHub\Control_System\evidence\experiments\runs\hf2_deferred_capacity_20260907\count_0270\detectors\x\0188\metadata.json","1135"
"C:\Users\Chris\Documents\GitHub\Control_System\evidence\experiments\runs\hf2_deferred_capacity_20260907\count_0270\detectors\x\0189\metadata.json","1135"
"C:\Users\Chris\Documents\GitHub\Control_System\evidence\experiments\runs\hf2_deferred_capacity_20260907\count_0270\detectors\x\0190\metadata.json","1135"
"C:\Users\Chris\Documents\GitHub\Control_System\evidence\experiments\runs\hf2_deferred_capacity_20260907\count_0270\detectors\x\0191\metadata.json","1135"
"C:\Users\Chris\Documents\GitHub\Control_System\evidence\experiments\runs\hf2_deferred_capacity_20260907\count_0270\detectors\x\0192\metadata.json","1135"
"C:\Users\Chris\Documents\GitHub\Control_System\evidence\experiments\runs\hf2_deferred_capacity_20260907\count_0270\detectors\x\0193\metadata.json","1135"
"C:\Users\Chris\Documents\GitHub\Control_System\evidence\experiments\runs\hf2_deferred_capacity_20260907\count_0270\detectors\x\0194\metadata.json","1135"
"C:\Users\Chris\Documents\GitHub\Control_System\evidence\experiments\runs\hf2_deferred_capacity_20260907\count_0270\detectors\x\0195\metadata.json","1135"
"C:\Users\Chris\Documents\GitHub\Control_System\evidence\experiments\runs\hf2_deferred_capacity_20260907\count_0270\detectors\x\0196\metadata.json","1135"
"C:\Users\Chris\Documents\GitHub\Control_System\evidence\experiments\runs\hf2_deferred_capacity_20260907\count_0270\detectors\x\0197\metadata.json","1135"
"C:\Users\Chris\Documents\GitHub\Control_System\evidence\experiments\runs\hf2_deferred_capacity_20260907\count_0270\detectors\x\0198\metadata.json","1135"
"C:\Users\Chris\Documents\GitHub\Control_System\evidence\experiments\runs\hf2_deferred_capacity_20260907\count_0270\detectors\x\0199\metadata.json","1135"
"C:\Users\Chris\Documents\GitHub\Control_System\evidence\experiments\runs\hf2_deferred_capacity_20260907\count_0270\detectors\x\0200\metadata.json","1135"
"C:\Users\Chris\Documents\GitHub\Control_System\evidence\experiments\runs\hf2_deferred_capacity_20260907\count_0270\detectors\x\0201\metadata.json","1135"
"C:\Users\Chris\Documents\GitHub\Control_System\evidence\experiments\runs\hf2_deferred_capacity_20260907\count_0270\detectors\x\0202\metadata.json","1135"
"C:\Users\Chris\Documents\GitHub\Control_System\evidence\experiments\runs\hf2_deferred_capacity_20260907\count_0270\detectors\x\0203\metadata.json","1135"
"C:\Users\Chris\Documents\GitHub\Control_System\evidence\experiments\runs\hf2_deferred_capacity_20260907\count_0270\detectors\x\0204\metadata.json","1135"
"C:\Users\Chris\Documents\GitHub\Control_System\evidence\experiments\runs\hf2_deferred_capacity_20260907\count_0270\detectors\x\0205\metadata.json","1135"
"C:\Users\Chris\Documents\GitHub\Control_System\evidence\experiments\runs\hf2_deferred_capacity_20260907\count_0270\detectors\x\0206\metadata.json","1135"
"C:\Users\Chris\Documents\GitHub\Control_System\evidence\experiments\runs\hf2_deferred_capacity_20260907\count_0270\detectors\x\0207\metadata.json","1135"
"C:\Users\Chris\Documents\GitHub\Control_System\evidence\experiments\runs\hf2_deferred_capacity_20260907\count_0270\detectors\x\0208\metadata.json","1135"
"C:\Users\Chris\Documents\GitHub\Control_System\evidence\experiments\runs\hf2_deferred_capacity_20260907\count_0270\detectors\x\0209\metadata.json","1135"
"C:\Users\Chris\Documents\GitHub\Control_System\evidence\experiments\runs\hf2_deferred_capacity_20260907\count_0270\detectors\x\0210\metadata.json","1135"
"C:\Users\Chris\Documents\GitHub\Control_System\evidence\experiments\runs\hf2_deferred_capacity_20260907\count_0270\detectors\x\0211\metadata.json","1135"
"C:\Users\Chris\Documents\GitHub\Control_System\evidence\experiments\runs\hf2_deferred_capacity_20260907\count_0270\detectors\x\0212\metadata.json","1135"
"C:\Users\Chris\Documents\GitHub\Control_System\evidence\experiments\runs\hf2_deferred_capacity_20260907\count_0270\detectors\x\0213\metadata.json","1135"
"C:\Users\Chris\Documents\GitHub\Control_System\evidence\experiments\runs\hf2_deferred_capacity_20260907\count_0270\detectors\x\0214\metadata.json","1135"
"C:\Users\Chris\Documents\GitHub\Control_System\evidence\experiments\runs\hf2_deferred_capacity_20260907\count_0270\detectors\x\0215\metadata.json","1135"
"C:\Users\Chris\Documents\GitHub\Control_System\evidence\experiments\runs\hf2_deferred_capacity_20260907\count_0270\detectors\x\0216\metadata.json","1135"
"C:\Users\Chris\Documents\GitHub\Control_System\evidence\experiments\runs\hf2_deferred_capacity_20260907\count_0270\detectors\x\0217\metadata.json","1135"
"C:\Users\Chris\Documents\GitHub\Control_System\evidence\experiments\runs\hf2_deferred_capacity_20260907\count_0270\detectors\x\0218\metadata.json","1135"
"C:\Users\Chris\Documents\GitHub\Control_System\evidence\experiments\runs\hf2_deferred_capacity_20260907\count_0270\detectors\x\0219\metadata.json","1135"
"C:\Users\Chris\Documents\GitHub\Control_System\evidence\experiments\runs\hf2_deferred_capacity_20260907\count_0270\detectors\x\0220\metadata.json","1135"
"C:\Users\Chris\Documents\GitHub\Control_System\evidence\experiments\runs\hf2_deferred_capacity_20260907\count_0270\detectors\x\0221\metadata.json","1135"
"C:\Users\Chris\Documents\GitHub\Control_System\evidence\experiments\runs\hf2_deferred_capacity_20260907\count_0270\detectors\x\0222\metadata.json","1135"
"C:\Users\Chris\Documents\GitHub\Control_System\evidence\experiments\runs\hf2_deferred_capacity_20260907\count_0270\detectors\x\0223\metadata.json","1135"
"C:\Users\Chris\Documents\GitHub\Control_System\evidence\experiments\runs\hf2_deferred_capacity_20260907\count_0270\detectors\x\0224\metadata.json","1135"
"C:\Users\Chris\Documents\GitHub\Control_System\evidence\experiments\runs\hf2_deferred_capacity_20260907\count_0270\detectors\x\0225\metadata.json","1135"
"C:\Users\Chris\Documents\GitHub\Control_System\evidence\experiments\runs\hf2_deferred_capacity_20260907\count_0270\detectors\x\0226\metadata.json","1135"
"C:\Users\Chris\Documents\GitHub\Control_System\evidence\experiments\runs\hf2_deferred_capacity_20260907\count_0270\detectors\x\0227\metadata.json","1135"
"C:\Users\Chris\Documents\GitHub\Control_System\evidence\experiments\runs\hf2_deferred_capacity_20260907\count_0270\detectors\x\0228\metadata.json","1135"
"C:\Users\Chris\Documents\GitHub\Control_System\evidence\experiments\runs\hf2_deferred_capacity_20260907\count_0270\detectors\x\0229\metadata.json","1135"
"C:\Users\Chris\Documents\GitHub\Control_System\evidence\experiments\runs\hf2_deferred_capacity_20260907\count_0270\detectors\x\0230\metadata.json","1135"
"C:\Users\Chris\Documents\GitHub\Control_System\evidence\experiments\runs\hf2_deferred_capacity_20260907\count_0270\detectors\x\0231\metadata.json","1135"
"C:\Users\Chris\Documents\GitHub\Control_System\evidence\experiments\runs\hf2_deferred_capacity_20260907\count_0270\detectors\x\0232\metadata.json","1135"
"C:\Users\Chris\Documents\GitHub\Control_System\evidence\experiments\runs\hf2_deferred_capacity_20260907\count_0270\detectors\x\0233\metadata.json","1135"
"C:\Users\Chris\Documents\GitHub\Control_System\evidence\experiments\runs\hf2_deferred_capacity_20260907\count_0270\detectors\x\0234\metadata.json","1135"
"C:\Users\Chris\Documents\GitHub\Control_System\evidence\experiments\runs\hf2_deferred_capacity_20260907\count_0270\detectors\x\0235\metadata.json","1135"
"C:\Users\Chris\Documents\GitHub\Control_System\evidence\experiments\runs\hf2_deferred_capacity_20260907\count_0270\detectors\x\0236\metadata.json","1135"
"C:\Users\Chris\Documents\GitHub\Control_System\evidence\experiments\runs\hf2_deferred_capacity_20260907\count_0270\detectors\x\0237\metadata.json","1135"
"C:\Users\Chris\Documents\GitHub\Control_System\evidence\experiments\runs\hf2_deferred_capacity_20260907\count_0270\detectors\x\0238\metadata.json","1135"
"C:\Users\Chris\Documents\GitHub\Control_System\evidence\experiments\runs\hf2_deferred_capacity_20260907\count_0270\detectors\x\0239\metadata.json","1135"
"C:\Users\Chris\Documents\GitHub\Control_System\evidence\experiments\runs\hf2_deferred_capacity_20260907\count_0270\detectors\x\0240\metadata.json","1135"
"C:\Users\Chris\Documents\GitHub\Control_System\evidence\experiments\runs\hf2_deferred_capacity_20260907\count_0270\detectors\x\0241\metadata.json","1135"
"C:\Users\Chris\Documents\GitHub\Control_System\evidence\experiments\runs\hf2_deferred_capacity_20260907\count_0270\detectors\x\0242\metadata.json","1135"
"C:\Users\Chris\Documents\GitHub\Control_System\evidence\experiments\runs\hf2_deferred_capacity_20260907\count_0270\detectors\x\0243\metadata.json","1135"
"C:\Users\Chris\Documents\GitHub\Control_System\evidence\experiments\runs\hf2_deferred_capacity_20260907\count_0270\detectors\x\0244\metadata.json","1135"
"C:\Users\Chris\Documents\GitHub\Control_System\evidence\experiments\runs\hf2_deferred_capacity_20260907\count_0270\detectors\x\0245\metadata.json","1135"
"C:\Users\Chris\Documents\GitHub\Control_System\evidence\experiments\runs\hf2_deferred_capacity_20260907\count_0270\detectors\x\0246\metadata.json","1135"
"C:\Users\Chris\Documents\GitHub\Control_System\evidence\experiments\runs\hf2_deferred_capacity_20260907\count_0270\detectors\x\0247\metadata.json","1135"
"C:\Users\Chris\Documents\GitHub\Control_System\evidence\experiments\runs\hf2_deferred_capacity_20260907\count_0270\detectors\x\0248\metadata.json","1135"
"C:\Users\Chris\Documents\GitHub\Control_System\evidence\experiments\runs\hf2_deferred_capacity_20260907\count_0270\detectors\x\0249\metadata.json","1135"
"C:\Users\Chris\Documents\GitHub\Control_System\evidence\experiments\runs\hf2_deferred_capacity_20260907\count_0270\detectors\x\0250\metadata.json","1135"
"C:\Users\Chris\Documents\GitHub\Control_System\evidence\experiments\runs\hf2_deferred_capacity_20260907\count_0270\detectors\x\0251\metadata.json","1135"
"C:\Users\Chris\Documents\GitHub\Control_System\evidence\experiments\runs\hf2_deferred_capacity_20260907\count_0270\detectors\x\0252\metadata.json","1135"
"C:\Users\Chris\Documents\GitHub\Control_System\evidence\experiments\runs\hf2_deferred_capacity_20260907\count_0270\detectors\x\0253\metadata.json","1135"
"C:\Users\Chris\Documents\GitHub\Control_System\evidence\experiments\runs\hf2_deferred_capacity_20260907\count_0270\detectors\x\0254\metadata.json","1135"
"C:\Users\Chris\Documents\GitHub\Control_System\evidence\experiments\runs\hf2_deferred_capacity_20260907\count_0270\detectors\x\0255\metadata.json","1135"
"C:\Users\Chris\Documents\GitHub\Control_System\evidence\experiments\runs\hf2_deferred_capacity_20260907\count_0270\detectors\x\0256\metadata.json","1135"
"C:\Users\Chris\Documents\GitHub\Control_System\evidence\experiments\runs\hf2_deferred_capacity_20260907\count_0270\detectors\x\0257\metadata.json","1135"
"C:\Users\Chris\Documents\GitHub\Control_System\evidence\experiments\runs\hf2_deferred_capacity_20260907\count_0270\detectors\x\0258\metadata.json","1135"
"C:\Users\Chris\Documents\GitHub\Control_System\evidence\experiments\runs\hf2_deferred_capacity_20260907\count_0270\detectors\x\0259\metadata.json","1135"
"C:\Users\Chris\Documents\GitHub\Control_System\evidence\experiments\runs\hf2_deferred_capacity_20260907\count_0270\detectors\x\0260\metadata.json","1135"
"C:\Users\Chris\Documents\GitHub\Control_System\evidence\experiments\runs\hf2_deferred_capacity_20260907\count_0270\detectors\x\0261\metadata.json","1135"
"C:\Users\Chris\Documents\GitHub\Control_System\evidence\experiments\runs\hf2_deferred_capacity_20260907\count_0270\detectors\x\0262\metadata.json","1135"
"C:\Users\Chris\Documents\GitHub\Control_System\evidence\experiments\runs\hf2_deferred_capacity_20260907\count_0270\detectors\x\0263\metadata.json","1135"
"C:\Users\Chris\Documents\GitHub\Control_System\evidence\experiments\runs\hf2_deferred_capacity_20260907\count_0270\detectors\x\0264\metadata.json","1135"
"C:\Users\Chris\Documents\GitHub\Control_System\evidence\experiments\runs\hf2_deferred_capacity_20260907\count_0270\detectors\x\0265\metadata.json","1135"
"C:\Users\Chris\Documents\GitHub\Control_System\evidence\experiments\runs\hf2_deferred_capacity_20260907\count_0270\detectors\x\0266\metadata.json","1135"
"C:\Users\Chris\Documents\GitHub\Control_System\evidence\experiments\runs\hf2_deferred_capacity_20260907\count_0270\detectors\x\0267\metadata.json","1135"
"C:\Users\Chris\Documents\GitHub\Control_System\evidence\experiments\runs\hf2_deferred_capacity_20260907\count_0270\detectors\x\0268\metadata.json","1135"
"C:\Users\Chris\Documents\GitHub\Control_System\evidence\experiments\runs\hf2_deferred_capacity_20260907\count_0270\detectors\x\0269\metadata.json","1135"
"C:\Users\Chris\Documents\GitHub\Control_System\evidence\experiments\runs\hf2_deferred_capacity_20260907\count_0270\detectors\y\0000\metadata.json","1133"
"C:\Users\Chris\Documents\GitHub\Control_System\evidence\experiments\runs\hf2_deferred_capacity_20260907\count_0270\detectors\y\0001\metadata.json","1133"
"C:\Users\Chris\Documents\GitHub\Control_System\evidence\experiments\runs\hf2_deferred_capacity_20260907\count_0270\detectors\y\0002\metadata.json","1133"
"C:\Users\Chris\Documents\GitHub\Control_System\evidence\experiments\runs\hf2_deferred_capacity_20260907\count_0270\detectors\y\0003\metadata.json","1133"
"C:\Users\Chris\Documents\GitHub\Control_System\evidence\experiments\runs\hf2_deferred_capacity_20260907\count_0270\detectors\y\0004\metadata.json","1133"
"C:\Users\Chris\Documents\GitHub\Control_System\evidence\experiments\runs\hf2_deferred_capacity_20260907\count_0270\detectors\y\0005\metadata.json","1133"
"C:\Users\Chris\Documents\GitHub\Control_System\evidence\experiments\runs\hf2_deferred_capacity_20260907\count_0270\detectors\y\0006\metadata.json","1133"
"C:\Users\Chris\Documents\GitHub\Control_System\evidence\experiments\runs\hf2_deferred_capacity_20260907\count_0270\detectors\y\0007\metadata.json","1133"
"C:\Users\Chris\Documents\GitHub\Control_System\evidence\experiments\runs\hf2_deferred_capacity_20260907\count_0270\detectors\y\0008\metadata.json","1133"
"C:\Users\Chris\Documents\GitHub\Control_System\evidence\experiments\runs\hf2_deferred_capacity_20260907\count_0270\detectors\y\0009\metadata.json","1133"
"C:\Users\Chris\Documents\GitHub\Control_System\evidence\experiments\runs\hf2_deferred_capacity_20260907\count_0270\detectors\y\0010\metadata.json","1134"
"C:\Users\Chris\Documents\GitHub\Control_System\evidence\experiments\runs\hf2_deferred_capacity_20260907\count_0270\detectors\y\0011\metadata.json","1134"
"C:\Users\Chris\Documents\GitHub\Control_System\evidence\experiments\runs\hf2_deferred_capacity_20260907\count_0270\detectors\y\0012\metadata.json","1134"
"C:\Users\Chris\Documents\GitHub\Control_System\evidence\experiments\runs\hf2_deferred_capacity_20260907\count_0270\detectors\y\0013\metadata.json","1134"
"C:\Users\Chris\Documents\GitHub\Control_System\evidence\experiments\runs\hf2_deferred_capacity_20260907\count_0270\detectors\y\0014\metadata.json","1134"
"C:\Users\Chris\Documents\GitHub\Control_System\evidence\experiments\runs\hf2_deferred_capacity_20260907\count_0270\detectors\y\0015\metadata.json","1134"
"C:\Users\Chris\Documents\GitHub\Control_System\evidence\experiments\runs\hf2_deferred_capacity_20260907\count_0270\detectors\y\0016\metadata.json","1134"
"C:\Users\Chris\Documents\GitHub\Control_System\evidence\experiments\runs\hf2_deferred_capacity_20260907\count_0270\detectors\y\0017\metadata.json","1134"
"C:\Users\Chris\Documents\GitHub\Control_System\evidence\experiments\runs\hf2_deferred_capacity_20260907\count_0270\detectors\y\0018\metadata.json","1134"
"C:\Users\Chris\Documents\GitHub\Control_System\evidence\experiments\runs\hf2_deferred_capacity_20260907\count_0270\detectors\y\0019\metadata.json","1134"
"C:\Users\Chris\Documents\GitHub\Control_System\evidence\experiments\runs\hf2_deferred_capacity_20260907\count_0270\detectors\y\0020\metadata.json","1134"
"C:\Users\Chris\Documents\GitHub\Control_System\evidence\experiments\runs\hf2_deferred_capacity_20260907\count_0270\detectors\y\0021\metadata.json","1134"
"C:\Users\Chris\Documents\GitHub\Control_System\evidence\experiments\runs\hf2_deferred_capacity_20260907\count_0270\detectors\y\0022\metadata.json","1134"
"C:\Users\Chris\Documents\GitHub\Control_System\evidence\experiments\runs\hf2_deferred_capacity_20260907\count_0270\detectors\y\0023\metadata.json","1134"
"C:\Users\Chris\Documents\GitHub\Control_System\evidence\experiments\runs\hf2_deferred_capacity_20260907\count_0270\detectors\y\0024\metadata.json","1134"
"C:\Users\Chris\Documents\GitHub\Control_System\evidence\experiments\runs\hf2_deferred_capacity_20260907\count_0270\detectors\y\0025\metadata.json","1134"
"C:\Users\Chris\Documents\GitHub\Control_System\evidence\experiments\runs\hf2_deferred_capacity_20260907\count_0270\detectors\y\0026\metadata.json","1134"
"C:\Users\Chris\Documents\GitHub\Control_System\evidence\experiments\runs\hf2_deferred_capacity_20260907\count_0270\detectors\y\0027\metadata.json","1134"
"C:\Users\Chris\Documents\GitHub\Control_System\evidence\experiments\runs\hf2_deferred_capacity_20260907\count_0270\detectors\y\0028\metadata.json","1134"
"C:\Users\Chris\Documents\GitHub\Control_System\evidence\experiments\runs\hf2_deferred_capacity_20260907\count_0270\detectors\y\0029\metadata.json","1134"
"C:\Users\Chris\Documents\GitHub\Control_System\evidence\experiments\runs\hf2_deferred_capacity_20260907\count_0270\detectors\y\0030\metadata.json","1134"
"C:\Users\Chris\Documents\GitHub\Control_System\evidence\experiments\runs\hf2_deferred_capacity_20260907\count_0270\detectors\y\0031\metadata.json","1134"
"C:\Users\Chris\Documents\GitHub\Control_System\evidence\experiments\runs\hf2_deferred_capacity_20260907\count_0270\detectors\y\0032\metadata.json","1134"
"C:\Users\Chris\Documents\GitHub\Control_System\evidence\experiments\runs\hf2_deferred_capacity_20260907\count_0270\detectors\y\0033\metadata.json","1134"
"C:\Users\Chris\Documents\GitHub\Control_System\evidence\experiments\runs\hf2_deferred_capacity_20260907\count_0270\detectors\y\0034\metadata.json","1134"
"C:\Users\Chris\Documents\GitHub\Control_System\evidence\experiments\runs\hf2_deferred_capacity_20260907\count_0270\detectors\y\0035\metadata.json","1134"
"C:\Users\Chris\Documents\GitHub\Control_System\evidence\experiments\runs\hf2_deferred_capacity_20260907\count_0270\detectors\y\0036\metadata.json","1134"
"C:\Users\Chris\Documents\GitHub\Control_System\evidence\experiments\runs\hf2_deferred_capacity_20260907\count_0270\detectors\y\0037\metadata.json","1134"
"C:\Users\Chris\Documents\GitHub\Control_System\evidence\experiments\runs\hf2_deferred_capacity_20260907\count_0270\detectors\y\0038\metadata.json","1134"
"C:\Users\Chris\Documents\GitHub\Control_System\evidence\experiments\runs\hf2_deferred_capacity_20260907\count_0270\detectors\y\0039\metadata.json","1134"
"C:\Users\Chris\Documents\GitHub\Control_System\evidence\experiments\runs\hf2_deferred_capacity_20260907\count_0270\detectors\y\0040\metadata.json","1134"
"C:\Users\Chris\Documents\GitHub\Control_System\evidence\experiments\runs\hf2_deferred_capacity_20260907\count_0270\detectors\y\0041\metadata.json","1134"
"C:\Users\Chris\Documents\GitHub\Control_System\evidence\experiments\runs\hf2_deferred_capacity_20260907\count_0270\detectors\y\0042\metadata.json","1134"
"C:\Users\Chris\Documents\GitHub\Control_System\evidence\experiments\runs\hf2_deferred_capacity_20260907\count_0270\detectors\y\0043\metadata.json","1134"
"C:\Users\Chris\Documents\GitHub\Control_System\evidence\experiments\runs\hf2_deferred_capacity_20260907\count_0270\detectors\y\0044\metadata.json","1134"
"C:\Users\Chris\Documents\GitHub\Control_System\evidence\experiments\runs\hf2_deferred_capacity_20260907\count_0270\detectors\y\0045\metadata.json","1134"
"C:\Users\Chris\Documents\GitHub\Control_System\evidence\experiments\runs\hf2_deferred_capacity_20260907\count_0270\detectors\y\0046\metadata.json","1134"
"C:\Users\Chris\Documents\GitHub\Control_System\evidence\experiments\runs\hf2_deferred_capacity_20260907\count_0270\detectors\y\0047\metadata.json","1134"
"C:\Users\Chris\Documents\GitHub\Control_System\evidence\experiments\runs\hf2_deferred_capacity_20260907\count_0270\detectors\y\0048\metadata.json","1134"
"C:\Users\Chris\Documents\GitHub\Control_System\evidence\experiments\runs\hf2_deferred_capacity_20260907\count_0270\detectors\y\0049\metadata.json","1134"
"C:\Users\Chris\Documents\GitHub\Control_System\evidence\experiments\runs\hf2_deferred_capacity_20260907\count_0270\detectors\y\0050\metadata.json","1134"
"C:\Users\Chris\Documents\GitHub\Control_System\evidence\experiments\runs\hf2_deferred_capacity_20260907\count_0270\detectors\y\0051\metadata.json","1134"
"C:\Users\Chris\Documents\GitHub\Control_System\evidence\experiments\runs\hf2_deferred_capacity_20260907\count_0270\detectors\y\0052\metadata.json","1134"
"C:\Users\Chris\Documents\GitHub\Control_System\evidence\experiments\runs\hf2_deferred_capacity_20260907\count_0270\detectors\y\0053\metadata.json","1134"
"C:\Users\Chris\Documents\GitHub\Control_System\evidence\experiments\runs\hf2_deferred_capacity_20260907\count_0270\detectors\y\0054\metadata.json","1134"
"C:\Users\Chris\Documents\GitHub\Control_System\evidence\experiments\runs\hf2_deferred_capacity_20260907\count_0270\detectors\y\0055\metadata.json","1134"
"C:\Users\Chris\Documents\GitHub\Control_System\evidence\experiments\runs\hf2_deferred_capacity_20260907\count_0270\detectors\y\0056\metadata.json","1134"
"C:\Users\Chris\Documents\GitHub\Control_System\evidence\experiments\runs\hf2_deferred_capacity_20260907\count_0270\detectors\y\0057\metadata.json","1134"
"C:\Users\Chris\Documents\GitHub\Control_System\evidence\experiments\runs\hf2_deferred_capacity_20260907\count_0270\detectors\y\0058\metadata.json","1134"
"C:\Users\Chris\Documents\GitHub\Control_System\evidence\experiments\runs\hf2_deferred_capacity_20260907\count_0270\detectors\y\0059\metadata.json","1134"
"C:\Users\Chris\Documents\GitHub\Control_System\evidence\experiments\runs\hf2_deferred_capacity_20260907\count_0270\detectors\y\0060\metadata.json","1134"
"C:\Users\Chris\Documents\GitHub\Control_System\evidence\experiments\runs\hf2_deferred_capacity_20260907\count_0270\detectors\y\0061\metadata.json","1134"
"C:\Users\Chris\Documents\GitHub\Control_System\evidence\experiments\runs\hf2_deferred_capacity_20260907\count_0270\detectors\y\0062\metadata.json","1134"
"C:\Users\Chris\Documents\GitHub\Control_System\evidence\experiments\runs\hf2_deferred_capacity_20260907\count_0270\detectors\y\0063\metadata.json","1134"
"C:\Users\Chris\Documents\GitHub\Control_System\evidence\experiments\runs\hf2_deferred_capacity_20260907\count_0270\detectors\y\0064\metadata.json","1134"
"C:\Users\Chris\Documents\GitHub\Control_System\evidence\experiments\runs\hf2_deferred_capacity_20260907\count_0270\detectors\y\0065\metadata.json","1134"
"C:\Users\Chris\Documents\GitHub\Control_System\evidence\experiments\runs\hf2_deferred_capacity_20260907\count_0270\detectors\y\0066\metadata.json","1134"
"C:\Users\Chris\Documents\GitHub\Control_System\evidence\experiments\runs\hf2_deferred_capacity_20260907\count_0270\detectors\y\0067\metadata.json","1134"
"C:\Users\Chris\Documents\GitHub\Control_System\evidence\experiments\runs\hf2_deferred_capacity_20260907\count_0270\detectors\y\0068\metadata.json","1134"
"C:\Users\Chris\Documents\GitHub\Control_System\evidence\experiments\runs\hf2_deferred_capacity_20260907\count_0270\detectors\y\0069\metadata.json","1134"
"C:\Users\Chris\Documents\GitHub\Control_System\evidence\experiments\runs\hf2_deferred_capacity_20260907\count_0270\detectors\y\0070\metadata.json","1134"
"C:\Users\Chris\Documents\GitHub\Control_System\evidence\experiments\runs\hf2_deferred_capacity_20260907\count_0270\detectors\y\0071\metadata.json","1134"
"C:\Users\Chris\Documents\GitHub\Control_System\evidence\experiments\runs\hf2_deferred_capacity_20260907\count_0270\detectors\y\0072\metadata.json","1134"
"C:\Users\Chris\Documents\GitHub\Control_System\evidence\experiments\runs\hf2_deferred_capacity_20260907\count_0270\detectors\y\0073\metadata.json","1134"
"C:\Users\Chris\Documents\GitHub\Control_System\evidence\experiments\runs\hf2_deferred_capacity_20260907\count_0270\detectors\y\0074\metadata.json","1134"
"C:\Users\Chris\Documents\GitHub\Control_System\evidence\experiments\runs\hf2_deferred_capacity_20260907\count_0270\detectors\y\0075\metadata.json","1134"
"C:\Users\Chris\Documents\GitHub\Control_System\evidence\experiments\runs\hf2_deferred_capacity_20260907\count_0270\detectors\y\0076\metadata.json","1134"
"C:\Users\Chris\Documents\GitHub\Control_System\evidence\experiments\runs\hf2_deferred_capacity_20260907\count_0270\detectors\y\0077\metadata.json","1134"
"C:\Users\Chris\Documents\GitHub\Control_System\evidence\experiments\runs\hf2_deferred_capacity_20260907\count_0270\detectors\y\0078\metadata.json","1134"
"C:\Users\Chris\Documents\GitHub\Control_System\evidence\experiments\runs\hf2_deferred_capacity_20260907\count_0270\detectors\y\0079\metadata.json","1134"
"C:\Users\Chris\Documents\GitHub\Control_System\evidence\experiments\runs\hf2_deferred_capacity_20260907\count_0270\detectors\y\0080\metadata.json","1134"
"C:\Users\Chris\Documents\GitHub\Control_System\evidence\experiments\runs\hf2_deferred_capacity_20260907\count_0270\detectors\y\0081\metadata.json","1134"
"C:\Users\Chris\Documents\GitHub\Control_System\evidence\experiments\runs\hf2_deferred_capacity_20260907\count_0270\detectors\y\0082\metadata.json","1134"
"C:\Users\Chris\Documents\GitHub\Control_System\evidence\experiments\runs\hf2_deferred_capacity_20260907\count_0270\detectors\y\0083\metadata.json","1134"
"C:\Users\Chris\Documents\GitHub\Control_System\evidence\experiments\runs\hf2_deferred_capacity_20260907\count_0270\detectors\y\0084\metadata.json","1134"
"C:\Users\Chris\Documents\GitHub\Control_System\evidence\experiments\runs\hf2_deferred_capacity_20260907\count_0270\detectors\y\0085\metadata.json","1134"
"C:\Users\Chris\Documents\GitHub\Control_System\evidence\experiments\runs\hf2_deferred_capacity_20260907\count_0270\detectors\y\0086\metadata.json","1134"
"C:\Users\Chris\Documents\GitHub\Control_System\evidence\experiments\runs\hf2_deferred_capacity_20260907\count_0270\detectors\y\0087\metadata.json","1134"
"C:\Users\Chris\Documents\GitHub\Control_System\evidence\experiments\runs\hf2_deferred_capacity_20260907\count_0270\detectors\y\0088\metadata.json","1134"
"C:\Users\Chris\Documents\GitHub\Control_System\evidence\experiments\runs\hf2_deferred_capacity_20260907\count_0270\detectors\y\0089\metadata.json","1134"
"C:\Users\Chris\Documents\GitHub\Control_System\evidence\experiments\runs\hf2_deferred_capacity_20260907\count_0270\detectors\y\0090\metadata.json","1134"
"C:\Users\Chris\Documents\GitHub\Control_System\evidence\experiments\runs\hf2_deferred_capacity_20260907\count_0270\detectors\y\0091\metadata.json","1134"
"C:\Users\Chris\Documents\GitHub\Control_System\evidence\experiments\runs\hf2_deferred_capacity_20260907\count_0270\detectors\y\0092\metadata.json","1134"
"C:\Users\Chris\Documents\GitHub\Control_System\evidence\experiments\runs\hf2_deferred_capacity_20260907\count_0270\detectors\y\0093\metadata.json","1134"
"C:\Users\Chris\Documents\GitHub\Control_System\evidence\experiments\runs\hf2_deferred_capacity_20260907\count_0270\detectors\y\0094\metadata.json","1134"
"C:\Users\Chris\Documents\GitHub\Control_System\evidence\experiments\runs\hf2_deferred_capacity_20260907\count_0270\detectors\y\0095\metadata.json","1134"
"C:\Users\Chris\Documents\GitHub\Control_System\evidence\experiments\runs\hf2_deferred_capacity_20260907\count_0270\detectors\y\0096\metadata.json","1134"
"C:\Users\Chris\Documents\GitHub\Control_System\evidence\experiments\runs\hf2_deferred_capacity_20260907\count_0270\detectors\y\0097\metadata.json","1134"
"C:\Users\Chris\Documents\GitHub\Control_System\evidence\experiments\runs\hf2_deferred_capacity_20260907\count_0270\detectors\y\0098\metadata.json","1134"
"C:\Users\Chris\Documents\GitHub\Control_System\evidence\experiments\runs\hf2_deferred_capacity_20260907\count_0270\detectors\y\0099\metadata.json","1134"
"C:\Users\Chris\Documents\GitHub\Control_System\evidence\experiments\runs\hf2_deferred_capacity_20260907\count_0270\detectors\y\0100\metadata.json","1135"
"C:\Users\Chris\Documents\GitHub\Control_System\evidence\experiments\runs\hf2_deferred_capacity_20260907\count_0270\detectors\y\0101\metadata.json","1135"
"C:\Users\Chris\Documents\GitHub\Control_System\evidence\experiments\runs\hf2_deferred_capacity_20260907\count_0270\detectors\y\0102\metadata.json","1135"
"C:\Users\Chris\Documents\GitHub\Control_System\evidence\experiments\runs\hf2_deferred_capacity_20260907\count_0270\detectors\y\0103\metadata.json","1135"
"C:\Users\Chris\Documents\GitHub\Control_System\evidence\experiments\runs\hf2_deferred_capacity_20260907\count_0270\detectors\y\0104\metadata.json","1135"
"C:\Users\Chris\Documents\GitHub\Control_System\evidence\experiments\runs\hf2_deferred_capacity_20260907\count_0270\detectors\y\0105\metadata.json","1135"
"C:\Users\Chris\Documents\GitHub\Control_System\evidence\experiments\runs\hf2_deferred_capacity_20260907\count_0270\detectors\y\0106\metadata.json","1135"
"C:\Users\Chris\Documents\GitHub\Control_System\evidence\experiments\runs\hf2_deferred_capacity_20260907\count_0270\detectors\y\0107\metadata.json","1135"
"C:\Users\Chris\Documents\GitHub\Control_System\evidence\experiments\runs\hf2_deferred_capacity_20260907\count_0270\detectors\y\0108\metadata.json","1135"
"C:\Users\Chris\Documents\GitHub\Control_System\evidence\experiments\runs\hf2_deferred_capacity_20260907\count_0270\detectors\y\0109\metadata.json","1135"
"C:\Users\Chris\Documents\GitHub\Control_System\evidence\experiments\runs\hf2_deferred_capacity_20260907\count_0270\detectors\y\0110\metadata.json","1135"
"C:\Users\Chris\Documents\GitHub\Control_System\evidence\experiments\runs\hf2_deferred_capacity_20260907\count_0270\detectors\y\0111\metadata.json","1135"
"C:\Users\Chris\Documents\GitHub\Control_System\evidence\experiments\runs\hf2_deferred_capacity_20260907\count_0270\detectors\y\0112\metadata.json","1135"
"C:\Users\Chris\Documents\GitHub\Control_System\evidence\experiments\runs\hf2_deferred_capacity_20260907\count_0270\detectors\y\0113\metadata.json","1135"
"C:\Users\Chris\Documents\GitHub\Control_System\evidence\experiments\runs\hf2_deferred_capacity_20260907\count_0270\detectors\y\0114\metadata.json","1135"
"C:\Users\Chris\Documents\GitHub\Control_System\evidence\experiments\runs\hf2_deferred_capacity_20260907\count_0270\detectors\y\0115\metadata.json","1135"
"C:\Users\Chris\Documents\GitHub\Control_System\evidence\experiments\runs\hf2_deferred_capacity_20260907\count_0270\detectors\y\0116\metadata.json","1135"
"C:\Users\Chris\Documents\GitHub\Control_System\evidence\experiments\runs\hf2_deferred_capacity_20260907\count_0270\detectors\y\0117\metadata.json","1135"
"C:\Users\Chris\Documents\GitHub\Control_System\evidence\experiments\runs\hf2_deferred_capacity_20260907\count_0270\detectors\y\0118\metadata.json","1135"
"C:\Users\Chris\Documents\GitHub\Control_System\evidence\experiments\runs\hf2_deferred_capacity_20260907\count_0270\detectors\y\0119\metadata.json","1135"
"C:\Users\Chris\Documents\GitHub\Control_System\evidence\experiments\runs\hf2_deferred_capacity_20260907\count_0270\detectors\y\0120\metadata.json","1135"
"C:\Users\Chris\Documents\GitHub\Control_System\evidence\experiments\runs\hf2_deferred_capacity_20260907\count_0270\detectors\y\0121\metadata.json","1135"
"C:\Users\Chris\Documents\GitHub\Control_System\evidence\experiments\runs\hf2_deferred_capacity_20260907\count_0270\detectors\y\0122\metadata.json","1135"
"C:\Users\Chris\Documents\GitHub\Control_System\evidence\experiments\runs\hf2_deferred_capacity_20260907\count_0270\detectors\y\0123\metadata.json","1135"
"C:\Users\Chris\Documents\GitHub\Control_System\evidence\experiments\runs\hf2_deferred_capacity_20260907\count_0270\detectors\y\0124\metadata.json","1135"
"C:\Users\Chris\Documents\GitHub\Control_System\evidence\experiments\runs\hf2_deferred_capacity_20260907\count_0270\detectors\y\0125\metadata.json","1135"
"C:\Users\Chris\Documents\GitHub\Control_System\evidence\experiments\runs\hf2_deferred_capacity_20260907\count_0270\detectors\y\0126\metadata.json","1135"
"C:\Users\Chris\Documents\GitHub\Control_System\evidence\experiments\runs\hf2_deferred_capacity_20260907\count_0270\detectors\y\0127\metadata.json","1135"
"C:\Users\Chris\Documents\GitHub\Control_System\evidence\experiments\runs\hf2_deferred_capacity_20260907\count_0270\detectors\y\0128\metadata.json","1135"
"C:\Users\Chris\Documents\GitHub\Control_System\evidence\experiments\runs\hf2_deferred_capacity_20260907\count_0270\detectors\y\0129\metadata.json","1135"
"C:\Users\Chris\Documents\GitHub\Control_System\evidence\experiments\runs\hf2_deferred_capacity_20260907\count_0270\detectors\y\0130\metadata.json","1135"
"C:\Users\Chris\Documents\GitHub\Control_System\evidence\experiments\runs\hf2_deferred_capacity_20260907\count_0270\detectors\y\0131\metadata.json","1135"
"C:\Users\Chris\Documents\GitHub\Control_System\evidence\experiments\runs\hf2_deferred_capacity_20260907\count_0270\detectors\y\0132\metadata.json","1135"
"C:\Users\Chris\Documents\GitHub\Control_System\evidence\experiments\runs\hf2_deferred_capacity_20260907\count_0270\detectors\y\0133\metadata.json","1135"
"C:\Users\Chris\Documents\GitHub\Control_System\evidence\experiments\runs\hf2_deferred_capacity_20260907\count_0270\detectors\y\0134\metadata.json","1135"
"C:\Users\Chris\Documents\GitHub\Control_System\evidence\experiments\runs\hf2_deferred_capacity_20260907\count_0270\detectors\y\0135\metadata.json","1135"
"C:\Users\Chris\Documents\GitHub\Control_System\evidence\experiments\runs\hf2_deferred_capacity_20260907\count_0270\detectors\y\0136\metadata.json","1135"
"C:\Users\Chris\Documents\GitHub\Control_System\evidence\experiments\runs\hf2_deferred_capacity_20260907\count_0270\detectors\y\0137\metadata.json","1135"
"C:\Users\Chris\Documents\GitHub\Control_System\evidence\experiments\runs\hf2_deferred_capacity_20260907\count_0270\detectors\y\0138\metadata.json","1135"
"C:\Users\Chris\Documents\GitHub\Control_System\evidence\experiments\runs\hf2_deferred_capacity_20260907\count_0270\detectors\y\0139\metadata.json","1135"
"C:\Users\Chris\Documents\GitHub\Control_System\evidence\experiments\runs\hf2_deferred_capacity_20260907\count_0270\detectors\y\0140\metadata.json","1135"
"C:\Users\Chris\Documents\GitHub\Control_System\evidence\experiments\runs\hf2_deferred_capacity_20260907\count_0270\detectors\y\0141\metadata.json","1135"
"C:\Users\Chris\Documents\GitHub\Control_System\evidence\experiments\runs\hf2_deferred_capacity_20260907\count_0270\detectors\y\0142\metadata.json","1135"
"C:\Users\Chris\Documents\GitHub\Control_System\evidence\experiments\runs\hf2_deferred_capacity_20260907\count_0270\detectors\y\0143\metadata.json","1135"
"C:\Users\Chris\Documents\GitHub\Control_System\evidence\experiments\runs\hf2_deferred_capacity_20260907\count_0270\detectors\y\0144\metadata.json","1135"
"C:\Users\Chris\Documents\GitHub\Control_System\evidence\experiments\runs\hf2_deferred_capacity_20260907\count_0270\detectors\y\0145\metadata.json","1135"
"C:\Users\Chris\Documents\GitHub\Control_System\evidence\experiments\runs\hf2_deferred_capacity_20260907\count_0270\detectors\y\0146\metadata.json","1135"
"C:\Users\Chris\Documents\GitHub\Control_System\evidence\experiments\runs\hf2_deferred_capacity_20260907\count_0270\detectors\y\0147\metadata.json","1135"
"C:\Users\Chris\Documents\GitHub\Control_System\evidence\experiments\runs\hf2_deferred_capacity_20260907\count_0270\detectors\y\0148\metadata.json","1135"
"C:\Users\Chris\Documents\GitHub\Control_System\evidence\experiments\runs\hf2_deferred_capacity_20260907\count_0270\detectors\y\0149\metadata.json","1135"
"C:\Users\Chris\Documents\GitHub\Control_System\evidence\experiments\runs\hf2_deferred_capacity_20260907\count_0270\detectors\y\0150\metadata.json","1135"
"C:\Users\Chris\Documents\GitHub\Control_System\evidence\experiments\runs\hf2_deferred_capacity_20260907\count_0270\detectors\y\0151\metadata.json","1135"
"C:\Users\Chris\Documents\GitHub\Control_System\evidence\experiments\runs\hf2_deferred_capacity_20260907\count_0270\detectors\y\0152\metadata.json","1135"
"C:\Users\Chris\Documents\GitHub\Control_System\evidence\experiments\runs\hf2_deferred_capacity_20260907\count_0270\detectors\y\0153\metadata.json","1135"
"C:\Users\Chris\Documents\GitHub\Control_System\evidence\experiments\runs\hf2_deferred_capacity_20260907\count_0270\detectors\y\0154\metadata.json","1135"
"C:\Users\Chris\Documents\GitHub\Control_System\evidence\experiments\runs\hf2_deferred_capacity_20260907\count_0270\detectors\y\0155\metadata.json","1135"
"C:\Users\Chris\Documents\GitHub\Control_System\evidence\experiments\runs\hf2_deferred_capacity_20260907\count_0270\detectors\y\0156\metadata.json","1135"
"C:\Users\Chris\Documents\GitHub\Control_System\evidence\experiments\runs\hf2_deferred_capacity_20260907\count_0270\detectors\y\0157\metadata.json","1135"
"C:\Users\Chris\Documents\GitHub\Control_System\evidence\experiments\runs\hf2_deferred_capacity_20260907\count_0270\detectors\y\0158\metadata.json","1135"
"C:\Users\Chris\Documents\GitHub\Control_System\evidence\experiments\runs\hf2_deferred_capacity_20260907\count_0270\detectors\y\0159\metadata.json","1135"
"C:\Users\Chris\Documents\GitHub\Control_System\evidence\experiments\runs\hf2_deferred_capacity_20260907\count_0270\detectors\y\0160\metadata.json","1135"
"C:\Users\Chris\Documents\GitHub\Control_System\evidence\experiments\runs\hf2_deferred_capacity_20260907\count_0270\detectors\y\0161\metadata.json","1135"
"C:\Users\Chris\Documents\GitHub\Control_System\evidence\experiments\runs\hf2_deferred_capacity_20260907\count_0270\detectors\y\0162\metadata.json","1135"
"C:\Users\Chris\Documents\GitHub\Control_System\evidence\experiments\runs\hf2_deferred_capacity_20260907\count_0270\detectors\y\0163\metadata.json","1135"
"C:\Users\Chris\Documents\GitHub\Control_System\evidence\experiments\runs\hf2_deferred_capacity_20260907\count_0270\detectors\y\0164\metadata.json","1135"
"C:\Users\Chris\Documents\GitHub\Control_System\evidence\experiments\runs\hf2_deferred_capacity_20260907\count_0270\detectors\y\0165\metadata.json","1135"
"C:\Users\Chris\Documents\GitHub\Control_System\evidence\experiments\runs\hf2_deferred_capacity_20260907\count_0270\detectors\y\0166\metadata.json","1135"
"C:\Users\Chris\Documents\GitHub\Control_System\evidence\experiments\runs\hf2_deferred_capacity_20260907\count_0270\detectors\y\0167\metadata.json","1135"
"C:\Users\Chris\Documents\GitHub\Control_System\evidence\experiments\runs\hf2_deferred_capacity_20260907\count_0270\detectors\y\0168\metadata.json","1135"
"C:\Users\Chris\Documents\GitHub\Control_System\evidence\experiments\runs\hf2_deferred_capacity_20260907\count_0270\detectors\y\0169\metadata.json","1135"
"C:\Users\Chris\Documents\GitHub\Control_System\evidence\experiments\runs\hf2_deferred_capacity_20260907\count_0270\detectors\y\0170\metadata.json","1135"
"C:\Users\Chris\Documents\GitHub\Control_System\evidence\experiments\runs\hf2_deferred_capacity_20260907\count_0270\detectors\y\0171\metadata.json","1135"
"C:\Users\Chris\Documents\GitHub\Control_System\evidence\experiments\runs\hf2_deferred_capacity_20260907\count_0270\detectors\y\0172\metadata.json","1135"
"C:\Users\Chris\Documents\GitHub\Control_System\evidence\experiments\runs\hf2_deferred_capacity_20260907\count_0270\detectors\y\0173\metadata.json","1135"
"C:\Users\Chris\Documents\GitHub\Control_System\evidence\experiments\runs\hf2_deferred_capacity_20260907\count_0270\detectors\y\0174\metadata.json","1135"
"C:\Users\Chris\Documents\GitHub\Control_System\evidence\experiments\runs\hf2_deferred_capacity_20260907\count_0270\detectors\y\0175\metadata.json","1135"
"C:\Users\Chris\Documents\GitHub\Control_System\evidence\experiments\runs\hf2_deferred_capacity_20260907\count_0270\detectors\y\0176\metadata.json","1135"
"C:\Users\Chris\Documents\GitHub\Control_System\evidence\experiments\runs\hf2_deferred_capacity_20260907\count_0270\detectors\y\0177\metadata.json","1135"
"C:\Users\Chris\Documents\GitHub\Control_System\evidence\experiments\runs\hf2_deferred_capacity_20260907\count_0270\detectors\y\0178\metadata.json","1135"
"C:\Users\Chris\Documents\GitHub\Control_System\evidence\experiments\runs\hf2_deferred_capacity_20260907\count_0270\detectors\y\0179\metadata.json","1135"
"C:\Users\Chris\Documents\GitHub\Control_System\evidence\experiments\runs\hf2_deferred_capacity_20260907\count_0270\detectors\y\0180\metadata.json","1135"
"C:\Users\Chris\Documents\GitHub\Control_System\evidence\experiments\runs\hf2_deferred_capacity_20260907\count_0270\detectors\y\0181\metadata.json","1135"
"C:\Users\Chris\Documents\GitHub\Control_System\evidence\experiments\runs\hf2_deferred_capacity_20260907\count_0270\detectors\y\0182\metadata.json","1135"
"C:\Users\Chris\Documents\GitHub\Control_System\evidence\experiments\runs\hf2_deferred_capacity_20260907\count_0270\detectors\y\0183\metadata.json","1135"
"C:\Users\Chris\Documents\GitHub\Control_System\evidence\experiments\runs\hf2_deferred_capacity_20260907\count_0270\detectors\y\0184\metadata.json","1135"
"C:\Users\Chris\Documents\GitHub\Control_System\evidence\experiments\runs\hf2_deferred_capacity_20260907\count_0270\detectors\y\0185\metadata.json","1135"
"C:\Users\Chris\Documents\GitHub\Control_System\evidence\experiments\runs\hf2_deferred_capacity_20260907\count_0270\detectors\y\0186\metadata.json","1135"
"C:\Users\Chris\Documents\GitHub\Control_System\evidence\experiments\runs\hf2_deferred_capacity_20260907\count_0270\detectors\y\0187\metadata.json","1135"
"C:\Users\Chris\Documents\GitHub\Control_System\evidence\experiments\runs\hf2_deferred_capacity_20260907\count_0270\detectors\y\0188\metadata.json","1135"
"C:\Users\Chris\Documents\GitHub\Control_System\evidence\experiments\runs\hf2_deferred_capacity_20260907\count_0270\detectors\y\0189\metadata.json","1135"
"C:\Users\Chris\Documents\GitHub\Control_System\evidence\experiments\runs\hf2_deferred_capacity_20260907\count_0270\detectors\y\0190\metadata.json","1135"
"C:\Users\Chris\Documents\GitHub\Control_System\evidence\experiments\runs\hf2_deferred_capacity_20260907\count_0270\detectors\y\0191\metadata.json","1135"
"C:\Users\Chris\Documents\GitHub\Control_System\evidence\experiments\runs\hf2_deferred_capacity_20260907\count_0270\detectors\y\0192\metadata.json","1135"
"C:\Users\Chris\Documents\GitHub\Control_System\evidence\experiments\runs\hf2_deferred_capacity_20260907\count_0270\detectors\y\0193\metadata.json","1135"
"C:\Users\Chris\Documents\GitHub\Control_System\evidence\experiments\runs\hf2_deferred_capacity_20260907\count_0270\detectors\y\0194\metadata.json","1135"
"C:\Users\Chris\Documents\GitHub\Control_System\evidence\experiments\runs\hf2_deferred_capacity_20260907\count_0270\detectors\y\0195\metadata.json","1135"
"C:\Users\Chris\Documents\GitHub\Control_System\evidence\experiments\runs\hf2_deferred_capacity_20260907\count_0270\detectors\y\0196\metadata.json","1135"
"C:\Users\Chris\Documents\GitHub\Control_System\evidence\experiments\runs\hf2_deferred_capacity_20260907\count_0270\detectors\y\0197\metadata.json","1135"
"C:\Users\Chris\Documents\GitHub\Control_System\evidence\experiments\runs\hf2_deferred_capacity_20260907\count_0270\detectors\y\0198\metadata.json","1135"
"C:\Users\Chris\Documents\GitHub\Control_System\evidence\experiments\runs\hf2_deferred_capacity_20260907\count_0270\detectors\y\0199\metadata.json","1135"
"C:\Users\Chris\Documents\GitHub\Control_System\evidence\experiments\runs\hf2_deferred_capacity_20260907\count_0270\detectors\y\0200\metadata.json","1135"
"C:\Users\Chris\Documents\GitHub\Control_System\evidence\experiments\runs\hf2_deferred_capacity_20260907\count_0270\detectors\y\0201\metadata.json","1135"
"C:\Users\Chris\Documents\GitHub\Control_System\evidence\experiments\runs\hf2_deferred_capacity_20260907\count_0270\detectors\y\0202\metadata.json","1135"
"C:\Users\Chris\Documents\GitHub\Control_System\evidence\experiments\runs\hf2_deferred_capacity_20260907\count_0270\detectors\y\0203\metadata.json","1135"
"C:\Users\Chris\Documents\GitHub\Control_System\evidence\experiments\runs\hf2_deferred_capacity_20260907\count_0270\detectors\y\0204\metadata.json","1135"
"C:\Users\Chris\Documents\GitHub\Control_System\evidence\experiments\runs\hf2_deferred_capacity_20260907\count_0270\detectors\y\0205\metadata.json","1135"
"C:\Users\Chris\Documents\GitHub\Control_System\evidence\experiments\runs\hf2_deferred_capacity_20260907\count_0270\detectors\y\0206\metadata.json","1135"
"C:\Users\Chris\Documents\GitHub\Control_System\evidence\experiments\runs\hf2_deferred_capacity_20260907\count_0270\detectors\y\0207\metadata.json","1135"
"C:\Users\Chris\Documents\GitHub\Control_System\evidence\experiments\runs\hf2_deferred_capacity_20260907\count_0270\detectors\y\0208\metadata.json","1135"
"C:\Users\Chris\Documents\GitHub\Control_System\evidence\experiments\runs\hf2_deferred_capacity_20260907\count_0270\detectors\y\0209\metadata.json","1135"
"C:\Users\Chris\Documents\GitHub\Control_System\evidence\experiments\runs\hf2_deferred_capacity_20260907\count_0270\detectors\y\0210\metadata.json","1135"
"C:\Users\Chris\Documents\GitHub\Control_System\evidence\experiments\runs\hf2_deferred_capacity_20260907\count_0270\detectors\y\0211\metadata.json","1135"
"C:\Users\Chris\Documents\GitHub\Control_System\evidence\experiments\runs\hf2_deferred_capacity_20260907\count_0270\detectors\y\0212\metadata.json","1135"
"C:\Users\Chris\Documents\GitHub\Control_System\evidence\experiments\runs\hf2_deferred_capacity_20260907\count_0270\detectors\y\0213\metadata.json","1135"
"C:\Users\Chris\Documents\GitHub\Control_System\evidence\experiments\runs\hf2_deferred_capacity_20260907\count_0270\detectors\y\0214\metadata.json","1135"
"C:\Users\Chris\Documents\GitHub\Control_System\evidence\experiments\runs\hf2_deferred_capacity_20260907\count_0270\detectors\y\0215\metadata.json","1135"
"C:\Users\Chris\Documents\GitHub\Control_System\evidence\experiments\runs\hf2_deferred_capacity_20260907\count_0270\detectors\y\0216\metadata.json","1135"
"C:\Users\Chris\Documents\GitHub\Control_System\evidence\experiments\runs\hf2_deferred_capacity_20260907\count_0270\detectors\y\0217\metadata.json","1135"
"C:\Users\Chris\Documents\GitHub\Control_System\evidence\experiments\runs\hf2_deferred_capacity_20260907\count_0270\detectors\y\0218\metadata.json","1135"
"C:\Users\Chris\Documents\GitHub\Control_System\evidence\experiments\runs\hf2_deferred_capacity_20260907\count_0270\detectors\y\0219\metadata.json","1135"
"C:\Users\Chris\Documents\GitHub\Control_System\evidence\experiments\runs\hf2_deferred_capacity_20260907\count_0270\detectors\y\0220\metadata.json","1135"
"C:\Users\Chris\Documents\GitHub\Control_System\evidence\experiments\runs\hf2_deferred_capacity_20260907\count_0270\detectors\y\0221\metadata.json","1135"
"C:\Users\Chris\Documents\GitHub\Control_System\evidence\experiments\runs\hf2_deferred_capacity_20260907\count_0270\detectors\y\0222\metadata.json","1135"
"C:\Users\Chris\Documents\GitHub\Control_System\evidence\experiments\runs\hf2_deferred_capacity_20260907\count_0270\detectors\y\0223\metadata.json","1135"
"C:\Users\Chris\Documents\GitHub\Control_System\evidence\experiments\runs\hf2_deferred_capacity_20260907\count_0270\detectors\y\0224\metadata.json","1135"
"C:\Users\Chris\Documents\GitHub\Control_System\evidence\experiments\runs\hf2_deferred_capacity_20260907\count_0270\detectors\y\0225\metadata.json","1135"
"C:\Users\Chris\Documents\GitHub\Control_System\evidence\experiments\runs\hf2_deferred_capacity_20260907\count_0270\detectors\y\0226\metadata.json","1135"
"C:\Users\Chris\Documents\GitHub\Control_System\evidence\experiments\runs\hf2_deferred_capacity_20260907\count_0270\detectors\y\0227\metadata.json","1135"
"C:\Users\Chris\Documents\GitHub\Control_System\evidence\experiments\runs\hf2_deferred_capacity_20260907\count_0270\detectors\y\0228\metadata.json","1135"
"C:\Users\Chris\Documents\GitHub\Control_System\evidence\experiments\runs\hf2_deferred_capacity_20260907\count_0270\detectors\y\0229\metadata.json","1135"
"C:\Users\Chris\Documents\GitHub\Control_System\evidence\experiments\runs\hf2_deferred_capacity_20260907\count_0270\detectors\y\0230\metadata.json","1135"
"C:\Users\Chris\Documents\GitHub\Control_System\evidence\experiments\runs\hf2_deferred_capacity_20260907\count_0270\detectors\y\0231\metadata.json","1135"
"C:\Users\Chris\Documents\GitHub\Control_System\evidence\experiments\runs\hf2_deferred_capacity_20260907\count_0270\detectors\y\0232\metadata.json","1135"
"C:\Users\Chris\Documents\GitHub\Control_System\evidence\experiments\runs\hf2_deferred_capacity_20260907\count_0270\detectors\y\0233\metadata.json","1135"
"C:\Users\Chris\Documents\GitHub\Control_System\evidence\experiments\runs\hf2_deferred_capacity_20260907\count_0270\detectors\y\0234\metadata.json","1135"
"C:\Users\Chris\Documents\GitHub\Control_System\evidence\experiments\runs\hf2_deferred_capacity_20260907\count_0270\detectors\y\0235\metadata.json","1135"
"C:\Users\Chris\Documents\GitHub\Control_System\evidence\experiments\runs\hf2_deferred_capacity_20260907\count_0270\detectors\y\0236\metadata.json","1135"
"C:\Users\Chris\Documents\GitHub\Control_System\evidence\experiments\runs\hf2_deferred_capacity_20260907\count_0270\detectors\y\0237\metadata.json","1135"
"C:\Users\Chris\Documents\GitHub\Control_System\evidence\experiments\runs\hf2_deferred_capacity_20260907\count_0270\detectors\y\0238\metadata.json","1135"
"C:\Users\Chris\Documents\GitHub\Control_System\evidence\experiments\runs\hf2_deferred_capacity_20260907\count_0270\detectors\y\0239\metadata.json","1135"
"C:\Users\Chris\Documents\GitHub\Control_System\evidence\experiments\runs\hf2_deferred_capacity_20260907\count_0270\detectors\y\0240\metadata.json","1135"
"C:\Users\Chris\Documents\GitHub\Control_System\evidence\experiments\runs\hf2_deferred_capacity_20260907\count_0270\detectors\y\0241\metadata.json","1135"
"C:\Users\Chris\Documents\GitHub\Control_System\evidence\experiments\runs\hf2_deferred_capacity_20260907\count_0270\detectors\y\0242\metadata.json","1135"
"C:\Users\Chris\Documents\GitHub\Control_System\evidence\experiments\runs\hf2_deferred_capacity_20260907\count_0270\detectors\y\0243\metadata.json","1135"
"C:\Users\Chris\Documents\GitHub\Control_System\evidence\experiments\runs\hf2_deferred_capacity_20260907\count_0270\detectors\y\0244\metadata.json","1135"
"C:\Users\Chris\Documents\GitHub\Control_System\evidence\experiments\runs\hf2_deferred_capacity_20260907\count_0270\detectors\y\0245\metadata.json","1135"
"C:\Users\Chris\Documents\GitHub\Control_System\evidence\experiments\runs\hf2_deferred_capacity_20260907\count_0270\detectors\y\0246\metadata.json","1135"
"C:\Users\Chris\Documents\GitHub\Control_System\evidence\experiments\runs\hf2_deferred_capacity_20260907\count_0270\detectors\y\0247\metadata.json","1135"
"C:\Users\Chris\Documents\GitHub\Control_System\evidence\experiments\runs\hf2_deferred_capacity_20260907\count_0270\detectors\y\0248\metadata.json","1135"
"C:\Users\Chris\Documents\GitHub\Control_System\evidence\experiments\runs\hf2_deferred_capacity_20260907\count_0270\detectors\y\0249\metadata.json","1135"
"C:\Users\Chris\Documents\GitHub\Control_System\evidence\experiments\runs\hf2_deferred_capacity_20260907\count_0270\detectors\y\0250\metadata.json","1135"
"C:\Users\Chris\Documents\GitHub\Control_System\evidence\experiments\runs\hf2_deferred_capacity_20260907\count_0270\detectors\y\0251\metadata.json","1135"
"C:\Users\Chris\Documents\GitHub\Control_System\evidence\experiments\runs\hf2_deferred_capacity_20260907\count_0270\detectors\y\0252\metadata.json","1135"
"C:\Users\Chris\Documents\GitHub\Control_System\evidence\experiments\runs\hf2_deferred_capacity_20260907\count_0270\detectors\y\0253\metadata.json","1135"
"C:\Users\Chris\Documents\GitHub\Control_System\evidence\experiments\runs\hf2_deferred_capacity_20260907\count_0270\detectors\y\0254\metadata.json","1135"
"C:\Users\Chris\Documents\GitHub\Control_System\evidence\experiments\runs\hf2_deferred_capacity_20260907\count_0270\detectors\y\0255\metadata.json","1135"
"C:\Users\Chris\Documents\GitHub\Control_System\evidence\experiments\runs\hf2_deferred_capacity_20260907\count_0270\detectors\y\0256\metadata.json","1135"
"C:\Users\Chris\Documents\GitHub\Control_System\evidence\experiments\runs\hf2_deferred_capacity_20260907\count_0270\detectors\y\0257\metadata.json","1135"
"C:\Users\Chris\Documents\GitHub\Control_System\evidence\experiments\runs\hf2_deferred_capacity_20260907\count_0270\detectors\y\0258\metadata.json","1135"
"C:\Users\Chris\Documents\GitHub\Control_System\evidence\experiments\runs\hf2_deferred_capacity_20260907\count_0270\detectors\y\0259\metadata.json","1135"
"C:\Users\Chris\Documents\GitHub\Control_System\evidence\experiments\runs\hf2_deferred_capacity_20260907\count_0270\detectors\y\0260\metadata.json","1135"
"C:\Users\Chris\Documents\GitHub\Control_System\evidence\experiments\runs\hf2_deferred_capacity_20260907\count_0270\detectors\y\0261\metadata.json","1135"
"C:\Users\Chris\Documents\GitHub\Control_System\evidence\experiments\runs\hf2_deferred_capacity_20260907\count_0270\detectors\y\0262\metadata.json","1135"
"C:\Users\Chris\Documents\GitHub\Control_System\evidence\experiments\runs\hf2_deferred_capacity_20260907\count_0270\detectors\y\0263\metadata.json","1135"
"C:\Users\Chris\Documents\GitHub\Control_System\evidence\experiments\runs\hf2_deferred_capacity_20260907\count_0270\detectors\y\0264\metadata.json","1135"
"C:\Users\Chris\Documents\GitHub\Control_System\evidence\experiments\runs\hf2_deferred_capacity_20260907\count_0270\detectors\y\0265\metadata.json","1135"
"C:\Users\Chris\Documents\GitHub\Control_System\evidence\experiments\runs\hf2_deferred_capacity_20260907\count_0270\detectors\y\0266\metadata.json","1135"
"C:\Users\Chris\Documents\GitHub\Control_System\evidence\experiments\runs\hf2_deferred_capacity_20260907\count_0270\detectors\y\0267\metadata.json","1135"
"C:\Users\Chris\Documents\GitHub\Control_System\evidence\experiments\runs\hf2_deferred_capacity_20260907\count_0270\detectors\y\0268\metadata.json","1135"
"C:\Users\Chris\Documents\GitHub\Control_System\evidence\experiments\runs\hf2_deferred_capacity_20260907\count_0270\detectors\y\0269\metadata.json","1135"
"C:\Users\Chris\Documents\GitHub\Control_System\evidence\experiments\runs\hf2_deferred_capacity_20260907\count_0270\timing\dio\0000\metadata.json","1133"
"C:\Users\Chris\Documents\GitHub\Control_System\evidence\experiments\runs\hf2_deferred_capacity_20260907\count_0270\timing\dio\0001\metadata.json","1133"
"C:\Users\Chris\Documents\GitHub\Control_System\evidence\experiments\runs\hf2_deferred_capacity_20260907\count_0270\timing\dio\0002\metadata.json","1133"
"C:\Users\Chris\Documents\GitHub\Control_System\evidence\experiments\runs\hf2_deferred_capacity_20260907\count_0270\timing\dio\0003\metadata.json","1133"
"C:\Users\Chris\Documents\GitHub\Control_System\evidence\experiments\runs\hf2_deferred_capacity_20260907\count_0270\timing\dio\0004\metadata.json","1133"
"C:\Users\Chris\Documents\GitHub\Control_System\evidence\experiments\runs\hf2_deferred_capacity_20260907\count_0270\timing\dio\0005\metadata.json","1133"
"C:\Users\Chris\Documents\GitHub\Control_System\evidence\experiments\runs\hf2_deferred_capacity_20260907\count_0270\timing\dio\0006\metadata.json","1133"
"C:\Users\Chris\Documents\GitHub\Control_System\evidence\experiments\runs\hf2_deferred_capacity_20260907\count_0270\timing\dio\0007\metadata.json","1133"
"C:\Users\Chris\Documents\GitHub\Control_System\evidence\experiments\runs\hf2_deferred_capacity_20260907\count_0270\timing\dio\0008\metadata.json","1133"
"C:\Users\Chris\Documents\GitHub\Control_System\evidence\experiments\runs\hf2_deferred_capacity_20260907\count_0270\timing\dio\0009\metadata.json","1133"
"C:\Users\Chris\Documents\GitHub\Control_System\evidence\experiments\runs\hf2_deferred_capacity_20260907\count_0270\timing\dio\0010\metadata.json","1134"
"C:\Users\Chris\Documents\GitHub\Control_System\evidence\experiments\runs\hf2_deferred_capacity_20260907\count_0270\timing\dio\0011\metadata.json","1134"
"C:\Users\Chris\Documents\GitHub\Control_System\evidence\experiments\runs\hf2_deferred_capacity_20260907\count_0270\timing\dio\0012\metadata.json","1134"
"C:\Users\Chris\Documents\GitHub\Control_System\evidence\experiments\runs\hf2_deferred_capacity_20260907\count_0270\timing\dio\0013\metadata.json","1134"
"C:\Users\Chris\Documents\GitHub\Control_System\evidence\experiments\runs\hf2_deferred_capacity_20260907\count_0270\timing\dio\0014\metadata.json","1134"
"C:\Users\Chris\Documents\GitHub\Control_System\evidence\experiments\runs\hf2_deferred_capacity_20260907\count_0270\timing\dio\0015\metadata.json","1134"
"C:\Users\Chris\Documents\GitHub\Control_System\evidence\experiments\runs\hf2_deferred_capacity_20260907\count_0270\timing\dio\0016\metadata.json","1134"
"C:\Users\Chris\Documents\GitHub\Control_System\evidence\experiments\runs\hf2_deferred_capacity_20260907\count_0270\timing\dio\0017\metadata.json","1134"
"C:\Users\Chris\Documents\GitHub\Control_System\evidence\experiments\runs\hf2_deferred_capacity_20260907\count_0270\timing\dio\0018\metadata.json","1134"
"C:\Users\Chris\Documents\GitHub\Control_System\evidence\experiments\runs\hf2_deferred_capacity_20260907\count_0270\timing\dio\0019\metadata.json","1134"
"C:\Users\Chris\Documents\GitHub\Control_System\evidence\experiments\runs\hf2_deferred_capacity_20260907\count_0270\timing\dio\0020\metadata.json","1134"
"C:\Users\Chris\Documents\GitHub\Control_System\evidence\experiments\runs\hf2_deferred_capacity_20260907\count_0270\timing\dio\0021\metadata.json","1134"
"C:\Users\Chris\Documents\GitHub\Control_System\evidence\experiments\runs\hf2_deferred_capacity_20260907\count_0270\timing\dio\0022\metadata.json","1134"
"C:\Users\Chris\Documents\GitHub\Control_System\evidence\experiments\runs\hf2_deferred_capacity_20260907\count_0270\timing\dio\0023\metadata.json","1134"
"C:\Users\Chris\Documents\GitHub\Control_System\evidence\experiments\runs\hf2_deferred_capacity_20260907\count_0270\timing\dio\0024\metadata.json","1134"
"C:\Users\Chris\Documents\GitHub\Control_System\evidence\experiments\runs\hf2_deferred_capacity_20260907\count_0270\timing\dio\0025\metadata.json","1134"
"C:\Users\Chris\Documents\GitHub\Control_System\evidence\experiments\runs\hf2_deferred_capacity_20260907\count_0270\timing\dio\0026\metadata.json","1134"
"C:\Users\Chris\Documents\GitHub\Control_System\evidence\experiments\runs\hf2_deferred_capacity_20260907\count_0270\timing\dio\0027\metadata.json","1134"
"C:\Users\Chris\Documents\GitHub\Control_System\evidence\experiments\runs\hf2_deferred_capacity_20260907\count_0270\timing\dio\0028\metadata.json","1134"
"C:\Users\Chris\Documents\GitHub\Control_System\evidence\experiments\runs\hf2_deferred_capacity_20260907\count_0270\timing\dio\0029\metadata.json","1134"
"C:\Users\Chris\Documents\GitHub\Control_System\evidence\experiments\runs\hf2_deferred_capacity_20260907\count_0270\timing\dio\0030\metadata.json","1134"
"C:\Users\Chris\Documents\GitHub\Control_System\evidence\experiments\runs\hf2_deferred_capacity_20260907\count_0270\timing\dio\0031\metadata.json","1134"
"C:\Users\Chris\Documents\GitHub\Control_System\evidence\experiments\runs\hf2_deferred_capacity_20260907\count_0270\timing\dio\0032\metadata.json","1134"
"C:\Users\Chris\Documents\GitHub\Control_System\evidence\experiments\runs\hf2_deferred_capacity_20260907\count_0270\timing\dio\0033\metadata.json","1134"
"C:\Users\Chris\Documents\GitHub\Control_System\evidence\experiments\runs\hf2_deferred_capacity_20260907\count_0270\timing\dio\0034\metadata.json","1134"
"C:\Users\Chris\Documents\GitHub\Control_System\evidence\experiments\runs\hf2_deferred_capacity_20260907\count_0270\timing\dio\0035\metadata.json","1134"
"C:\Users\Chris\Documents\GitHub\Control_System\evidence\experiments\runs\hf2_deferred_capacity_20260907\count_0270\timing\dio\0036\metadata.json","1134"
"C:\Users\Chris\Documents\GitHub\Control_System\evidence\experiments\runs\hf2_deferred_capacity_20260907\count_0270\timing\dio\0037\metadata.json","1134"
"C:\Users\Chris\Documents\GitHub\Control_System\evidence\experiments\runs\hf2_deferred_capacity_20260907\count_0270\timing\dio\0038\metadata.json","1134"
"C:\Users\Chris\Documents\GitHub\Control_System\evidence\experiments\runs\hf2_deferred_capacity_20260907\count_0270\timing\dio\0039\metadata.json","1134"
"C:\Users\Chris\Documents\GitHub\Control_System\evidence\experiments\runs\hf2_deferred_capacity_20260907\count_0270\timing\dio\0040\metadata.json","1134"
"C:\Users\Chris\Documents\GitHub\Control_System\evidence\experiments\runs\hf2_deferred_capacity_20260907\count_0270\timing\dio\0041\metadata.json","1134"
"C:\Users\Chris\Documents\GitHub\Control_System\evidence\experiments\runs\hf2_deferred_capacity_20260907\count_0270\timing\dio\0042\metadata.json","1134"
"C:\Users\Chris\Documents\GitHub\Control_System\evidence\experiments\runs\hf2_deferred_capacity_20260907\count_0270\timing\dio\0043\metadata.json","1134"
"C:\Users\Chris\Documents\GitHub\Control_System\evidence\experiments\runs\hf2_deferred_capacity_20260907\count_0270\timing\dio\0044\metadata.json","1134"
"C:\Users\Chris\Documents\GitHub\Control_System\evidence\experiments\runs\hf2_deferred_capacity_20260907\count_0270\timing\dio\0045\metadata.json","1134"
"C:\Users\Chris\Documents\GitHub\Control_System\evidence\experiments\runs\hf2_deferred_capacity_20260907\count_0270\timing\dio\0046\metadata.json","1134"
"C:\Users\Chris\Documents\GitHub\Control_System\evidence\experiments\runs\hf2_deferred_capacity_20260907\count_0270\timing\dio\0047\metadata.json","1134"
"C:\Users\Chris\Documents\GitHub\Control_System\evidence\experiments\runs\hf2_deferred_capacity_20260907\count_0270\timing\dio\0048\metadata.json","1134"
"C:\Users\Chris\Documents\GitHub\Control_System\evidence\experiments\runs\hf2_deferred_capacity_20260907\count_0270\timing\dio\0049\metadata.json","1134"
"C:\Users\Chris\Documents\GitHub\Control_System\evidence\experiments\runs\hf2_deferred_capacity_20260907\count_0270\timing\dio\0050\metadata.json","1134"
"C:\Users\Chris\Documents\GitHub\Control_System\evidence\experiments\runs\hf2_deferred_capacity_20260907\count_0270\timing\dio\0051\metadata.json","1134"
"C:\Users\Chris\Documents\GitHub\Control_System\evidence\experiments\runs\hf2_deferred_capacity_20260907\count_0270\timing\dio\0052\metadata.json","1134"
"C:\Users\Chris\Documents\GitHub\Control_System\evidence\experiments\runs\hf2_deferred_capacity_20260907\count_0270\timing\dio\0053\metadata.json","1134"
"C:\Users\Chris\Documents\GitHub\Control_System\evidence\experiments\runs\hf2_deferred_capacity_20260907\count_0270\timing\dio\0054\metadata.json","1134"
"C:\Users\Chris\Documents\GitHub\Control_System\evidence\experiments\runs\hf2_deferred_capacity_20260907\count_0270\timing\dio\0055\metadata.json","1134"
"C:\Users\Chris\Documents\GitHub\Control_System\evidence\experiments\runs\hf2_deferred_capacity_20260907\count_0270\timing\dio\0056\metadata.json","1134"
"C:\Users\Chris\Documents\GitHub\Control_System\evidence\experiments\runs\hf2_deferred_capacity_20260907\count_0270\timing\dio\0057\metadata.json","1134"
"C:\Users\Chris\Documents\GitHub\Control_System\evidence\experiments\runs\hf2_deferred_capacity_20260907\count_0270\timing\dio\0058\metadata.json","1134"
"C:\Users\Chris\Documents\GitHub\Control_System\evidence\experiments\runs\hf2_deferred_capacity_20260907\count_0270\timing\dio\0059\metadata.json","1134"
"C:\Users\Chris\Documents\GitHub\Control_System\evidence\experiments\runs\hf2_deferred_capacity_20260907\count_0270\timing\dio\0060\metadata.json","1134"
"C:\Users\Chris\Documents\GitHub\Control_System\evidence\experiments\runs\hf2_deferred_capacity_20260907\count_0270\timing\dio\0061\metadata.json","1134"
"C:\Users\Chris\Documents\GitHub\Control_System\evidence\experiments\runs\hf2_deferred_capacity_20260907\count_0270\timing\dio\0062\metadata.json","1134"
"C:\Users\Chris\Documents\GitHub\Control_System\evidence\experiments\runs\hf2_deferred_capacity_20260907\count_0270\timing\dio\0063\metadata.json","1134"
"C:\Users\Chris\Documents\GitHub\Control_System\evidence\experiments\runs\hf2_deferred_capacity_20260907\count_0270\timing\dio\0064\metadata.json","1134"
"C:\Users\Chris\Documents\GitHub\Control_System\evidence\experiments\runs\hf2_deferred_capacity_20260907\count_0270\timing\dio\0065\metadata.json","1134"
"C:\Users\Chris\Documents\GitHub\Control_System\evidence\experiments\runs\hf2_deferred_capacity_20260907\count_0270\timing\dio\0066\metadata.json","1134"
"C:\Users\Chris\Documents\GitHub\Control_System\evidence\experiments\runs\hf2_deferred_capacity_20260907\count_0270\timing\dio\0067\metadata.json","1134"
"C:\Users\Chris\Documents\GitHub\Control_System\evidence\experiments\runs\hf2_deferred_capacity_20260907\count_0270\timing\dio\0068\metadata.json","1134"
"C:\Users\Chris\Documents\GitHub\Control_System\evidence\experiments\runs\hf2_deferred_capacity_20260907\count_0270\timing\dio\0069\metadata.json","1134"
"C:\Users\Chris\Documents\GitHub\Control_System\evidence\experiments\runs\hf2_deferred_capacity_20260907\count_0270\timing\dio\0070\metadata.json","1134"
"C:\Users\Chris\Documents\GitHub\Control_System\evidence\experiments\runs\hf2_deferred_capacity_20260907\count_0270\timing\dio\0071\metadata.json","1134"
"C:\Users\Chris\Documents\GitHub\Control_System\evidence\experiments\runs\hf2_deferred_capacity_20260907\count_0270\timing\dio\0072\metadata.json","1134"
"C:\Users\Chris\Documents\GitHub\Control_System\evidence\experiments\runs\hf2_deferred_capacity_20260907\count_0270\timing\dio\0073\metadata.json","1134"
"C:\Users\Chris\Documents\GitHub\Control_System\evidence\experiments\runs\hf2_deferred_capacity_20260907\count_0270\timing\dio\0074\metadata.json","1134"
"C:\Users\Chris\Documents\GitHub\Control_System\evidence\experiments\runs\hf2_deferred_capacity_20260907\count_0270\timing\dio\0075\metadata.json","1134"
"C:\Users\Chris\Documents\GitHub\Control_System\evidence\experiments\runs\hf2_deferred_capacity_20260907\count_0270\timing\dio\0076\metadata.json","1134"
"C:\Users\Chris\Documents\GitHub\Control_System\evidence\experiments\runs\hf2_deferred_capacity_20260907\count_0270\timing\dio\0077\metadata.json","1134"
"C:\Users\Chris\Documents\GitHub\Control_System\evidence\experiments\runs\hf2_deferred_capacity_20260907\count_0270\timing\dio\0078\metadata.json","1134"
"C:\Users\Chris\Documents\GitHub\Control_System\evidence\experiments\runs\hf2_deferred_capacity_20260907\count_0270\timing\dio\0079\metadata.json","1134"
"C:\Users\Chris\Documents\GitHub\Control_System\evidence\experiments\runs\hf2_deferred_capacity_20260907\count_0270\timing\dio\0080\metadata.json","1134"
"C:\Users\Chris\Documents\GitHub\Control_System\evidence\experiments\runs\hf2_deferred_capacity_20260907\count_0270\timing\dio\0081\metadata.json","1134"
"C:\Users\Chris\Documents\GitHub\Control_System\evidence\experiments\runs\hf2_deferred_capacity_20260907\count_0270\timing\dio\0082\metadata.json","1134"
"C:\Users\Chris\Documents\GitHub\Control_System\evidence\experiments\runs\hf2_deferred_capacity_20260907\count_0270\timing\dio\0083\metadata.json","1134"
"C:\Users\Chris\Documents\GitHub\Control_System\evidence\experiments\runs\hf2_deferred_capacity_20260907\count_0270\timing\dio\0084\metadata.json","1134"
"C:\Users\Chris\Documents\GitHub\Control_System\evidence\experiments\runs\hf2_deferred_capacity_20260907\count_0270\timing\dio\0085\metadata.json","1134"
"C:\Users\Chris\Documents\GitHub\Control_System\evidence\experiments\runs\hf2_deferred_capacity_20260907\count_0270\timing\dio\0086\metadata.json","1134"
"C:\Users\Chris\Documents\GitHub\Control_System\evidence\experiments\runs\hf2_deferred_capacity_20260907\count_0270\timing\dio\0087\metadata.json","1134"
"C:\Users\Chris\Documents\GitHub\Control_System\evidence\experiments\runs\hf2_deferred_capacity_20260907\count_0270\timing\dio\0088\metadata.json","1134"
"C:\Users\Chris\Documents\GitHub\Control_System\evidence\experiments\runs\hf2_deferred_capacity_20260907\count_0270\timing\dio\0089\metadata.json","1134"
"C:\Users\Chris\Documents\GitHub\Control_System\evidence\experiments\runs\hf2_deferred_capacity_20260907\count_0270\timing\dio\0090\metadata.json","1134"
"C:\Users\Chris\Documents\GitHub\Control_System\evidence\experiments\runs\hf2_deferred_capacity_20260907\count_0270\timing\dio\0091\metadata.json","1134"
"C:\Users\Chris\Documents\GitHub\Control_System\evidence\experiments\runs\hf2_deferred_capacity_20260907\count_0270\timing\dio\0092\metadata.json","1134"
"C:\Users\Chris\Documents\GitHub\Control_System\evidence\experiments\runs\hf2_deferred_capacity_20260907\count_0270\timing\dio\0093\metadata.json","1134"
"C:\Users\Chris\Documents\GitHub\Control_System\evidence\experiments\runs\hf2_deferred_capacity_20260907\count_0270\timing\dio\0094\metadata.json","1134"
"C:\Users\Chris\Documents\GitHub\Control_System\evidence\experiments\runs\hf2_deferred_capacity_20260907\count_0270\timing\dio\0095\metadata.json","1134"
"C:\Users\Chris\Documents\GitHub\Control_System\evidence\experiments\runs\hf2_deferred_capacity_20260907\count_0270\timing\dio\0096\metadata.json","1134"
"C:\Users\Chris\Documents\GitHub\Control_System\evidence\experiments\runs\hf2_deferred_capacity_20260907\count_0270\timing\dio\0097\metadata.json","1134"
"C:\Users\Chris\Documents\GitHub\Control_System\evidence\experiments\runs\hf2_deferred_capacity_20260907\count_0270\timing\dio\0098\metadata.json","1134"
"C:\Users\Chris\Documents\GitHub\Control_System\evidence\experiments\runs\hf2_deferred_capacity_20260907\count_0270\timing\dio\0099\metadata.json","1134"
"C:\Users\Chris\Documents\GitHub\Control_System\evidence\experiments\runs\hf2_deferred_capacity_20260907\count_0270\timing\dio\0100\metadata.json","1135"
"C:\Users\Chris\Documents\GitHub\Control_System\evidence\experiments\runs\hf2_deferred_capacity_20260907\count_0270\timing\dio\0101\metadata.json","1135"
"C:\Users\Chris\Documents\GitHub\Control_System\evidence\experiments\runs\hf2_deferred_capacity_20260907\count_0270\timing\dio\0102\metadata.json","1135"
"C:\Users\Chris\Documents\GitHub\Control_System\evidence\experiments\runs\hf2_deferred_capacity_20260907\count_0270\timing\dio\0103\metadata.json","1135"
"C:\Users\Chris\Documents\GitHub\Control_System\evidence\experiments\runs\hf2_deferred_capacity_20260907\count_0270\timing\dio\0104\metadata.json","1135"
"C:\Users\Chris\Documents\GitHub\Control_System\evidence\experiments\runs\hf2_deferred_capacity_20260907\count_0270\timing\dio\0105\metadata.json","1135"
"C:\Users\Chris\Documents\GitHub\Control_System\evidence\experiments\runs\hf2_deferred_capacity_20260907\count_0270\timing\dio\0106\metadata.json","1135"
"C:\Users\Chris\Documents\GitHub\Control_System\evidence\experiments\runs\hf2_deferred_capacity_20260907\count_0270\timing\dio\0107\metadata.json","1135"
"C:\Users\Chris\Documents\GitHub\Control_System\evidence\experiments\runs\hf2_deferred_capacity_20260907\count_0270\timing\dio\0108\metadata.json","1135"
"C:\Users\Chris\Documents\GitHub\Control_System\evidence\experiments\runs\hf2_deferred_capacity_20260907\count_0270\timing\dio\0109\metadata.json","1135"
"C:\Users\Chris\Documents\GitHub\Control_System\evidence\experiments\runs\hf2_deferred_capacity_20260907\count_0270\timing\dio\0110\metadata.json","1135"
"C:\Users\Chris\Documents\GitHub\Control_System\evidence\experiments\runs\hf2_deferred_capacity_20260907\count_0270\timing\dio\0111\metadata.json","1135"
"C:\Users\Chris\Documents\GitHub\Control_System\evidence\experiments\runs\hf2_deferred_capacity_20260907\count_0270\timing\dio\0112\metadata.json","1135"
"C:\Users\Chris\Documents\GitHub\Control_System\evidence\experiments\runs\hf2_deferred_capacity_20260907\count_0270\timing\dio\0113\metadata.json","1135"
"C:\Users\Chris\Documents\GitHub\Control_System\evidence\experiments\runs\hf2_deferred_capacity_20260907\count_0270\timing\dio\0114\metadata.json","1135"
"C:\Users\Chris\Documents\GitHub\Control_System\evidence\experiments\runs\hf2_deferred_capacity_20260907\count_0270\timing\dio\0115\metadata.json","1135"
"C:\Users\Chris\Documents\GitHub\Control_System\evidence\experiments\runs\hf2_deferred_capacity_20260907\count_0270\timing\dio\0116\metadata.json","1135"
"C:\Users\Chris\Documents\GitHub\Control_System\evidence\experiments\runs\hf2_deferred_capacity_20260907\count_0270\timing\dio\0117\metadata.json","1135"
"C:\Users\Chris\Documents\GitHub\Control_System\evidence\experiments\runs\hf2_deferred_capacity_20260907\count_0270\timing\dio\0118\metadata.json","1135"
"C:\Users\Chris\Documents\GitHub\Control_System\evidence\experiments\runs\hf2_deferred_capacity_20260907\count_0270\timing\dio\0119\metadata.json","1135"
"C:\Users\Chris\Documents\GitHub\Control_System\evidence\experiments\runs\hf2_deferred_capacity_20260907\count_0270\timing\dio\0120\metadata.json","1135"
"C:\Users\Chris\Documents\GitHub\Control_System\evidence\experiments\runs\hf2_deferred_capacity_20260907\count_0270\timing\dio\0121\metadata.json","1135"
"C:\Users\Chris\Documents\GitHub\Control_System\evidence\experiments\runs\hf2_deferred_capacity_20260907\count_0270\timing\dio\0122\metadata.json","1135"
"C:\Users\Chris\Documents\GitHub\Control_System\evidence\experiments\runs\hf2_deferred_capacity_20260907\count_0270\timing\dio\0123\metadata.json","1135"
"C:\Users\Chris\Documents\GitHub\Control_System\evidence\experiments\runs\hf2_deferred_capacity_20260907\count_0270\timing\dio\0124\metadata.json","1135"
"C:\Users\Chris\Documents\GitHub\Control_System\evidence\experiments\runs\hf2_deferred_capacity_20260907\count_0270\timing\dio\0125\metadata.json","1135"
"C:\Users\Chris\Documents\GitHub\Control_System\evidence\experiments\runs\hf2_deferred_capacity_20260907\count_0270\timing\dio\0126\metadata.json","1135"
"C:\Users\Chris\Documents\GitHub\Control_System\evidence\experiments\runs\hf2_deferred_capacity_20260907\count_0270\timing\dio\0127\metadata.json","1135"
"C:\Users\Chris\Documents\GitHub\Control_System\evidence\experiments\runs\hf2_deferred_capacity_20260907\count_0270\timing\dio\0128\metadata.json","1135"
"C:\Users\Chris\Documents\GitHub\Control_System\evidence\experiments\runs\hf2_deferred_capacity_20260907\count_0270\timing\dio\0129\metadata.json","1135"
"C:\Users\Chris\Documents\GitHub\Control_System\evidence\experiments\runs\hf2_deferred_capacity_20260907\count_0270\timing\dio\0130\metadata.json","1135"
"C:\Users\Chris\Documents\GitHub\Control_System\evidence\experiments\runs\hf2_deferred_capacity_20260907\count_0270\timing\dio\0131\metadata.json","1135"
"C:\Users\Chris\Documents\GitHub\Control_System\evidence\experiments\runs\hf2_deferred_capacity_20260907\count_0270\timing\dio\0132\metadata.json","1135"
"C:\Users\Chris\Documents\GitHub\Control_System\evidence\experiments\runs\hf2_deferred_capacity_20260907\count_0270\timing\dio\0133\metadata.json","1135"
"C:\Users\Chris\Documents\GitHub\Control_System\evidence\experiments\runs\hf2_deferred_capacity_20260907\count_0270\timing\dio\0134\metadata.json","1135"
"C:\Users\Chris\Documents\GitHub\Control_System\evidence\experiments\runs\hf2_deferred_capacity_20260907\count_0270\timing\dio\0135\metadata.json","1135"
"C:\Users\Chris\Documents\GitHub\Control_System\evidence\experiments\runs\hf2_deferred_capacity_20260907\count_0270\timing\dio\0136\metadata.json","1135"
"C:\Users\Chris\Documents\GitHub\Control_System\evidence\experiments\runs\hf2_deferred_capacity_20260907\count_0270\timing\dio\0137\metadata.json","1135"
"C:\Users\Chris\Documents\GitHub\Control_System\evidence\experiments\runs\hf2_deferred_capacity_20260907\count_0270\timing\dio\0138\metadata.json","1135"
"C:\Users\Chris\Documents\GitHub\Control_System\evidence\experiments\runs\hf2_deferred_capacity_20260907\count_0270\timing\dio\0139\metadata.json","1135"
"C:\Users\Chris\Documents\GitHub\Control_System\evidence\experiments\runs\hf2_deferred_capacity_20260907\count_0270\timing\dio\0140\metadata.json","1135"
"C:\Users\Chris\Documents\GitHub\Control_System\evidence\experiments\runs\hf2_deferred_capacity_20260907\count_0270\timing\dio\0141\metadata.json","1135"
"C:\Users\Chris\Documents\GitHub\Control_System\evidence\experiments\runs\hf2_deferred_capacity_20260907\count_0270\timing\dio\0142\metadata.json","1135"
"C:\Users\Chris\Documents\GitHub\Control_System\evidence\experiments\runs\hf2_deferred_capacity_20260907\count_0270\timing\dio\0143\metadata.json","1135"
"C:\Users\Chris\Documents\GitHub\Control_System\evidence\experiments\runs\hf2_deferred_capacity_20260907\count_0270\timing\dio\0144\metadata.json","1135"
"C:\Users\Chris\Documents\GitHub\Control_System\evidence\experiments\runs\hf2_deferred_capacity_20260907\count_0270\timing\dio\0145\metadata.json","1135"
"C:\Users\Chris\Documents\GitHub\Control_System\evidence\experiments\runs\hf2_deferred_capacity_20260907\count_0270\timing\dio\0146\metadata.json","1135"
"C:\Users\Chris\Documents\GitHub\Control_System\evidence\experiments\runs\hf2_deferred_capacity_20260907\count_0270\timing\dio\0147\metadata.json","1135"
"C:\Users\Chris\Documents\GitHub\Control_System\evidence\experiments\runs\hf2_deferred_capacity_20260907\count_0270\timing\dio\0148\metadata.json","1135"
"C:\Users\Chris\Documents\GitHub\Control_System\evidence\experiments\runs\hf2_deferred_capacity_20260907\count_0270\timing\dio\0149\metadata.json","1135"
"C:\Users\Chris\Documents\GitHub\Control_System\evidence\experiments\runs\hf2_deferred_capacity_20260907\count_0270\timing\dio\0150\metadata.json","1135"
"C:\Users\Chris\Documents\GitHub\Control_System\evidence\experiments\runs\hf2_deferred_capacity_20260907\count_0270\timing\dio\0151\metadata.json","1135"
"C:\Users\Chris\Documents\GitHub\Control_System\evidence\experiments\runs\hf2_deferred_capacity_20260907\count_0270\timing\dio\0152\metadata.json","1135"
"C:\Users\Chris\Documents\GitHub\Control_System\evidence\experiments\runs\hf2_deferred_capacity_20260907\count_0270\timing\dio\0153\metadata.json","1135"
"C:\Users\Chris\Documents\GitHub\Control_System\evidence\experiments\runs\hf2_deferred_capacity_20260907\count_0270\timing\dio\0154\metadata.json","1135"
"C:\Users\Chris\Documents\GitHub\Control_System\evidence\experiments\runs\hf2_deferred_capacity_20260907\count_0270\timing\dio\0155\metadata.json","1135"
"C:\Users\Chris\Documents\GitHub\Control_System\evidence\experiments\runs\hf2_deferred_capacity_20260907\count_0270\timing\dio\0156\metadata.json","1135"
"C:\Users\Chris\Documents\GitHub\Control_System\evidence\experiments\runs\hf2_deferred_capacity_20260907\count_0270\timing\dio\0157\metadata.json","1135"
"C:\Users\Chris\Documents\GitHub\Control_System\evidence\experiments\runs\hf2_deferred_capacity_20260907\count_0270\timing\dio\0158\metadata.json","1135"
"C:\Users\Chris\Documents\GitHub\Control_System\evidence\experiments\runs\hf2_deferred_capacity_20260907\count_0270\timing\dio\0159\metadata.json","1135"
"C:\Users\Chris\Documents\GitHub\Control_System\evidence\experiments\runs\hf2_deferred_capacity_20260907\count_0270\timing\dio\0160\metadata.json","1135"
"C:\Users\Chris\Documents\GitHub\Control_System\evidence\experiments\runs\hf2_deferred_capacity_20260907\count_0270\timing\dio\0161\metadata.json","1135"
"C:\Users\Chris\Documents\GitHub\Control_System\evidence\experiments\runs\hf2_deferred_capacity_20260907\count_0270\timing\dio\0162\metadata.json","1135"
"C:\Users\Chris\Documents\GitHub\Control_System\evidence\experiments\runs\hf2_deferred_capacity_20260907\count_0270\timing\dio\0163\metadata.json","1135"
"C:\Users\Chris\Documents\GitHub\Control_System\evidence\experiments\runs\hf2_deferred_capacity_20260907\count_0270\timing\dio\0164\metadata.json","1135"
"C:\Users\Chris\Documents\GitHub\Control_System\evidence\experiments\runs\hf2_deferred_capacity_20260907\count_0270\timing\dio\0165\metadata.json","1135"
"C:\Users\Chris\Documents\GitHub\Control_System\evidence\experiments\runs\hf2_deferred_capacity_20260907\count_0270\timing\dio\0166\metadata.json","1135"
"C:\Users\Chris\Documents\GitHub\Control_System\evidence\experiments\runs\hf2_deferred_capacity_20260907\count_0270\timing\dio\0167\metadata.json","1135"
"C:\Users\Chris\Documents\GitHub\Control_System\evidence\experiments\runs\hf2_deferred_capacity_20260907\count_0270\timing\dio\0168\metadata.json","1135"
"C:\Users\Chris\Documents\GitHub\Control_System\evidence\experiments\runs\hf2_deferred_capacity_20260907\count_0270\timing\dio\0169\metadata.json","1135"
"C:\Users\Chris\Documents\GitHub\Control_System\evidence\experiments\runs\hf2_deferred_capacity_20260907\count_0270\timing\dio\0170\metadata.json","1135"
"C:\Users\Chris\Documents\GitHub\Control_System\evidence\experiments\runs\hf2_deferred_capacity_20260907\count_0270\timing\dio\0171\metadata.json","1135"
"C:\Users\Chris\Documents\GitHub\Control_System\evidence\experiments\runs\hf2_deferred_capacity_20260907\count_0270\timing\dio\0172\metadata.json","1135"
"C:\Users\Chris\Documents\GitHub\Control_System\evidence\experiments\runs\hf2_deferred_capacity_20260907\count_0270\timing\dio\0173\metadata.json","1135"
"C:\Users\Chris\Documents\GitHub\Control_System\evidence\experiments\runs\hf2_deferred_capacity_20260907\count_0270\timing\dio\0174\metadata.json","1135"
"C:\Users\Chris\Documents\GitHub\Control_System\evidence\experiments\runs\hf2_deferred_capacity_20260907\count_0270\timing\dio\0175\metadata.json","1135"
"C:\Users\Chris\Documents\GitHub\Control_System\evidence\experiments\runs\hf2_deferred_capacity_20260907\count_0270\timing\dio\0176\metadata.json","1135"
"C:\Users\Chris\Documents\GitHub\Control_System\evidence\experiments\runs\hf2_deferred_capacity_20260907\count_0270\timing\dio\0177\metadata.json","1135"
"C:\Users\Chris\Documents\GitHub\Control_System\evidence\experiments\runs\hf2_deferred_capacity_20260907\count_0270\timing\dio\0178\metadata.json","1135"
"C:\Users\Chris\Documents\GitHub\Control_System\evidence\experiments\runs\hf2_deferred_capacity_20260907\count_0270\timing\dio\0179\metadata.json","1135"
"C:\Users\Chris\Documents\GitHub\Control_System\evidence\experiments\runs\hf2_deferred_capacity_20260907\count_0270\timing\dio\0180\metadata.json","1135"
"C:\Users\Chris\Documents\GitHub\Control_System\evidence\experiments\runs\hf2_deferred_capacity_20260907\count_0270\timing\dio\0181\metadata.json","1135"
"C:\Users\Chris\Documents\GitHub\Control_System\evidence\experiments\runs\hf2_deferred_capacity_20260907\count_0270\timing\dio\0182\metadata.json","1135"
"C:\Users\Chris\Documents\GitHub\Control_System\evidence\experiments\runs\hf2_deferred_capacity_20260907\count_0270\timing\dio\0183\metadata.json","1135"
"C:\Users\Chris\Documents\GitHub\Control_System\evidence\experiments\runs\hf2_deferred_capacity_20260907\count_0270\timing\dio\0184\metadata.json","1135"
"C:\Users\Chris\Documents\GitHub\Control_System\evidence\experiments\runs\hf2_deferred_capacity_20260907\count_0270\timing\dio\0185\metadata.json","1135"
"C:\Users\Chris\Documents\GitHub\Control_System\evidence\experiments\runs\hf2_deferred_capacity_20260907\count_0270\timing\dio\0186\metadata.json","1135"
"C:\Users\Chris\Documents\GitHub\Control_System\evidence\experiments\runs\hf2_deferred_capacity_20260907\count_0270\timing\dio\0187\metadata.json","1135"
"C:\Users\Chris\Documents\GitHub\Control_System\evidence\experiments\runs\hf2_deferred_capacity_20260907\count_0270\timing\dio\0188\metadata.json","1135"
"C:\Users\Chris\Documents\GitHub\Control_System\evidence\experiments\runs\hf2_deferred_capacity_20260907\count_0270\timing\dio\0189\metadata.json","1135"
"C:\Users\Chris\Documents\GitHub\Control_System\evidence\experiments\runs\hf2_deferred_capacity_20260907\count_0270\timing\dio\0190\metadata.json","1135"
"C:\Users\Chris\Documents\GitHub\Control_System\evidence\experiments\runs\hf2_deferred_capacity_20260907\count_0270\timing\dio\0191\metadata.json","1135"
"C:\Users\Chris\Documents\GitHub\Control_System\evidence\experiments\runs\hf2_deferred_capacity_20260907\count_0270\timing\dio\0192\metadata.json","1135"
"C:\Users\Chris\Documents\GitHub\Control_System\evidence\experiments\runs\hf2_deferred_capacity_20260907\count_0270\timing\dio\0193\metadata.json","1135"
"C:\Users\Chris\Documents\GitHub\Control_System\evidence\experiments\runs\hf2_deferred_capacity_20260907\count_0270\timing\dio\0194\metadata.json","1135"
"C:\Users\Chris\Documents\GitHub\Control_System\evidence\experiments\runs\hf2_deferred_capacity_20260907\count_0270\timing\dio\0195\metadata.json","1135"
"C:\Users\Chris\Documents\GitHub\Control_System\evidence\experiments\runs\hf2_deferred_capacity_20260907\count_0270\timing\dio\0196\metadata.json","1135"
"C:\Users\Chris\Documents\GitHub\Control_System\evidence\experiments\runs\hf2_deferred_capacity_20260907\count_0270\timing\dio\0197\metadata.json","1135"
"C:\Users\Chris\Documents\GitHub\Control_System\evidence\experiments\runs\hf2_deferred_capacity_20260907\count_0270\timing\dio\0198\metadata.json","1135"
"C:\Users\Chris\Documents\GitHub\Control_System\evidence\experiments\runs\hf2_deferred_capacity_20260907\count_0270\timing\dio\0199\metadata.json","1135"
"C:\Users\Chris\Documents\GitHub\Control_System\evidence\experiments\runs\hf2_deferred_capacity_20260907\count_0270\timing\dio\0200\metadata.json","1135"
"C:\Users\Chris\Documents\GitHub\Control_System\evidence\experiments\runs\hf2_deferred_capacity_20260907\count_0270\timing\dio\0201\metadata.json","1135"
"C:\Users\Chris\Documents\GitHub\Control_System\evidence\experiments\runs\hf2_deferred_capacity_20260907\count_0270\timing\dio\0202\metadata.json","1135"
"C:\Users\Chris\Documents\GitHub\Control_System\evidence\experiments\runs\hf2_deferred_capacity_20260907\count_0270\timing\dio\0203\metadata.json","1135"
"C:\Users\Chris\Documents\GitHub\Control_System\evidence\experiments\runs\hf2_deferred_capacity_20260907\count_0270\timing\dio\0204\metadata.json","1135"
"C:\Users\Chris\Documents\GitHub\Control_System\evidence\experiments\runs\hf2_deferred_capacity_20260907\count_0270\timing\dio\0205\metadata.json","1135"
"C:\Users\Chris\Documents\GitHub\Control_System\evidence\experiments\runs\hf2_deferred_capacity_20260907\count_0270\timing\dio\0206\metadata.json","1135"
"C:\Users\Chris\Documents\GitHub\Control_System\evidence\experiments\runs\hf2_deferred_capacity_20260907\count_0270\timing\dio\0207\metadata.json","1135"
"C:\Users\Chris\Documents\GitHub\Control_System\evidence\experiments\runs\hf2_deferred_capacity_20260907\count_0270\timing\dio\0208\metadata.json","1135"
"C:\Users\Chris\Documents\GitHub\Control_System\evidence\experiments\runs\hf2_deferred_capacity_20260907\count_0270\timing\dio\0209\metadata.json","1135"
"C:\Users\Chris\Documents\GitHub\Control_System\evidence\experiments\runs\hf2_deferred_capacity_20260907\count_0270\timing\dio\0210\metadata.json","1135"
"C:\Users\Chris\Documents\GitHub\Control_System\evidence\experiments\runs\hf2_deferred_capacity_20260907\count_0270\timing\dio\0211\metadata.json","1135"
"C:\Users\Chris\Documents\GitHub\Control_System\evidence\experiments\runs\hf2_deferred_capacity_20260907\count_0270\timing\dio\0212\metadata.json","1135"
"C:\Users\Chris\Documents\GitHub\Control_System\evidence\experiments\runs\hf2_deferred_capacity_20260907\count_0270\timing\dio\0213\metadata.json","1135"
"C:\Users\Chris\Documents\GitHub\Control_System\evidence\experiments\runs\hf2_deferred_capacity_20260907\count_0270\timing\dio\0214\metadata.json","1135"
"C:\Users\Chris\Documents\GitHub\Control_System\evidence\experiments\runs\hf2_deferred_capacity_20260907\count_0270\timing\dio\0215\metadata.json","1135"
"C:\Users\Chris\Documents\GitHub\Control_System\evidence\experiments\runs\hf2_deferred_capacity_20260907\count_0270\timing\dio\0216\metadata.json","1135"
"C:\Users\Chris\Documents\GitHub\Control_System\evidence\experiments\runs\hf2_deferred_capacity_20260907\count_0270\timing\dio\0217\metadata.json","1135"
"C:\Users\Chris\Documents\GitHub\Control_System\evidence\experiments\runs\hf2_deferred_capacity_20260907\count_0270\timing\dio\0218\metadata.json","1135"
"C:\Users\Chris\Documents\GitHub\Control_System\evidence\experiments\runs\hf2_deferred_capacity_20260907\count_0270\timing\dio\0219\metadata.json","1135"
"C:\Users\Chris\Documents\GitHub\Control_System\evidence\experiments\runs\hf2_deferred_capacity_20260907\count_0270\timing\dio\0220\metadata.json","1135"
"C:\Users\Chris\Documents\GitHub\Control_System\evidence\experiments\runs\hf2_deferred_capacity_20260907\count_0270\timing\dio\0221\metadata.json","1135"
"C:\Users\Chris\Documents\GitHub\Control_System\evidence\experiments\runs\hf2_deferred_capacity_20260907\count_0270\timing\dio\0222\metadata.json","1135"
"C:\Users\Chris\Documents\GitHub\Control_System\evidence\experiments\runs\hf2_deferred_capacity_20260907\count_0270\timing\dio\0223\metadata.json","1135"
"C:\Users\Chris\Documents\GitHub\Control_System\evidence\experiments\runs\hf2_deferred_capacity_20260907\count_0270\timing\dio\0224\metadata.json","1135"
"C:\Users\Chris\Documents\GitHub\Control_System\evidence\experiments\runs\hf2_deferred_capacity_20260907\count_0270\timing\dio\0225\metadata.json","1135"
"C:\Users\Chris\Documents\GitHub\Control_System\evidence\experiments\runs\hf2_deferred_capacity_20260907\count_0270\timing\dio\0226\metadata.json","1135"
"C:\Users\Chris\Documents\GitHub\Control_System\evidence\experiments\runs\hf2_deferred_capacity_20260907\count_0270\timing\dio\0227\metadata.json","1135"
"C:\Users\Chris\Documents\GitHub\Control_System\evidence\experiments\runs\hf2_deferred_capacity_20260907\count_0270\timing\dio\0228\metadata.json","1135"
"C:\Users\Chris\Documents\GitHub\Control_System\evidence\experiments\runs\hf2_deferred_capacity_20260907\count_0270\timing\dio\0229\metadata.json","1135"
"C:\Users\Chris\Documents\GitHub\Control_System\evidence\experiments\runs\hf2_deferred_capacity_20260907\count_0270\timing\dio\0230\metadata.json","1135"
"C:\Users\Chris\Documents\GitHub\Control_System\evidence\experiments\runs\hf2_deferred_capacity_20260907\count_0270\timing\dio\0231\metadata.json","1135"
"C:\Users\Chris\Documents\GitHub\Control_System\evidence\experiments\runs\hf2_deferred_capacity_20260907\count_0270\timing\dio\0232\metadata.json","1135"
"C:\Users\Chris\Documents\GitHub\Control_System\evidence\experiments\runs\hf2_deferred_capacity_20260907\count_0270\timing\dio\0233\metadata.json","1135"
"C:\Users\Chris\Documents\GitHub\Control_System\evidence\experiments\runs\hf2_deferred_capacity_20260907\count_0270\timing\dio\0234\metadata.json","1135"
"C:\Users\Chris\Documents\GitHub\Control_System\evidence\experiments\runs\hf2_deferred_capacity_20260907\count_0270\timing\dio\0235\metadata.json","1135"
"C:\Users\Chris\Documents\GitHub\Control_System\evidence\experiments\runs\hf2_deferred_capacity_20260907\count_0270\timing\dio\0236\metadata.json","1135"
"C:\Users\Chris\Documents\GitHub\Control_System\evidence\experiments\runs\hf2_deferred_capacity_20260907\count_0270\timing\dio\0237\metadata.json","1135"
"C:\Users\Chris\Documents\GitHub\Control_System\evidence\experiments\runs\hf2_deferred_capacity_20260907\count_0270\timing\dio\0238\metadata.json","1135"
"C:\Users\Chris\Documents\GitHub\Control_System\evidence\experiments\runs\hf2_deferred_capacity_20260907\count_0270\timing\dio\0239\metadata.json","1135"
"C:\Users\Chris\Documents\GitHub\Control_System\evidence\experiments\runs\hf2_deferred_capacity_20260907\count_0270\timing\dio\0240\metadata.json","1135"
"C:\Users\Chris\Documents\GitHub\Control_System\evidence\experiments\runs\hf2_deferred_capacity_20260907\count_0270\timing\dio\0241\metadata.json","1135"
"C:\Users\Chris\Documents\GitHub\Control_System\evidence\experiments\runs\hf2_deferred_capacity_20260907\count_0270\timing\dio\0242\metadata.json","1135"
"C:\Users\Chris\Documents\GitHub\Control_System\evidence\experiments\runs\hf2_deferred_capacity_20260907\count_0270\timing\dio\0243\metadata.json","1135"
"C:\Users\Chris\Documents\GitHub\Control_System\evidence\experiments\runs\hf2_deferred_capacity_20260907\count_0270\timing\dio\0244\metadata.json","1135"
"C:\Users\Chris\Documents\GitHub\Control_System\evidence\experiments\runs\hf2_deferred_capacity_20260907\count_0270\timing\dio\0245\metadata.json","1135"
"C:\Users\Chris\Documents\GitHub\Control_System\evidence\experiments\runs\hf2_deferred_capacity_20260907\count_0270\timing\dio\0246\metadata.json","1135"
"C:\Users\Chris\Documents\GitHub\Control_System\evidence\experiments\runs\hf2_deferred_capacity_20260907\count_0270\timing\dio\0247\metadata.json","1135"
"C:\Users\Chris\Documents\GitHub\Control_System\evidence\experiments\runs\hf2_deferred_capacity_20260907\count_0270\timing\dio\0248\metadata.json","1135"
"C:\Users\Chris\Documents\GitHub\Control_System\evidence\experiments\runs\hf2_deferred_capacity_20260907\count_0270\timing\dio\0249\metadata.json","1135"
"C:\Users\Chris\Documents\GitHub\Control_System\evidence\experiments\runs\hf2_deferred_capacity_20260907\count_0270\timing\dio\0250\metadata.json","1135"
"C:\Users\Chris\Documents\GitHub\Control_System\evidence\experiments\runs\hf2_deferred_capacity_20260907\count_0270\timing\dio\0251\metadata.json","1135"
"C:\Users\Chris\Documents\GitHub\Control_System\evidence\experiments\runs\hf2_deferred_capacity_20260907\count_0270\timing\dio\0252\metadata.json","1135"
"C:\Users\Chris\Documents\GitHub\Control_System\evidence\experiments\runs\hf2_deferred_capacity_20260907\count_0270\timing\dio\0253\metadata.json","1135"
"C:\Users\Chris\Documents\GitHub\Control_System\evidence\experiments\runs\hf2_deferred_capacity_20260907\count_0270\timing\dio\0254\metadata.json","1135"
"C:\Users\Chris\Documents\GitHub\Control_System\evidence\experiments\runs\hf2_deferred_capacity_20260907\count_0270\timing\dio\0255\metadata.json","1135"
"C:\Users\Chris\Documents\GitHub\Control_System\evidence\experiments\runs\hf2_deferred_capacity_20260907\count_0270\timing\dio\0256\metadata.json","1135"
"C:\Users\Chris\Documents\GitHub\Control_System\evidence\experiments\runs\hf2_deferred_capacity_20260907\count_0270\timing\dio\0257\metadata.json","1135"
"C:\Users\Chris\Documents\GitHub\Control_System\evidence\experiments\runs\hf2_deferred_capacity_20260907\count_0270\timing\dio\0258\metadata.json","1135"
"C:\Users\Chris\Documents\GitHub\Control_System\evidence\experiments\runs\hf2_deferred_capacity_20260907\count_0270\timing\dio\0259\metadata.json","1135"
"C:\Users\Chris\Documents\GitHub\Control_System\evidence\experiments\runs\hf2_deferred_capacity_20260907\count_0270\timing\dio\0260\metadata.json","1135"
"C:\Users\Chris\Documents\GitHub\Control_System\evidence\experiments\runs\hf2_deferred_capacity_20260907\count_0270\timing\dio\0261\metadata.json","1135"
"C:\Users\Chris\Documents\GitHub\Control_System\evidence\experiments\runs\hf2_deferred_capacity_20260907\count_0270\timing\dio\0262\metadata.json","1135"
"C:\Users\Chris\Documents\GitHub\Control_System\evidence\experiments\runs\hf2_deferred_capacity_20260907\count_0270\timing\dio\0263\metadata.json","1135"
"C:\Users\Chris\Documents\GitHub\Control_System\evidence\experiments\runs\hf2_deferred_capacity_20260907\count_0270\timing\dio\0264\metadata.json","1135"
"C:\Users\Chris\Documents\GitHub\Control_System\evidence\experiments\runs\hf2_deferred_capacity_20260907\count_0270\timing\dio\0265\metadata.json","1135"
"C:\Users\Chris\Documents\GitHub\Control_System\evidence\experiments\runs\hf2_deferred_capacity_20260907\count_0270\timing\dio\0266\metadata.json","1135"
"C:\Users\Chris\Documents\GitHub\Control_System\evidence\experiments\runs\hf2_deferred_capacity_20260907\count_0270\timing\dio\0267\metadata.json","1135"
"C:\Users\Chris\Documents\GitHub\Control_System\evidence\experiments\runs\hf2_deferred_capacity_20260907\count_0270\timing\dio\0268\metadata.json","1135"
"C:\Users\Chris\Documents\GitHub\Control_System\evidence\experiments\runs\hf2_deferred_capacity_20260907\count_0270\timing\dio\0269\metadata.json","1135"
"C:\Users\Chris\Documents\GitHub\Control_System\evidence\experiments\runs\hf2_deferred_capacity_20260907\extended\before.json","635"
"C:\Users\Chris\Documents\GitHub\Control_System\evidence\experiments\runs\hf2_deferred_capacity_20260907\extended\protocol.json","750"
"C:\Users\Chris\Documents\GitHub\Control_System\evidence\experiments\runs\hf2_deferred_capacity_20260907\extended\restoration.json","1061"
"C:\Users\Chris\Documents\GitHub\Control_System\evidence\experiments\runs\hf2_deferred_capacity_20260907\extended\results.json","269407"
"C:\Users\Chris\Documents\GitHub\Control_System\evidence\experiments\runs\hf2_deferred_capacity_20260907\extended\count_0320\detectors_configuration.json","295"
"C:\Users\Chris\Documents\GitHub\Control_System\evidence\experiments\runs\hf2_deferred_capacity_20260907\extended\count_0320\memory.json","27911"
"C:\Users\Chris\Documents\GitHub\Control_System\evidence\experiments\runs\hf2_deferred_capacity_20260907\extended\count_0320\result.json","248233"
"C:\Users\Chris\Documents\GitHub\Control_System\evidence\experiments\runs\hf2_deferred_capacity_20260907\extended\count_0320\timing_configuration.json","295"
"C:\Users\Chris\Documents\GitHub\Control_System\evidence\experiments\runs\hf2_deferred_capacity_20260907\extended\count_0320\detectors\x\0000\metadata.json","1133"
"C:\Users\Chris\Documents\GitHub\Control_System\evidence\experiments\runs\hf2_deferred_capacity_20260907\extended\count_0320\detectors\x\0001\metadata.json","1133"
"C:\Users\Chris\Documents\GitHub\Control_System\evidence\experiments\runs\hf2_deferred_capacity_20260907\extended\count_0320\detectors\x\0002\metadata.json","1133"
"C:\Users\Chris\Documents\GitHub\Control_System\evidence\experiments\runs\hf2_deferred_capacity_20260907\extended\count_0320\detectors\x\0003\metadata.json","1133"
"C:\Users\Chris\Documents\GitHub\Control_System\evidence\experiments\runs\hf2_deferred_capacity_20260907\extended\count_0320\detectors\x\0004\metadata.json","1133"
"C:\Users\Chris\Documents\GitHub\Control_System\evidence\experiments\runs\hf2_deferred_capacity_20260907\extended\count_0320\detectors\x\0005\metadata.json","1133"
"C:\Users\Chris\Documents\GitHub\Control_System\evidence\experiments\runs\hf2_deferred_capacity_20260907\extended\count_0320\detectors\x\0006\metadata.json","1133"
"C:\Users\Chris\Documents\GitHub\Control_System\evidence\experiments\runs\hf2_deferred_capacity_20260907\extended\count_0320\detectors\x\0007\metadata.json","1133"
"C:\Users\Chris\Documents\GitHub\Control_System\evidence\experiments\runs\hf2_deferred_capacity_20260907\extended\count_0320\detectors\x\0008\metadata.json","1133"
"C:\Users\Chris\Documents\GitHub\Control_System\evidence\experiments\runs\hf2_deferred_capacity_20260907\extended\count_0320\detectors\x\0009\metadata.json","1133"
"C:\Users\Chris\Documents\GitHub\Control_System\evidence\experiments\runs\hf2_deferred_capacity_20260907\extended\count_0320\detectors\x\0010\metadata.json","1134"
"C:\Users\Chris\Documents\GitHub\Control_System\evidence\experiments\runs\hf2_deferred_capacity_20260907\extended\count_0320\detectors\x\0011\metadata.json","1134"
"C:\Users\Chris\Documents\GitHub\Control_System\evidence\experiments\runs\hf2_deferred_capacity_20260907\extended\count_0320\detectors\x\0012\metadata.json","1134"
"C:\Users\Chris\Documents\GitHub\Control_System\evidence\experiments\runs\hf2_deferred_capacity_20260907\extended\count_0320\detectors\x\0013\metadata.json","1134"
"C:\Users\Chris\Documents\GitHub\Control_System\evidence\experiments\runs\hf2_deferred_capacity_20260907\extended\count_0320\detectors\x\0014\metadata.json","1134"
"C:\Users\Chris\Documents\GitHub\Control_System\evidence\experiments\runs\hf2_deferred_capacity_20260907\extended\count_0320\detectors\x\0015\metadata.json","1134"
"C:\Users\Chris\Documents\GitHub\Control_System\evidence\experiments\runs\hf2_deferred_capacity_20260907\extended\count_0320\detectors\x\0016\metadata.json","1134"
"C:\Users\Chris\Documents\GitHub\Control_System\evidence\experiments\runs\hf2_deferred_capacity_20260907\extended\count_0320\detectors\x\0017\metadata.json","1134"
"C:\Users\Chris\Documents\GitHub\Control_System\evidence\experiments\runs\hf2_deferred_capacity_20260907\extended\count_0320\detectors\x\0018\metadata.json","1134"
"C:\Users\Chris\Documents\GitHub\Control_System\evidence\experiments\runs\hf2_deferred_capacity_20260907\extended\count_0320\detectors\x\0019\metadata.json","1134"
"C:\Users\Chris\Documents\GitHub\Control_System\evidence\experiments\runs\hf2_deferred_capacity_20260907\extended\count_0320\detectors\x\0020\metadata.json","1134"
"C:\Users\Chris\Documents\GitHub\Control_System\evidence\experiments\runs\hf2_deferred_capacity_20260907\extended\count_0320\detectors\x\0021\metadata.json","1134"
"C:\Users\Chris\Documents\GitHub\Control_System\evidence\experiments\runs\hf2_deferred_capacity_20260907\extended\count_0320\detectors\x\0022\metadata.json","1134"
"C:\Users\Chris\Documents\GitHub\Control_System\evidence\experiments\runs\hf2_deferred_capacity_20260907\extended\count_0320\detectors\x\0023\metadata.json","1134"
"C:\Users\Chris\Documents\GitHub\Control_System\evidence\experiments\runs\hf2_deferred_capacity_20260907\extended\count_0320\detectors\x\0024\metadata.json","1134"
"C:\Users\Chris\Documents\GitHub\Control_System\evidence\experiments\runs\hf2_deferred_capacity_20260907\extended\count_0320\detectors\x\0025\metadata.json","1134"
"C:\Users\Chris\Documents\GitHub\Control_System\evidence\experiments\runs\hf2_deferred_capacity_20260907\extended\count_0320\detectors\x\0026\metadata.json","1134"
"C:\Users\Chris\Documents\GitHub\Control_System\evidence\experiments\runs\hf2_deferred_capacity_20260907\extended\count_0320\detectors\x\0027\metadata.json","1134"
"C:\Users\Chris\Documents\GitHub\Control_System\evidence\experiments\runs\hf2_deferred_capacity_20260907\extended\count_0320\detectors\x\0028\metadata.json","1134"
"C:\Users\Chris\Documents\GitHub\Control_System\evidence\experiments\runs\hf2_deferred_capacity_20260907\extended\count_0320\detectors\x\0029\metadata.json","1134"
"C:\Users\Chris\Documents\GitHub\Control_System\evidence\experiments\runs\hf2_deferred_capacity_20260907\extended\count_0320\detectors\x\0030\metadata.json","1134"
"C:\Users\Chris\Documents\GitHub\Control_System\evidence\experiments\runs\hf2_deferred_capacity_20260907\extended\count_0320\detectors\x\0031\metadata.json","1134"
"C:\Users\Chris\Documents\GitHub\Control_System\evidence\experiments\runs\hf2_deferred_capacity_20260907\extended\count_0320\detectors\x\0032\metadata.json","1134"
"C:\Users\Chris\Documents\GitHub\Control_System\evidence\experiments\runs\hf2_deferred_capacity_20260907\extended\count_0320\detectors\x\0033\metadata.json","1134"
"C:\Users\Chris\Documents\GitHub\Control_System\evidence\experiments\runs\hf2_deferred_capacity_20260907\extended\count_0320\detectors\x\0034\metadata.json","1134"
"C:\Users\Chris\Documents\GitHub\Control_System\evidence\experiments\runs\hf2_deferred_capacity_20260907\extended\count_0320\detectors\x\0035\metadata.json","1134"
"C:\Users\Chris\Documents\GitHub\Control_System\evidence\experiments\runs\hf2_deferred_capacity_20260907\extended\count_0320\detectors\x\0036\metadata.json","1134"
"C:\Users\Chris\Documents\GitHub\Control_System\evidence\experiments\runs\hf2_deferred_capacity_20260907\extended\count_0320\detectors\x\0037\metadata.json","1134"
"C:\Users\Chris\Documents\GitHub\Control_System\evidence\experiments\runs\hf2_deferred_capacity_20260907\extended\count_0320\detectors\x\0038\metadata.json","1134"
"C:\Users\Chris\Documents\GitHub\Control_System\evidence\experiments\runs\hf2_deferred_capacity_20260907\extended\count_0320\detectors\x\0039\metadata.json","1134"
"C:\Users\Chris\Documents\GitHub\Control_System\evidence\experiments\runs\hf2_deferred_capacity_20260907\extended\count_0320\detectors\x\0040\metadata.json","1134"
"C:\Users\Chris\Documents\GitHub\Control_System\evidence\experiments\runs\hf2_deferred_capacity_20260907\extended\count_0320\detectors\x\0041\metadata.json","1134"
"C:\Users\Chris\Documents\GitHub\Control_System\evidence\experiments\runs\hf2_deferred_capacity_20260907\extended\count_0320\detectors\x\0042\metadata.json","1134"
"C:\Users\Chris\Documents\GitHub\Control_System\evidence\experiments\runs\hf2_deferred_capacity_20260907\extended\count_0320\detectors\x\0043\metadata.json","1134"
"C:\Users\Chris\Documents\GitHub\Control_System\evidence\experiments\runs\hf2_deferred_capacity_20260907\extended\count_0320\detectors\x\0044\metadata.json","1134"
"C:\Users\Chris\Documents\GitHub\Control_System\evidence\experiments\runs\hf2_deferred_capacity_20260907\extended\count_0320\detectors\x\0045\metadata.json","1134"
"C:\Users\Chris\Documents\GitHub\Control_System\evidence\experiments\runs\hf2_deferred_capacity_20260907\extended\count_0320\detectors\x\0046\metadata.json","1134"
"C:\Users\Chris\Documents\GitHub\Control_System\evidence\experiments\runs\hf2_deferred_capacity_20260907\extended\count_0320\detectors\x\0047\metadata.json","1134"
"C:\Users\Chris\Documents\GitHub\Control_System\evidence\experiments\runs\hf2_deferred_capacity_20260907\extended\count_0320\detectors\x\0048\metadata.json","1134"
"C:\Users\Chris\Documents\GitHub\Control_System\evidence\experiments\runs\hf2_deferred_capacity_20260907\extended\count_0320\detectors\x\0049\metadata.json","1134"
"C:\Users\Chris\Documents\GitHub\Control_System\evidence\experiments\runs\hf2_deferred_capacity_20260907\extended\count_0320\detectors\x\0050\metadata.json","1134"
"C:\Users\Chris\Documents\GitHub\Control_System\evidence\experiments\runs\hf2_deferred_capacity_20260907\extended\count_0320\detectors\x\0051\metadata.json","1134"
"C:\Users\Chris\Documents\GitHub\Control_System\evidence\experiments\runs\hf2_deferred_capacity_20260907\extended\count_0320\detectors\x\0052\metadata.json","1134"
"C:\Users\Chris\Documents\GitHub\Control_System\evidence\experiments\runs\hf2_deferred_capacity_20260907\extended\count_0320\detectors\x\0053\metadata.json","1134"
"C:\Users\Chris\Documents\GitHub\Control_System\evidence\experiments\runs\hf2_deferred_capacity_20260907\extended\count_0320\detectors\x\0054\metadata.json","1134"
"C:\Users\Chris\Documents\GitHub\Control_System\evidence\experiments\runs\hf2_deferred_capacity_20260907\extended\count_0320\detectors\x\0055\metadata.json","1134"
"C:\Users\Chris\Documents\GitHub\Control_System\evidence\experiments\runs\hf2_deferred_capacity_20260907\extended\count_0320\detectors\x\0056\metadata.json","1134"
"C:\Users\Chris\Documents\GitHub\Control_System\evidence\experiments\runs\hf2_deferred_capacity_20260907\extended\count_0320\detectors\x\0057\metadata.json","1134"
"C:\Users\Chris\Documents\GitHub\Control_System\evidence\experiments\runs\hf2_deferred_capacity_20260907\extended\count_0320\detectors\x\0058\metadata.json","1134"
"C:\Users\Chris\Documents\GitHub\Control_System\evidence\experiments\runs\hf2_deferred_capacity_20260907\extended\count_0320\detectors\x\0059\metadata.json","1134"
"C:\Users\Chris\Documents\GitHub\Control_System\evidence\experiments\runs\hf2_deferred_capacity_20260907\extended\count_0320\detectors\x\0060\metadata.json","1134"
"C:\Users\Chris\Documents\GitHub\Control_System\evidence\experiments\runs\hf2_deferred_capacity_20260907\extended\count_0320\detectors\x\0061\metadata.json","1134"
"C:\Users\Chris\Documents\GitHub\Control_System\evidence\experiments\runs\hf2_deferred_capacity_20260907\extended\count_0320\detectors\x\0062\metadata.json","1134"
"C:\Users\Chris\Documents\GitHub\Control_System\evidence\experiments\runs\hf2_deferred_capacity_20260907\extended\count_0320\detectors\x\0063\metadata.json","1134"
"C:\Users\Chris\Documents\GitHub\Control_System\evidence\experiments\runs\hf2_deferred_capacity_20260907\extended\count_0320\detectors\x\0064\metadata.json","1134"
"C:\Users\Chris\Documents\GitHub\Control_System\evidence\experiments\runs\hf2_deferred_capacity_20260907\extended\count_0320\detectors\x\0065\metadata.json","1134"
"C:\Users\Chris\Documents\GitHub\Control_System\evidence\experiments\runs\hf2_deferred_capacity_20260907\extended\count_0320\detectors\x\0066\metadata.json","1134"
"C:\Users\Chris\Documents\GitHub\Control_System\evidence\experiments\runs\hf2_deferred_capacity_20260907\extended\count_0320\detectors\x\0067\metadata.json","1134"
"C:\Users\Chris\Documents\GitHub\Control_System\evidence\experiments\runs\hf2_deferred_capacity_20260907\extended\count_0320\detectors\x\0068\metadata.json","1134"
"C:\Users\Chris\Documents\GitHub\Control_System\evidence\experiments\runs\hf2_deferred_capacity_20260907\extended\count_0320\detectors\x\0069\metadata.json","1134"
"C:\Users\Chris\Documents\GitHub\Control_System\evidence\experiments\runs\hf2_deferred_capacity_20260907\extended\count_0320\detectors\x\0070\metadata.json","1134"
"C:\Users\Chris\Documents\GitHub\Control_System\evidence\experiments\runs\hf2_deferred_capacity_20260907\extended\count_0320\detectors\x\0071\metadata.json","1134"
"C:\Users\Chris\Documents\GitHub\Control_System\evidence\experiments\runs\hf2_deferred_capacity_20260907\extended\count_0320\detectors\x\0072\metadata.json","1134"
"C:\Users\Chris\Documents\GitHub\Control_System\evidence\experiments\runs\hf2_deferred_capacity_20260907\extended\count_0320\detectors\x\0073\metadata.json","1134"
"C:\Users\Chris\Documents\GitHub\Control_System\evidence\experiments\runs\hf2_deferred_capacity_20260907\extended\count_0320\detectors\x\0074\metadata.json","1134"
"C:\Users\Chris\Documents\GitHub\Control_System\evidence\experiments\runs\hf2_deferred_capacity_20260907\extended\count_0320\detectors\x\0075\metadata.json","1134"
"C:\Users\Chris\Documents\GitHub\Control_System\evidence\experiments\runs\hf2_deferred_capacity_20260907\extended\count_0320\detectors\x\0076\metadata.json","1134"
"C:\Users\Chris\Documents\GitHub\Control_System\evidence\experiments\runs\hf2_deferred_capacity_20260907\extended\count_0320\detectors\x\0077\metadata.json","1134"
"C:\Users\Chris\Documents\GitHub\Control_System\evidence\experiments\runs\hf2_deferred_capacity_20260907\extended\count_0320\detectors\x\0078\metadata.json","1134"
"C:\Users\Chris\Documents\GitHub\Control_System\evidence\experiments\runs\hf2_deferred_capacity_20260907\extended\count_0320\detectors\x\0079\metadata.json","1134"
"C:\Users\Chris\Documents\GitHub\Control_System\evidence\experiments\runs\hf2_deferred_capacity_20260907\extended\count_0320\detectors\x\0080\metadata.json","1134"
"C:\Users\Chris\Documents\GitHub\Control_System\evidence\experiments\runs\hf2_deferred_capacity_20260907\extended\count_0320\detectors\x\0081\metadata.json","1134"
"C:\Users\Chris\Documents\GitHub\Control_System\evidence\experiments\runs\hf2_deferred_capacity_20260907\extended\count_0320\detectors\x\0082\metadata.json","1134"
"C:\Users\Chris\Documents\GitHub\Control_System\evidence\experiments\runs\hf2_deferred_capacity_20260907\extended\count_0320\detectors\x\0083\metadata.json","1134"
"C:\Users\Chris\Documents\GitHub\Control_System\evidence\experiments\runs\hf2_deferred_capacity_20260907\extended\count_0320\detectors\x\0084\metadata.json","1134"
"C:\Users\Chris\Documents\GitHub\Control_System\evidence\experiments\runs\hf2_deferred_capacity_20260907\extended\count_0320\detectors\x\0085\metadata.json","1134"
"C:\Users\Chris\Documents\GitHub\Control_System\evidence\experiments\runs\hf2_deferred_capacity_20260907\extended\count_0320\detectors\x\0086\metadata.json","1134"
"C:\Users\Chris\Documents\GitHub\Control_System\evidence\experiments\runs\hf2_deferred_capacity_20260907\extended\count_0320\detectors\x\0087\metadata.json","1134"
"C:\Users\Chris\Documents\GitHub\Control_System\evidence\experiments\runs\hf2_deferred_capacity_20260907\extended\count_0320\detectors\x\0088\metadata.json","1134"
"C:\Users\Chris\Documents\GitHub\Control_System\evidence\experiments\runs\hf2_deferred_capacity_20260907\extended\count_0320\detectors\x\0089\metadata.json","1134"
"C:\Users\Chris\Documents\GitHub\Control_System\evidence\experiments\runs\hf2_deferred_capacity_20260907\extended\count_0320\detectors\x\0090\metadata.json","1134"
"C:\Users\Chris\Documents\GitHub\Control_System\evidence\experiments\runs\hf2_deferred_capacity_20260907\extended\count_0320\detectors\x\0091\metadata.json","1134"
"C:\Users\Chris\Documents\GitHub\Control_System\evidence\experiments\runs\hf2_deferred_capacity_20260907\extended\count_0320\detectors\x\0092\metadata.json","1134"
"C:\Users\Chris\Documents\GitHub\Control_System\evidence\experiments\runs\hf2_deferred_capacity_20260907\extended\count_0320\detectors\x\0093\metadata.json","1134"
"C:\Users\Chris\Documents\GitHub\Control_System\evidence\experiments\runs\hf2_deferred_capacity_20260907\extended\count_0320\detectors\x\0094\metadata.json","1134"
"C:\Users\Chris\Documents\GitHub\Control_System\evidence\experiments\runs\hf2_deferred_capacity_20260907\extended\count_0320\detectors\x\0095\metadata.json","1134"
"C:\Users\Chris\Documents\GitHub\Control_System\evidence\experiments\runs\hf2_deferred_capacity_20260907\extended\count_0320\detectors\x\0096\metadata.json","1134"
"C:\Users\Chris\Documents\GitHub\Control_System\evidence\experiments\runs\hf2_deferred_capacity_20260907\extended\count_0320\detectors\x\0097\metadata.json","1134"
"C:\Users\Chris\Documents\GitHub\Control_System\evidence\experiments\runs\hf2_deferred_capacity_20260907\extended\count_0320\detectors\x\0098\metadata.json","1134"
"C:\Users\Chris\Documents\GitHub\Control_System\evidence\experiments\runs\hf2_deferred_capacity_20260907\extended\count_0320\detectors\x\0099\metadata.json","1134"
"C:\Users\Chris\Documents\GitHub\Control_System\evidence\experiments\runs\hf2_deferred_capacity_20260907\extended\count_0320\detectors\x\0100\metadata.json","1135"
"C:\Users\Chris\Documents\GitHub\Control_System\evidence\experiments\runs\hf2_deferred_capacity_20260907\extended\count_0320\detectors\x\0101\metadata.json","1135"
"C:\Users\Chris\Documents\GitHub\Control_System\evidence\experiments\runs\hf2_deferred_capacity_20260907\extended\count_0320\detectors\x\0102\metadata.json","1135"
"C:\Users\Chris\Documents\GitHub\Control_System\evidence\experiments\runs\hf2_deferred_capacity_20260907\extended\count_0320\detectors\x\0103\metadata.json","1135"
"C:\Users\Chris\Documents\GitHub\Control_System\evidence\experiments\runs\hf2_deferred_capacity_20260907\extended\count_0320\detectors\x\0104\metadata.json","1135"
"C:\Users\Chris\Documents\GitHub\Control_System\evidence\experiments\runs\hf2_deferred_capacity_20260907\extended\count_0320\detectors\x\0105\metadata.json","1135"
"C:\Users\Chris\Documents\GitHub\Control_System\evidence\experiments\runs\hf2_deferred_capacity_20260907\extended\count_0320\detectors\x\0106\metadata.json","1135"
"C:\Users\Chris\Documents\GitHub\Control_System\evidence\experiments\runs\hf2_deferred_capacity_20260907\extended\count_0320\detectors\x\0107\metadata.json","1135"
"C:\Users\Chris\Documents\GitHub\Control_System\evidence\experiments\runs\hf2_deferred_capacity_20260907\extended\count_0320\detectors\x\0108\metadata.json","1135"
"C:\Users\Chris\Documents\GitHub\Control_System\evidence\experiments\runs\hf2_deferred_capacity_20260907\extended\count_0320\detectors\x\0109\metadata.json","1135"
"C:\Users\Chris\Documents\GitHub\Control_System\evidence\experiments\runs\hf2_deferred_capacity_20260907\extended\count_0320\detectors\x\0110\metadata.json","1135"
"C:\Users\Chris\Documents\GitHub\Control_System\evidence\experiments\runs\hf2_deferred_capacity_20260907\extended\count_0320\detectors\x\0111\metadata.json","1135"
"C:\Users\Chris\Documents\GitHub\Control_System\evidence\experiments\runs\hf2_deferred_capacity_20260907\extended\count_0320\detectors\x\0112\metadata.json","1135"
"C:\Users\Chris\Documents\GitHub\Control_System\evidence\experiments\runs\hf2_deferred_capacity_20260907\extended\count_0320\detectors\x\0113\metadata.json","1135"
"C:\Users\Chris\Documents\GitHub\Control_System\evidence\experiments\runs\hf2_deferred_capacity_20260907\extended\count_0320\detectors\x\0114\metadata.json","1135"
"C:\Users\Chris\Documents\GitHub\Control_System\evidence\experiments\runs\hf2_deferred_capacity_20260907\extended\count_0320\detectors\x\0115\metadata.json","1135"
"C:\Users\Chris\Documents\GitHub\Control_System\evidence\experiments\runs\hf2_deferred_capacity_20260907\extended\count_0320\detectors\x\0116\metadata.json","1135"
"C:\Users\Chris\Documents\GitHub\Control_System\evidence\experiments\runs\hf2_deferred_capacity_20260907\extended\count_0320\detectors\x\0117\metadata.json","1135"
"C:\Users\Chris\Documents\GitHub\Control_System\evidence\experiments\runs\hf2_deferred_capacity_20260907\extended\count_0320\detectors\x\0118\metadata.json","1135"
"C:\Users\Chris\Documents\GitHub\Control_System\evidence\experiments\runs\hf2_deferred_capacity_20260907\extended\count_0320\detectors\x\0119\metadata.json","1135"
"C:\Users\Chris\Documents\GitHub\Control_System\evidence\experiments\runs\hf2_deferred_capacity_20260907\extended\count_0320\detectors\x\0120\metadata.json","1135"
"C:\Users\Chris\Documents\GitHub\Control_System\evidence\experiments\runs\hf2_deferred_capacity_20260907\extended\count_0320\detectors\x\0121\metadata.json","1135"
"C:\Users\Chris\Documents\GitHub\Control_System\evidence\experiments\runs\hf2_deferred_capacity_20260907\extended\count_0320\detectors\x\0122\metadata.json","1135"
"C:\Users\Chris\Documents\GitHub\Control_System\evidence\experiments\runs\hf2_deferred_capacity_20260907\extended\count_0320\detectors\x\0123\metadata.json","1135"
"C:\Users\Chris\Documents\GitHub\Control_System\evidence\experiments\runs\hf2_deferred_capacity_20260907\extended\count_0320\detectors\x\0124\metadata.json","1135"
"C:\Users\Chris\Documents\GitHub\Control_System\evidence\experiments\runs\hf2_deferred_capacity_20260907\extended\count_0320\detectors\x\0125\metadata.json","1135"
"C:\Users\Chris\Documents\GitHub\Control_System\evidence\experiments\runs\hf2_deferred_capacity_20260907\extended\count_0320\detectors\x\0126\metadata.json","1135"
"C:\Users\Chris\Documents\GitHub\Control_System\evidence\experiments\runs\hf2_deferred_capacity_20260907\extended\count_0320\detectors\x\0127\metadata.json","1135"
"C:\Users\Chris\Documents\GitHub\Control_System\evidence\experiments\runs\hf2_deferred_capacity_20260907\extended\count_0320\detectors\x\0128\metadata.json","1135"
"C:\Users\Chris\Documents\GitHub\Control_System\evidence\experiments\runs\hf2_deferred_capacity_20260907\extended\count_0320\detectors\x\0129\metadata.json","1135"
"C:\Users\Chris\Documents\GitHub\Control_System\evidence\experiments\runs\hf2_deferred_capacity_20260907\extended\count_0320\detectors\x\0130\metadata.json","1135"
"C:\Users\Chris\Documents\GitHub\Control_System\evidence\experiments\runs\hf2_deferred_capacity_20260907\extended\count_0320\detectors\x\0131\metadata.json","1135"
"C:\Users\Chris\Documents\GitHub\Control_System\evidence\experiments\runs\hf2_deferred_capacity_20260907\extended\count_0320\detectors\x\0132\metadata.json","1135"
"C:\Users\Chris\Documents\GitHub\Control_System\evidence\experiments\runs\hf2_deferred_capacity_20260907\extended\count_0320\detectors\x\0133\metadata.json","1135"
"C:\Users\Chris\Documents\GitHub\Control_System\evidence\experiments\runs\hf2_deferred_capacity_20260907\extended\count_0320\detectors\x\0134\metadata.json","1135"
"C:\Users\Chris\Documents\GitHub\Control_System\evidence\experiments\runs\hf2_deferred_capacity_20260907\extended\count_0320\detectors\x\0135\metadata.json","1135"
"C:\Users\Chris\Documents\GitHub\Control_System\evidence\experiments\runs\hf2_deferred_capacity_20260907\extended\count_0320\detectors\x\0136\metadata.json","1135"
"C:\Users\Chris\Documents\GitHub\Control_System\evidence\experiments\runs\hf2_deferred_capacity_20260907\extended\count_0320\detectors\x\0137\metadata.json","1135"
"C:\Users\Chris\Documents\GitHub\Control_System\evidence\experiments\runs\hf2_deferred_capacity_20260907\extended\count_0320\detectors\x\0138\metadata.json","1135"
"C:\Users\Chris\Documents\GitHub\Control_System\evidence\experiments\runs\hf2_deferred_capacity_20260907\extended\count_0320\detectors\x\0139\metadata.json","1135"
"C:\Users\Chris\Documents\GitHub\Control_System\evidence\experiments\runs\hf2_deferred_capacity_20260907\extended\count_0320\detectors\x\0140\metadata.json","1135"
"C:\Users\Chris\Documents\GitHub\Control_System\evidence\experiments\runs\hf2_deferred_capacity_20260907\extended\count_0320\detectors\x\0141\metadata.json","1135"
"C:\Users\Chris\Documents\GitHub\Control_System\evidence\experiments\runs\hf2_deferred_capacity_20260907\extended\count_0320\detectors\x\0142\metadata.json","1135"
"C:\Users\Chris\Documents\GitHub\Control_System\evidence\experiments\runs\hf2_deferred_capacity_20260907\extended\count_0320\detectors\x\0143\metadata.json","1135"
"C:\Users\Chris\Documents\GitHub\Control_System\evidence\experiments\runs\hf2_deferred_capacity_20260907\extended\count_0320\detectors\x\0144\metadata.json","1135"
"C:\Users\Chris\Documents\GitHub\Control_System\evidence\experiments\runs\hf2_deferred_capacity_20260907\extended\count_0320\detectors\x\0145\metadata.json","1135"
"C:\Users\Chris\Documents\GitHub\Control_System\evidence\experiments\runs\hf2_deferred_capacity_20260907\extended\count_0320\detectors\x\0146\metadata.json","1135"
"C:\Users\Chris\Documents\GitHub\Control_System\evidence\experiments\runs\hf2_deferred_capacity_20260907\extended\count_0320\detectors\x\0147\metadata.json","1135"
"C:\Users\Chris\Documents\GitHub\Control_System\evidence\experiments\runs\hf2_deferred_capacity_20260907\extended\count_0320\detectors\x\0148\metadata.json","1135"
"C:\Users\Chris\Documents\GitHub\Control_System\evidence\experiments\runs\hf2_deferred_capacity_20260907\extended\count_0320\detectors\x\0149\metadata.json","1135"
"C:\Users\Chris\Documents\GitHub\Control_System\evidence\experiments\runs\hf2_deferred_capacity_20260907\extended\count_0320\detectors\x\0150\metadata.json","1135"
"C:\Users\Chris\Documents\GitHub\Control_System\evidence\experiments\runs\hf2_deferred_capacity_20260907\extended\count_0320\detectors\x\0151\metadata.json","1135"
"C:\Users\Chris\Documents\GitHub\Control_System\evidence\experiments\runs\hf2_deferred_capacity_20260907\extended\count_0320\detectors\x\0152\metadata.json","1135"
"C:\Users\Chris\Documents\GitHub\Control_System\evidence\experiments\runs\hf2_deferred_capacity_20260907\extended\count_0320\detectors\x\0153\metadata.json","1135"
"C:\Users\Chris\Documents\GitHub\Control_System\evidence\experiments\runs\hf2_deferred_capacity_20260907\extended\count_0320\detectors\x\0154\metadata.json","1135"
"C:\Users\Chris\Documents\GitHub\Control_System\evidence\experiments\runs\hf2_deferred_capacity_20260907\extended\count_0320\detectors\x\0155\metadata.json","1135"
"C:\Users\Chris\Documents\GitHub\Control_System\evidence\experiments\runs\hf2_deferred_capacity_20260907\extended\count_0320\detectors\x\0156\metadata.json","1135"
"C:\Users\Chris\Documents\GitHub\Control_System\evidence\experiments\runs\hf2_deferred_capacity_20260907\extended\count_0320\detectors\x\0157\metadata.json","1135"
"C:\Users\Chris\Documents\GitHub\Control_System\evidence\experiments\runs\hf2_deferred_capacity_20260907\extended\count_0320\detectors\x\0158\metadata.json","1135"
"C:\Users\Chris\Documents\GitHub\Control_System\evidence\experiments\runs\hf2_deferred_capacity_20260907\extended\count_0320\detectors\x\0159\metadata.json","1135"
"C:\Users\Chris\Documents\GitHub\Control_System\evidence\experiments\runs\hf2_deferred_capacity_20260907\extended\count_0320\detectors\x\0160\metadata.json","1135"
"C:\Users\Chris\Documents\GitHub\Control_System\evidence\experiments\runs\hf2_deferred_capacity_20260907\extended\count_0320\detectors\x\0161\metadata.json","1135"
"C:\Users\Chris\Documents\GitHub\Control_System\evidence\experiments\runs\hf2_deferred_capacity_20260907\extended\count_0320\detectors\x\0162\metadata.json","1135"
"C:\Users\Chris\Documents\GitHub\Control_System\evidence\experiments\runs\hf2_deferred_capacity_20260907\extended\count_0320\detectors\x\0163\metadata.json","1135"
"C:\Users\Chris\Documents\GitHub\Control_System\evidence\experiments\runs\hf2_deferred_capacity_20260907\extended\count_0320\detectors\x\0164\metadata.json","1135"
"C:\Users\Chris\Documents\GitHub\Control_System\evidence\experiments\runs\hf2_deferred_capacity_20260907\extended\count_0320\detectors\x\0165\metadata.json","1135"
"C:\Users\Chris\Documents\GitHub\Control_System\evidence\experiments\runs\hf2_deferred_capacity_20260907\extended\count_0320\detectors\x\0166\metadata.json","1135"
"C:\Users\Chris\Documents\GitHub\Control_System\evidence\experiments\runs\hf2_deferred_capacity_20260907\extended\count_0320\detectors\x\0167\metadata.json","1135"
"C:\Users\Chris\Documents\GitHub\Control_System\evidence\experiments\runs\hf2_deferred_capacity_20260907\extended\count_0320\detectors\x\0168\metadata.json","1135"
"C:\Users\Chris\Documents\GitHub\Control_System\evidence\experiments\runs\hf2_deferred_capacity_20260907\extended\count_0320\detectors\x\0169\metadata.json","1135"
"C:\Users\Chris\Documents\GitHub\Control_System\evidence\experiments\runs\hf2_deferred_capacity_20260907\extended\count_0320\detectors\x\0170\metadata.json","1135"
"C:\Users\Chris\Documents\GitHub\Control_System\evidence\experiments\runs\hf2_deferred_capacity_20260907\extended\count_0320\detectors\x\0171\metadata.json","1135"
"C:\Users\Chris\Documents\GitHub\Control_System\evidence\experiments\runs\hf2_deferred_capacity_20260907\extended\count_0320\detectors\x\0172\metadata.json","1135"
"C:\Users\Chris\Documents\GitHub\Control_System\evidence\experiments\runs\hf2_deferred_capacity_20260907\extended\count_0320\detectors\x\0173\metadata.json","1135"
"C:\Users\Chris\Documents\GitHub\Control_System\evidence\experiments\runs\hf2_deferred_capacity_20260907\extended\count_0320\detectors\x\0174\metadata.json","1135"
"C:\Users\Chris\Documents\GitHub\Control_System\evidence\experiments\runs\hf2_deferred_capacity_20260907\extended\count_0320\detectors\x\0175\metadata.json","1135"
"C:\Users\Chris\Documents\GitHub\Control_System\evidence\experiments\runs\hf2_deferred_capacity_20260907\extended\count_0320\detectors\x\0176\metadata.json","1135"
"C:\Users\Chris\Documents\GitHub\Control_System\evidence\experiments\runs\hf2_deferred_capacity_20260907\extended\count_0320\detectors\x\0177\metadata.json","1135"
"C:\Users\Chris\Documents\GitHub\Control_System\evidence\experiments\runs\hf2_deferred_capacity_20260907\extended\count_0320\detectors\x\0178\metadata.json","1135"
"C:\Users\Chris\Documents\GitHub\Control_System\evidence\experiments\runs\hf2_deferred_capacity_20260907\extended\count_0320\detectors\x\0179\metadata.json","1135"
"C:\Users\Chris\Documents\GitHub\Control_System\evidence\experiments\runs\hf2_deferred_capacity_20260907\extended\count_0320\detectors\x\0180\metadata.json","1135"
"C:\Users\Chris\Documents\GitHub\Control_System\evidence\experiments\runs\hf2_deferred_capacity_20260907\extended\count_0320\detectors\x\0181\metadata.json","1135"
"C:\Users\Chris\Documents\GitHub\Control_System\evidence\experiments\runs\hf2_deferred_capacity_20260907\extended\count_0320\detectors\x\0182\metadata.json","1135"
"C:\Users\Chris\Documents\GitHub\Control_System\evidence\experiments\runs\hf2_deferred_capacity_20260907\extended\count_0320\detectors\x\0183\metadata.json","1135"
"C:\Users\Chris\Documents\GitHub\Control_System\evidence\experiments\runs\hf2_deferred_capacity_20260907\extended\count_0320\detectors\x\0184\metadata.json","1135"
"C:\Users\Chris\Documents\GitHub\Control_System\evidence\experiments\runs\hf2_deferred_capacity_20260907\extended\count_0320\detectors\x\0185\metadata.json","1135"
"C:\Users\Chris\Documents\GitHub\Control_System\evidence\experiments\runs\hf2_deferred_capacity_20260907\extended\count_0320\detectors\x\0186\metadata.json","1135"
"C:\Users\Chris\Documents\GitHub\Control_System\evidence\experiments\runs\hf2_deferred_capacity_20260907\extended\count_0320\detectors\x\0187\metadata.json","1135"
"C:\Users\Chris\Documents\GitHub\Control_System\evidence\experiments\runs\hf2_deferred_capacity_20260907\extended\count_0320\detectors\x\0188\metadata.json","1135"
"C:\Users\Chris\Documents\GitHub\Control_System\evidence\experiments\runs\hf2_deferred_capacity_20260907\extended\count_0320\detectors\x\0189\metadata.json","1135"
"C:\Users\Chris\Documents\GitHub\Control_System\evidence\experiments\runs\hf2_deferred_capacity_20260907\extended\count_0320\detectors\x\0190\metadata.json","1135"
"C:\Users\Chris\Documents\GitHub\Control_System\evidence\experiments\runs\hf2_deferred_capacity_20260907\extended\count_0320\detectors\x\0191\metadata.json","1135"
"C:\Users\Chris\Documents\GitHub\Control_System\evidence\experiments\runs\hf2_deferred_capacity_20260907\extended\count_0320\detectors\x\0192\metadata.json","1135"
"C:\Users\Chris\Documents\GitHub\Control_System\evidence\experiments\runs\hf2_deferred_capacity_20260907\extended\count_0320\detectors\x\0193\metadata.json","1135"
"C:\Users\Chris\Documents\GitHub\Control_System\evidence\experiments\runs\hf2_deferred_capacity_20260907\extended\count_0320\detectors\x\0194\metadata.json","1135"
"C:\Users\Chris\Documents\GitHub\Control_System\evidence\experiments\runs\hf2_deferred_capacity_20260907\extended\count_0320\detectors\x\0195\metadata.json","1135"
"C:\Users\Chris\Documents\GitHub\Control_System\evidence\experiments\runs\hf2_deferred_capacity_20260907\extended\count_0320\detectors\x\0196\metadata.json","1135"
"C:\Users\Chris\Documents\GitHub\Control_System\evidence\experiments\runs\hf2_deferred_capacity_20260907\extended\count_0320\detectors\x\0197\metadata.json","1135"
"C:\Users\Chris\Documents\GitHub\Control_System\evidence\experiments\runs\hf2_deferred_capacity_20260907\extended\count_0320\detectors\x\0198\metadata.json","1135"
"C:\Users\Chris\Documents\GitHub\Control_System\evidence\experiments\runs\hf2_deferred_capacity_20260907\extended\count_0320\detectors\x\0199\metadata.json","1135"
"C:\Users\Chris\Documents\GitHub\Control_System\evidence\experiments\runs\hf2_deferred_capacity_20260907\extended\count_0320\detectors\x\0200\metadata.json","1135"
"C:\Users\Chris\Documents\GitHub\Control_System\evidence\experiments\runs\hf2_deferred_capacity_20260907\extended\count_0320\detectors\x\0201\metadata.json","1135"
"C:\Users\Chris\Documents\GitHub\Control_System\evidence\experiments\runs\hf2_deferred_capacity_20260907\extended\count_0320\detectors\x\0202\metadata.json","1135"
"C:\Users\Chris\Documents\GitHub\Control_System\evidence\experiments\runs\hf2_deferred_capacity_20260907\extended\count_0320\detectors\x\0203\metadata.json","1135"
"C:\Users\Chris\Documents\GitHub\Control_System\evidence\experiments\runs\hf2_deferred_capacity_20260907\extended\count_0320\detectors\x\0204\metadata.json","1135"
"C:\Users\Chris\Documents\GitHub\Control_System\evidence\experiments\runs\hf2_deferred_capacity_20260907\extended\count_0320\detectors\x\0205\metadata.json","1135"
"C:\Users\Chris\Documents\GitHub\Control_System\evidence\experiments\runs\hf2_deferred_capacity_20260907\extended\count_0320\detectors\x\0206\metadata.json","1135"
"C:\Users\Chris\Documents\GitHub\Control_System\evidence\experiments\runs\hf2_deferred_capacity_20260907\extended\count_0320\detectors\x\0207\metadata.json","1135"
"C:\Users\Chris\Documents\GitHub\Control_System\evidence\experiments\runs\hf2_deferred_capacity_20260907\extended\count_0320\detectors\x\0208\metadata.json","1135"
"C:\Users\Chris\Documents\GitHub\Control_System\evidence\experiments\runs\hf2_deferred_capacity_20260907\extended\count_0320\detectors\x\0209\metadata.json","1135"
"C:\Users\Chris\Documents\GitHub\Control_System\evidence\experiments\runs\hf2_deferred_capacity_20260907\extended\count_0320\detectors\x\0210\metadata.json","1135"
"C:\Users\Chris\Documents\GitHub\Control_System\evidence\experiments\runs\hf2_deferred_capacity_20260907\extended\count_0320\detectors\x\0211\metadata.json","1135"
"C:\Users\Chris\Documents\GitHub\Control_System\evidence\experiments\runs\hf2_deferred_capacity_20260907\extended\count_0320\detectors\x\0212\metadata.json","1135"
"C:\Users\Chris\Documents\GitHub\Control_System\evidence\experiments\runs\hf2_deferred_capacity_20260907\extended\count_0320\detectors\x\0213\metadata.json","1135"
"C:\Users\Chris\Documents\GitHub\Control_System\evidence\experiments\runs\hf2_deferred_capacity_20260907\extended\count_0320\detectors\x\0214\metadata.json","1135"
"C:\Users\Chris\Documents\GitHub\Control_System\evidence\experiments\runs\hf2_deferred_capacity_20260907\extended\count_0320\detectors\x\0215\metadata.json","1135"
"C:\Users\Chris\Documents\GitHub\Control_System\evidence\experiments\runs\hf2_deferred_capacity_20260907\extended\count_0320\detectors\x\0216\metadata.json","1135"
"C:\Users\Chris\Documents\GitHub\Control_System\evidence\experiments\runs\hf2_deferred_capacity_20260907\extended\count_0320\detectors\x\0217\metadata.json","1135"
"C:\Users\Chris\Documents\GitHub\Control_System\evidence\experiments\runs\hf2_deferred_capacity_20260907\extended\count_0320\detectors\x\0218\metadata.json","1135"
"C:\Users\Chris\Documents\GitHub\Control_System\evidence\experiments\runs\hf2_deferred_capacity_20260907\extended\count_0320\detectors\x\0219\metadata.json","1135"
"C:\Users\Chris\Documents\GitHub\Control_System\evidence\experiments\runs\hf2_deferred_capacity_20260907\extended\count_0320\detectors\x\0220\metadata.json","1135"
"C:\Users\Chris\Documents\GitHub\Control_System\evidence\experiments\runs\hf2_deferred_capacity_20260907\extended\count_0320\detectors\x\0221\metadata.json","1135"
"C:\Users\Chris\Documents\GitHub\Control_System\evidence\experiments\runs\hf2_deferred_capacity_20260907\extended\count_0320\detectors\x\0222\metadata.json","1135"
"C:\Users\Chris\Documents\GitHub\Control_System\evidence\experiments\runs\hf2_deferred_capacity_20260907\extended\count_0320\detectors\x\0223\metadata.json","1135"
"C:\Users\Chris\Documents\GitHub\Control_System\evidence\experiments\runs\hf2_deferred_capacity_20260907\extended\count_0320\detectors\x\0224\metadata.json","1135"
"C:\Users\Chris\Documents\GitHub\Control_System\evidence\experiments\runs\hf2_deferred_capacity_20260907\extended\count_0320\detectors\x\0225\metadata.json","1135"
"C:\Users\Chris\Documents\GitHub\Control_System\evidence\experiments\runs\hf2_deferred_capacity_20260907\extended\count_0320\detectors\x\0226\metadata.json","1135"
"C:\Users\Chris\Documents\GitHub\Control_System\evidence\experiments\runs\hf2_deferred_capacity_20260907\extended\count_0320\detectors\x\0227\metadata.json","1135"
"C:\Users\Chris\Documents\GitHub\Control_System\evidence\experiments\runs\hf2_deferred_capacity_20260907\extended\count_0320\detectors\x\0228\metadata.json","1135"
"C:\Users\Chris\Documents\GitHub\Control_System\evidence\experiments\runs\hf2_deferred_capacity_20260907\extended\count_0320\detectors\x\0229\metadata.json","1135"
"C:\Users\Chris\Documents\GitHub\Control_System\evidence\experiments\runs\hf2_deferred_capacity_20260907\extended\count_0320\detectors\x\0230\metadata.json","1135"
"C:\Users\Chris\Documents\GitHub\Control_System\evidence\experiments\runs\hf2_deferred_capacity_20260907\extended\count_0320\detectors\x\0231\metadata.json","1135"
"C:\Users\Chris\Documents\GitHub\Control_System\evidence\experiments\runs\hf2_deferred_capacity_20260907\extended\count_0320\detectors\x\0232\metadata.json","1135"
"C:\Users\Chris\Documents\GitHub\Control_System\evidence\experiments\runs\hf2_deferred_capacity_20260907\extended\count_0320\detectors\x\0233\metadata.json","1135"
"C:\Users\Chris\Documents\GitHub\Control_System\evidence\experiments\runs\hf2_deferred_capacity_20260907\extended\count_0320\detectors\x\0234\metadata.json","1135"
"C:\Users\Chris\Documents\GitHub\Control_System\evidence\experiments\runs\hf2_deferred_capacity_20260907\extended\count_0320\detectors\x\0235\metadata.json","1135"
"C:\Users\Chris\Documents\GitHub\Control_System\evidence\experiments\runs\hf2_deferred_capacity_20260907\extended\count_0320\detectors\x\0236\metadata.json","1135"
"C:\Users\Chris\Documents\GitHub\Control_System\evidence\experiments\runs\hf2_deferred_capacity_20260907\extended\count_0320\detectors\x\0237\metadata.json","1135"
"C:\Users\Chris\Documents\GitHub\Control_System\evidence\experiments\runs\hf2_deferred_capacity_20260907\extended\count_0320\detectors\x\0238\metadata.json","1135"
"C:\Users\Chris\Documents\GitHub\Control_System\evidence\experiments\runs\hf2_deferred_capacity_20260907\extended\count_0320\detectors\x\0239\metadata.json","1135"
"C:\Users\Chris\Documents\GitHub\Control_System\evidence\experiments\runs\hf2_deferred_capacity_20260907\extended\count_0320\detectors\x\0240\metadata.json","1135"
"C:\Users\Chris\Documents\GitHub\Control_System\evidence\experiments\runs\hf2_deferred_capacity_20260907\extended\count_0320\detectors\x\0241\metadata.json","1135"
"C:\Users\Chris\Documents\GitHub\Control_System\evidence\experiments\runs\hf2_deferred_capacity_20260907\extended\count_0320\detectors\x\0242\metadata.json","1135"
"C:\Users\Chris\Documents\GitHub\Control_System\evidence\experiments\runs\hf2_deferred_capacity_20260907\extended\count_0320\detectors\x\0243\metadata.json","1135"
"C:\Users\Chris\Documents\GitHub\Control_System\evidence\experiments\runs\hf2_deferred_capacity_20260907\extended\count_0320\detectors\x\0244\metadata.json","1135"
"C:\Users\Chris\Documents\GitHub\Control_System\evidence\experiments\runs\hf2_deferred_capacity_20260907\extended\count_0320\detectors\x\0245\metadata.json","1135"
"C:\Users\Chris\Documents\GitHub\Control_System\evidence\experiments\runs\hf2_deferred_capacity_20260907\extended\count_0320\detectors\x\0246\metadata.json","1135"
"C:\Users\Chris\Documents\GitHub\Control_System\evidence\experiments\runs\hf2_deferred_capacity_20260907\extended\count_0320\detectors\x\0247\metadata.json","1135"
"C:\Users\Chris\Documents\GitHub\Control_System\evidence\experiments\runs\hf2_deferred_capacity_20260907\extended\count_0320\detectors\x\0248\metadata.json","1135"
"C:\Users\Chris\Documents\GitHub\Control_System\evidence\experiments\runs\hf2_deferred_capacity_20260907\extended\count_0320\detectors\x\0249\metadata.json","1135"
"C:\Users\Chris\Documents\GitHub\Control_System\evidence\experiments\runs\hf2_deferred_capacity_20260907\extended\count_0320\detectors\x\0250\metadata.json","1135"
"C:\Users\Chris\Documents\GitHub\Control_System\evidence\experiments\runs\hf2_deferred_capacity_20260907\extended\count_0320\detectors\x\0251\metadata.json","1135"
"C:\Users\Chris\Documents\GitHub\Control_System\evidence\experiments\runs\hf2_deferred_capacity_20260907\extended\count_0320\detectors\x\0252\metadata.json","1135"
"C:\Users\Chris\Documents\GitHub\Control_System\evidence\experiments\runs\hf2_deferred_capacity_20260907\extended\count_0320\detectors\x\0253\metadata.json","1135"
"C:\Users\Chris\Documents\GitHub\Control_System\evidence\experiments\runs\hf2_deferred_capacity_20260907\extended\count_0320\detectors\x\0254\metadata.json","1135"
"C:\Users\Chris\Documents\GitHub\Control_System\evidence\experiments\runs\hf2_deferred_capacity_20260907\extended\count_0320\detectors\x\0255\metadata.json","1135"
"C:\Users\Chris\Documents\GitHub\Control_System\evidence\experiments\runs\hf2_deferred_capacity_20260907\extended\count_0320\detectors\x\0256\metadata.json","1135"
"C:\Users\Chris\Documents\GitHub\Control_System\evidence\experiments\runs\hf2_deferred_capacity_20260907\extended\count_0320\detectors\x\0257\metadata.json","1135"
"C:\Users\Chris\Documents\GitHub\Control_System\evidence\experiments\runs\hf2_deferred_capacity_20260907\extended\count_0320\detectors\x\0258\metadata.json","1135"
"C:\Users\Chris\Documents\GitHub\Control_System\evidence\experiments\runs\hf2_deferred_capacity_20260907\extended\count_0320\detectors\x\0259\metadata.json","1135"
"C:\Users\Chris\Documents\GitHub\Control_System\evidence\experiments\runs\hf2_deferred_capacity_20260907\extended\count_0320\detectors\x\0260\metadata.json","1135"
"C:\Users\Chris\Documents\GitHub\Control_System\evidence\experiments\runs\hf2_deferred_capacity_20260907\extended\count_0320\detectors\x\0261\metadata.json","1135"
"C:\Users\Chris\Documents\GitHub\Control_System\evidence\experiments\runs\hf2_deferred_capacity_20260907\extended\count_0320\detectors\x\0262\metadata.json","1135"
"C:\Users\Chris\Documents\GitHub\Control_System\evidence\experiments\runs\hf2_deferred_capacity_20260907\extended\count_0320\detectors\x\0263\metadata.json","1135"
"C:\Users\Chris\Documents\GitHub\Control_System\evidence\experiments\runs\hf2_deferred_capacity_20260907\extended\count_0320\detectors\x\0264\metadata.json","1135"
"C:\Users\Chris\Documents\GitHub\Control_System\evidence\experiments\runs\hf2_deferred_capacity_20260907\extended\count_0320\detectors\x\0265\metadata.json","1135"
"C:\Users\Chris\Documents\GitHub\Control_System\evidence\experiments\runs\hf2_deferred_capacity_20260907\extended\count_0320\detectors\x\0266\metadata.json","1135"
"C:\Users\Chris\Documents\GitHub\Control_System\evidence\experiments\runs\hf2_deferred_capacity_20260907\extended\count_0320\detectors\x\0267\metadata.json","1135"
"C:\Users\Chris\Documents\GitHub\Control_System\evidence\experiments\runs\hf2_deferred_capacity_20260907\extended\count_0320\detectors\x\0268\metadata.json","1135"
"C:\Users\Chris\Documents\GitHub\Control_System\evidence\experiments\runs\hf2_deferred_capacity_20260907\extended\count_0320\detectors\x\0269\metadata.json","1135"
"C:\Users\Chris\Documents\GitHub\Control_System\evidence\experiments\runs\hf2_deferred_capacity_20260907\extended\count_0320\detectors\x\0270\metadata.json","1135"
"C:\Users\Chris\Documents\GitHub\Control_System\evidence\experiments\runs\hf2_deferred_capacity_20260907\extended\count_0320\detectors\x\0271\metadata.json","1135"
"C:\Users\Chris\Documents\GitHub\Control_System\evidence\experiments\runs\hf2_deferred_capacity_20260907\extended\count_0320\detectors\x\0272\metadata.json","1135"
"C:\Users\Chris\Documents\GitHub\Control_System\evidence\experiments\runs\hf2_deferred_capacity_20260907\extended\count_0320\detectors\x\0273\metadata.json","1135"
"C:\Users\Chris\Documents\GitHub\Control_System\evidence\experiments\runs\hf2_deferred_capacity_20260907\extended\count_0320\detectors\x\0274\metadata.json","1135"
"C:\Users\Chris\Documents\GitHub\Control_System\evidence\experiments\runs\hf2_deferred_capacity_20260907\extended\count_0320\detectors\x\0275\metadata.json","1135"
"C:\Users\Chris\Documents\GitHub\Control_System\evidence\experiments\runs\hf2_deferred_capacity_20260907\extended\count_0320\detectors\x\0276\metadata.json","1135"
"C:\Users\Chris\Documents\GitHub\Control_System\evidence\experiments\runs\hf2_deferred_capacity_20260907\extended\count_0320\detectors\x\0277\metadata.json","1135"
"C:\Users\Chris\Documents\GitHub\Control_System\evidence\experiments\runs\hf2_deferred_capacity_20260907\extended\count_0320\detectors\x\0278\metadata.json","1135"
"C:\Users\Chris\Documents\GitHub\Control_System\evidence\experiments\runs\hf2_deferred_capacity_20260907\extended\count_0320\detectors\x\0279\metadata.json","1135"
"C:\Users\Chris\Documents\GitHub\Control_System\evidence\experiments\runs\hf2_deferred_capacity_20260907\extended\count_0320\detectors\x\0280\metadata.json","1135"
"C:\Users\Chris\Documents\GitHub\Control_System\evidence\experiments\runs\hf2_deferred_capacity_20260907\extended\count_0320\detectors\x\0281\metadata.json","1135"
"C:\Users\Chris\Documents\GitHub\Control_System\evidence\experiments\runs\hf2_deferred_capacity_20260907\extended\count_0320\detectors\x\0282\metadata.json","1135"
"C:\Users\Chris\Documents\GitHub\Control_System\evidence\experiments\runs\hf2_deferred_capacity_20260907\extended\count_0320\detectors\x\0283\metadata.json","1135"
"C:\Users\Chris\Documents\GitHub\Control_System\evidence\experiments\runs\hf2_deferred_capacity_20260907\extended\count_0320\detectors\x\0284\metadata.json","1135"
"C:\Users\Chris\Documents\GitHub\Control_System\evidence\experiments\runs\hf2_deferred_capacity_20260907\extended\count_0320\detectors\x\0285\metadata.json","1135"
"C:\Users\Chris\Documents\GitHub\Control_System\evidence\experiments\runs\hf2_deferred_capacity_20260907\extended\count_0320\detectors\x\0286\metadata.json","1135"
"C:\Users\Chris\Documents\GitHub\Control_System\evidence\experiments\runs\hf2_deferred_capacity_20260907\extended\count_0320\detectors\x\0287\metadata.json","1135"
"C:\Users\Chris\Documents\GitHub\Control_System\evidence\experiments\runs\hf2_deferred_capacity_20260907\extended\count_0320\detectors\x\0288\metadata.json","1135"
"C:\Users\Chris\Documents\GitHub\Control_System\evidence\experiments\runs\hf2_deferred_capacity_20260907\extended\count_0320\detectors\x\0289\metadata.json","1135"
"C:\Users\Chris\Documents\GitHub\Control_System\evidence\experiments\runs\hf2_deferred_capacity_20260907\extended\count_0320\detectors\x\0290\metadata.json","1135"
"C:\Users\Chris\Documents\GitHub\Control_System\evidence\experiments\runs\hf2_deferred_capacity_20260907\extended\count_0320\detectors\x\0291\metadata.json","1135"
"C:\Users\Chris\Documents\GitHub\Control_System\evidence\experiments\runs\hf2_deferred_capacity_20260907\extended\count_0320\detectors\x\0292\metadata.json","1135"
"C:\Users\Chris\Documents\GitHub\Control_System\evidence\experiments\runs\hf2_deferred_capacity_20260907\extended\count_0320\detectors\x\0293\metadata.json","1135"
"C:\Users\Chris\Documents\GitHub\Control_System\evidence\experiments\runs\hf2_deferred_capacity_20260907\extended\count_0320\detectors\x\0294\metadata.json","1135"
"C:\Users\Chris\Documents\GitHub\Control_System\evidence\experiments\runs\hf2_deferred_capacity_20260907\extended\count_0320\detectors\x\0295\metadata.json","1135"
"C:\Users\Chris\Documents\GitHub\Control_System\evidence\experiments\runs\hf2_deferred_capacity_20260907\extended\count_0320\detectors\x\0296\metadata.json","1135"
"C:\Users\Chris\Documents\GitHub\Control_System\evidence\experiments\runs\hf2_deferred_capacity_20260907\extended\count_0320\detectors\x\0297\metadata.json","1135"
"C:\Users\Chris\Documents\GitHub\Control_System\evidence\experiments\runs\hf2_deferred_capacity_20260907\extended\count_0320\detectors\x\0298\metadata.json","1135"
"C:\Users\Chris\Documents\GitHub\Control_System\evidence\experiments\runs\hf2_deferred_capacity_20260907\extended\count_0320\detectors\x\0299\metadata.json","1135"
"C:\Users\Chris\Documents\GitHub\Control_System\evidence\experiments\runs\hf2_deferred_capacity_20260907\extended\count_0320\detectors\x\0300\metadata.json","1135"
"C:\Users\Chris\Documents\GitHub\Control_System\evidence\experiments\runs\hf2_deferred_capacity_20260907\extended\count_0320\detectors\x\0301\metadata.json","1135"
"C:\Users\Chris\Documents\GitHub\Control_System\evidence\experiments\runs\hf2_deferred_capacity_20260907\extended\count_0320\detectors\x\0302\metadata.json","1135"
"C:\Users\Chris\Documents\GitHub\Control_System\evidence\experiments\runs\hf2_deferred_capacity_20260907\extended\count_0320\detectors\x\0303\metadata.json","1135"
"C:\Users\Chris\Documents\GitHub\Control_System\evidence\experiments\runs\hf2_deferred_capacity_20260907\extended\count_0320\detectors\x\0304\metadata.json","1135"
"C:\Users\Chris\Documents\GitHub\Control_System\evidence\experiments\runs\hf2_deferred_capacity_20260907\extended\count_0320\detectors\x\0305\metadata.json","1135"
"C:\Users\Chris\Documents\GitHub\Control_System\evidence\experiments\runs\hf2_deferred_capacity_20260907\extended\count_0320\detectors\x\0306\metadata.json","1135"
"C:\Users\Chris\Documents\GitHub\Control_System\evidence\experiments\runs\hf2_deferred_capacity_20260907\extended\count_0320\detectors\x\0307\metadata.json","1135"
"C:\Users\Chris\Documents\GitHub\Control_System\evidence\experiments\runs\hf2_deferred_capacity_20260907\extended\count_0320\detectors\x\0308\metadata.json","1135"
"C:\Users\Chris\Documents\GitHub\Control_System\evidence\experiments\runs\hf2_deferred_capacity_20260907\extended\count_0320\detectors\x\0309\metadata.json","1135"
"C:\Users\Chris\Documents\GitHub\Control_System\evidence\experiments\runs\hf2_deferred_capacity_20260907\extended\count_0320\detectors\x\0310\metadata.json","1135"
"C:\Users\Chris\Documents\GitHub\Control_System\evidence\experiments\runs\hf2_deferred_capacity_20260907\extended\count_0320\detectors\x\0311\metadata.json","1135"
"C:\Users\Chris\Documents\GitHub\Control_System\evidence\experiments\runs\hf2_deferred_capacity_20260907\extended\count_0320\detectors\x\0312\metadata.json","1135"
"C:\Users\Chris\Documents\GitHub\Control_System\evidence\experiments\runs\hf2_deferred_capacity_20260907\extended\count_0320\detectors\x\0313\metadata.json","1135"
"C:\Users\Chris\Documents\GitHub\Control_System\evidence\experiments\runs\hf2_deferred_capacity_20260907\extended\count_0320\detectors\x\0314\metadata.json","1135"
"C:\Users\Chris\Documents\GitHub\Control_System\evidence\experiments\runs\hf2_deferred_capacity_20260907\extended\count_0320\detectors\x\0315\metadata.json","1135"
"C:\Users\Chris\Documents\GitHub\Control_System\evidence\experiments\runs\hf2_deferred_capacity_20260907\extended\count_0320\detectors\x\0316\metadata.json","1135"
"C:\Users\Chris\Documents\GitHub\Control_System\evidence\experiments\runs\hf2_deferred_capacity_20260907\extended\count_0320\detectors\x\0317\metadata.json","1135"
"C:\Users\Chris\Documents\GitHub\Control_System\evidence\experiments\runs\hf2_deferred_capacity_20260907\extended\count_0320\detectors\x\0318\metadata.json","1135"
"C:\Users\Chris\Documents\GitHub\Control_System\evidence\experiments\runs\hf2_deferred_capacity_20260907\extended\count_0320\detectors\x\0319\metadata.json","1135"
"C:\Users\Chris\Documents\GitHub\Control_System\evidence\experiments\runs\hf2_deferred_capacity_20260907\extended\count_0320\detectors\y\0000\metadata.json","1133"
"C:\Users\Chris\Documents\GitHub\Control_System\evidence\experiments\runs\hf2_deferred_capacity_20260907\extended\count_0320\detectors\y\0001\metadata.json","1133"
"C:\Users\Chris\Documents\GitHub\Control_System\evidence\experiments\runs\hf2_deferred_capacity_20260907\extended\count_0320\detectors\y\0002\metadata.json","1133"
"C:\Users\Chris\Documents\GitHub\Control_System\evidence\experiments\runs\hf2_deferred_capacity_20260907\extended\count_0320\detectors\y\0003\metadata.json","1133"
"C:\Users\Chris\Documents\GitHub\Control_System\evidence\experiments\runs\hf2_deferred_capacity_20260907\extended\count_0320\detectors\y\0004\metadata.json","1133"
"C:\Users\Chris\Documents\GitHub\Control_System\evidence\experiments\runs\hf2_deferred_capacity_20260907\extended\count_0320\detectors\y\0005\metadata.json","1133"
"C:\Users\Chris\Documents\GitHub\Control_System\evidence\experiments\runs\hf2_deferred_capacity_20260907\extended\count_0320\detectors\y\0006\metadata.json","1133"
"C:\Users\Chris\Documents\GitHub\Control_System\evidence\experiments\runs\hf2_deferred_capacity_20260907\extended\count_0320\detectors\y\0007\metadata.json","1133"
"C:\Users\Chris\Documents\GitHub\Control_System\evidence\experiments\runs\hf2_deferred_capacity_20260907\extended\count_0320\detectors\y\0008\metadata.json","1133"
"C:\Users\Chris\Documents\GitHub\Control_System\evidence\experiments\runs\hf2_deferred_capacity_20260907\extended\count_0320\detectors\y\0009\metadata.json","1133"
"C:\Users\Chris\Documents\GitHub\Control_System\evidence\experiments\runs\hf2_deferred_capacity_20260907\extended\count_0320\detectors\y\0010\metadata.json","1134"
"C:\Users\Chris\Documents\GitHub\Control_System\evidence\experiments\runs\hf2_deferred_capacity_20260907\extended\count_0320\detectors\y\0011\metadata.json","1134"
"C:\Users\Chris\Documents\GitHub\Control_System\evidence\experiments\runs\hf2_deferred_capacity_20260907\extended\count_0320\detectors\y\0012\metadata.json","1134"
"C:\Users\Chris\Documents\GitHub\Control_System\evidence\experiments\runs\hf2_deferred_capacity_20260907\extended\count_0320\detectors\y\0013\metadata.json","1134"
"C:\Users\Chris\Documents\GitHub\Control_System\evidence\experiments\runs\hf2_deferred_capacity_20260907\extended\count_0320\detectors\y\0014\metadata.json","1134"
"C:\Users\Chris\Documents\GitHub\Control_System\evidence\experiments\runs\hf2_deferred_capacity_20260907\extended\count_0320\detectors\y\0015\metadata.json","1134"
"C:\Users\Chris\Documents\GitHub\Control_System\evidence\experiments\runs\hf2_deferred_capacity_20260907\extended\count_0320\detectors\y\0016\metadata.json","1134"
"C:\Users\Chris\Documents\GitHub\Control_System\evidence\experiments\runs\hf2_deferred_capacity_20260907\extended\count_0320\detectors\y\0017\metadata.json","1134"
"C:\Users\Chris\Documents\GitHub\Control_System\evidence\experiments\runs\hf2_deferred_capacity_20260907\extended\count_0320\detectors\y\0018\metadata.json","1134"
"C:\Users\Chris\Documents\GitHub\Control_System\evidence\experiments\runs\hf2_deferred_capacity_20260907\extended\count_0320\detectors\y\0019\metadata.json","1134"
"C:\Users\Chris\Documents\GitHub\Control_System\evidence\experiments\runs\hf2_deferred_capacity_20260907\extended\count_0320\detectors\y\0020\metadata.json","1134"
"C:\Users\Chris\Documents\GitHub\Control_System\evidence\experiments\runs\hf2_deferred_capacity_20260907\extended\count_0320\detectors\y\0021\metadata.json","1134"
"C:\Users\Chris\Documents\GitHub\Control_System\evidence\experiments\runs\hf2_deferred_capacity_20260907\extended\count_0320\detectors\y\0022\metadata.json","1134"
"C:\Users\Chris\Documents\GitHub\Control_System\evidence\experiments\runs\hf2_deferred_capacity_20260907\extended\count_0320\detectors\y\0023\metadata.json","1134"
"C:\Users\Chris\Documents\GitHub\Control_System\evidence\experiments\runs\hf2_deferred_capacity_20260907\extended\count_0320\detectors\y\0024\metadata.json","1134"
"C:\Users\Chris\Documents\GitHub\Control_System\evidence\experiments\runs\hf2_deferred_capacity_20260907\extended\count_0320\detectors\y\0025\metadata.json","1134"
"C:\Users\Chris\Documents\GitHub\Control_System\evidence\experiments\runs\hf2_deferred_capacity_20260907\extended\count_0320\detectors\y\0026\metadata.json","1134"
"C:\Users\Chris\Documents\GitHub\Control_System\evidence\experiments\runs\hf2_deferred_capacity_20260907\extended\count_0320\detectors\y\0027\metadata.json","1134"
"C:\Users\Chris\Documents\GitHub\Control_System\evidence\experiments\runs\hf2_deferred_capacity_20260907\extended\count_0320\detectors\y\0028\metadata.json","1134"
"C:\Users\Chris\Documents\GitHub\Control_System\evidence\experiments\runs\hf2_deferred_capacity_20260907\extended\count_0320\detectors\y\0029\metadata.json","1134"
"C:\Users\Chris\Documents\GitHub\Control_System\evidence\experiments\runs\hf2_deferred_capacity_20260907\extended\count_0320\detectors\y\0030\metadata.json","1134"
"C:\Users\Chris\Documents\GitHub\Control_System\evidence\experiments\runs\hf2_deferred_capacity_20260907\extended\count_0320\detectors\y\0031\metadata.json","1134"
"C:\Users\Chris\Documents\GitHub\Control_System\evidence\experiments\runs\hf2_deferred_capacity_20260907\extended\count_0320\detectors\y\0032\metadata.json","1134"
"C:\Users\Chris\Documents\GitHub\Control_System\evidence\experiments\runs\hf2_deferred_capacity_20260907\extended\count_0320\detectors\y\0033\metadata.json","1134"
"C:\Users\Chris\Documents\GitHub\Control_System\evidence\experiments\runs\hf2_deferred_capacity_20260907\extended\count_0320\detectors\y\0034\metadata.json","1134"
"C:\Users\Chris\Documents\GitHub\Control_System\evidence\experiments\runs\hf2_deferred_capacity_20260907\extended\count_0320\detectors\y\0035\metadata.json","1134"
"C:\Users\Chris\Documents\GitHub\Control_System\evidence\experiments\runs\hf2_deferred_capacity_20260907\extended\count_0320\detectors\y\0036\metadata.json","1134"
"C:\Users\Chris\Documents\GitHub\Control_System\evidence\experiments\runs\hf2_deferred_capacity_20260907\extended\count_0320\detectors\y\0037\metadata.json","1134"
"C:\Users\Chris\Documents\GitHub\Control_System\evidence\experiments\runs\hf2_deferred_capacity_20260907\extended\count_0320\detectors\y\0038\metadata.json","1134"
"C:\Users\Chris\Documents\GitHub\Control_System\evidence\experiments\runs\hf2_deferred_capacity_20260907\extended\count_0320\detectors\y\0039\metadata.json","1134"
"C:\Users\Chris\Documents\GitHub\Control_System\evidence\experiments\runs\hf2_deferred_capacity_20260907\extended\count_0320\detectors\y\0040\metadata.json","1134"
"C:\Users\Chris\Documents\GitHub\Control_System\evidence\experiments\runs\hf2_deferred_capacity_20260907\extended\count_0320\detectors\y\0041\metadata.json","1134"
"C:\Users\Chris\Documents\GitHub\Control_System\evidence\experiments\runs\hf2_deferred_capacity_20260907\extended\count_0320\detectors\y\0042\metadata.json","1134"
"C:\Users\Chris\Documents\GitHub\Control_System\evidence\experiments\runs\hf2_deferred_capacity_20260907\extended\count_0320\detectors\y\0043\metadata.json","1134"
"C:\Users\Chris\Documents\GitHub\Control_System\evidence\experiments\runs\hf2_deferred_capacity_20260907\extended\count_0320\detectors\y\0044\metadata.json","1134"
"C:\Users\Chris\Documents\GitHub\Control_System\evidence\experiments\runs\hf2_deferred_capacity_20260907\extended\count_0320\detectors\y\0045\metadata.json","1134"
"C:\Users\Chris\Documents\GitHub\Control_System\evidence\experiments\runs\hf2_deferred_capacity_20260907\extended\count_0320\detectors\y\0046\metadata.json","1134"
"C:\Users\Chris\Documents\GitHub\Control_System\evidence\experiments\runs\hf2_deferred_capacity_20260907\extended\count_0320\detectors\y\0047\metadata.json","1134"
"C:\Users\Chris\Documents\GitHub\Control_System\evidence\experiments\runs\hf2_deferred_capacity_20260907\extended\count_0320\detectors\y\0048\metadata.json","1134"
"C:\Users\Chris\Documents\GitHub\Control_System\evidence\experiments\runs\hf2_deferred_capacity_20260907\extended\count_0320\detectors\y\0049\metadata.json","1134"
"C:\Users\Chris\Documents\GitHub\Control_System\evidence\experiments\runs\hf2_deferred_capacity_20260907\extended\count_0320\detectors\y\0050\metadata.json","1134"
"C:\Users\Chris\Documents\GitHub\Control_System\evidence\experiments\runs\hf2_deferred_capacity_20260907\extended\count_0320\detectors\y\0051\metadata.json","1134"
"C:\Users\Chris\Documents\GitHub\Control_System\evidence\experiments\runs\hf2_deferred_capacity_20260907\extended\count_0320\detectors\y\0052\metadata.json","1134"
"C:\Users\Chris\Documents\GitHub\Control_System\evidence\experiments\runs\hf2_deferred_capacity_20260907\extended\count_0320\detectors\y\0053\metadata.json","1134"
"C:\Users\Chris\Documents\GitHub\Control_System\evidence\experiments\runs\hf2_deferred_capacity_20260907\extended\count_0320\detectors\y\0054\metadata.json","1134"
"C:\Users\Chris\Documents\GitHub\Control_System\evidence\experiments\runs\hf2_deferred_capacity_20260907\extended\count_0320\detectors\y\0055\metadata.json","1134"
"C:\Users\Chris\Documents\GitHub\Control_System\evidence\experiments\runs\hf2_deferred_capacity_20260907\extended\count_0320\detectors\y\0056\metadata.json","1134"
"C:\Users\Chris\Documents\GitHub\Control_System\evidence\experiments\runs\hf2_deferred_capacity_20260907\extended\count_0320\detectors\y\0057\metadata.json","1134"
"C:\Users\Chris\Documents\GitHub\Control_System\evidence\experiments\runs\hf2_deferred_capacity_20260907\extended\count_0320\detectors\y\0058\metadata.json","1134"
"C:\Users\Chris\Documents\GitHub\Control_System\evidence\experiments\runs\hf2_deferred_capacity_20260907\extended\count_0320\detectors\y\0059\metadata.json","1134"
"C:\Users\Chris\Documents\GitHub\Control_System\evidence\experiments\runs\hf2_deferred_capacity_20260907\extended\count_0320\detectors\y\0060\metadata.json","1134"
"C:\Users\Chris\Documents\GitHub\Control_System\evidence\experiments\runs\hf2_deferred_capacity_20260907\extended\count_0320\detectors\y\0061\metadata.json","1134"
"C:\Users\Chris\Documents\GitHub\Control_System\evidence\experiments\runs\hf2_deferred_capacity_20260907\extended\count_0320\detectors\y\0062\metadata.json","1134"
"C:\Users\Chris\Documents\GitHub\Control_System\evidence\experiments\runs\hf2_deferred_capacity_20260907\extended\count_0320\detectors\y\0063\metadata.json","1134"
"C:\Users\Chris\Documents\GitHub\Control_System\evidence\experiments\runs\hf2_deferred_capacity_20260907\extended\count_0320\detectors\y\0064\metadata.json","1134"
"C:\Users\Chris\Documents\GitHub\Control_System\evidence\experiments\runs\hf2_deferred_capacity_20260907\extended\count_0320\detectors\y\0065\metadata.json","1134"
"C:\Users\Chris\Documents\GitHub\Control_System\evidence\experiments\runs\hf2_deferred_capacity_20260907\extended\count_0320\detectors\y\0066\metadata.json","1134"
"C:\Users\Chris\Documents\GitHub\Control_System\evidence\experiments\runs\hf2_deferred_capacity_20260907\extended\count_0320\detectors\y\0067\metadata.json","1134"
"C:\Users\Chris\Documents\GitHub\Control_System\evidence\experiments\runs\hf2_deferred_capacity_20260907\extended\count_0320\detectors\y\0068\metadata.json","1134"
"C:\Users\Chris\Documents\GitHub\Control_System\evidence\experiments\runs\hf2_deferred_capacity_20260907\extended\count_0320\detectors\y\0069\metadata.json","1134"
"C:\Users\Chris\Documents\GitHub\Control_System\evidence\experiments\runs\hf2_deferred_capacity_20260907\extended\count_0320\detectors\y\0070\metadata.json","1134"
"C:\Users\Chris\Documents\GitHub\Control_System\evidence\experiments\runs\hf2_deferred_capacity_20260907\extended\count_0320\detectors\y\0071\metadata.json","1134"
"C:\Users\Chris\Documents\GitHub\Control_System\evidence\experiments\runs\hf2_deferred_capacity_20260907\extended\count_0320\detectors\y\0072\metadata.json","1134"
"C:\Users\Chris\Documents\GitHub\Control_System\evidence\experiments\runs\hf2_deferred_capacity_20260907\extended\count_0320\detectors\y\0073\metadata.json","1134"
"C:\Users\Chris\Documents\GitHub\Control_System\evidence\experiments\runs\hf2_deferred_capacity_20260907\extended\count_0320\detectors\y\0074\metadata.json","1134"
"C:\Users\Chris\Documents\GitHub\Control_System\evidence\experiments\runs\hf2_deferred_capacity_20260907\extended\count_0320\detectors\y\0075\metadata.json","1134"
"C:\Users\Chris\Documents\GitHub\Control_System\evidence\experiments\runs\hf2_deferred_capacity_20260907\extended\count_0320\detectors\y\0076\metadata.json","1134"
"C:\Users\Chris\Documents\GitHub\Control_System\evidence\experiments\runs\hf2_deferred_capacity_20260907\extended\count_0320\detectors\y\0077\metadata.json","1134"
"C:\Users\Chris\Documents\GitHub\Control_System\evidence\experiments\runs\hf2_deferred_capacity_20260907\extended\count_0320\detectors\y\0078\metadata.json","1134"
"C:\Users\Chris\Documents\GitHub\Control_System\evidence\experiments\runs\hf2_deferred_capacity_20260907\extended\count_0320\detectors\y\0079\metadata.json","1134"
"C:\Users\Chris\Documents\GitHub\Control_System\evidence\experiments\runs\hf2_deferred_capacity_20260907\extended\count_0320\detectors\y\0080\metadata.json","1134"
"C:\Users\Chris\Documents\GitHub\Control_System\evidence\experiments\runs\hf2_deferred_capacity_20260907\extended\count_0320\detectors\y\0081\metadata.json","1134"
"C:\Users\Chris\Documents\GitHub\Control_System\evidence\experiments\runs\hf2_deferred_capacity_20260907\extended\count_0320\detectors\y\0082\metadata.json","1134"
"C:\Users\Chris\Documents\GitHub\Control_System\evidence\experiments\runs\hf2_deferred_capacity_20260907\extended\count_0320\detectors\y\0083\metadata.json","1134"
"C:\Users\Chris\Documents\GitHub\Control_System\evidence\experiments\runs\hf2_deferred_capacity_20260907\extended\count_0320\detectors\y\0084\metadata.json","1134"
"C:\Users\Chris\Documents\GitHub\Control_System\evidence\experiments\runs\hf2_deferred_capacity_20260907\extended\count_0320\detectors\y\0085\metadata.json","1134"
"C:\Users\Chris\Documents\GitHub\Control_System\evidence\experiments\runs\hf2_deferred_capacity_20260907\extended\count_0320\detectors\y\0086\metadata.json","1134"
"C:\Users\Chris\Documents\GitHub\Control_System\evidence\experiments\runs\hf2_deferred_capacity_20260907\extended\count_0320\detectors\y\0087\metadata.json","1134"
"C:\Users\Chris\Documents\GitHub\Control_System\evidence\experiments\runs\hf2_deferred_capacity_20260907\extended\count_0320\detectors\y\0088\metadata.json","1134"
"C:\Users\Chris\Documents\GitHub\Control_System\evidence\experiments\runs\hf2_deferred_capacity_20260907\extended\count_0320\detectors\y\0089\metadata.json","1134"
"C:\Users\Chris\Documents\GitHub\Control_System\evidence\experiments\runs\hf2_deferred_capacity_20260907\extended\count_0320\detectors\y\0090\metadata.json","1134"
"C:\Users\Chris\Documents\GitHub\Control_System\evidence\experiments\runs\hf2_deferred_capacity_20260907\extended\count_0320\detectors\y\0091\metadata.json","1134"
"C:\Users\Chris\Documents\GitHub\Control_System\evidence\experiments\runs\hf2_deferred_capacity_20260907\extended\count_0320\detectors\y\0092\metadata.json","1134"
"C:\Users\Chris\Documents\GitHub\Control_System\evidence\experiments\runs\hf2_deferred_capacity_20260907\extended\count_0320\detectors\y\0093\metadata.json","1134"
"C:\Users\Chris\Documents\GitHub\Control_System\evidence\experiments\runs\hf2_deferred_capacity_20260907\extended\count_0320\detectors\y\0094\metadata.json","1134"
"C:\Users\Chris\Documents\GitHub\Control_System\evidence\experiments\runs\hf2_deferred_capacity_20260907\extended\count_0320\detectors\y\0095\metadata.json","1134"
"C:\Users\Chris\Documents\GitHub\Control_System\evidence\experiments\runs\hf2_deferred_capacity_20260907\extended\count_0320\detectors\y\0096\metadata.json","1134"
"C:\Users\Chris\Documents\GitHub\Control_System\evidence\experiments\runs\hf2_deferred_capacity_20260907\extended\count_0320\detectors\y\0097\metadata.json","1134"
"C:\Users\Chris\Documents\GitHub\Control_System\evidence\experiments\runs\hf2_deferred_capacity_20260907\extended\count_0320\detectors\y\0098\metadata.json","1134"
"C:\Users\Chris\Documents\GitHub\Control_System\evidence\experiments\runs\hf2_deferred_capacity_20260907\extended\count_0320\detectors\y\0099\metadata.json","1134"
"C:\Users\Chris\Documents\GitHub\Control_System\evidence\experiments\runs\hf2_deferred_capacity_20260907\extended\count_0320\detectors\y\0100\metadata.json","1135"
"C:\Users\Chris\Documents\GitHub\Control_System\evidence\experiments\runs\hf2_deferred_capacity_20260907\extended\count_0320\detectors\y\0101\metadata.json","1135"
"C:\Users\Chris\Documents\GitHub\Control_System\evidence\experiments\runs\hf2_deferred_capacity_20260907\extended\count_0320\detectors\y\0102\metadata.json","1135"
"C:\Users\Chris\Documents\GitHub\Control_System\evidence\experiments\runs\hf2_deferred_capacity_20260907\extended\count_0320\detectors\y\0103\metadata.json","1135"
"C:\Users\Chris\Documents\GitHub\Control_System\evidence\experiments\runs\hf2_deferred_capacity_20260907\extended\count_0320\detectors\y\0104\metadata.json","1135"
"C:\Users\Chris\Documents\GitHub\Control_System\evidence\experiments\runs\hf2_deferred_capacity_20260907\extended\count_0320\detectors\y\0105\metadata.json","1135"
"C:\Users\Chris\Documents\GitHub\Control_System\evidence\experiments\runs\hf2_deferred_capacity_20260907\extended\count_0320\detectors\y\0106\metadata.json","1135"
"C:\Users\Chris\Documents\GitHub\Control_System\evidence\experiments\runs\hf2_deferred_capacity_20260907\extended\count_0320\detectors\y\0107\metadata.json","1135"
"C:\Users\Chris\Documents\GitHub\Control_System\evidence\experiments\runs\hf2_deferred_capacity_20260907\extended\count_0320\detectors\y\0108\metadata.json","1135"
"C:\Users\Chris\Documents\GitHub\Control_System\evidence\experiments\runs\hf2_deferred_capacity_20260907\extended\count_0320\detectors\y\0109\metadata.json","1135"
"C:\Users\Chris\Documents\GitHub\Control_System\evidence\experiments\runs\hf2_deferred_capacity_20260907\extended\count_0320\detectors\y\0110\metadata.json","1135"
"C:\Users\Chris\Documents\GitHub\Control_System\evidence\experiments\runs\hf2_deferred_capacity_20260907\extended\count_0320\detectors\y\0111\metadata.json","1135"
"C:\Users\Chris\Documents\GitHub\Control_System\evidence\experiments\runs\hf2_deferred_capacity_20260907\extended\count_0320\detectors\y\0112\metadata.json","1135"
"C:\Users\Chris\Documents\GitHub\Control_System\evidence\experiments\runs\hf2_deferred_capacity_20260907\extended\count_0320\detectors\y\0113\metadata.json","1135"
"C:\Users\Chris\Documents\GitHub\Control_System\evidence\experiments\runs\hf2_deferred_capacity_20260907\extended\count_0320\detectors\y\0114\metadata.json","1135"
"C:\Users\Chris\Documents\GitHub\Control_System\evidence\experiments\runs\hf2_deferred_capacity_20260907\extended\count_0320\detectors\y\0115\metadata.json","1135"
"C:\Users\Chris\Documents\GitHub\Control_System\evidence\experiments\runs\hf2_deferred_capacity_20260907\extended\count_0320\detectors\y\0116\metadata.json","1135"
"C:\Users\Chris\Documents\GitHub\Control_System\evidence\experiments\runs\hf2_deferred_capacity_20260907\extended\count_0320\detectors\y\0117\metadata.json","1135"
"C:\Users\Chris\Documents\GitHub\Control_System\evidence\experiments\runs\hf2_deferred_capacity_20260907\extended\count_0320\detectors\y\0118\metadata.json","1135"
"C:\Users\Chris\Documents\GitHub\Control_System\evidence\experiments\runs\hf2_deferred_capacity_20260907\extended\count_0320\detectors\y\0119\metadata.json","1135"
"C:\Users\Chris\Documents\GitHub\Control_System\evidence\experiments\runs\hf2_deferred_capacity_20260907\extended\count_0320\detectors\y\0120\metadata.json","1135"
"C:\Users\Chris\Documents\GitHub\Control_System\evidence\experiments\runs\hf2_deferred_capacity_20260907\extended\count_0320\detectors\y\0121\metadata.json","1135"
"C:\Users\Chris\Documents\GitHub\Control_System\evidence\experiments\runs\hf2_deferred_capacity_20260907\extended\count_0320\detectors\y\0122\metadata.json","1135"
"C:\Users\Chris\Documents\GitHub\Control_System\evidence\experiments\runs\hf2_deferred_capacity_20260907\extended\count_0320\detectors\y\0123\metadata.json","1135"
"C:\Users\Chris\Documents\GitHub\Control_System\evidence\experiments\runs\hf2_deferred_capacity_20260907\extended\count_0320\detectors\y\0124\metadata.json","1135"
"C:\Users\Chris\Documents\GitHub\Control_System\evidence\experiments\runs\hf2_deferred_capacity_20260907\extended\count_0320\detectors\y\0125\metadata.json","1135"
"C:\Users\Chris\Documents\GitHub\Control_System\evidence\experiments\runs\hf2_deferred_capacity_20260907\extended\count_0320\detectors\y\0126\metadata.json","1135"
"C:\Users\Chris\Documents\GitHub\Control_System\evidence\experiments\runs\hf2_deferred_capacity_20260907\extended\count_0320\detectors\y\0127\metadata.json","1135"
"C:\Users\Chris\Documents\GitHub\Control_System\evidence\experiments\runs\hf2_deferred_capacity_20260907\extended\count_0320\detectors\y\0128\metadata.json","1135"
"C:\Users\Chris\Documents\GitHub\Control_System\evidence\experiments\runs\hf2_deferred_capacity_20260907\extended\count_0320\detectors\y\0129\metadata.json","1135"
"C:\Users\Chris\Documents\GitHub\Control_System\evidence\experiments\runs\hf2_deferred_capacity_20260907\extended\count_0320\detectors\y\0130\metadata.json","1135"
"C:\Users\Chris\Documents\GitHub\Control_System\evidence\experiments\runs\hf2_deferred_capacity_20260907\extended\count_0320\detectors\y\0131\metadata.json","1135"
"C:\Users\Chris\Documents\GitHub\Control_System\evidence\experiments\runs\hf2_deferred_capacity_20260907\extended\count_0320\detectors\y\0132\metadata.json","1135"
"C:\Users\Chris\Documents\GitHub\Control_System\evidence\experiments\runs\hf2_deferred_capacity_20260907\extended\count_0320\detectors\y\0133\metadata.json","1135"
"C:\Users\Chris\Documents\GitHub\Control_System\evidence\experiments\runs\hf2_deferred_capacity_20260907\extended\count_0320\detectors\y\0134\metadata.json","1135"
"C:\Users\Chris\Documents\GitHub\Control_System\evidence\experiments\runs\hf2_deferred_capacity_20260907\extended\count_0320\detectors\y\0135\metadata.json","1135"
"C:\Users\Chris\Documents\GitHub\Control_System\evidence\experiments\runs\hf2_deferred_capacity_20260907\extended\count_0320\detectors\y\0136\metadata.json","1135"
"C:\Users\Chris\Documents\GitHub\Control_System\evidence\experiments\runs\hf2_deferred_capacity_20260907\extended\count_0320\detectors\y\0137\metadata.json","1135"
"C:\Users\Chris\Documents\GitHub\Control_System\evidence\experiments\runs\hf2_deferred_capacity_20260907\extended\count_0320\detectors\y\0138\metadata.json","1135"
"C:\Users\Chris\Documents\GitHub\Control_System\evidence\experiments\runs\hf2_deferred_capacity_20260907\extended\count_0320\detectors\y\0139\metadata.json","1135"
"C:\Users\Chris\Documents\GitHub\Control_System\evidence\experiments\runs\hf2_deferred_capacity_20260907\extended\count_0320\detectors\y\0140\metadata.json","1135"
"C:\Users\Chris\Documents\GitHub\Control_System\evidence\experiments\runs\hf2_deferred_capacity_20260907\extended\count_0320\detectors\y\0141\metadata.json","1135"
"C:\Users\Chris\Documents\GitHub\Control_System\evidence\experiments\runs\hf2_deferred_capacity_20260907\extended\count_0320\detectors\y\0142\metadata.json","1135"
"C:\Users\Chris\Documents\GitHub\Control_System\evidence\experiments\runs\hf2_deferred_capacity_20260907\extended\count_0320\detectors\y\0143\metadata.json","1135"
"C:\Users\Chris\Documents\GitHub\Control_System\evidence\experiments\runs\hf2_deferred_capacity_20260907\extended\count_0320\detectors\y\0144\metadata.json","1135"
"C:\Users\Chris\Documents\GitHub\Control_System\evidence\experiments\runs\hf2_deferred_capacity_20260907\extended\count_0320\detectors\y\0145\metadata.json","1135"
"C:\Users\Chris\Documents\GitHub\Control_System\evidence\experiments\runs\hf2_deferred_capacity_20260907\extended\count_0320\detectors\y\0146\metadata.json","1135"
"C:\Users\Chris\Documents\GitHub\Control_System\evidence\experiments\runs\hf2_deferred_capacity_20260907\extended\count_0320\detectors\y\0147\metadata.json","1135"
"C:\Users\Chris\Documents\GitHub\Control_System\evidence\experiments\runs\hf2_deferred_capacity_20260907\extended\count_0320\detectors\y\0148\metadata.json","1135"
"C:\Users\Chris\Documents\GitHub\Control_System\evidence\experiments\runs\hf2_deferred_capacity_20260907\extended\count_0320\detectors\y\0149\metadata.json","1135"
"C:\Users\Chris\Documents\GitHub\Control_System\evidence\experiments\runs\hf2_deferred_capacity_20260907\extended\count_0320\detectors\y\0150\metadata.json","1135"
"C:\Users\Chris\Documents\GitHub\Control_System\evidence\experiments\runs\hf2_deferred_capacity_20260907\extended\count_0320\detectors\y\0151\metadata.json","1135"
"C:\Users\Chris\Documents\GitHub\Control_System\evidence\experiments\runs\hf2_deferred_capacity_20260907\extended\count_0320\detectors\y\0152\metadata.json","1135"
"C:\Users\Chris\Documents\GitHub\Control_System\evidence\experiments\runs\hf2_deferred_capacity_20260907\extended\count_0320\detectors\y\0153\metadata.json","1135"
"C:\Users\Chris\Documents\GitHub\Control_System\evidence\experiments\runs\hf2_deferred_capacity_20260907\extended\count_0320\detectors\y\0154\metadata.json","1135"
"C:\Users\Chris\Documents\GitHub\Control_System\evidence\experiments\runs\hf2_deferred_capacity_20260907\extended\count_0320\detectors\y\0155\metadata.json","1135"
"C:\Users\Chris\Documents\GitHub\Control_System\evidence\experiments\runs\hf2_deferred_capacity_20260907\extended\count_0320\detectors\y\0156\metadata.json","1135"
"C:\Users\Chris\Documents\GitHub\Control_System\evidence\experiments\runs\hf2_deferred_capacity_20260907\extended\count_0320\detectors\y\0157\metadata.json","1135"
"C:\Users\Chris\Documents\GitHub\Control_System\evidence\experiments\runs\hf2_deferred_capacity_20260907\extended\count_0320\detectors\y\0158\metadata.json","1135"
"C:\Users\Chris\Documents\GitHub\Control_System\evidence\experiments\runs\hf2_deferred_capacity_20260907\extended\count_0320\detectors\y\0159\metadata.json","1135"
"C:\Users\Chris\Documents\GitHub\Control_System\evidence\experiments\runs\hf2_deferred_capacity_20260907\extended\count_0320\detectors\y\0160\metadata.json","1135"
"C:\Users\Chris\Documents\GitHub\Control_System\evidence\experiments\runs\hf2_deferred_capacity_20260907\extended\count_0320\detectors\y\0161\metadata.json","1135"
"C:\Users\Chris\Documents\GitHub\Control_System\evidence\experiments\runs\hf2_deferred_capacity_20260907\extended\count_0320\detectors\y\0162\metadata.json","1135"
"C:\Users\Chris\Documents\GitHub\Control_System\evidence\experiments\runs\hf2_deferred_capacity_20260907\extended\count_0320\detectors\y\0163\metadata.json","1135"
"C:\Users\Chris\Documents\GitHub\Control_System\evidence\experiments\runs\hf2_deferred_capacity_20260907\extended\count_0320\detectors\y\0164\metadata.json","1135"
"C:\Users\Chris\Documents\GitHub\Control_System\evidence\experiments\runs\hf2_deferred_capacity_20260907\extended\count_0320\detectors\y\0165\metadata.json","1135"
"C:\Users\Chris\Documents\GitHub\Control_System\evidence\experiments\runs\hf2_deferred_capacity_20260907\extended\count_0320\detectors\y\0166\metadata.json","1135"
"C:\Users\Chris\Documents\GitHub\Control_System\evidence\experiments\runs\hf2_deferred_capacity_20260907\extended\count_0320\detectors\y\0167\metadata.json","1135"
"C:\Users\Chris\Documents\GitHub\Control_System\evidence\experiments\runs\hf2_deferred_capacity_20260907\extended\count_0320\detectors\y\0168\metadata.json","1135"
"C:\Users\Chris\Documents\GitHub\Control_System\evidence\experiments\runs\hf2_deferred_capacity_20260907\extended\count_0320\detectors\y\0169\metadata.json","1135"
"C:\Users\Chris\Documents\GitHub\Control_System\evidence\experiments\runs\hf2_deferred_capacity_20260907\extended\count_0320\detectors\y\0170\metadata.json","1135"
"C:\Users\Chris\Documents\GitHub\Control_System\evidence\experiments\runs\hf2_deferred_capacity_20260907\extended\count_0320\detectors\y\0171\metadata.json","1135"
"C:\Users\Chris\Documents\GitHub\Control_System\evidence\experiments\runs\hf2_deferred_capacity_20260907\extended\count_0320\detectors\y\0172\metadata.json","1135"
"C:\Users\Chris\Documents\GitHub\Control_System\evidence\experiments\runs\hf2_deferred_capacity_20260907\extended\count_0320\detectors\y\0173\metadata.json","1135"
"C:\Users\Chris\Documents\GitHub\Control_System\evidence\experiments\runs\hf2_deferred_capacity_20260907\extended\count_0320\detectors\y\0174\metadata.json","1135"
"C:\Users\Chris\Documents\GitHub\Control_System\evidence\experiments\runs\hf2_deferred_capacity_20260907\extended\count_0320\detectors\y\0175\metadata.json","1135"
"C:\Users\Chris\Documents\GitHub\Control_System\evidence\experiments\runs\hf2_deferred_capacity_20260907\extended\count_0320\detectors\y\0176\metadata.json","1135"
"C:\Users\Chris\Documents\GitHub\Control_System\evidence\experiments\runs\hf2_deferred_capacity_20260907\extended\count_0320\detectors\y\0177\metadata.json","1135"
"C:\Users\Chris\Documents\GitHub\Control_System\evidence\experiments\runs\hf2_deferred_capacity_20260907\extended\count_0320\detectors\y\0178\metadata.json","1135"
"C:\Users\Chris\Documents\GitHub\Control_System\evidence\experiments\runs\hf2_deferred_capacity_20260907\extended\count_0320\detectors\y\0179\metadata.json","1135"
"C:\Users\Chris\Documents\GitHub\Control_System\evidence\experiments\runs\hf2_deferred_capacity_20260907\extended\count_0320\detectors\y\0180\metadata.json","1135"
"C:\Users\Chris\Documents\GitHub\Control_System\evidence\experiments\runs\hf2_deferred_capacity_20260907\extended\count_0320\detectors\y\0181\metadata.json","1135"
"C:\Users\Chris\Documents\GitHub\Control_System\evidence\experiments\runs\hf2_deferred_capacity_20260907\extended\count_0320\detectors\y\0182\metadata.json","1135"
"C:\Users\Chris\Documents\GitHub\Control_System\evidence\experiments\runs\hf2_deferred_capacity_20260907\extended\count_0320\detectors\y\0183\metadata.json","1135"
"C:\Users\Chris\Documents\GitHub\Control_System\evidence\experiments\runs\hf2_deferred_capacity_20260907\extended\count_0320\detectors\y\0184\metadata.json","1135"
"C:\Users\Chris\Documents\GitHub\Control_System\evidence\experiments\runs\hf2_deferred_capacity_20260907\extended\count_0320\detectors\y\0185\metadata.json","1135"
"C:\Users\Chris\Documents\GitHub\Control_System\evidence\experiments\runs\hf2_deferred_capacity_20260907\extended\count_0320\detectors\y\0186\metadata.json","1135"
"C:\Users\Chris\Documents\GitHub\Control_System\evidence\experiments\runs\hf2_deferred_capacity_20260907\extended\count_0320\detectors\y\0187\metadata.json","1135"
"C:\Users\Chris\Documents\GitHub\Control_System\evidence\experiments\runs\hf2_deferred_capacity_20260907\extended\count_0320\detectors\y\0188\metadata.json","1135"
"C:\Users\Chris\Documents\GitHub\Control_System\evidence\experiments\runs\hf2_deferred_capacity_20260907\extended\count_0320\detectors\y\0189\metadata.json","1135"
"C:\Users\Chris\Documents\GitHub\Control_System\evidence\experiments\runs\hf2_deferred_capacity_20260907\extended\count_0320\detectors\y\0190\metadata.json","1135"
"C:\Users\Chris\Documents\GitHub\Control_System\evidence\experiments\runs\hf2_deferred_capacity_20260907\extended\count_0320\detectors\y\0191\metadata.json","1135"
"C:\Users\Chris\Documents\GitHub\Control_System\evidence\experiments\runs\hf2_deferred_capacity_20260907\extended\count_0320\detectors\y\0192\metadata.json","1135"
"C:\Users\Chris\Documents\GitHub\Control_System\evidence\experiments\runs\hf2_deferred_capacity_20260907\extended\count_0320\detectors\y\0193\metadata.json","1135"
"C:\Users\Chris\Documents\GitHub\Control_System\evidence\experiments\runs\hf2_deferred_capacity_20260907\extended\count_0320\detectors\y\0194\metadata.json","1135"
"C:\Users\Chris\Documents\GitHub\Control_System\evidence\experiments\runs\hf2_deferred_capacity_20260907\extended\count_0320\detectors\y\0195\metadata.json","1135"
"C:\Users\Chris\Documents\GitHub\Control_System\evidence\experiments\runs\hf2_deferred_capacity_20260907\extended\count_0320\detectors\y\0196\metadata.json","1135"
"C:\Users\Chris\Documents\GitHub\Control_System\evidence\experiments\runs\hf2_deferred_capacity_20260907\extended\count_0320\detectors\y\0197\metadata.json","1135"
"C:\Users\Chris\Documents\GitHub\Control_System\evidence\experiments\runs\hf2_deferred_capacity_20260907\extended\count_0320\detectors\y\0198\metadata.json","1135"
"C:\Users\Chris\Documents\GitHub\Control_System\evidence\experiments\runs\hf2_deferred_capacity_20260907\extended\count_0320\detectors\y\0199\metadata.json","1135"
"C:\Users\Chris\Documents\GitHub\Control_System\evidence\experiments\runs\hf2_deferred_capacity_20260907\extended\count_0320\detectors\y\0200\metadata.json","1135"
"C:\Users\Chris\Documents\GitHub\Control_System\evidence\experiments\runs\hf2_deferred_capacity_20260907\extended\count_0320\detectors\y\0201\metadata.json","1135"
"C:\Users\Chris\Documents\GitHub\Control_System\evidence\experiments\runs\hf2_deferred_capacity_20260907\extended\count_0320\detectors\y\0202\metadata.json","1135"
"C:\Users\Chris\Documents\GitHub\Control_System\evidence\experiments\runs\hf2_deferred_capacity_20260907\extended\count_0320\detectors\y\0203\metadata.json","1135"
"C:\Users\Chris\Documents\GitHub\Control_System\evidence\experiments\runs\hf2_deferred_capacity_20260907\extended\count_0320\detectors\y\0204\metadata.json","1135"
"C:\Users\Chris\Documents\GitHub\Control_System\evidence\experiments\runs\hf2_deferred_capacity_20260907\extended\count_0320\detectors\y\0205\metadata.json","1135"
"C:\Users\Chris\Documents\GitHub\Control_System\evidence\experiments\runs\hf2_deferred_capacity_20260907\extended\count_0320\detectors\y\0206\metadata.json","1135"
"C:\Users\Chris\Documents\GitHub\Control_System\evidence\experiments\runs\hf2_deferred_capacity_20260907\extended\count_0320\detectors\y\0207\metadata.json","1135"
"C:\Users\Chris\Documents\GitHub\Control_System\evidence\experiments\runs\hf2_deferred_capacity_20260907\extended\count_0320\detectors\y\0208\metadata.json","1135"
"C:\Users\Chris\Documents\GitHub\Control_System\evidence\experiments\runs\hf2_deferred_capacity_20260907\extended\count_0320\detectors\y\0209\metadata.json","1135"
"C:\Users\Chris\Documents\GitHub\Control_System\evidence\experiments\runs\hf2_deferred_capacity_20260907\extended\count_0320\detectors\y\0210\metadata.json","1135"
"C:\Users\Chris\Documents\GitHub\Control_System\evidence\experiments\runs\hf2_deferred_capacity_20260907\extended\count_0320\detectors\y\0211\metadata.json","1135"
"C:\Users\Chris\Documents\GitHub\Control_System\evidence\experiments\runs\hf2_deferred_capacity_20260907\extended\count_0320\detectors\y\0212\metadata.json","1135"
"C:\Users\Chris\Documents\GitHub\Control_System\evidence\experiments\runs\hf2_deferred_capacity_20260907\extended\count_0320\detectors\y\0213\metadata.json","1135"
"C:\Users\Chris\Documents\GitHub\Control_System\evidence\experiments\runs\hf2_deferred_capacity_20260907\extended\count_0320\detectors\y\0214\metadata.json","1135"
"C:\Users\Chris\Documents\GitHub\Control_System\evidence\experiments\runs\hf2_deferred_capacity_20260907\extended\count_0320\detectors\y\0215\metadata.json","1135"
"C:\Users\Chris\Documents\GitHub\Control_System\evidence\experiments\runs\hf2_deferred_capacity_20260907\extended\count_0320\detectors\y\0216\metadata.json","1135"
"C:\Users\Chris\Documents\GitHub\Control_System\evidence\experiments\runs\hf2_deferred_capacity_20260907\extended\count_0320\detectors\y\0217\metadata.json","1135"
"C:\Users\Chris\Documents\GitHub\Control_System\evidence\experiments\runs\hf2_deferred_capacity_20260907\extended\count_0320\detectors\y\0218\metadata.json","1135"
"C:\Users\Chris\Documents\GitHub\Control_System\evidence\experiments\runs\hf2_deferred_capacity_20260907\extended\count_0320\detectors\y\0219\metadata.json","1135"
"C:\Users\Chris\Documents\GitHub\Control_System\evidence\experiments\runs\hf2_deferred_capacity_20260907\extended\count_0320\detectors\y\0220\metadata.json","1135"
"C:\Users\Chris\Documents\GitHub\Control_System\evidence\experiments\runs\hf2_deferred_capacity_20260907\extended\count_0320\detectors\y\0221\metadata.json","1135"
"C:\Users\Chris\Documents\GitHub\Control_System\evidence\experiments\runs\hf2_deferred_capacity_20260907\extended\count_0320\detectors\y\0222\metadata.json","1135"
"C:\Users\Chris\Documents\GitHub\Control_System\evidence\experiments\runs\hf2_deferred_capacity_20260907\extended\count_0320\detectors\y\0223\metadata.json","1135"
"C:\Users\Chris\Documents\GitHub\Control_System\evidence\experiments\runs\hf2_deferred_capacity_20260907\extended\count_0320\detectors\y\0224\metadata.json","1135"
"C:\Users\Chris\Documents\GitHub\Control_System\evidence\experiments\runs\hf2_deferred_capacity_20260907\extended\count_0320\detectors\y\0225\metadata.json","1135"
"C:\Users\Chris\Documents\GitHub\Control_System\evidence\experiments\runs\hf2_deferred_capacity_20260907\extended\count_0320\detectors\y\0226\metadata.json","1135"
"C:\Users\Chris\Documents\GitHub\Control_System\evidence\experiments\runs\hf2_deferred_capacity_20260907\extended\count_0320\detectors\y\0227\metadata.json","1135"
"C:\Users\Chris\Documents\GitHub\Control_System\evidence\experiments\runs\hf2_deferred_capacity_20260907\extended\count_0320\detectors\y\0228\metadata.json","1135"
"C:\Users\Chris\Documents\GitHub\Control_System\evidence\experiments\runs\hf2_deferred_capacity_20260907\extended\count_0320\detectors\y\0229\metadata.json","1135"
"C:\Users\Chris\Documents\GitHub\Control_System\evidence\experiments\runs\hf2_deferred_capacity_20260907\extended\count_0320\detectors\y\0230\metadata.json","1135"
"C:\Users\Chris\Documents\GitHub\Control_System\evidence\experiments\runs\hf2_deferred_capacity_20260907\extended\count_0320\detectors\y\0231\metadata.json","1135"
"C:\Users\Chris\Documents\GitHub\Control_System\evidence\experiments\runs\hf2_deferred_capacity_20260907\extended\count_0320\detectors\y\0232\metadata.json","1135"
"C:\Users\Chris\Documents\GitHub\Control_System\evidence\experiments\runs\hf2_deferred_capacity_20260907\extended\count_0320\detectors\y\0233\metadata.json","1135"
"C:\Users\Chris\Documents\GitHub\Control_System\evidence\experiments\runs\hf2_deferred_capacity_20260907\extended\count_0320\detectors\y\0234\metadata.json","1135"
"C:\Users\Chris\Documents\GitHub\Control_System\evidence\experiments\runs\hf2_deferred_capacity_20260907\extended\count_0320\detectors\y\0235\metadata.json","1135"
"C:\Users\Chris\Documents\GitHub\Control_System\evidence\experiments\runs\hf2_deferred_capacity_20260907\extended\count_0320\detectors\y\0236\metadata.json","1135"
"C:\Users\Chris\Documents\GitHub\Control_System\evidence\experiments\runs\hf2_deferred_capacity_20260907\extended\count_0320\detectors\y\0237\metadata.json","1135"
"C:\Users\Chris\Documents\GitHub\Control_System\evidence\experiments\runs\hf2_deferred_capacity_20260907\extended\count_0320\detectors\y\0238\metadata.json","1135"
"C:\Users\Chris\Documents\GitHub\Control_System\evidence\experiments\runs\hf2_deferred_capacity_20260907\extended\count_0320\detectors\y\0239\metadata.json","1135"
"C:\Users\Chris\Documents\GitHub\Control_System\evidence\experiments\runs\hf2_deferred_capacity_20260907\extended\count_0320\detectors\y\0240\metadata.json","1135"
"C:\Users\Chris\Documents\GitHub\Control_System\evidence\experiments\runs\hf2_deferred_capacity_20260907\extended\count_0320\detectors\y\0241\metadata.json","1135"
"C:\Users\Chris\Documents\GitHub\Control_System\evidence\experiments\runs\hf2_deferred_capacity_20260907\extended\count_0320\detectors\y\0242\metadata.json","1135"
"C:\Users\Chris\Documents\GitHub\Control_System\evidence\experiments\runs\hf2_deferred_capacity_20260907\extended\count_0320\detectors\y\0243\metadata.json","1135"
"C:\Users\Chris\Documents\GitHub\Control_System\evidence\experiments\runs\hf2_deferred_capacity_20260907\extended\count_0320\detectors\y\0244\metadata.json","1135"
"C:\Users\Chris\Documents\GitHub\Control_System\evidence\experiments\runs\hf2_deferred_capacity_20260907\extended\count_0320\detectors\y\0245\metadata.json","1135"
"C:\Users\Chris\Documents\GitHub\Control_System\evidence\experiments\runs\hf2_deferred_capacity_20260907\extended\count_0320\detectors\y\0246\metadata.json","1135"
"C:\Users\Chris\Documents\GitHub\Control_System\evidence\experiments\runs\hf2_deferred_capacity_20260907\extended\count_0320\detectors\y\0247\metadata.json","1135"
"C:\Users\Chris\Documents\GitHub\Control_System\evidence\experiments\runs\hf2_deferred_capacity_20260907\extended\count_0320\detectors\y\0248\metadata.json","1135"
"C:\Users\Chris\Documents\GitHub\Control_System\evidence\experiments\runs\hf2_deferred_capacity_20260907\extended\count_0320\detectors\y\0249\metadata.json","1135"
"C:\Users\Chris\Documents\GitHub\Control_System\evidence\experiments\runs\hf2_deferred_capacity_20260907\extended\count_0320\detectors\y\0250\metadata.json","1135"
"C:\Users\Chris\Documents\GitHub\Control_System\evidence\experiments\runs\hf2_deferred_capacity_20260907\extended\count_0320\detectors\y\0251\metadata.json","1135"
"C:\Users\Chris\Documents\GitHub\Control_System\evidence\experiments\runs\hf2_deferred_capacity_20260907\extended\count_0320\detectors\y\0252\metadata.json","1135"
"C:\Users\Chris\Documents\GitHub\Control_System\evidence\experiments\runs\hf2_deferred_capacity_20260907\extended\count_0320\detectors\y\0253\metadata.json","1135"
"C:\Users\Chris\Documents\GitHub\Control_System\evidence\experiments\runs\hf2_deferred_capacity_20260907\extended\count_0320\detectors\y\0254\metadata.json","1135"
"C:\Users\Chris\Documents\GitHub\Control_System\evidence\experiments\runs\hf2_deferred_capacity_20260907\extended\count_0320\detectors\y\0255\metadata.json","1135"
"C:\Users\Chris\Documents\GitHub\Control_System\evidence\experiments\runs\hf2_deferred_capacity_20260907\extended\count_0320\detectors\y\0256\metadata.json","1135"
"C:\Users\Chris\Documents\GitHub\Control_System\evidence\experiments\runs\hf2_deferred_capacity_20260907\extended\count_0320\detectors\y\0257\metadata.json","1135"
"C:\Users\Chris\Documents\GitHub\Control_System\evidence\experiments\runs\hf2_deferred_capacity_20260907\extended\count_0320\detectors\y\0258\metadata.json","1135"
"C:\Users\Chris\Documents\GitHub\Control_System\evidence\experiments\runs\hf2_deferred_capacity_20260907\extended\count_0320\detectors\y\0259\metadata.json","1135"
"C:\Users\Chris\Documents\GitHub\Control_System\evidence\experiments\runs\hf2_deferred_capacity_20260907\extended\count_0320\detectors\y\0260\metadata.json","1135"
"C:\Users\Chris\Documents\GitHub\Control_System\evidence\experiments\runs\hf2_deferred_capacity_20260907\extended\count_0320\detectors\y\0261\metadata.json","1135"
"C:\Users\Chris\Documents\GitHub\Control_System\evidence\experiments\runs\hf2_deferred_capacity_20260907\extended\count_0320\detectors\y\0262\metadata.json","1135"
"C:\Users\Chris\Documents\GitHub\Control_System\evidence\experiments\runs\hf2_deferred_capacity_20260907\extended\count_0320\detectors\y\0263\metadata.json","1135"
"C:\Users\Chris\Documents\GitHub\Control_System\evidence\experiments\runs\hf2_deferred_capacity_20260907\extended\count_0320\detectors\y\0264\metadata.json","1135"
"C:\Users\Chris\Documents\GitHub\Control_System\evidence\experiments\runs\hf2_deferred_capacity_20260907\extended\count_0320\detectors\y\0265\metadata.json","1135"
"C:\Users\Chris\Documents\GitHub\Control_System\evidence\experiments\runs\hf2_deferred_capacity_20260907\extended\count_0320\detectors\y\0266\metadata.json","1135"
"C:\Users\Chris\Documents\GitHub\Control_System\evidence\experiments\runs\hf2_deferred_capacity_20260907\extended\count_0320\detectors\y\0267\metadata.json","1135"
"C:\Users\Chris\Documents\GitHub\Control_System\evidence\experiments\runs\hf2_deferred_capacity_20260907\extended\count_0320\detectors\y\0268\metadata.json","1135"
"C:\Users\Chris\Documents\GitHub\Control_System\evidence\experiments\runs\hf2_deferred_capacity_20260907\extended\count_0320\detectors\y\0269\metadata.json","1135"
"C:\Users\Chris\Documents\GitHub\Control_System\evidence\experiments\runs\hf2_deferred_capacity_20260907\extended\count_0320\detectors\y\0270\metadata.json","1135"
"C:\Users\Chris\Documents\GitHub\Control_System\evidence\experiments\runs\hf2_deferred_capacity_20260907\extended\count_0320\detectors\y\0271\metadata.json","1135"
"C:\Users\Chris\Documents\GitHub\Control_System\evidence\experiments\runs\hf2_deferred_capacity_20260907\extended\count_0320\detectors\y\0272\metadata.json","1135"
"C:\Users\Chris\Documents\GitHub\Control_System\evidence\experiments\runs\hf2_deferred_capacity_20260907\extended\count_0320\detectors\y\0273\metadata.json","1135"
"C:\Users\Chris\Documents\GitHub\Control_System\evidence\experiments\runs\hf2_deferred_capacity_20260907\extended\count_0320\detectors\y\0274\metadata.json","1135"
"C:\Users\Chris\Documents\GitHub\Control_System\evidence\experiments\runs\hf2_deferred_capacity_20260907\extended\count_0320\detectors\y\0275\metadata.json","1135"
"C:\Users\Chris\Documents\GitHub\Control_System\evidence\experiments\runs\hf2_deferred_capacity_20260907\extended\count_0320\detectors\y\0276\metadata.json","1135"
"C:\Users\Chris\Documents\GitHub\Control_System\evidence\experiments\runs\hf2_deferred_capacity_20260907\extended\count_0320\detectors\y\0277\metadata.json","1135"
"C:\Users\Chris\Documents\GitHub\Control_System\evidence\experiments\runs\hf2_deferred_capacity_20260907\extended\count_0320\detectors\y\0278\metadata.json","1135"
"C:\Users\Chris\Documents\GitHub\Control_System\evidence\experiments\runs\hf2_deferred_capacity_20260907\extended\count_0320\detectors\y\0279\metadata.json","1135"
"C:\Users\Chris\Documents\GitHub\Control_System\evidence\experiments\runs\hf2_deferred_capacity_20260907\extended\count_0320\detectors\y\0280\metadata.json","1135"
"C:\Users\Chris\Documents\GitHub\Control_System\evidence\experiments\runs\hf2_deferred_capacity_20260907\extended\count_0320\detectors\y\0281\metadata.json","1135"
"C:\Users\Chris\Documents\GitHub\Control_System\evidence\experiments\runs\hf2_deferred_capacity_20260907\extended\count_0320\detectors\y\0282\metadata.json","1135"
"C:\Users\Chris\Documents\GitHub\Control_System\evidence\experiments\runs\hf2_deferred_capacity_20260907\extended\count_0320\detectors\y\0283\metadata.json","1135"
"C:\Users\Chris\Documents\GitHub\Control_System\evidence\experiments\runs\hf2_deferred_capacity_20260907\extended\count_0320\detectors\y\0284\metadata.json","1135"
"C:\Users\Chris\Documents\GitHub\Control_System\evidence\experiments\runs\hf2_deferred_capacity_20260907\extended\count_0320\detectors\y\0285\metadata.json","1135"
"C:\Users\Chris\Documents\GitHub\Control_System\evidence\experiments\runs\hf2_deferred_capacity_20260907\extended\count_0320\detectors\y\0286\metadata.json","1135"
"C:\Users\Chris\Documents\GitHub\Control_System\evidence\experiments\runs\hf2_deferred_capacity_20260907\extended\count_0320\detectors\y\0287\metadata.json","1135"
"C:\Users\Chris\Documents\GitHub\Control_System\evidence\experiments\runs\hf2_deferred_capacity_20260907\extended\count_0320\detectors\y\0288\metadata.json","1135"
"C:\Users\Chris\Documents\GitHub\Control_System\evidence\experiments\runs\hf2_deferred_capacity_20260907\extended\count_0320\detectors\y\0289\metadata.json","1135"
"C:\Users\Chris\Documents\GitHub\Control_System\evidence\experiments\runs\hf2_deferred_capacity_20260907\extended\count_0320\detectors\y\0290\metadata.json","1135"
"C:\Users\Chris\Documents\GitHub\Control_System\evidence\experiments\runs\hf2_deferred_capacity_20260907\extended\count_0320\detectors\y\0291\metadata.json","1135"
"C:\Users\Chris\Documents\GitHub\Control_System\evidence\experiments\runs\hf2_deferred_capacity_20260907\extended\count_0320\detectors\y\0292\metadata.json","1135"
"C:\Users\Chris\Documents\GitHub\Control_System\evidence\experiments\runs\hf2_deferred_capacity_20260907\extended\count_0320\detectors\y\0293\metadata.json","1135"
"C:\Users\Chris\Documents\GitHub\Control_System\evidence\experiments\runs\hf2_deferred_capacity_20260907\extended\count_0320\detectors\y\0294\metadata.json","1135"
"C:\Users\Chris\Documents\GitHub\Control_System\evidence\experiments\runs\hf2_deferred_capacity_20260907\extended\count_0320\detectors\y\0295\metadata.json","1135"
"C:\Users\Chris\Documents\GitHub\Control_System\evidence\experiments\runs\hf2_deferred_capacity_20260907\extended\count_0320\detectors\y\0296\metadata.json","1135"
"C:\Users\Chris\Documents\GitHub\Control_System\evidence\experiments\runs\hf2_deferred_capacity_20260907\extended\count_0320\detectors\y\0297\metadata.json","1135"
"C:\Users\Chris\Documents\GitHub\Control_System\evidence\experiments\runs\hf2_deferred_capacity_20260907\extended\count_0320\detectors\y\0298\metadata.json","1135"
"C:\Users\Chris\Documents\GitHub\Control_System\evidence\experiments\runs\hf2_deferred_capacity_20260907\extended\count_0320\detectors\y\0299\metadata.json","1135"
"C:\Users\Chris\Documents\GitHub\Control_System\evidence\experiments\runs\hf2_deferred_capacity_20260907\extended\count_0320\detectors\y\0300\metadata.json","1135"
"C:\Users\Chris\Documents\GitHub\Control_System\evidence\experiments\runs\hf2_deferred_capacity_20260907\extended\count_0320\detectors\y\0301\metadata.json","1135"
"C:\Users\Chris\Documents\GitHub\Control_System\evidence\experiments\runs\hf2_deferred_capacity_20260907\extended\count_0320\detectors\y\0302\metadata.json","1135"
"C:\Users\Chris\Documents\GitHub\Control_System\evidence\experiments\runs\hf2_deferred_capacity_20260907\extended\count_0320\detectors\y\0303\metadata.json","1135"
"C:\Users\Chris\Documents\GitHub\Control_System\evidence\experiments\runs\hf2_deferred_capacity_20260907\extended\count_0320\detectors\y\0304\metadata.json","1135"
"C:\Users\Chris\Documents\GitHub\Control_System\evidence\experiments\runs\hf2_deferred_capacity_20260907\extended\count_0320\detectors\y\0305\metadata.json","1135"
"C:\Users\Chris\Documents\GitHub\Control_System\evidence\experiments\runs\hf2_deferred_capacity_20260907\extended\count_0320\detectors\y\0306\metadata.json","1135"
"C:\Users\Chris\Documents\GitHub\Control_System\evidence\experiments\runs\hf2_deferred_capacity_20260907\extended\count_0320\detectors\y\0307\metadata.json","1135"
"C:\Users\Chris\Documents\GitHub\Control_System\evidence\experiments\runs\hf2_deferred_capacity_20260907\extended\count_0320\detectors\y\0308\metadata.json","1135"
"C:\Users\Chris\Documents\GitHub\Control_System\evidence\experiments\runs\hf2_deferred_capacity_20260907\extended\count_0320\detectors\y\0309\metadata.json","1135"
"C:\Users\Chris\Documents\GitHub\Control_System\evidence\experiments\runs\hf2_deferred_capacity_20260907\extended\count_0320\detectors\y\0310\metadata.json","1135"
"C:\Users\Chris\Documents\GitHub\Control_System\evidence\experiments\runs\hf2_deferred_capacity_20260907\extended\count_0320\detectors\y\0311\metadata.json","1135"
"C:\Users\Chris\Documents\GitHub\Control_System\evidence\experiments\runs\hf2_deferred_capacity_20260907\extended\count_0320\detectors\y\0312\metadata.json","1135"
"C:\Users\Chris\Documents\GitHub\Control_System\evidence\experiments\runs\hf2_deferred_capacity_20260907\extended\count_0320\detectors\y\0313\metadata.json","1135"
"C:\Users\Chris\Documents\GitHub\Control_System\evidence\experiments\runs\hf2_deferred_capacity_20260907\extended\count_0320\detectors\y\0314\metadata.json","1135"
"C:\Users\Chris\Documents\GitHub\Control_System\evidence\experiments\runs\hf2_deferred_capacity_20260907\extended\count_0320\detectors\y\0315\metadata.json","1135"
"C:\Users\Chris\Documents\GitHub\Control_System\evidence\experiments\runs\hf2_deferred_capacity_20260907\extended\count_0320\detectors\y\0316\metadata.json","1135"
"C:\Users\Chris\Documents\GitHub\Control_System\evidence\experiments\runs\hf2_deferred_capacity_20260907\extended\count_0320\detectors\y\0317\metadata.json","1135"
"C:\Users\Chris\Documents\GitHub\Control_System\evidence\experiments\runs\hf2_deferred_capacity_20260907\extended\count_0320\detectors\y\0318\metadata.json","1135"
"C:\Users\Chris\Documents\GitHub\Control_System\evidence\experiments\runs\hf2_deferred_capacity_20260907\extended\count_0320\detectors\y\0319\metadata.json","1135"
"C:\Users\Chris\Documents\GitHub\Control_System\evidence\experiments\runs\hf2_deferred_capacity_20260907\extended\count_0320\timing\dio\0000\metadata.json","1133"
"C:\Users\Chris\Documents\GitHub\Control_System\evidence\experiments\runs\hf2_deferred_capacity_20260907\extended\count_0320\timing\dio\0001\metadata.json","1133"
"C:\Users\Chris\Documents\GitHub\Control_System\evidence\experiments\runs\hf2_deferred_capacity_20260907\extended\count_0320\timing\dio\0002\metadata.json","1133"
"C:\Users\Chris\Documents\GitHub\Control_System\evidence\experiments\runs\hf2_deferred_capacity_20260907\extended\count_0320\timing\dio\0003\metadata.json","1133"
"C:\Users\Chris\Documents\GitHub\Control_System\evidence\experiments\runs\hf2_deferred_capacity_20260907\extended\count_0320\timing\dio\0004\metadata.json","1133"
"C:\Users\Chris\Documents\GitHub\Control_System\evidence\experiments\runs\hf2_deferred_capacity_20260907\extended\count_0320\timing\dio\0005\metadata.json","1133"
"C:\Users\Chris\Documents\GitHub\Control_System\evidence\experiments\runs\hf2_deferred_capacity_20260907\extended\count_0320\timing\dio\0006\metadata.json","1133"
"C:\Users\Chris\Documents\GitHub\Control_System\evidence\experiments\runs\hf2_deferred_capacity_20260907\extended\count_0320\timing\dio\0007\metadata.json","1133"
"C:\Users\Chris\Documents\GitHub\Control_System\evidence\experiments\runs\hf2_deferred_capacity_20260907\extended\count_0320\timing\dio\0008\metadata.json","1133"
"C:\Users\Chris\Documents\GitHub\Control_System\evidence\experiments\runs\hf2_deferred_capacity_20260907\extended\count_0320\timing\dio\0009\metadata.json","1133"
"C:\Users\Chris\Documents\GitHub\Control_System\evidence\experiments\runs\hf2_deferred_capacity_20260907\extended\count_0320\timing\dio\0010\metadata.json","1134"
"C:\Users\Chris\Documents\GitHub\Control_System\evidence\experiments\runs\hf2_deferred_capacity_20260907\extended\count_0320\timing\dio\0011\metadata.json","1134"
"C:\Users\Chris\Documents\GitHub\Control_System\evidence\experiments\runs\hf2_deferred_capacity_20260907\extended\count_0320\timing\dio\0012\metadata.json","1134"
"C:\Users\Chris\Documents\GitHub\Control_System\evidence\experiments\runs\hf2_deferred_capacity_20260907\extended\count_0320\timing\dio\0013\metadata.json","1134"
"C:\Users\Chris\Documents\GitHub\Control_System\evidence\experiments\runs\hf2_deferred_capacity_20260907\extended\count_0320\timing\dio\0014\metadata.json","1134"
"C:\Users\Chris\Documents\GitHub\Control_System\evidence\experiments\runs\hf2_deferred_capacity_20260907\extended\count_0320\timing\dio\0015\metadata.json","1134"
"C:\Users\Chris\Documents\GitHub\Control_System\evidence\experiments\runs\hf2_deferred_capacity_20260907\extended\count_0320\timing\dio\0016\metadata.json","1134"
"C:\Users\Chris\Documents\GitHub\Control_System\evidence\experiments\runs\hf2_deferred_capacity_20260907\extended\count_0320\timing\dio\0017\metadata.json","1134"
"C:\Users\Chris\Documents\GitHub\Control_System\evidence\experiments\runs\hf2_deferred_capacity_20260907\extended\count_0320\timing\dio\0018\metadata.json","1134"
"C:\Users\Chris\Documents\GitHub\Control_System\evidence\experiments\runs\hf2_deferred_capacity_20260907\extended\count_0320\timing\dio\0019\metadata.json","1134"
"C:\Users\Chris\Documents\GitHub\Control_System\evidence\experiments\runs\hf2_deferred_capacity_20260907\extended\count_0320\timing\dio\0020\metadata.json","1134"
"C:\Users\Chris\Documents\GitHub\Control_System\evidence\experiments\runs\hf2_deferred_capacity_20260907\extended\count_0320\timing\dio\0021\metadata.json","1134"
"C:\Users\Chris\Documents\GitHub\Control_System\evidence\experiments\runs\hf2_deferred_capacity_20260907\extended\count_0320\timing\dio\0022\metadata.json","1134"
"C:\Users\Chris\Documents\GitHub\Control_System\evidence\experiments\runs\hf2_deferred_capacity_20260907\extended\count_0320\timing\dio\0023\metadata.json","1134"
"C:\Users\Chris\Documents\GitHub\Control_System\evidence\experiments\runs\hf2_deferred_capacity_20260907\extended\count_0320\timing\dio\0024\metadata.json","1134"
"C:\Users\Chris\Documents\GitHub\Control_System\evidence\experiments\runs\hf2_deferred_capacity_20260907\extended\count_0320\timing\dio\0025\metadata.json","1134"
"C:\Users\Chris\Documents\GitHub\Control_System\evidence\experiments\runs\hf2_deferred_capacity_20260907\extended\count_0320\timing\dio\0026\metadata.json","1134"
"C:\Users\Chris\Documents\GitHub\Control_System\evidence\experiments\runs\hf2_deferred_capacity_20260907\extended\count_0320\timing\dio\0027\metadata.json","1134"
"C:\Users\Chris\Documents\GitHub\Control_System\evidence\experiments\runs\hf2_deferred_capacity_20260907\extended\count_0320\timing\dio\0028\metadata.json","1134"
"C:\Users\Chris\Documents\GitHub\Control_System\evidence\experiments\runs\hf2_deferred_capacity_20260907\extended\count_0320\timing\dio\0029\metadata.json","1134"
"C:\Users\Chris\Documents\GitHub\Control_System\evidence\experiments\runs\hf2_deferred_capacity_20260907\extended\count_0320\timing\dio\0030\metadata.json","1134"
"C:\Users\Chris\Documents\GitHub\Control_System\evidence\experiments\runs\hf2_deferred_capacity_20260907\extended\count_0320\timing\dio\0031\metadata.json","1134"
"C:\Users\Chris\Documents\GitHub\Control_System\evidence\experiments\runs\hf2_deferred_capacity_20260907\extended\count_0320\timing\dio\0032\metadata.json","1134"
"C:\Users\Chris\Documents\GitHub\Control_System\evidence\experiments\runs\hf2_deferred_capacity_20260907\extended\count_0320\timing\dio\0033\metadata.json","1134"
"C:\Users\Chris\Documents\GitHub\Control_System\evidence\experiments\runs\hf2_deferred_capacity_20260907\extended\count_0320\timing\dio\0034\metadata.json","1134"
"C:\Users\Chris\Documents\GitHub\Control_System\evidence\experiments\runs\hf2_deferred_capacity_20260907\extended\count_0320\timing\dio\0035\metadata.json","1134"
"C:\Users\Chris\Documents\GitHub\Control_System\evidence\experiments\runs\hf2_deferred_capacity_20260907\extended\count_0320\timing\dio\0036\metadata.json","1134"
"C:\Users\Chris\Documents\GitHub\Control_System\evidence\experiments\runs\hf2_deferred_capacity_20260907\extended\count_0320\timing\dio\0037\metadata.json","1134"
"C:\Users\Chris\Documents\GitHub\Control_System\evidence\experiments\runs\hf2_deferred_capacity_20260907\extended\count_0320\timing\dio\0038\metadata.json","1134"
"C:\Users\Chris\Documents\GitHub\Control_System\evidence\experiments\runs\hf2_deferred_capacity_20260907\extended\count_0320\timing\dio\0039\metadata.json","1134"
"C:\Users\Chris\Documents\GitHub\Control_System\evidence\experiments\runs\hf2_deferred_capacity_20260907\extended\count_0320\timing\dio\0040\metadata.json","1134"
"C:\Users\Chris\Documents\GitHub\Control_System\evidence\experiments\runs\hf2_deferred_capacity_20260907\extended\count_0320\timing\dio\0041\metadata.json","1134"
"C:\Users\Chris\Documents\GitHub\Control_System\evidence\experiments\runs\hf2_deferred_capacity_20260907\extended\count_0320\timing\dio\0042\metadata.json","1134"
"C:\Users\Chris\Documents\GitHub\Control_System\evidence\experiments\runs\hf2_deferred_capacity_20260907\extended\count_0320\timing\dio\0043\metadata.json","1134"
"C:\Users\Chris\Documents\GitHub\Control_System\evidence\experiments\runs\hf2_deferred_capacity_20260907\extended\count_0320\timing\dio\0044\metadata.json","1134"
"C:\Users\Chris\Documents\GitHub\Control_System\evidence\experiments\runs\hf2_deferred_capacity_20260907\extended\count_0320\timing\dio\0045\metadata.json","1134"
"C:\Users\Chris\Documents\GitHub\Control_System\evidence\experiments\runs\hf2_deferred_capacity_20260907\extended\count_0320\timing\dio\0046\metadata.json","1134"
"C:\Users\Chris\Documents\GitHub\Control_System\evidence\experiments\runs\hf2_deferred_capacity_20260907\extended\count_0320\timing\dio\0047\metadata.json","1134"
"C:\Users\Chris\Documents\GitHub\Control_System\evidence\experiments\runs\hf2_deferred_capacity_20260907\extended\count_0320\timing\dio\0048\metadata.json","1134"
"C:\Users\Chris\Documents\GitHub\Control_System\evidence\experiments\runs\hf2_deferred_capacity_20260907\extended\count_0320\timing\dio\0049\metadata.json","1134"
"C:\Users\Chris\Documents\GitHub\Control_System\evidence\experiments\runs\hf2_deferred_capacity_20260907\extended\count_0320\timing\dio\0050\metadata.json","1134"
"C:\Users\Chris\Documents\GitHub\Control_System\evidence\experiments\runs\hf2_deferred_capacity_20260907\extended\count_0320\timing\dio\0051\metadata.json","1134"
"C:\Users\Chris\Documents\GitHub\Control_System\evidence\experiments\runs\hf2_deferred_capacity_20260907\extended\count_0320\timing\dio\0052\metadata.json","1134"
"C:\Users\Chris\Documents\GitHub\Control_System\evidence\experiments\runs\hf2_deferred_capacity_20260907\extended\count_0320\timing\dio\0053\metadata.json","1134"
"C:\Users\Chris\Documents\GitHub\Control_System\evidence\experiments\runs\hf2_deferred_capacity_20260907\extended\count_0320\timing\dio\0054\metadata.json","1134"
"C:\Users\Chris\Documents\GitHub\Control_System\evidence\experiments\runs\hf2_deferred_capacity_20260907\extended\count_0320\timing\dio\0055\metadata.json","1134"
"C:\Users\Chris\Documents\GitHub\Control_System\evidence\experiments\runs\hf2_deferred_capacity_20260907\extended\count_0320\timing\dio\0056\metadata.json","1134"
"C:\Users\Chris\Documents\GitHub\Control_System\evidence\experiments\runs\hf2_deferred_capacity_20260907\extended\count_0320\timing\dio\0057\metadata.json","1134"
"C:\Users\Chris\Documents\GitHub\Control_System\evidence\experiments\runs\hf2_deferred_capacity_20260907\extended\count_0320\timing\dio\0058\metadata.json","1134"
"C:\Users\Chris\Documents\GitHub\Control_System\evidence\experiments\runs\hf2_deferred_capacity_20260907\extended\count_0320\timing\dio\0059\metadata.json","1134"
"C:\Users\Chris\Documents\GitHub\Control_System\evidence\experiments\runs\hf2_deferred_capacity_20260907\extended\count_0320\timing\dio\0060\metadata.json","1134"
"C:\Users\Chris\Documents\GitHub\Control_System\evidence\experiments\runs\hf2_deferred_capacity_20260907\extended\count_0320\timing\dio\0061\metadata.json","1134"
"C:\Users\Chris\Documents\GitHub\Control_System\evidence\experiments\runs\hf2_deferred_capacity_20260907\extended\count_0320\timing\dio\0062\metadata.json","1134"
"C:\Users\Chris\Documents\GitHub\Control_System\evidence\experiments\runs\hf2_deferred_capacity_20260907\extended\count_0320\timing\dio\0063\metadata.json","1134"
"C:\Users\Chris\Documents\GitHub\Control_System\evidence\experiments\runs\hf2_deferred_capacity_20260907\extended\count_0320\timing\dio\0064\metadata.json","1134"
"C:\Users\Chris\Documents\GitHub\Control_System\evidence\experiments\runs\hf2_deferred_capacity_20260907\extended\count_0320\timing\dio\0065\metadata.json","1134"
"C:\Users\Chris\Documents\GitHub\Control_System\evidence\experiments\runs\hf2_deferred_capacity_20260907\extended\count_0320\timing\dio\0066\metadata.json","1134"
"C:\Users\Chris\Documents\GitHub\Control_System\evidence\experiments\runs\hf2_deferred_capacity_20260907\extended\count_0320\timing\dio\0067\metadata.json","1134"
"C:\Users\Chris\Documents\GitHub\Control_System\evidence\experiments\runs\hf2_deferred_capacity_20260907\extended\count_0320\timing\dio\0068\metadata.json","1134"
"C:\Users\Chris\Documents\GitHub\Control_System\evidence\experiments\runs\hf2_deferred_capacity_20260907\extended\count_0320\timing\dio\0069\metadata.json","1134"
"C:\Users\Chris\Documents\GitHub\Control_System\evidence\experiments\runs\hf2_deferred_capacity_20260907\extended\count_0320\timing\dio\0070\metadata.json","1134"
"C:\Users\Chris\Documents\GitHub\Control_System\evidence\experiments\runs\hf2_deferred_capacity_20260907\extended\count_0320\timing\dio\0071\metadata.json","1134"
"C:\Users\Chris\Documents\GitHub\Control_System\evidence\experiments\runs\hf2_deferred_capacity_20260907\extended\count_0320\timing\dio\0072\metadata.json","1134"
"C:\Users\Chris\Documents\GitHub\Control_System\evidence\experiments\runs\hf2_deferred_capacity_20260907\extended\count_0320\timing\dio\0073\metadata.json","1134"
"C:\Users\Chris\Documents\GitHub\Control_System\evidence\experiments\runs\hf2_deferred_capacity_20260907\extended\count_0320\timing\dio\0074\metadata.json","1134"
"C:\Users\Chris\Documents\GitHub\Control_System\evidence\experiments\runs\hf2_deferred_capacity_20260907\extended\count_0320\timing\dio\0075\metadata.json","1134"
"C:\Users\Chris\Documents\GitHub\Control_System\evidence\experiments\runs\hf2_deferred_capacity_20260907\extended\count_0320\timing\dio\0076\metadata.json","1134"
"C:\Users\Chris\Documents\GitHub\Control_System\evidence\experiments\runs\hf2_deferred_capacity_20260907\extended\count_0320\timing\dio\0077\metadata.json","1134"
"C:\Users\Chris\Documents\GitHub\Control_System\evidence\experiments\runs\hf2_deferred_capacity_20260907\extended\count_0320\timing\dio\0078\metadata.json","1134"
"C:\Users\Chris\Documents\GitHub\Control_System\evidence\experiments\runs\hf2_deferred_capacity_20260907\extended\count_0320\timing\dio\0079\metadata.json","1134"
"C:\Users\Chris\Documents\GitHub\Control_System\evidence\experiments\runs\hf2_deferred_capacity_20260907\extended\count_0320\timing\dio\0080\metadata.json","1134"
"C:\Users\Chris\Documents\GitHub\Control_System\evidence\experiments\runs\hf2_deferred_capacity_20260907\extended\count_0320\timing\dio\0081\metadata.json","1134"
"C:\Users\Chris\Documents\GitHub\Control_System\evidence\experiments\runs\hf2_deferred_capacity_20260907\extended\count_0320\timing\dio\0082\metadata.json","1134"
"C:\Users\Chris\Documents\GitHub\Control_System\evidence\experiments\runs\hf2_deferred_capacity_20260907\extended\count_0320\timing\dio\0083\metadata.json","1134"
"C:\Users\Chris\Documents\GitHub\Control_System\evidence\experiments\runs\hf2_deferred_capacity_20260907\extended\count_0320\timing\dio\0084\metadata.json","1134"
"C:\Users\Chris\Documents\GitHub\Control_System\evidence\experiments\runs\hf2_deferred_capacity_20260907\extended\count_0320\timing\dio\0085\metadata.json","1134"
"C:\Users\Chris\Documents\GitHub\Control_System\evidence\experiments\runs\hf2_deferred_capacity_20260907\extended\count_0320\timing\dio\0086\metadata.json","1134"
"C:\Users\Chris\Documents\GitHub\Control_System\evidence\experiments\runs\hf2_deferred_capacity_20260907\extended\count_0320\timing\dio\0087\metadata.json","1134"
"C:\Users\Chris\Documents\GitHub\Control_System\evidence\experiments\runs\hf2_deferred_capacity_20260907\extended\count_0320\timing\dio\0088\metadata.json","1134"
"C:\Users\Chris\Documents\GitHub\Control_System\evidence\experiments\runs\hf2_deferred_capacity_20260907\extended\count_0320\timing\dio\0089\metadata.json","1134"
"C:\Users\Chris\Documents\GitHub\Control_System\evidence\experiments\runs\hf2_deferred_capacity_20260907\extended\count_0320\timing\dio\0090\metadata.json","1134"
"C:\Users\Chris\Documents\GitHub\Control_System\evidence\experiments\runs\hf2_deferred_capacity_20260907\extended\count_0320\timing\dio\0091\metadata.json","1134"
"C:\Users\Chris\Documents\GitHub\Control_System\evidence\experiments\runs\hf2_deferred_capacity_20260907\extended\count_0320\timing\dio\0092\metadata.json","1134"
"C:\Users\Chris\Documents\GitHub\Control_System\evidence\experiments\runs\hf2_deferred_capacity_20260907\extended\count_0320\timing\dio\0093\metadata.json","1134"
"C:\Users\Chris\Documents\GitHub\Control_System\evidence\experiments\runs\hf2_deferred_capacity_20260907\extended\count_0320\timing\dio\0094\metadata.json","1134"
"C:\Users\Chris\Documents\GitHub\Control_System\evidence\experiments\runs\hf2_deferred_capacity_20260907\extended\count_0320\timing\dio\0095\metadata.json","1134"
"C:\Users\Chris\Documents\GitHub\Control_System\evidence\experiments\runs\hf2_deferred_capacity_20260907\extended\count_0320\timing\dio\0096\metadata.json","1134"
"C:\Users\Chris\Documents\GitHub\Control_System\evidence\experiments\runs\hf2_deferred_capacity_20260907\extended\count_0320\timing\dio\0097\metadata.json","1134"
"C:\Users\Chris\Documents\GitHub\Control_System\evidence\experiments\runs\hf2_deferred_capacity_20260907\extended\count_0320\timing\dio\0098\metadata.json","1134"
"C:\Users\Chris\Documents\GitHub\Control_System\evidence\experiments\runs\hf2_deferred_capacity_20260907\extended\count_0320\timing\dio\0099\metadata.json","1134"
"C:\Users\Chris\Documents\GitHub\Control_System\evidence\experiments\runs\hf2_deferred_capacity_20260907\extended\count_0320\timing\dio\0100\metadata.json","1135"
"C:\Users\Chris\Documents\GitHub\Control_System\evidence\experiments\runs\hf2_deferred_capacity_20260907\extended\count_0320\timing\dio\0101\metadata.json","1135"
"C:\Users\Chris\Documents\GitHub\Control_System\evidence\experiments\runs\hf2_deferred_capacity_20260907\extended\count_0320\timing\dio\0102\metadata.json","1135"
"C:\Users\Chris\Documents\GitHub\Control_System\evidence\experiments\runs\hf2_deferred_capacity_20260907\extended\count_0320\timing\dio\0103\metadata.json","1135"
"C:\Users\Chris\Documents\GitHub\Control_System\evidence\experiments\runs\hf2_deferred_capacity_20260907\extended\count_0320\timing\dio\0104\metadata.json","1135"
"C:\Users\Chris\Documents\GitHub\Control_System\evidence\experiments\runs\hf2_deferred_capacity_20260907\extended\count_0320\timing\dio\0105\metadata.json","1135"
"C:\Users\Chris\Documents\GitHub\Control_System\evidence\experiments\runs\hf2_deferred_capacity_20260907\extended\count_0320\timing\dio\0106\metadata.json","1135"
"C:\Users\Chris\Documents\GitHub\Control_System\evidence\experiments\runs\hf2_deferred_capacity_20260907\extended\count_0320\timing\dio\0107\metadata.json","1135"
"C:\Users\Chris\Documents\GitHub\Control_System\evidence\experiments\runs\hf2_deferred_capacity_20260907\extended\count_0320\timing\dio\0108\metadata.json","1135"
"C:\Users\Chris\Documents\GitHub\Control_System\evidence\experiments\runs\hf2_deferred_capacity_20260907\extended\count_0320\timing\dio\0109\metadata.json","1135"
"C:\Users\Chris\Documents\GitHub\Control_System\evidence\experiments\runs\hf2_deferred_capacity_20260907\extended\count_0320\timing\dio\0110\metadata.json","1135"
"C:\Users\Chris\Documents\GitHub\Control_System\evidence\experiments\runs\hf2_deferred_capacity_20260907\extended\count_0320\timing\dio\0111\metadata.json","1135"
"C:\Users\Chris\Documents\GitHub\Control_System\evidence\experiments\runs\hf2_deferred_capacity_20260907\extended\count_0320\timing\dio\0112\metadata.json","1135"
"C:\Users\Chris\Documents\GitHub\Control_System\evidence\experiments\runs\hf2_deferred_capacity_20260907\extended\count_0320\timing\dio\0113\metadata.json","1135"
"C:\Users\Chris\Documents\GitHub\Control_System\evidence\experiments\runs\hf2_deferred_capacity_20260907\extended\count_0320\timing\dio\0114\metadata.json","1135"
"C:\Users\Chris\Documents\GitHub\Control_System\evidence\experiments\runs\hf2_deferred_capacity_20260907\extended\count_0320\timing\dio\0115\metadata.json","1135"
"C:\Users\Chris\Documents\GitHub\Control_System\evidence\experiments\runs\hf2_deferred_capacity_20260907\extended\count_0320\timing\dio\0116\metadata.json","1135"
"C:\Users\Chris\Documents\GitHub\Control_System\evidence\experiments\runs\hf2_deferred_capacity_20260907\extended\count_0320\timing\dio\0117\metadata.json","1135"
"C:\Users\Chris\Documents\GitHub\Control_System\evidence\experiments\runs\hf2_deferred_capacity_20260907\extended\count_0320\timing\dio\0118\metadata.json","1135"
"C:\Users\Chris\Documents\GitHub\Control_System\evidence\experiments\runs\hf2_deferred_capacity_20260907\extended\count_0320\timing\dio\0119\metadata.json","1135"
"C:\Users\Chris\Documents\GitHub\Control_System\evidence\experiments\runs\hf2_deferred_capacity_20260907\extended\count_0320\timing\dio\0120\metadata.json","1135"
"C:\Users\Chris\Documents\GitHub\Control_System\evidence\experiments\runs\hf2_deferred_capacity_20260907\extended\count_0320\timing\dio\0121\metadata.json","1135"
"C:\Users\Chris\Documents\GitHub\Control_System\evidence\experiments\runs\hf2_deferred_capacity_20260907\extended\count_0320\timing\dio\0122\metadata.json","1135"
"C:\Users\Chris\Documents\GitHub\Control_System\evidence\experiments\runs\hf2_deferred_capacity_20260907\extended\count_0320\timing\dio\0123\metadata.json","1135"
"C:\Users\Chris\Documents\GitHub\Control_System\evidence\experiments\runs\hf2_deferred_capacity_20260907\extended\count_0320\timing\dio\0124\metadata.json","1135"
"C:\Users\Chris\Documents\GitHub\Control_System\evidence\experiments\runs\hf2_deferred_capacity_20260907\extended\count_0320\timing\dio\0125\metadata.json","1135"
"C:\Users\Chris\Documents\GitHub\Control_System\evidence\experiments\runs\hf2_deferred_capacity_20260907\extended\count_0320\timing\dio\0126\metadata.json","1135"
"C:\Users\Chris\Documents\GitHub\Control_System\evidence\experiments\runs\hf2_deferred_capacity_20260907\extended\count_0320\timing\dio\0127\metadata.json","1135"
"C:\Users\Chris\Documents\GitHub\Control_System\evidence\experiments\runs\hf2_deferred_capacity_20260907\extended\count_0320\timing\dio\0128\metadata.json","1135"
"C:\Users\Chris\Documents\GitHub\Control_System\evidence\experiments\runs\hf2_deferred_capacity_20260907\extended\count_0320\timing\dio\0129\metadata.json","1135"
"C:\Users\Chris\Documents\GitHub\Control_System\evidence\experiments\runs\hf2_deferred_capacity_20260907\extended\count_0320\timing\dio\0130\metadata.json","1135"
"C:\Users\Chris\Documents\GitHub\Control_System\evidence\experiments\runs\hf2_deferred_capacity_20260907\extended\count_0320\timing\dio\0131\metadata.json","1135"
"C:\Users\Chris\Documents\GitHub\Control_System\evidence\experiments\runs\hf2_deferred_capacity_20260907\extended\count_0320\timing\dio\0132\metadata.json","1135"
"C:\Users\Chris\Documents\GitHub\Control_System\evidence\experiments\runs\hf2_deferred_capacity_20260907\extended\count_0320\timing\dio\0133\metadata.json","1135"
"C:\Users\Chris\Documents\GitHub\Control_System\evidence\experiments\runs\hf2_deferred_capacity_20260907\extended\count_0320\timing\dio\0134\metadata.json","1135"
"C:\Users\Chris\Documents\GitHub\Control_System\evidence\experiments\runs\hf2_deferred_capacity_20260907\extended\count_0320\timing\dio\0135\metadata.json","1135"
"C:\Users\Chris\Documents\GitHub\Control_System\evidence\experiments\runs\hf2_deferred_capacity_20260907\extended\count_0320\timing\dio\0136\metadata.json","1135"
"C:\Users\Chris\Documents\GitHub\Control_System\evidence\experiments\runs\hf2_deferred_capacity_20260907\extended\count_0320\timing\dio\0137\metadata.json","1135"
"C:\Users\Chris\Documents\GitHub\Control_System\evidence\experiments\runs\hf2_deferred_capacity_20260907\extended\count_0320\timing\dio\0138\metadata.json","1135"
"C:\Users\Chris\Documents\GitHub\Control_System\evidence\experiments\runs\hf2_deferred_capacity_20260907\extended\count_0320\timing\dio\0139\metadata.json","1135"
"C:\Users\Chris\Documents\GitHub\Control_System\evidence\experiments\runs\hf2_deferred_capacity_20260907\extended\count_0320\timing\dio\0140\metadata.json","1135"
"C:\Users\Chris\Documents\GitHub\Control_System\evidence\experiments\runs\hf2_deferred_capacity_20260907\extended\count_0320\timing\dio\0141\metadata.json","1135"
"C:\Users\Chris\Documents\GitHub\Control_System\evidence\experiments\runs\hf2_deferred_capacity_20260907\extended\count_0320\timing\dio\0142\metadata.json","1135"
"C:\Users\Chris\Documents\GitHub\Control_System\evidence\experiments\runs\hf2_deferred_capacity_20260907\extended\count_0320\timing\dio\0143\metadata.json","1135"
"C:\Users\Chris\Documents\GitHub\Control_System\evidence\experiments\runs\hf2_deferred_capacity_20260907\extended\count_0320\timing\dio\0144\metadata.json","1135"
"C:\Users\Chris\Documents\GitHub\Control_System\evidence\experiments\runs\hf2_deferred_capacity_20260907\extended\count_0320\timing\dio\0145\metadata.json","1135"
"C:\Users\Chris\Documents\GitHub\Control_System\evidence\experiments\runs\hf2_deferred_capacity_20260907\extended\count_0320\timing\dio\0146\metadata.json","1135"
"C:\Users\Chris\Documents\GitHub\Control_System\evidence\experiments\runs\hf2_deferred_capacity_20260907\extended\count_0320\timing\dio\0147\metadata.json","1135"
"C:\Users\Chris\Documents\GitHub\Control_System\evidence\experiments\runs\hf2_deferred_capacity_20260907\extended\count_0320\timing\dio\0148\metadata.json","1135"
"C:\Users\Chris\Documents\GitHub\Control_System\evidence\experiments\runs\hf2_deferred_capacity_20260907\extended\count_0320\timing\dio\0149\metadata.json","1135"
"C:\Users\Chris\Documents\GitHub\Control_System\evidence\experiments\runs\hf2_deferred_capacity_20260907\extended\count_0320\timing\dio\0150\metadata.json","1135"
"C:\Users\Chris\Documents\GitHub\Control_System\evidence\experiments\runs\hf2_deferred_capacity_20260907\extended\count_0320\timing\dio\0151\metadata.json","1135"
"C:\Users\Chris\Documents\GitHub\Control_System\evidence\experiments\runs\hf2_deferred_capacity_20260907\extended\count_0320\timing\dio\0152\metadata.json","1135"
"C:\Users\Chris\Documents\GitHub\Control_System\evidence\experiments\runs\hf2_deferred_capacity_20260907\extended\count_0320\timing\dio\0153\metadata.json","1135"
"C:\Users\Chris\Documents\GitHub\Control_System\evidence\experiments\runs\hf2_deferred_capacity_20260907\extended\count_0320\timing\dio\0154\metadata.json","1135"
"C:\Users\Chris\Documents\GitHub\Control_System\evidence\experiments\runs\hf2_deferred_capacity_20260907\extended\count_0320\timing\dio\0155\metadata.json","1135"
"C:\Users\Chris\Documents\GitHub\Control_System\evidence\experiments\runs\hf2_deferred_capacity_20260907\extended\count_0320\timing\dio\0156\metadata.json","1135"
"C:\Users\Chris\Documents\GitHub\Control_System\evidence\experiments\runs\hf2_deferred_capacity_20260907\extended\count_0320\timing\dio\0157\metadata.json","1135"
"C:\Users\Chris\Documents\GitHub\Control_System\evidence\experiments\runs\hf2_deferred_capacity_20260907\extended\count_0320\timing\dio\0158\metadata.json","1135"
"C:\Users\Chris\Documents\GitHub\Control_System\evidence\experiments\runs\hf2_deferred_capacity_20260907\extended\count_0320\timing\dio\0159\metadata.json","1135"
"C:\Users\Chris\Documents\GitHub\Control_System\evidence\experiments\runs\hf2_deferred_capacity_20260907\extended\count_0320\timing\dio\0160\metadata.json","1135"
"C:\Users\Chris\Documents\GitHub\Control_System\evidence\experiments\runs\hf2_deferred_capacity_20260907\extended\count_0320\timing\dio\0161\metadata.json","1135"
"C:\Users\Chris\Documents\GitHub\Control_System\evidence\experiments\runs\hf2_deferred_capacity_20260907\extended\count_0320\timing\dio\0162\metadata.json","1135"
"C:\Users\Chris\Documents\GitHub\Control_System\evidence\experiments\runs\hf2_deferred_capacity_20260907\extended\count_0320\timing\dio\0163\metadata.json","1135"
"C:\Users\Chris\Documents\GitHub\Control_System\evidence\experiments\runs\hf2_deferred_capacity_20260907\extended\count_0320\timing\dio\0164\metadata.json","1135"
"C:\Users\Chris\Documents\GitHub\Control_System\evidence\experiments\runs\hf2_deferred_capacity_20260907\extended\count_0320\timing\dio\0165\metadata.json","1135"
"C:\Users\Chris\Documents\GitHub\Control_System\evidence\experiments\runs\hf2_deferred_capacity_20260907\extended\count_0320\timing\dio\0166\metadata.json","1135"
"C:\Users\Chris\Documents\GitHub\Control_System\evidence\experiments\runs\hf2_deferred_capacity_20260907\extended\count_0320\timing\dio\0167\metadata.json","1135"
"C:\Users\Chris\Documents\GitHub\Control_System\evidence\experiments\runs\hf2_deferred_capacity_20260907\extended\count_0320\timing\dio\0168\metadata.json","1135"
"C:\Users\Chris\Documents\GitHub\Control_System\evidence\experiments\runs\hf2_deferred_capacity_20260907\extended\count_0320\timing\dio\0169\metadata.json","1135"
"C:\Users\Chris\Documents\GitHub\Control_System\evidence\experiments\runs\hf2_deferred_capacity_20260907\extended\count_0320\timing\dio\0170\metadata.json","1135"
"C:\Users\Chris\Documents\GitHub\Control_System\evidence\experiments\runs\hf2_deferred_capacity_20260907\extended\count_0320\timing\dio\0171\metadata.json","1135"
"C:\Users\Chris\Documents\GitHub\Control_System\evidence\experiments\runs\hf2_deferred_capacity_20260907\extended\count_0320\timing\dio\0172\metadata.json","1135"
"C:\Users\Chris\Documents\GitHub\Control_System\evidence\experiments\runs\hf2_deferred_capacity_20260907\extended\count_0320\timing\dio\0173\metadata.json","1135"
"C:\Users\Chris\Documents\GitHub\Control_System\evidence\experiments\runs\hf2_deferred_capacity_20260907\extended\count_0320\timing\dio\0174\metadata.json","1135"
"C:\Users\Chris\Documents\GitHub\Control_System\evidence\experiments\runs\hf2_deferred_capacity_20260907\extended\count_0320\timing\dio\0175\metadata.json","1135"
"C:\Users\Chris\Documents\GitHub\Control_System\evidence\experiments\runs\hf2_deferred_capacity_20260907\extended\count_0320\timing\dio\0176\metadata.json","1135"
"C:\Users\Chris\Documents\GitHub\Control_System\evidence\experiments\runs\hf2_deferred_capacity_20260907\extended\count_0320\timing\dio\0177\metadata.json","1135"
"C:\Users\Chris\Documents\GitHub\Control_System\evidence\experiments\runs\hf2_deferred_capacity_20260907\extended\count_0320\timing\dio\0178\metadata.json","1135"
"C:\Users\Chris\Documents\GitHub\Control_System\evidence\experiments\runs\hf2_deferred_capacity_20260907\extended\count_0320\timing\dio\0179\metadata.json","1135"
"C:\Users\Chris\Documents\GitHub\Control_System\evidence\experiments\runs\hf2_deferred_capacity_20260907\extended\count_0320\timing\dio\0180\metadata.json","1135"
"C:\Users\Chris\Documents\GitHub\Control_System\evidence\experiments\runs\hf2_deferred_capacity_20260907\extended\count_0320\timing\dio\0181\metadata.json","1135"
"C:\Users\Chris\Documents\GitHub\Control_System\evidence\experiments\runs\hf2_deferred_capacity_20260907\extended\count_0320\timing\dio\0182\metadata.json","1135"
"C:\Users\Chris\Documents\GitHub\Control_System\evidence\experiments\runs\hf2_deferred_capacity_20260907\extended\count_0320\timing\dio\0183\metadata.json","1135"
"C:\Users\Chris\Documents\GitHub\Control_System\evidence\experiments\runs\hf2_deferred_capacity_20260907\extended\count_0320\timing\dio\0184\metadata.json","1135"
"C:\Users\Chris\Documents\GitHub\Control_System\evidence\experiments\runs\hf2_deferred_capacity_20260907\extended\count_0320\timing\dio\0185\metadata.json","1135"
"C:\Users\Chris\Documents\GitHub\Control_System\evidence\experiments\runs\hf2_deferred_capacity_20260907\extended\count_0320\timing\dio\0186\metadata.json","1135"
"C:\Users\Chris\Documents\GitHub\Control_System\evidence\experiments\runs\hf2_deferred_capacity_20260907\extended\count_0320\timing\dio\0187\metadata.json","1135"
"C:\Users\Chris\Documents\GitHub\Control_System\evidence\experiments\runs\hf2_deferred_capacity_20260907\extended\count_0320\timing\dio\0188\metadata.json","1135"
"C:\Users\Chris\Documents\GitHub\Control_System\evidence\experiments\runs\hf2_deferred_capacity_20260907\extended\count_0320\timing\dio\0189\metadata.json","1135"
"C:\Users\Chris\Documents\GitHub\Control_System\evidence\experiments\runs\hf2_deferred_capacity_20260907\extended\count_0320\timing\dio\0190\metadata.json","1135"
"C:\Users\Chris\Documents\GitHub\Control_System\evidence\experiments\runs\hf2_deferred_capacity_20260907\extended\count_0320\timing\dio\0191\metadata.json","1135"
"C:\Users\Chris\Documents\GitHub\Control_System\evidence\experiments\runs\hf2_deferred_capacity_20260907\extended\count_0320\timing\dio\0192\metadata.json","1135"
"C:\Users\Chris\Documents\GitHub\Control_System\evidence\experiments\runs\hf2_deferred_capacity_20260907\extended\count_0320\timing\dio\0193\metadata.json","1135"
"C:\Users\Chris\Documents\GitHub\Control_System\evidence\experiments\runs\hf2_deferred_capacity_20260907\extended\count_0320\timing\dio\0194\metadata.json","1135"
"C:\Users\Chris\Documents\GitHub\Control_System\evidence\experiments\runs\hf2_deferred_capacity_20260907\extended\count_0320\timing\dio\0195\metadata.json","1135"
"C:\Users\Chris\Documents\GitHub\Control_System\evidence\experiments\runs\hf2_deferred_capacity_20260907\extended\count_0320\timing\dio\0196\metadata.json","1135"
"C:\Users\Chris\Documents\GitHub\Control_System\evidence\experiments\runs\hf2_deferred_capacity_20260907\extended\count_0320\timing\dio\0197\metadata.json","1135"
"C:\Users\Chris\Documents\GitHub\Control_System\evidence\experiments\runs\hf2_deferred_capacity_20260907\extended\count_0320\timing\dio\0198\metadata.json","1135"
"C:\Users\Chris\Documents\GitHub\Control_System\evidence\experiments\runs\hf2_deferred_capacity_20260907\extended\count_0320\timing\dio\0199\metadata.json","1135"
"C:\Users\Chris\Documents\GitHub\Control_System\evidence\experiments\runs\hf2_deferred_capacity_20260907\extended\count_0320\timing\dio\0200\metadata.json","1135"
"C:\Users\Chris\Documents\GitHub\Control_System\evidence\experiments\runs\hf2_deferred_capacity_20260907\extended\count_0320\timing\dio\0201\metadata.json","1135"
"C:\Users\Chris\Documents\GitHub\Control_System\evidence\experiments\runs\hf2_deferred_capacity_20260907\extended\count_0320\timing\dio\0202\metadata.json","1135"
"C:\Users\Chris\Documents\GitHub\Control_System\evidence\experiments\runs\hf2_deferred_capacity_20260907\extended\count_0320\timing\dio\0203\metadata.json","1135"
"C:\Users\Chris\Documents\GitHub\Control_System\evidence\experiments\runs\hf2_deferred_capacity_20260907\extended\count_0320\timing\dio\0204\metadata.json","1135"
"C:\Users\Chris\Documents\GitHub\Control_System\evidence\experiments\runs\hf2_deferred_capacity_20260907\extended\count_0320\timing\dio\0205\metadata.json","1135"
"C:\Users\Chris\Documents\GitHub\Control_System\evidence\experiments\runs\hf2_deferred_capacity_20260907\extended\count_0320\timing\dio\0206\metadata.json","1135"
"C:\Users\Chris\Documents\GitHub\Control_System\evidence\experiments\runs\hf2_deferred_capacity_20260907\extended\count_0320\timing\dio\0207\metadata.json","1135"
"C:\Users\Chris\Documents\GitHub\Control_System\evidence\experiments\runs\hf2_deferred_capacity_20260907\extended\count_0320\timing\dio\0208\metadata.json","1135"
"C:\Users\Chris\Documents\GitHub\Control_System\evidence\experiments\runs\hf2_deferred_capacity_20260907\extended\count_0320\timing\dio\0209\metadata.json","1135"
"C:\Users\Chris\Documents\GitHub\Control_System\evidence\experiments\runs\hf2_deferred_capacity_20260907\extended\count_0320\timing\dio\0210\metadata.json","1135"
"C:\Users\Chris\Documents\GitHub\Control_System\evidence\experiments\runs\hf2_deferred_capacity_20260907\extended\count_0320\timing\dio\0211\metadata.json","1135"
"C:\Users\Chris\Documents\GitHub\Control_System\evidence\experiments\runs\hf2_deferred_capacity_20260907\extended\count_0320\timing\dio\0212\metadata.json","1135"
"C:\Users\Chris\Documents\GitHub\Control_System\evidence\experiments\runs\hf2_deferred_capacity_20260907\extended\count_0320\timing\dio\0213\metadata.json","1135"
"C:\Users\Chris\Documents\GitHub\Control_System\evidence\experiments\runs\hf2_deferred_capacity_20260907\extended\count_0320\timing\dio\0214\metadata.json","1135"
"C:\Users\Chris\Documents\GitHub\Control_System\evidence\experiments\runs\hf2_deferred_capacity_20260907\extended\count_0320\timing\dio\0215\metadata.json","1135"
"C:\Users\Chris\Documents\GitHub\Control_System\evidence\experiments\runs\hf2_deferred_capacity_20260907\extended\count_0320\timing\dio\0216\metadata.json","1135"
"C:\Users\Chris\Documents\GitHub\Control_System\evidence\experiments\runs\hf2_deferred_capacity_20260907\extended\count_0320\timing\dio\0217\metadata.json","1135"
"C:\Users\Chris\Documents\GitHub\Control_System\evidence\experiments\runs\hf2_deferred_capacity_20260907\extended\count_0320\timing\dio\0218\metadata.json","1135"
"C:\Users\Chris\Documents\GitHub\Control_System\evidence\experiments\runs\hf2_deferred_capacity_20260907\extended\count_0320\timing\dio\0219\metadata.json","1135"
"C:\Users\Chris\Documents\GitHub\Control_System\evidence\experiments\runs\hf2_deferred_capacity_20260907\extended\count_0320\timing\dio\0220\metadata.json","1135"
"C:\Users\Chris\Documents\GitHub\Control_System\evidence\experiments\runs\hf2_deferred_capacity_20260907\extended\count_0320\timing\dio\0221\metadata.json","1135"
"C:\Users\Chris\Documents\GitHub\Control_System\evidence\experiments\runs\hf2_deferred_capacity_20260907\extended\count_0320\timing\dio\0222\metadata.json","1135"
"C:\Users\Chris\Documents\GitHub\Control_System\evidence\experiments\runs\hf2_deferred_capacity_20260907\extended\count_0320\timing\dio\0223\metadata.json","1135"
"C:\Users\Chris\Documents\GitHub\Control_System\evidence\experiments\runs\hf2_deferred_capacity_20260907\extended\count_0320\timing\dio\0224\metadata.json","1135"
"C:\Users\Chris\Documents\GitHub\Control_System\evidence\experiments\runs\hf2_deferred_capacity_20260907\extended\count_0320\timing\dio\0225\metadata.json","1135"
"C:\Users\Chris\Documents\GitHub\Control_System\evidence\experiments\runs\hf2_deferred_capacity_20260907\extended\count_0320\timing\dio\0226\metadata.json","1135"
"C:\Users\Chris\Documents\GitHub\Control_System\evidence\experiments\runs\hf2_deferred_capacity_20260907\extended\count_0320\timing\dio\0227\metadata.json","1135"
"C:\Users\Chris\Documents\GitHub\Control_System\evidence\experiments\runs\hf2_deferred_capacity_20260907\extended\count_0320\timing\dio\0228\metadata.json","1135"
"C:\Users\Chris\Documents\GitHub\Control_System\evidence\experiments\runs\hf2_deferred_capacity_20260907\extended\count_0320\timing\dio\0229\metadata.json","1135"
"C:\Users\Chris\Documents\GitHub\Control_System\evidence\experiments\runs\hf2_deferred_capacity_20260907\extended\count_0320\timing\dio\0230\metadata.json","1135"
"C:\Users\Chris\Documents\GitHub\Control_System\evidence\experiments\runs\hf2_deferred_capacity_20260907\extended\count_0320\timing\dio\0231\metadata.json","1135"
"C:\Users\Chris\Documents\GitHub\Control_System\evidence\experiments\runs\hf2_deferred_capacity_20260907\extended\count_0320\timing\dio\0232\metadata.json","1135"
"C:\Users\Chris\Documents\GitHub\Control_System\evidence\experiments\runs\hf2_deferred_capacity_20260907\extended\count_0320\timing\dio\0233\metadata.json","1135"
"C:\Users\Chris\Documents\GitHub\Control_System\evidence\experiments\runs\hf2_deferred_capacity_20260907\extended\count_0320\timing\dio\0234\metadata.json","1135"
"C:\Users\Chris\Documents\GitHub\Control_System\evidence\experiments\runs\hf2_deferred_capacity_20260907\extended\count_0320\timing\dio\0235\metadata.json","1135"
"C:\Users\Chris\Documents\GitHub\Control_System\evidence\experiments\runs\hf2_deferred_capacity_20260907\extended\count_0320\timing\dio\0236\metadata.json","1135"
"C:\Users\Chris\Documents\GitHub\Control_System\evidence\experiments\runs\hf2_deferred_capacity_20260907\extended\count_0320\timing\dio\0237\metadata.json","1135"
"C:\Users\Chris\Documents\GitHub\Control_System\evidence\experiments\runs\hf2_deferred_capacity_20260907\extended\count_0320\timing\dio\0238\metadata.json","1135"
"C:\Users\Chris\Documents\GitHub\Control_System\evidence\experiments\runs\hf2_deferred_capacity_20260907\extended\count_0320\timing\dio\0239\metadata.json","1135"
"C:\Users\Chris\Documents\GitHub\Control_System\evidence\experiments\runs\hf2_deferred_capacity_20260907\extended\count_0320\timing\dio\0240\metadata.json","1135"
"C:\Users\Chris\Documents\GitHub\Control_System\evidence\experiments\runs\hf2_deferred_capacity_20260907\extended\count_0320\timing\dio\0241\metadata.json","1135"
"C:\Users\Chris\Documents\GitHub\Control_System\evidence\experiments\runs\hf2_deferred_capacity_20260907\extended\count_0320\timing\dio\0242\metadata.json","1135"
"C:\Users\Chris\Documents\GitHub\Control_System\evidence\experiments\runs\hf2_deferred_capacity_20260907\extended\count_0320\timing\dio\0243\metadata.json","1135"
"C:\Users\Chris\Documents\GitHub\Control_System\evidence\experiments\runs\hf2_deferred_capacity_20260907\extended\count_0320\timing\dio\0244\metadata.json","1135"
"C:\Users\Chris\Documents\GitHub\Control_System\evidence\experiments\runs\hf2_deferred_capacity_20260907\extended\count_0320\timing\dio\0245\metadata.json","1135"
"C:\Users\Chris\Documents\GitHub\Control_System\evidence\experiments\runs\hf2_deferred_capacity_20260907\extended\count_0320\timing\dio\0246\metadata.json","1135"
"C:\Users\Chris\Documents\GitHub\Control_System\evidence\experiments\runs\hf2_deferred_capacity_20260907\extended\count_0320\timing\dio\0247\metadata.json","1135"
"C:\Users\Chris\Documents\GitHub\Control_System\evidence\experiments\runs\hf2_deferred_capacity_20260907\extended\count_0320\timing\dio\0248\metadata.json","1135"
"C:\Users\Chris\Documents\GitHub\Control_System\evidence\experiments\runs\hf2_deferred_capacity_20260907\extended\count_0320\timing\dio\0249\metadata.json","1135"
"C:\Users\Chris\Documents\GitHub\Control_System\evidence\experiments\runs\hf2_deferred_capacity_20260907\extended\count_0320\timing\dio\0250\metadata.json","1135"
"C:\Users\Chris\Documents\GitHub\Control_System\evidence\experiments\runs\hf2_deferred_capacity_20260907\extended\count_0320\timing\dio\0251\metadata.json","1135"
"C:\Users\Chris\Documents\GitHub\Control_System\evidence\experiments\runs\hf2_deferred_capacity_20260907\extended\count_0320\timing\dio\0252\metadata.json","1135"
"C:\Users\Chris\Documents\GitHub\Control_System\evidence\experiments\runs\hf2_deferred_capacity_20260907\extended\count_0320\timing\dio\0253\metadata.json","1135"
"C:\Users\Chris\Documents\GitHub\Control_System\evidence\experiments\runs\hf2_deferred_capacity_20260907\extended\count_0320\timing\dio\0254\metadata.json","1135"
"C:\Users\Chris\Documents\GitHub\Control_System\evidence\experiments\runs\hf2_deferred_capacity_20260907\extended\count_0320\timing\dio\0255\metadata.json","1135"
"C:\Users\Chris\Documents\GitHub\Control_System\evidence\experiments\runs\hf2_deferred_capacity_20260907\extended\count_0320\timing\dio\0256\metadata.json","1135"
"C:\Users\Chris\Documents\GitHub\Control_System\evidence\experiments\runs\hf2_deferred_capacity_20260907\extended\count_0320\timing\dio\0257\metadata.json","1135"
"C:\Users\Chris\Documents\GitHub\Control_System\evidence\experiments\runs\hf2_deferred_capacity_20260907\extended\count_0320\timing\dio\0258\metadata.json","1135"
"C:\Users\Chris\Documents\GitHub\Control_System\evidence\experiments\runs\hf2_deferred_capacity_20260907\extended\count_0320\timing\dio\0259\metadata.json","1135"
"C:\Users\Chris\Documents\GitHub\Control_System\evidence\experiments\runs\hf2_deferred_capacity_20260907\extended\count_0320\timing\dio\0260\metadata.json","1135"
"C:\Users\Chris\Documents\GitHub\Control_System\evidence\experiments\runs\hf2_deferred_capacity_20260907\extended\count_0320\timing\dio\0261\metadata.json","1135"
"C:\Users\Chris\Documents\GitHub\Control_System\evidence\experiments\runs\hf2_deferred_capacity_20260907\extended\count_0320\timing\dio\0262\metadata.json","1135"
"C:\Users\Chris\Documents\GitHub\Control_System\evidence\experiments\runs\hf2_deferred_capacity_20260907\extended\count_0320\timing\dio\0263\metadata.json","1135"
"C:\Users\Chris\Documents\GitHub\Control_System\evidence\experiments\runs\hf2_deferred_capacity_20260907\extended\count_0320\timing\dio\0264\metadata.json","1135"
"C:\Users\Chris\Documents\GitHub\Control_System\evidence\experiments\runs\hf2_deferred_capacity_20260907\extended\count_0320\timing\dio\0265\metadata.json","1135"
"C:\Users\Chris\Documents\GitHub\Control_System\evidence\experiments\runs\hf2_deferred_capacity_20260907\extended\count_0320\timing\dio\0266\metadata.json","1135"
"C:\Users\Chris\Documents\GitHub\Control_System\evidence\experiments\runs\hf2_deferred_capacity_20260907\extended\count_0320\timing\dio\0267\metadata.json","1135"
"C:\Users\Chris\Documents\GitHub\Control_System\evidence\experiments\runs\hf2_deferred_capacity_20260907\extended\count_0320\timing\dio\0268\metadata.json","1135"
"C:\Users\Chris\Documents\GitHub\Control_System\evidence\experiments\runs\hf2_deferred_capacity_20260907\extended\count_0320\timing\dio\0269\metadata.json","1135"
"C:\Users\Chris\Documents\GitHub\Control_System\evidence\experiments\runs\hf2_deferred_capacity_20260907\extended\count_0320\timing\dio\0270\metadata.json","1135"
"C:\Users\Chris\Documents\GitHub\Control_System\evidence\experiments\runs\hf2_deferred_capacity_20260907\extended\count_0320\timing\dio\0271\metadata.json","1135"
"C:\Users\Chris\Documents\GitHub\Control_System\evidence\experiments\runs\hf2_deferred_capacity_20260907\extended\count_0320\timing\dio\0272\metadata.json","1135"
"C:\Users\Chris\Documents\GitHub\Control_System\evidence\experiments\runs\hf2_deferred_capacity_20260907\extended\count_0320\timing\dio\0273\metadata.json","1135"
"C:\Users\Chris\Documents\GitHub\Control_System\evidence\experiments\runs\hf2_deferred_capacity_20260907\extended\count_0320\timing\dio\0274\metadata.json","1135"
"C:\Users\Chris\Documents\GitHub\Control_System\evidence\experiments\runs\hf2_deferred_capacity_20260907\extended\count_0320\timing\dio\0275\metadata.json","1135"
"C:\Users\Chris\Documents\GitHub\Control_System\evidence\experiments\runs\hf2_deferred_capacity_20260907\extended\count_0320\timing\dio\0276\metadata.json","1135"
"C:\Users\Chris\Documents\GitHub\Control_System\evidence\experiments\runs\hf2_deferred_capacity_20260907\extended\count_0320\timing\dio\0277\metadata.json","1135"
"C:\Users\Chris\Documents\GitHub\Control_System\evidence\experiments\runs\hf2_deferred_capacity_20260907\extended\count_0320\timing\dio\0278\metadata.json","1135"
"C:\Users\Chris\Documents\GitHub\Control_System\evidence\experiments\runs\hf2_deferred_capacity_20260907\extended\count_0320\timing\dio\0279\metadata.json","1135"
"C:\Users\Chris\Documents\GitHub\Control_System\evidence\experiments\runs\hf2_deferred_capacity_20260907\extended\count_0320\timing\dio\0280\metadata.json","1135"
"C:\Users\Chris\Documents\GitHub\Control_System\evidence\experiments\runs\hf2_deferred_capacity_20260907\extended\count_0320\timing\dio\0281\metadata.json","1135"
"C:\Users\Chris\Documents\GitHub\Control_System\evidence\experiments\runs\hf2_deferred_capacity_20260907\extended\count_0320\timing\dio\0282\metadata.json","1135"
"C:\Users\Chris\Documents\GitHub\Control_System\evidence\experiments\runs\hf2_deferred_capacity_20260907\extended\count_0320\timing\dio\0283\metadata.json","1135"
"C:\Users\Chris\Documents\GitHub\Control_System\evidence\experiments\runs\hf2_deferred_capacity_20260907\extended\count_0320\timing\dio\0284\metadata.json","1135"
"C:\Users\Chris\Documents\GitHub\Control_System\evidence\experiments\runs\hf2_deferred_capacity_20260907\extended\count_0320\timing\dio\0285\metadata.json","1135"
"C:\Users\Chris\Documents\GitHub\Control_System\evidence\experiments\runs\hf2_deferred_capacity_20260907\extended\count_0320\timing\dio\0286\metadata.json","1135"
"C:\Users\Chris\Documents\GitHub\Control_System\evidence\experiments\runs\hf2_deferred_capacity_20260907\extended\count_0320\timing\dio\0287\metadata.json","1135"
"C:\Users\Chris\Documents\GitHub\Control_System\evidence\experiments\runs\hf2_deferred_capacity_20260907\extended\count_0320\timing\dio\0288\metadata.json","1135"
"C:\Users\Chris\Documents\GitHub\Control_System\evidence\experiments\runs\hf2_deferred_capacity_20260907\extended\count_0320\timing\dio\0289\metadata.json","1135"
"C:\Users\Chris\Documents\GitHub\Control_System\evidence\experiments\runs\hf2_deferred_capacity_20260907\extended\count_0320\timing\dio\0290\metadata.json","1135"
"C:\Users\Chris\Documents\GitHub\Control_System\evidence\experiments\runs\hf2_deferred_capacity_20260907\extended\count_0320\timing\dio\0291\metadata.json","1135"
"C:\Users\Chris\Documents\GitHub\Control_System\evidence\experiments\runs\hf2_deferred_capacity_20260907\extended\count_0320\timing\dio\0292\metadata.json","1135"
"C:\Users\Chris\Documents\GitHub\Control_System\evidence\experiments\runs\hf2_deferred_capacity_20260907\extended\count_0320\timing\dio\0293\metadata.json","1135"
"C:\Users\Chris\Documents\GitHub\Control_System\evidence\experiments\runs\hf2_deferred_capacity_20260907\extended\count_0320\timing\dio\0294\metadata.json","1135"
"C:\Users\Chris\Documents\GitHub\Control_System\evidence\experiments\runs\hf2_deferred_capacity_20260907\extended\count_0320\timing\dio\0295\metadata.json","1135"
"C:\Users\Chris\Documents\GitHub\Control_System\evidence\experiments\runs\hf2_deferred_capacity_20260907\extended\count_0320\timing\dio\0296\metadata.json","1135"
"C:\Users\Chris\Documents\GitHub\Control_System\evidence\experiments\runs\hf2_deferred_capacity_20260907\extended\count_0320\timing\dio\0297\metadata.json","1135"
"C:\Users\Chris\Documents\GitHub\Control_System\evidence\experiments\runs\hf2_deferred_capacity_20260907\extended\count_0320\timing\dio\0298\metadata.json","1135"
"C:\Users\Chris\Documents\GitHub\Control_System\evidence\experiments\runs\hf2_deferred_capacity_20260907\extended\count_0320\timing\dio\0299\metadata.json","1135"
"C:\Users\Chris\Documents\GitHub\Control_System\evidence\experiments\runs\hf2_deferred_capacity_20260907\extended\count_0320\timing\dio\0300\metadata.json","1135"
"C:\Users\Chris\Documents\GitHub\Control_System\evidence\experiments\runs\hf2_deferred_capacity_20260907\extended\count_0320\timing\dio\0301\metadata.json","1135"
"C:\Users\Chris\Documents\GitHub\Control_System\evidence\experiments\runs\hf2_deferred_capacity_20260907\extended\count_0320\timing\dio\0302\metadata.json","1135"
"C:\Users\Chris\Documents\GitHub\Control_System\evidence\experiments\runs\hf2_deferred_capacity_20260907\extended\count_0320\timing\dio\0303\metadata.json","1135"
"C:\Users\Chris\Documents\GitHub\Control_System\evidence\experiments\runs\hf2_deferred_capacity_20260907\extended\count_0320\timing\dio\0304\metadata.json","1135"
"C:\Users\Chris\Documents\GitHub\Control_System\evidence\experiments\runs\hf2_deferred_capacity_20260907\extended\count_0320\timing\dio\0305\metadata.json","1135"
"C:\Users\Chris\Documents\GitHub\Control_System\evidence\experiments\runs\hf2_deferred_capacity_20260907\extended\count_0320\timing\dio\0306\metadata.json","1135"
"C:\Users\Chris\Documents\GitHub\Control_System\evidence\experiments\runs\hf2_deferred_capacity_20260907\extended\count_0320\timing\dio\0307\metadata.json","1135"
"C:\Users\Chris\Documents\GitHub\Control_System\evidence\experiments\runs\hf2_deferred_capacity_20260907\extended\count_0320\timing\dio\0308\metadata.json","1135"
"C:\Users\Chris\Documents\GitHub\Control_System\evidence\experiments\runs\hf2_deferred_capacity_20260907\extended\count_0320\timing\dio\0309\metadata.json","1135"
"C:\Users\Chris\Documents\GitHub\Control_System\evidence\experiments\runs\hf2_deferred_capacity_20260907\extended\count_0320\timing\dio\0310\metadata.json","1135"
"C:\Users\Chris\Documents\GitHub\Control_System\evidence\experiments\runs\hf2_deferred_capacity_20260907\extended\count_0320\timing\dio\0311\metadata.json","1135"
"C:\Users\Chris\Documents\GitHub\Control_System\evidence\experiments\runs\hf2_deferred_capacity_20260907\extended\count_0320\timing\dio\0312\metadata.json","1135"
"C:\Users\Chris\Documents\GitHub\Control_System\evidence\experiments\runs\hf2_deferred_capacity_20260907\extended\count_0320\timing\dio\0313\metadata.json","1135"
"C:\Users\Chris\Documents\GitHub\Control_System\evidence\experiments\runs\hf2_deferred_capacity_20260907\extended\count_0320\timing\dio\0314\metadata.json","1135"
"C:\Users\Chris\Documents\GitHub\Control_System\evidence\experiments\runs\hf2_deferred_capacity_20260907\extended\count_0320\timing\dio\0315\metadata.json","1135"
"C:\Users\Chris\Documents\GitHub\Control_System\evidence\experiments\runs\hf2_deferred_capacity_20260907\extended\count_0320\timing\dio\0316\metadata.json","1135"
"C:\Users\Chris\Documents\GitHub\Control_System\evidence\experiments\runs\hf2_deferred_capacity_20260907\extended\count_0320\timing\dio\0317\metadata.json","1135"
"C:\Users\Chris\Documents\GitHub\Control_System\evidence\experiments\runs\hf2_deferred_capacity_20260907\extended\count_0320\timing\dio\0318\metadata.json","1135"
"C:\Users\Chris\Documents\GitHub\Control_System\evidence\experiments\runs\hf2_deferred_capacity_20260907\extended\count_0320\timing\dio\0319\metadata.json","1135"
"C:\Users\Chris\Documents\GitHub\Control_System\evidence\experiments\runs\hf2_deferred_capacity_20260907\extended\count_0400\result.json","133"
