artifact_id,campaign_id,phase_id,acquisition_id,relative_path,artifact_role,media_type,byte_size,created_utc,modified_utc,producer,source_artifact_ids,immutable,notes
HF01-ART-0001,system_recalibration_001,HF-01,,readbacks/HF-01/acquisition_index.csv,index_or_ledger,text/csv,18335,2026-08-26T18:43:08.230655Z,2026-08-27T00:00:34.634813Z,HF-01 controlled execution,,false,Stable-ID provenance; no content hash or checksum is an operational gate
HF01-ART-0002,system_recalibration_001,HF-01,,readbacks/HF-01/action_ledger.csv,index_or_ledger,text/csv,25410,2026-08-26T18:43:08.238492Z,2026-08-27T00:00:34.640437Z,HF-01 controlled execution,,false,Stable-ID provenance; no content hash or checksum is an operational gate
HF01-ART-0003,system_recalibration_001,HF-01,,readbacks/HF-01/analysis/.gitkeep,analysis_output,application/octet-stream,1,2026-08-26T18:43:08.242020Z,2026-08-26T18:43:08.242020Z,HF-01 controlled execution,,true,Stable-ID provenance; no content hash or checksum is an operational gate
HF01-ART-0065,system_recalibration_001,HF-01,,readbacks/HF-01/analysis/hf01_awg_first_enable_partial_disposition.json,analysis_output,application/json,1015,2026-08-26T20:06:47.507860Z,2026-08-26T20:06:47.507860Z,HF-01 controlled execution,,true,Stable-ID provenance; no content hash or checksum is an operational gate
HF01-ART-0066,system_recalibration_001,HF-01,,readbacks/HF-01/analysis/hf01_awg_first_enable_r1_results.json,analysis_output,application/json,1296,2026-08-26T20:08:52.606127Z,2026-08-26T20:08:52.607161Z,HF-01 controlled execution,,true,Stable-ID provenance; no content hash or checksum is an operational gate
HF01-ART-0294,system_recalibration_001,HF-01,,readbacks/HF-01/analysis/hf01_candidate_disposition.csv,analysis_output,text/csv,110811488,2026-08-26T22:35:28.682200Z,2026-08-26T22:35:32.002168Z,HF-01 controlled execution,,true,Stable-ID provenance; no content hash or checksum is an operational gate
HF01-ART-0295,system_recalibration_001,HF-01,,readbacks/HF-01/analysis/hf01_dual_demod_model_residuals.csv,analysis_output,text/csv,2600,2026-08-26T22:26:17.899152Z,2026-08-26T22:37:03.312005Z,HF-01 controlled execution,,true,Stable-ID provenance; no content hash or checksum is an operational gate
HF01-ART-0296,system_recalibration_001,HF-01,,readbacks/HF-01/analysis/hf01_dual_demod_model_validation_report.md,analysis_output,text/plain,834,2026-08-26T22:26:17.900240Z,2026-08-26T22:37:03.314009Z,HF-01 controlled execution,,true,Stable-ID provenance; no content hash or checksum is an operational gate
HF01-ART-0297,system_recalibration_001,HF-01,,readbacks/HF-01/analysis/hf01_dual_demod_model_validation_results.json,analysis_output,application/json,77980,2026-08-26T22:26:17.897026Z,2026-08-26T22:37:03.309290Z,HF-01 controlled execution,,true,Stable-ID provenance; no content hash or checksum is an operational gate
HF01-ART-0067,system_recalibration_001,HF-01,,readbacks/HF-01/analysis/hf01_model_validation_magnitude_residuals.csv,analysis_output,text/csv,2964,2026-08-26T21:44:22.749156Z,2026-08-26T21:45:51.489670Z,HF-01 controlled execution,,true,Stable-ID provenance; no content hash or checksum is an operational gate
HF01-ART-0068,system_recalibration_001,HF-01,,readbacks/HF-01/analysis/hf01_model_validation_magnitude_residuals_invalid_draft_001.csv,analysis_output,text/csv,2961,2026-08-26T21:37:34.693905Z,2026-08-26T21:37:34.695907Z,HF-01 controlled execution,,true,Stable-ID provenance; no content hash or checksum is an operational gate
HF01-ART-0069,system_recalibration_001,HF-01,,readbacks/HF-01/analysis/hf01_model_validation_magnitude_residuals_invalid_draft_002.csv,analysis_output,text/csv,2964,2026-08-26T21:37:34.693905Z,2026-08-26T21:42:20.472807Z,HF-01 controlled execution,,true,Stable-ID provenance; no content hash or checksum is an operational gate
HF01-ART-0298,system_recalibration_001,HF-01,,readbacks/HF-01/analysis/hf01_model_validation_report_v1_superseded.md,analysis_output,text/plain,3892,2026-08-26T21:49:12.783165Z,2026-08-26T21:50:26.944532Z,HF-01 controlled execution,,true,Stable-ID provenance; no content hash or checksum is an operational gate
HF01-ART-0071,system_recalibration_001,HF-01,,readbacks/HF-01/analysis/hf01_model_validation_results.json,analysis_output,application/json,47629,2026-08-26T21:44:22.749156Z,2026-08-26T21:45:51.488228Z,HF-01 controlled execution,,true,Stable-ID provenance; no content hash or checksum is an operational gate
HF01-ART-0072,system_recalibration_001,HF-01,,readbacks/HF-01/analysis/hf01_model_validation_results_invalid_draft_001.json,analysis_output,application/json,15865,2026-08-26T21:37:34.691886Z,2026-08-26T21:37:34.693905Z,HF-01 controlled execution,,true,Stable-ID provenance; no content hash or checksum is an operational gate
HF01-ART-0073,system_recalibration_001,HF-01,,readbacks/HF-01/analysis/hf01_model_validation_results_invalid_draft_002.json,analysis_output,application/json,16669,2026-08-26T21:37:34.691886Z,2026-08-26T21:42:20.471803Z,HF-01 controlled execution,,true,Stable-ID provenance; no content hash or checksum is an operational gate
HF01-ART-0074,system_recalibration_001,HF-01,,readbacks/HF-01/analysis/hf01_reference_detuning_diagnostic.json,analysis_output,application/json,3056,2026-08-26T21:23:01.822439Z,2026-08-26T21:23:01.822439Z,HF-01 controlled execution,,true,Stable-ID provenance; no content hash or checksum is an operational gate
HF01-ART-0075,system_recalibration_001,HF-01,,readbacks/HF-01/analysis/hf01_reference_refinement.json,analysis_output,application/json,955,2026-08-26T21:24:14.473765Z,2026-08-26T21:24:14.474281Z,HF-01 controlled execution,,true,Stable-ID provenance; no content hash or checksum is an operational gate
HF01-ART-0299,system_recalibration_001,HF-01,,readbacks/HF-01/analysis/hf01_selected_confirmation_report.md,analysis_output,text/plain,579,2026-08-26T22:41:28.975156Z,2026-08-26T22:57:31.525520Z,HF-01 controlled execution,,true,Stable-ID provenance; no content hash or checksum is an operational gate
HF01-ART-0300,system_recalibration_001,HF-01,,readbacks/HF-01/analysis/hf01_selected_confirmation_results.json,analysis_output,application/json,203082,2026-08-26T22:41:28.972537Z,2026-08-26T22:57:31.525520Z,HF-01 controlled execution,,true,Stable-ID provenance; no content hash or checksum is an operational gate
HF01-ART-0301,system_recalibration_001,HF-01,,readbacks/HF-01/analysis/hf01_selected_confirmation_summary.csv,analysis_output,text/csv,1026,2026-08-26T22:41:28.974297Z,2026-08-26T22:57:31.525520Z,HF-01 controlled execution,,true,Stable-ID provenance; no content hash or checksum is an operational gate
HF01-ART-0302,system_recalibration_001,HF-01,,readbacks/HF-01/analysis/hf01_supported_configuration_analysis.json,analysis_output,application/json,8047,2026-08-26T22:35:32.006546Z,2026-08-26T22:35:32.006546Z,HF-01 controlled execution,,true,Stable-ID provenance; no content hash or checksum is an operational gate
HF01-ART-0303,system_recalibration_001,HF-01,,readbacks/HF-01/analysis/hf01_supported_configuration_report.md,analysis_output,text/plain,1952,2026-08-26T22:35:32.007547Z,2026-08-26T22:35:32.007547Z,HF-01 controlled execution,,true,Stable-ID provenance; no content hash or checksum is an operational gate
HF01-ART-0037,system_recalibration_001,HF-01,,readbacks/HF-01/analysis/hf01_timing10_partial_disposition.json,analysis_output,application/json,1980,2026-08-26T19:46:40.293954Z,2026-08-26T19:46:40.293954Z,HF-01 controlled execution,,true,Stable-ID provenance; no content hash or checksum is an operational gate
HF01-ART-0038,system_recalibration_001,HF-01,,readbacks/HF-01/analysis/hf01_timing10_r1_partial_disposition.json,analysis_output,application/json,1568,2026-08-26T19:50:10.048824Z,2026-08-26T19:50:10.049327Z,HF-01 controlled execution,,true,Stable-ID provenance; no content hash or checksum is an operational gate
HF01-ART-0051,system_recalibration_001,HF-01,,readbacks/HF-01/analysis/hf01_timing10_r2_partial_disposition.json,analysis_output,application/json,2297,2026-08-26T19:56:47.764876Z,2026-08-26T19:56:47.764876Z,HF-01 controlled execution,,true,Stable-ID provenance; no content hash or checksum is an operational gate
HF01-ART-0058,system_recalibration_001,HF-01,,readbacks/HF-01/analysis/hf01_timing10_r3_results.json,analysis_output,application/json,2417,2026-08-26T20:02:17.551616Z,2026-08-26T20:02:17.551616Z,HF-01 controlled execution,,true,Stable-ID provenance; no content hash or checksum is an operational gate
HF01-ART-0304,system_recalibration_001,HF-01,,readbacks/HF-01/analyze_dual_demod_validation.py,analysis_source,text/plain,47015,2026-08-26T22:09:25.462689Z,2026-08-26T22:40:16.094364Z,HF-01 controlled execution,,true,Stable-ID provenance; no content hash or checksum is an operational gate
HF01-ART-0076,system_recalibration_001,HF-01,,readbacks/HF-01/analyze_model_validation.py,analysis_source,text/plain,23977,2026-08-26T21:36:42.533983Z,2026-08-26T21:45:40.558130Z,HF-01 controlled execution,,true,Stable-ID provenance; no content hash or checksum is an operational gate
HF01-ART-0077,system_recalibration_001,HF-01,,readbacks/HF-01/analyze_reference_detuning.py,analysis_source,text/plain,4507,2026-08-26T21:22:54.788639Z,2026-08-26T21:22:54.789767Z,HF-01 controlled execution,,true,Stable-ID provenance; no content hash or checksum is an operational gate
HF01-ART-0078,system_recalibration_001,HF-01,,readbacks/HF-01/analyze_reference_refinement.py,analysis_source,text/plain,2149,2026-08-26T21:24:09.204458Z,2026-08-26T21:24:09.207459Z,HF-01 controlled execution,,true,Stable-ID provenance; no content hash or checksum is an operational gate
HF01-ART-0305,system_recalibration_001,HF-01,,readbacks/HF-01/analyze_selected_confirmations.py,analysis_source,text/plain,12328,2026-08-26T22:41:00.510156Z,2026-08-26T22:56:59.436852Z,HF-01 controlled execution,,true,Stable-ID provenance; no content hash or checksum is an operational gate
HF01-ART-0306,system_recalibration_001,HF-01,,readbacks/HF-01/analyze_supported_configurations.py,analysis_source,text/plain,20394,2026-08-26T22:35:24.201920Z,2026-08-26T22:35:24.202959Z,HF-01 controlled execution,,true,Stable-ID provenance; no content hash or checksum is an operational gate
HF01-ART-0033,system_recalibration_001,HF-01,,readbacks/HF-01/apply_pre_timing_wiring_safe_state.py,analysis_source,text/plain,3024,2026-08-26T19:36:42.187035Z,2026-08-26T19:36:42.187551Z,HF-01 controlled execution,,true,Stable-ID provenance; no content hash or checksum is an operational gate
HF01-ART-0004,system_recalibration_001,HF-01,,readbacks/HF-01/artifacts.csv,index_or_ledger,text/csv,160668,2026-08-26T18:43:08.235915Z,2026-08-27T00:00:38.669424Z,HF-01 controlled execution,,false,Stable-ID provenance; no content hash or checksum is an operational gate
HF01-ART-0307,system_recalibration_001,HF-01,,readbacks/HF-01/audit_closeout.py,analysis_source,text/plain,7003,2026-08-26T23:59:19.938363Z,2026-08-26T23:59:19.945456Z,HF-01 controlled execution,,true,Stable-ID provenance; no content hash or checksum is an operational gate
HF01-ART-0308,system_recalibration_001,HF-01,,readbacks/HF-01/build_closeout_indexes.py,analysis_source,text/plain,41186,2026-08-26T23:56:20.660252Z,2026-08-27T00:00:29.928025Z,HF-01 controlled execution,,true,Stable-ID provenance; no content hash or checksum is an operational gate
HF01-ART-0005,system_recalibration_001,HF-01,,readbacks/HF-01/calibration_links.csv,index_or_ledger,text/csv,3053,2026-08-26T18:43:08.237463Z,2026-08-27T00:00:34.640437Z,HF-01 controlled execution,,false,Stable-ID provenance; no content hash or checksum is an operational gate
HF01-ART-0006,system_recalibration_001,HF-01,,readbacks/HF-01/command_log.txt,phase_document,text/plain,1817080,2026-08-26T18:43:08.240017Z,2026-08-26T23:49:41.782430Z,HF-01 controlled execution,,false,Stable-ID provenance; no content hash or checksum is an operational gate
HF01-ART-0034,system_recalibration_001,HF-01,,readbacks/HF-01/component_register.csv,index_or_ledger,text/csv,1053,2026-08-26T19:36:42.186520Z,2026-08-26T23:57:37.921136Z,HF-01 controlled execution,,true,Stable-ID provenance; no content hash or checksum is an operational gate
HF01-ART-0007,system_recalibration_001,HF-01,,readbacks/HF-01/conditions.csv,index_or_ledger,text/csv,29002,2026-08-26T18:43:08.234307Z,2026-08-27T00:00:34.637890Z,HF-01 controlled execution,,false,Stable-ID provenance; no content hash or checksum is an operational gate
HF01-ART-0309,system_recalibration_001,HF-01,,readbacks/HF-01/deviations.md,phase_document,text/plain,1355,2026-08-26T23:58:44.100733Z,2026-08-26T23:58:44.100733Z,HF-01 controlled execution,,true,Stable-ID provenance; no content hash or checksum is an operational gate
HF01-ART-0079,system_recalibration_001,HF-01,,readbacks/HF-01/diagnose_hf2_master_clock.py,analysis_source,text/plain,6882,2026-08-26T20:19:26.259855Z,2026-08-26T20:19:26.261358Z,HF-01 controlled execution,,true,Stable-ID provenance; no content hash or checksum is an operational gate
HF01-ART-0080,system_recalibration_001,HF-01,,readbacks/HF-01/diagnose_pll_analog_reference.py,analysis_source,text/plain,9364,2026-08-26T20:26:16.824326Z,2026-08-26T20:26:16.824326Z,HF-01 controlled execution,,true,Stable-ID provenance; no content hash or checksum is an operational gate
HF01-ART-0081,system_recalibration_001,HF-01,,readbacks/HF-01/diagnose_pll_matrix.py,analysis_source,text/plain,8261,2026-08-26T20:34:41.339645Z,2026-08-26T20:36:40.991410Z,HF-01 controlled execution,,true,Stable-ID provenance; no content hash or checksum is an operational gate
HF01-ART-0082,system_recalibration_001,HF-01,,readbacks/HF-01/diagnose_pll_reference.py,analysis_source,text/plain,6683,2026-08-26T20:12:43.135202Z,2026-08-26T21:15:40.222444Z,HF-01 controlled execution,,true,Stable-ID provenance; no content hash or checksum is an operational gate
HF01-ART-0083,system_recalibration_001,HF-01,,readbacks/HF-01/diagnose_t660_2mhz_reference.py,analysis_source,text/plain,5103,2026-08-26T20:13:47.262869Z,2026-08-26T20:13:47.263394Z,HF-01 controlled execution,,true,Stable-ID provenance; no content hash or checksum is an operational gate
HF01-ART-0084,system_recalibration_001,HF-01,,readbacks/HF-01/diagnose_timeconstant_map.py,analysis_source,text/plain,5957,2026-08-26T21:41:04.251908Z,2026-08-26T21:41:04.251908Z,HF-01 controlled execution,,true,Stable-ID provenance; no content hash or checksum is an operational gate
HF01-ART-0085,system_recalibration_001,HF-01,,readbacks/HF-01/diagnose_timeconstant_write.py,analysis_source,text/plain,6222,2026-08-26T21:39:57.124223Z,2026-08-26T21:39:57.124223Z,HF-01 controlled execution,,true,Stable-ID provenance; no content hash or checksum is an operational gate
HF01-ART-0008,system_recalibration_001,HF-01,,readbacks/HF-01/exclusions.csv,index_or_ledger,text/csv,9146,2026-08-26T18:43:08.236939Z,2026-08-27T00:00:34.640437Z,HF-01 controlled execution,,false,Stable-ID provenance; no content hash or checksum is an operational gate
HF01-ART-0009,system_recalibration_001,HF-01,,readbacks/HF-01/experiment_constraints.md,phase_document,text/plain,2294,2026-08-26T18:44:03.979239Z,2026-08-26T18:44:03.979755Z,HF-01 controlled execution,,true,Stable-ID provenance; no content hash or checksum is an operational gate
HF01-ART-0010,system_recalibration_001,HF-01,,readbacks/HF-01/figures/.gitkeep,figure,application/octet-stream,1,2026-08-26T18:43:08.243282Z,2026-08-26T23:53:30.772835Z,HF-01 controlled execution,,true,Stable-ID provenance; no content hash or checksum is an operational gate
HF01-ART-0310,system_recalibration_001,HF-01,,readbacks/HF-01/final_report.md,phase_document,text/plain,8093,2026-08-26T23:58:44.090527Z,2026-08-26T23:58:44.094428Z,HF-01 controlled execution,,true,Stable-ID provenance; no content hash or checksum is an operational gate
HF01-ART-0311,system_recalibration_001,HF-01,,readbacks/HF-01/hf01_execution_plan.md,phase_document,text/plain,2832,2026-08-26T22:17:24.826212Z,2026-08-26T22:17:24.826212Z,HF-01 controlled execution,,true,Stable-ID provenance; no content hash or checksum is an operational gate
HF01-ART-0312,system_recalibration_001,HF-01,,readbacks/HF-01/hf01_execution_plan_v2_superseded.md,phase_document,text/plain,3352,2026-08-26T22:16:50.947046Z,2026-08-26T22:16:50.948280Z,HF-01 controlled execution,,true,Stable-ID provenance; no content hash or checksum is an operational gate
HF01-ART-0313,system_recalibration_001,HF-01,,readbacks/HF-01/map_supported_parameter_space.py,analysis_source,text/plain,10658,2026-08-26T22:32:23.935128Z,2026-08-26T22:32:23.936131Z,HF-01 controlled execution,,true,Stable-ID provenance; no content hash or checksum is an operational gate
HF01-ART-0011,system_recalibration_001,HF-01,,readbacks/HF-01/measurements.csv,index_or_ledger,text/csv,23072,2026-08-26T18:43:08.235389Z,2026-08-27T00:00:34.640437Z,HF-01 controlled execution,,false,Stable-ID provenance; no content hash or checksum is an operational gate
HF01-ART-0012,system_recalibration_001,HF-01,,readbacks/HF-01/model_residual_criteria.md,phase_document,text/plain,4529,2026-08-26T22:17:24.823212Z,2026-08-26T22:17:24.824213Z,HF-01 controlled execution,,true,Stable-ID provenance; no content hash or checksum is an operational gate
HF01-ART-0314,system_recalibration_001,HF-01,,readbacks/HF-01/model_residual_criteria_v1_superseded.md,phase_document,text/plain,4489,2026-08-26T18:44:03.981391Z,2026-08-26T19:54:24.421131Z,HF-01 controlled execution,,true,Stable-ID provenance; no content hash or checksum is an operational gate
HF01-ART-0315,system_recalibration_001,HF-01,,readbacks/HF-01/model_residual_criteria_v2_superseded.md,phase_document,text/plain,5654,2026-08-26T22:16:50.943045Z,2026-08-26T22:16:50.944045Z,HF-01 controlled execution,,true,Stable-ID provenance; no content hash or checksum is an operational gate
HF01-ART-0032,system_recalibration_001,HF-01,,readbacks/HF-01/operator_confirmations.md,phase_document,text/plain,8890,2026-08-26T19:28:45.866447Z,2026-08-26T23:48:29.346327Z,HF-01 controlled execution,,true,Stable-ID provenance; no content hash or checksum is an operational gate
HF01-ART-0013,system_recalibration_001,HF-01,,readbacks/HF-01/phase_authorization.md,phase_document,text/plain,7008,2026-08-26T18:43:08.227566Z,2026-08-26T22:18:42.312972Z,HF-01 controlled execution,,true,Stable-ID provenance; no content hash or checksum is an operational gate
HF01-ART-0014,system_recalibration_001,HF-01,,readbacks/HF-01/phase_manifest.json,readback_or_manifest,application/json,2750,2026-08-26T18:43:08.229271Z,2026-08-27T00:01:24.909560Z,HF-01 controlled execution,,false,Stable-ID provenance; no content hash or checksum is an operational gate
HF01-ART-0035,system_recalibration_001,HF-01,,readbacks/HF-01/pre_timing_wiring_safe_state_status.json,readback_or_manifest,application/json,817,2026-08-26T19:36:53.663826Z,2026-08-26T19:36:53.663826Z,HF-01 controlled execution,,true,Stable-ID provenance; no content hash or checksum is an operational gate
HF01-ART-0036,system_recalibration_001,HF-01,,readbacks/HF-01/pre_timing_wiring_t660_safe_idle_readback.json,readback_or_manifest,application/json,10852,2026-08-26T19:36:53.660307Z,2026-08-26T19:36:53.661821Z,HF-01 controlled execution,,true,Stable-ID provenance; no content hash or checksum is an operational gate
HF01-ART-0015,system_recalibration_001,HF-01,,readbacks/HF-01/preflight_hf2li_snapshot.json,readback_or_manifest,application/json,16836,2026-08-26T18:47:46.197912Z,2026-08-26T19:27:00.073665Z,HF-01 controlled execution,,true,Stable-ID provenance; no content hash or checksum is an operational gate
HF01-ART-0016,system_recalibration_001,HF-01,,readbacks/HF-01/preflight_picoscope_ownership_awg_zero.json,readback_or_manifest,application/json,1446,2026-08-26T18:47:44.188870Z,2026-08-26T19:26:58.559214Z,HF-01 controlled execution,,true,Stable-ID provenance; no content hash or checksum is an operational gate
HF01-ART-0017,system_recalibration_001,HF-01,,readbacks/HF-01/preflight_status.json,readback_or_manifest,application/json,2000,2026-08-26T18:46:18.768626Z,2026-08-26T19:27:00.217773Z,HF-01 controlled execution,,false,Stable-ID provenance; no content hash or checksum is an operational gate
HF01-ART-0031,system_recalibration_001,HF-01,,readbacks/HF-01/preflight_t660_safe_idle_readback.json,readback_or_manifest,application/json,10852,2026-08-26T19:26:57.296365Z,2026-08-26T19:26:57.297368Z,HF-01 controlled execution,,true,Stable-ID provenance; no content hash or checksum is an operational gate
HF01-ART-0039,system_recalibration_001,HF-01,,readbacks/HF-01/prospective_timing_r2_declaration.md,phase_document,text/plain,1462,2026-08-26T19:50:10.050332Z,2026-08-26T19:54:24.418132Z,HF-01 controlled execution,,true,Stable-ID provenance; no content hash or checksum is an operational gate
HF01-ART-0052,system_recalibration_001,HF-01,,readbacks/HF-01/prospective_timing_r3_declaration.md,phase_document,text/plain,1516,2026-08-26T19:56:47.764876Z,2026-08-26T20:00:18.800240Z,HF-01 controlled execution,,true,Stable-ID provenance; no content hash or checksum is an operational gate
HF01-ART-0018,system_recalibration_001,HF-01,,readbacks/HF-01/raw/.gitkeep,raw_primary,application/octet-stream,1,2026-08-26T18:43:08.241017Z,2026-08-26T18:43:08.242020Z,HF-01 controlled execution,,true,Stable-ID provenance; no content hash or checksum is an operational gate
HF01-ART-0086,system_recalibration_001,HF-01,,readbacks/HF-01/raw/hf01_amendment_stop_safe_state.json,raw_primary,application/json,1208,2026-08-26T21:50:10.808475Z,2026-08-26T21:50:10.809476Z,HF-01 controlled execution,,true,Stable-ID provenance; no content hash or checksum is an operational gate
HF01-ART-0087,system_recalibration_001,HF-01,,readbacks/HF-01/raw/hf01_amendment_stop_t660_safe_idle.json,raw_primary,application/json,10860,2026-08-26T21:50:08.604947Z,2026-08-26T21:50:08.606620Z,HF-01 controlled execution,,true,Stable-ID provenance; no content hash or checksum is an operational gate
HF01-ART-0088,system_recalibration_001,HF-01,,readbacks/HF-01/raw/hf01_anchor_fast_001_final_safe_idle.json,raw_primary,application/json,10859,2026-08-26T20:11:38.577719Z,2026-08-26T20:11:38.579715Z,HF-01 controlled execution,,true,Stable-ID provenance; no content hash or checksum is an operational gate
HF01-ART-0089,system_recalibration_001,HF-01,,readbacks/HF-01/raw/hf01_anchor_fast_001_pre_safe_idle.json,raw_primary,application/json,10853,2026-08-26T20:11:21.015915Z,2026-08-26T20:11:21.017564Z,HF-01 controlled execution,,true,Stable-ID provenance; no content hash or checksum is an operational gate
HF01-ART-0090,system_recalibration_001,HF-01,,readbacks/HF-01/raw/hf01_anchor_fast_001_status.json,raw_primary,application/json,2531,2026-08-26T20:11:15.030675Z,2026-08-26T20:11:38.581715Z,HF-01 controlled execution,,true,Stable-ID provenance; no content hash or checksum is an operational gate
HF01-ART-0091,system_recalibration_001,HF-01,,readbacks/HF-01/raw/hf01_anchor_fast_r1_001_final_safe_idle.json,raw_primary,application/json,10859,2026-08-26T21:18:46.890277Z,2026-08-26T21:18:46.892277Z,HF-01 controlled execution,,true,Stable-ID provenance; no content hash or checksum is an operational gate
HF01-ART-0092,system_recalibration_001,HF-01,,readbacks/HF-01/raw/hf01_anchor_fast_r1_001_hf2_raw.csv,raw_primary,text/csv,199432677,2026-08-26T21:18:29.547300Z,2026-08-26T21:18:37.672167Z,HF-01 controlled execution,,true,Stable-ID provenance; no content hash or checksum is an operational gate
HF01-ART-0093,system_recalibration_001,HF-01,,readbacks/HF-01/raw/hf01_anchor_fast_r1_001_hf2_summary.csv,raw_primary,text/csv,370,2026-08-26T21:18:38.341027Z,2026-08-26T21:18:38.342531Z,HF-01 controlled execution,,true,Stable-ID provenance; no content hash or checksum is an operational gate
HF01-ART-0094,system_recalibration_001,HF-01,,readbacks/HF-01/raw/hf01_anchor_fast_r1_001_offset_1_pico.csv,raw_primary,text/csv,78184,2026-08-26T21:18:26.806297Z,2026-08-26T21:18:26.809216Z,HF-01 controlled execution,,true,Stable-ID provenance; no content hash or checksum is an operational gate
HF01-ART-0095,system_recalibration_001,HF-01,,readbacks/HF-01/raw/hf01_anchor_fast_r1_001_offset_2_pico.csv,raw_primary,text/csv,78176,2026-08-26T21:18:26.970190Z,2026-08-26T21:18:26.972549Z,HF-01 controlled execution,,true,Stable-ID provenance; no content hash or checksum is an operational gate
HF01-ART-0096,system_recalibration_001,HF-01,,readbacks/HF-01/raw/hf01_anchor_fast_r1_001_offset_3_pico.csv,raw_primary,text/csv,78196,2026-08-26T21:18:27.115518Z,2026-08-26T21:18:27.117620Z,HF-01 controlled execution,,true,Stable-ID provenance; no content hash or checksum is an operational gate
HF01-ART-0097,system_recalibration_001,HF-01,,readbacks/HF-01/raw/hf01_anchor_fast_r1_001_pre_safe_idle.json,raw_primary,application/json,10853,2026-08-26T21:18:19.876700Z,2026-08-26T21:18:19.878879Z,HF-01 controlled execution,,true,Stable-ID provenance; no content hash or checksum is an operational gate
HF01-ART-0098,system_recalibration_001,HF-01,,readbacks/HF-01/raw/hf01_anchor_fast_r1_001_status.json,raw_primary,application/json,22429,2026-08-26T21:18:13.885495Z,2026-08-26T21:18:46.895152Z,HF-01 controlled execution,,true,Stable-ID provenance; no content hash or checksum is an operational gate
HF01-ART-0099,system_recalibration_001,HF-01,,readbacks/HF-01/raw/hf01_anchor_fast_r1_001_step_fall_1_pico.csv,raw_primary,text/csv,76161,2026-08-26T21:18:26.130387Z,2026-08-26T21:18:26.133896Z,HF-01 controlled execution,,true,Stable-ID provenance; no content hash or checksum is an operational gate
HF01-ART-0100,system_recalibration_001,HF-01,,readbacks/HF-01/raw/hf01_anchor_fast_r1_001_step_fall_2_pico.csv,raw_primary,text/csv,76119,2026-08-26T21:18:26.424841Z,2026-08-26T21:18:26.427332Z,HF-01 controlled execution,,true,Stable-ID provenance; no content hash or checksum is an operational gate
HF01-ART-0101,system_recalibration_001,HF-01,,readbacks/HF-01/raw/hf01_anchor_fast_r1_001_step_fall_3_pico.csv,raw_primary,text/csv,76079,2026-08-26T21:18:26.715964Z,2026-08-26T21:18:26.718760Z,HF-01 controlled execution,,true,Stable-ID provenance; no content hash or checksum is an operational gate
HF01-ART-0102,system_recalibration_001,HF-01,,readbacks/HF-01/raw/hf01_anchor_fast_r1_001_step_rise_1_pico.csv,raw_primary,text/csv,78293,2026-08-26T21:18:25.942283Z,2026-08-26T21:18:25.945287Z,HF-01 controlled execution,,true,Stable-ID provenance; no content hash or checksum is an operational gate
HF01-ART-0103,system_recalibration_001,HF-01,,readbacks/HF-01/raw/hf01_anchor_fast_r1_001_step_rise_2_pico.csv,raw_primary,text/csv,78240,2026-08-26T21:18:26.228762Z,2026-08-26T21:18:26.230869Z,HF-01 controlled execution,,true,Stable-ID provenance; no content hash or checksum is an operational gate
HF01-ART-0104,system_recalibration_001,HF-01,,readbacks/HF-01/raw/hf01_anchor_fast_r1_001_step_rise_3_pico.csv,raw_primary,text/csv,78393,2026-08-26T21:18:26.532513Z,2026-08-26T21:18:26.534525Z,HF-01 controlled execution,,true,Stable-ID provenance; no content hash or checksum is an operational gate
HF01-ART-0105,system_recalibration_001,HF-01,,readbacks/HF-01/raw/hf01_anchor_fast_r1_001_zero_baseline_pico.csv,raw_primary,text/csv,76227,2026-08-26T21:18:25.816679Z,2026-08-26T21:18:25.819200Z,HF-01 controlled execution,,true,Stable-ID provenance; no content hash or checksum is an operational gate
HF01-ART-0106,system_recalibration_001,HF-01,,readbacks/HF-01/raw/hf01_anchor_fast_r2_001_final_safe_idle.json,raw_primary,application/json,10859,2026-08-26T21:28:22.184031Z,2026-08-26T21:28:22.185032Z,HF-01 controlled execution,,true,Stable-ID provenance; no content hash or checksum is an operational gate
HF01-ART-0107,system_recalibration_001,HF-01,,readbacks/HF-01/raw/hf01_anchor_fast_r2_001_hf2_raw.csv,raw_primary,text/csv,201309529,2026-08-26T21:28:08.526935Z,2026-08-26T21:28:14.132855Z,HF-01 controlled execution,,true,Stable-ID provenance; no content hash or checksum is an operational gate
HF01-ART-0108,system_recalibration_001,HF-01,,readbacks/HF-01/raw/hf01_anchor_fast_r2_001_hf2_summary.csv,raw_primary,text/csv,375,2026-08-26T21:28:14.593405Z,2026-08-26T21:28:14.594405Z,HF-01 controlled execution,,true,Stable-ID provenance; no content hash or checksum is an operational gate
HF01-ART-0109,system_recalibration_001,HF-01,,readbacks/HF-01/raw/hf01_anchor_fast_r2_001_offset_1_pico.csv,raw_primary,text/csv,77477,2026-08-26T21:28:06.099002Z,2026-08-26T21:28:06.101007Z,HF-01 controlled execution,,true,Stable-ID provenance; no content hash or checksum is an operational gate
HF01-ART-0110,system_recalibration_001,HF-01,,readbacks/HF-01/raw/hf01_anchor_fast_r2_001_offset_2_pico.csv,raw_primary,text/csv,77276,2026-08-26T21:28:06.269391Z,2026-08-26T21:28:06.271894Z,HF-01 controlled execution,,true,Stable-ID provenance; no content hash or checksum is an operational gate
HF01-ART-0111,system_recalibration_001,HF-01,,readbacks/HF-01/raw/hf01_anchor_fast_r2_001_offset_3_pico.csv,raw_primary,text/csv,77226,2026-08-26T21:28:06.431048Z,2026-08-26T21:28:06.433645Z,HF-01 controlled execution,,true,Stable-ID provenance; no content hash or checksum is an operational gate
HF01-ART-0112,system_recalibration_001,HF-01,,readbacks/HF-01/raw/hf01_anchor_fast_r2_001_pre_safe_idle.json,raw_primary,application/json,10860,2026-08-26T21:28:00.346924Z,2026-08-26T21:28:00.347922Z,HF-01 controlled execution,,true,Stable-ID provenance; no content hash or checksum is an operational gate
HF01-ART-0113,system_recalibration_001,HF-01,,readbacks/HF-01/raw/hf01_anchor_fast_r2_001_status.json,raw_primary,application/json,22596,2026-08-26T21:27:54.377598Z,2026-08-26T21:28:22.186032Z,HF-01 controlled execution,,true,Stable-ID provenance; no content hash or checksum is an operational gate
HF01-ART-0114,system_recalibration_001,HF-01,,readbacks/HF-01/raw/hf01_anchor_fast_r2_001_step_fall_1_pico.csv,raw_primary,text/csv,75320,2026-08-26T21:28:05.396453Z,2026-08-26T21:28:05.399503Z,HF-01 controlled execution,,true,Stable-ID provenance; no content hash or checksum is an operational gate
HF01-ART-0115,system_recalibration_001,HF-01,,readbacks/HF-01/raw/hf01_anchor_fast_r2_001_step_fall_2_pico.csv,raw_primary,text/csv,75172,2026-08-26T21:28:05.696748Z,2026-08-26T21:28:05.699935Z,HF-01 controlled execution,,true,Stable-ID provenance; no content hash or checksum is an operational gate
HF01-ART-0116,system_recalibration_001,HF-01,,readbacks/HF-01/raw/hf01_anchor_fast_r2_001_step_fall_3_pico.csv,raw_primary,text/csv,74780,2026-08-26T21:28:05.993856Z,2026-08-26T21:28:05.995859Z,HF-01 controlled execution,,true,Stable-ID provenance; no content hash or checksum is an operational gate
HF01-ART-0117,system_recalibration_001,HF-01,,readbacks/HF-01/raw/hf01_anchor_fast_r2_001_step_rise_1_pico.csv,raw_primary,text/csv,77534,2026-08-26T21:28:05.195543Z,2026-08-26T21:28:05.197543Z,HF-01 controlled execution,,true,Stable-ID provenance; no content hash or checksum is an operational gate
HF01-ART-0118,system_recalibration_001,HF-01,,readbacks/HF-01/raw/hf01_anchor_fast_r2_001_step_rise_2_pico.csv,raw_primary,text/csv,77455,2026-08-26T21:28:05.510072Z,2026-08-26T21:28:05.512574Z,HF-01 controlled execution,,true,Stable-ID provenance; no content hash or checksum is an operational gate
HF01-ART-0119,system_recalibration_001,HF-01,,readbacks/HF-01/raw/hf01_anchor_fast_r2_001_step_rise_3_pico.csv,raw_primary,text/csv,77259,2026-08-26T21:28:05.790531Z,2026-08-26T21:28:05.793758Z,HF-01 controlled execution,,true,Stable-ID provenance; no content hash or checksum is an operational gate
HF01-ART-0120,system_recalibration_001,HF-01,,readbacks/HF-01/raw/hf01_anchor_fast_r2_001_zero_baseline_pico.csv,raw_primary,text/csv,74645,2026-08-26T21:28:05.074741Z,2026-08-26T21:28:05.078158Z,HF-01 controlled execution,,true,Stable-ID provenance; no content hash or checksum is an operational gate
HF01-ART-0316,system_recalibration_001,HF-01,,readbacks/HF-01/raw/hf01_anchor_fast_v2_001_final_safe_idle.json,raw_primary,application/json,10859,2026-08-26T22:11:01.916742Z,2026-08-26T22:11:01.917259Z,HF-01 controlled execution,,true,Stable-ID provenance; no content hash or checksum is an operational gate
HF01-ART-0317,system_recalibration_001,HF-01,,readbacks/HF-01/raw/hf01_anchor_fast_v2_001_hf2_raw.csv,raw_primary,text/csv,401072269,2026-08-26T22:10:41.440941Z,2026-08-26T22:10:52.999598Z,HF-01 controlled execution,,true,Stable-ID provenance; no content hash or checksum is an operational gate
HF01-ART-0318,system_recalibration_001,HF-01,,readbacks/HF-01/raw/hf01_anchor_fast_v2_001_hf2_summary.csv,raw_primary,text/csv,676,2026-08-26T22:10:53.928390Z,2026-08-26T22:10:53.929389Z,HF-01 controlled execution,,true,Stable-ID provenance; no content hash or checksum is an operational gate
HF01-ART-0319,system_recalibration_001,HF-01,,readbacks/HF-01/raw/hf01_anchor_fast_v2_001_offset_1_pico.csv,raw_primary,text/csv,78128,2026-08-26T22:10:35.008372Z,2026-08-26T22:10:35.010876Z,HF-01 controlled execution,,true,Stable-ID provenance; no content hash or checksum is an operational gate
HF01-ART-0320,system_recalibration_001,HF-01,,readbacks/HF-01/raw/hf01_anchor_fast_v2_001_offset_2_pico.csv,raw_primary,text/csv,78179,2026-08-26T22:10:35.169287Z,2026-08-26T22:10:35.172794Z,HF-01 controlled execution,,true,Stable-ID provenance; no content hash or checksum is an operational gate
HF01-ART-0321,system_recalibration_001,HF-01,,readbacks/HF-01/raw/hf01_anchor_fast_v2_001_offset_3_pico.csv,raw_primary,text/csv,78120,2026-08-26T22:10:35.340757Z,2026-08-26T22:10:35.343365Z,HF-01 controlled execution,,true,Stable-ID provenance; no content hash or checksum is an operational gate
HF01-ART-0322,system_recalibration_001,HF-01,,readbacks/HF-01/raw/hf01_anchor_fast_v2_001_pre_safe_idle.json,raw_primary,application/json,10860,2026-08-26T22:10:26.341792Z,2026-08-26T22:10:26.343403Z,HF-01 controlled execution,,true,Stable-ID provenance; no content hash or checksum is an operational gate
HF01-ART-0323,system_recalibration_001,HF-01,,readbacks/HF-01/raw/hf01_anchor_fast_v2_001_status.json,raw_primary,application/json,23737,2026-08-26T22:10:20.351086Z,2026-08-26T22:11:01.918815Z,HF-01 controlled execution,,true,Stable-ID provenance; no content hash or checksum is an operational gate
HF01-ART-0324,system_recalibration_001,HF-01,,readbacks/HF-01/raw/hf01_anchor_fast_v2_001_step_fall_1_pico.csv,raw_primary,text/csv,75669,2026-08-26T22:10:34.343305Z,2026-08-26T22:10:34.346453Z,HF-01 controlled execution,,true,Stable-ID provenance; no content hash or checksum is an operational gate
HF01-ART-0325,system_recalibration_001,HF-01,,readbacks/HF-01/raw/hf01_anchor_fast_v2_001_step_fall_2_pico.csv,raw_primary,text/csv,75936,2026-08-26T22:10:34.628980Z,2026-08-26T22:10:34.632022Z,HF-01 controlled execution,,true,Stable-ID provenance; no content hash or checksum is an operational gate
HF01-ART-0326,system_recalibration_001,HF-01,,readbacks/HF-01/raw/hf01_anchor_fast_v2_001_step_fall_3_pico.csv,raw_primary,text/csv,75965,2026-08-26T22:10:34.913185Z,2026-08-26T22:10:34.915192Z,HF-01 controlled execution,,true,Stable-ID provenance; no content hash or checksum is an operational gate
HF01-ART-0327,system_recalibration_001,HF-01,,readbacks/HF-01/raw/hf01_anchor_fast_v2_001_step_rise_1_pico.csv,raw_primary,text/csv,78436,2026-08-26T22:10:34.151603Z,2026-08-26T22:10:34.154826Z,HF-01 controlled execution,,true,Stable-ID provenance; no content hash or checksum is an operational gate
HF01-ART-0328,system_recalibration_001,HF-01,,readbacks/HF-01/raw/hf01_anchor_fast_v2_001_step_rise_2_pico.csv,raw_primary,text/csv,78122,2026-08-26T22:10:34.442456Z,2026-08-26T22:10:34.445185Z,HF-01 controlled execution,,true,Stable-ID provenance; no content hash or checksum is an operational gate
HF01-ART-0329,system_recalibration_001,HF-01,,readbacks/HF-01/raw/hf01_anchor_fast_v2_001_step_rise_3_pico.csv,raw_primary,text/csv,78204,2026-08-26T22:10:34.726818Z,2026-08-26T22:10:34.729398Z,HF-01 controlled execution,,true,Stable-ID provenance; no content hash or checksum is an operational gate
HF01-ART-0330,system_recalibration_001,HF-01,,readbacks/HF-01/raw/hf01_anchor_fast_v2_001_zero_baseline_pico.csv,raw_primary,text/csv,76255,2026-08-26T22:10:34.018404Z,2026-08-26T22:10:34.021003Z,HF-01 controlled execution,,true,Stable-ID provenance; no content hash or checksum is an operational gate
HF01-ART-0331,system_recalibration_001,HF-01,,readbacks/HF-01/raw/hf01_anchor_fast_v3_001_final_safe_idle.json,raw_primary,application/json,10859,2026-08-26T22:19:37.485915Z,2026-08-26T22:19:37.486916Z,HF-01 controlled execution,,true,Stable-ID provenance; no content hash or checksum is an operational gate
HF01-ART-0332,system_recalibration_001,HF-01,,readbacks/HF-01/raw/hf01_anchor_fast_v3_001_hf2_raw.csv,raw_primary,text/csv,400539248,2026-08-26T22:19:16.839440Z,2026-08-26T22:19:28.618155Z,HF-01 controlled execution,,true,Stable-ID provenance; no content hash or checksum is an operational gate
HF01-ART-0333,system_recalibration_001,HF-01,,readbacks/HF-01/raw/hf01_anchor_fast_v3_001_hf2_summary.csv,raw_primary,text/csv,671,2026-08-26T22:19:29.550506Z,2026-08-26T22:19:29.551509Z,HF-01 controlled execution,,true,Stable-ID provenance; no content hash or checksum is an operational gate
HF01-ART-0334,system_recalibration_001,HF-01,,readbacks/HF-01/raw/hf01_anchor_fast_v3_001_offset_1_pico.csv,raw_primary,text/csv,78205,2026-08-26T22:19:10.443477Z,2026-08-26T22:19:10.445855Z,HF-01 controlled execution,,true,Stable-ID provenance; no content hash or checksum is an operational gate
HF01-ART-0335,system_recalibration_001,HF-01,,readbacks/HF-01/raw/hf01_anchor_fast_v3_001_offset_2_pico.csv,raw_primary,text/csv,78240,2026-08-26T22:19:10.595060Z,2026-08-26T22:19:10.597060Z,HF-01 controlled execution,,true,Stable-ID provenance; no content hash or checksum is an operational gate
HF01-ART-0336,system_recalibration_001,HF-01,,readbacks/HF-01/raw/hf01_anchor_fast_v3_001_offset_3_pico.csv,raw_primary,text/csv,78126,2026-08-26T22:19:10.759359Z,2026-08-26T22:19:10.761866Z,HF-01 controlled execution,,true,Stable-ID provenance; no content hash or checksum is an operational gate
HF01-ART-0337,system_recalibration_001,HF-01,,readbacks/HF-01/raw/hf01_anchor_fast_v3_001_pre_safe_idle.json,raw_primary,application/json,10859,2026-08-26T22:19:01.849010Z,2026-08-26T22:19:01.850536Z,HF-01 controlled execution,,true,Stable-ID provenance; no content hash or checksum is an operational gate
HF01-ART-0338,system_recalibration_001,HF-01,,readbacks/HF-01/raw/hf01_anchor_fast_v3_001_status.json,raw_primary,application/json,23757,2026-08-26T22:18:55.862759Z,2026-08-26T22:19:37.489496Z,HF-01 controlled execution,,true,Stable-ID provenance; no content hash or checksum is an operational gate
HF01-ART-0339,system_recalibration_001,HF-01,,readbacks/HF-01/raw/hf01_anchor_fast_v3_001_step_fall_1_pico.csv,raw_primary,text/csv,75978,2026-08-26T22:19:09.770693Z,2026-08-26T22:19:09.773941Z,HF-01 controlled execution,,true,Stable-ID provenance; no content hash or checksum is an operational gate
HF01-ART-0340,system_recalibration_001,HF-01,,readbacks/HF-01/raw/hf01_anchor_fast_v3_001_step_fall_2_pico.csv,raw_primary,text/csv,75773,2026-08-26T22:19:10.066247Z,2026-08-26T22:19:10.069249Z,HF-01 controlled execution,,true,Stable-ID provenance; no content hash or checksum is an operational gate
HF01-ART-0341,system_recalibration_001,HF-01,,readbacks/HF-01/raw/hf01_anchor_fast_v3_001_step_fall_3_pico.csv,raw_primary,text/csv,75749,2026-08-26T22:19:10.351528Z,2026-08-26T22:19:10.354527Z,HF-01 controlled execution,,true,Stable-ID provenance; no content hash or checksum is an operational gate
HF01-ART-0342,system_recalibration_001,HF-01,,readbacks/HF-01/raw/hf01_anchor_fast_v3_001_step_rise_1_pico.csv,raw_primary,text/csv,78297,2026-08-26T22:19:09.584025Z,2026-08-26T22:19:09.587359Z,HF-01 controlled execution,,true,Stable-ID provenance; no content hash or checksum is an operational gate
HF01-ART-0343,system_recalibration_001,HF-01,,readbacks/HF-01/raw/hf01_anchor_fast_v3_001_step_rise_2_pico.csv,raw_primary,text/csv,78307,2026-08-26T22:19:09.867934Z,2026-08-26T22:19:09.870601Z,HF-01 controlled execution,,true,Stable-ID provenance; no content hash or checksum is an operational gate
HF01-ART-0344,system_recalibration_001,HF-01,,readbacks/HF-01/raw/hf01_anchor_fast_v3_001_step_rise_3_pico.csv,raw_primary,text/csv,78299,2026-08-26T22:19:10.158286Z,2026-08-26T22:19:10.160948Z,HF-01 controlled execution,,true,Stable-ID provenance; no content hash or checksum is an operational gate
HF01-ART-0345,system_recalibration_001,HF-01,,readbacks/HF-01/raw/hf01_anchor_fast_v3_001_zero_baseline_pico.csv,raw_primary,text/csv,75573,2026-08-26T22:19:09.455728Z,2026-08-26T22:19:09.458727Z,HF-01 controlled execution,,true,Stable-ID provenance; no content hash or checksum is an operational gate
HF01-ART-0121,system_recalibration_001,HF-01,,readbacks/HF-01/raw/hf01_anchor_intermediate_001_final_safe_idle.json,raw_primary,application/json,10859,2026-08-26T21:19:23.126288Z,2026-08-26T21:19:23.128794Z,HF-01 controlled execution,,true,Stable-ID provenance; no content hash or checksum is an operational gate
HF01-ART-0122,system_recalibration_001,HF-01,,readbacks/HF-01/raw/hf01_anchor_intermediate_001_hf2_raw.csv,raw_primary,text/csv,1247613,2026-08-26T21:19:14.686818Z,2026-08-26T21:19:14.758636Z,HF-01 controlled execution,,true,Stable-ID provenance; no content hash or checksum is an operational gate
HF01-ART-0123,system_recalibration_001,HF-01,,readbacks/HF-01/raw/hf01_anchor_intermediate_001_hf2_summary.csv,raw_primary,text/csv,366,2026-08-26T21:19:14.765592Z,2026-08-26T21:19:14.766595Z,HF-01 controlled execution,,true,Stable-ID provenance; no content hash or checksum is an operational gate
HF01-ART-0124,system_recalibration_001,HF-01,,readbacks/HF-01/raw/hf01_anchor_intermediate_001_offset_1_pico.csv,raw_primary,text/csv,78214,2026-08-26T21:19:11.771589Z,2026-08-26T21:19:11.773913Z,HF-01 controlled execution,,true,Stable-ID provenance; no content hash or checksum is an operational gate
HF01-ART-0125,system_recalibration_001,HF-01,,readbacks/HF-01/raw/hf01_anchor_intermediate_001_offset_2_pico.csv,raw_primary,text/csv,78285,2026-08-26T21:19:12.333525Z,2026-08-26T21:19:12.335732Z,HF-01 controlled execution,,true,Stable-ID provenance; no content hash or checksum is an operational gate
HF01-ART-0126,system_recalibration_001,HF-01,,readbacks/HF-01/raw/hf01_anchor_intermediate_001_offset_3_pico.csv,raw_primary,text/csv,78210,2026-08-26T21:19:12.513992Z,2026-08-26T21:19:12.518999Z,HF-01 controlled execution,,true,Stable-ID provenance; no content hash or checksum is an operational gate
HF01-ART-0127,system_recalibration_001,HF-01,,readbacks/HF-01/raw/hf01_anchor_intermediate_001_offset_4_pico.csv,raw_primary,text/csv,78211,2026-08-26T21:19:12.688108Z,2026-08-26T21:19:12.690108Z,HF-01 controlled execution,,true,Stable-ID provenance; no content hash or checksum is an operational gate
HF01-ART-0128,system_recalibration_001,HF-01,,readbacks/HF-01/raw/hf01_anchor_intermediate_001_pre_safe_idle.json,raw_primary,application/json,10859,2026-08-26T21:19:04.745279Z,2026-08-26T21:19:04.747277Z,HF-01 controlled execution,,true,Stable-ID provenance; no content hash or checksum is an operational gate
HF01-ART-0129,system_recalibration_001,HF-01,,readbacks/HF-01/raw/hf01_anchor_intermediate_001_status.json,raw_primary,application/json,24711,2026-08-26T21:18:58.748986Z,2026-08-26T21:19:23.135016Z,HF-01 controlled execution,,true,Stable-ID provenance; no content hash or checksum is an operational gate
HF01-ART-0130,system_recalibration_001,HF-01,,readbacks/HF-01/raw/hf01_anchor_intermediate_001_step_fall_1_pico.csv,raw_primary,text/csv,76141,2026-08-26T21:19:10.667963Z,2026-08-26T21:19:10.673471Z,HF-01 controlled execution,,true,Stable-ID provenance; no content hash or checksum is an operational gate
HF01-ART-0131,system_recalibration_001,HF-01,,readbacks/HF-01/raw/hf01_anchor_intermediate_001_step_fall_2_pico.csv,raw_primary,text/csv,75988,2026-08-26T21:19:11.134719Z,2026-08-26T21:19:11.137721Z,HF-01 controlled execution,,true,Stable-ID provenance; no content hash or checksum is an operational gate
HF01-ART-0132,system_recalibration_001,HF-01,,readbacks/HF-01/raw/hf01_anchor_intermediate_001_step_fall_3_pico.csv,raw_primary,text/csv,76068,2026-08-26T21:19:11.584002Z,2026-08-26T21:19:11.587003Z,HF-01 controlled execution,,true,Stable-ID provenance; no content hash or checksum is an operational gate
HF01-ART-0133,system_recalibration_001,HF-01,,readbacks/HF-01/raw/hf01_anchor_intermediate_001_step_rise_1_pico.csv,raw_primary,text/csv,78410,2026-08-26T21:19:10.389304Z,2026-08-26T21:19:10.392401Z,HF-01 controlled execution,,true,Stable-ID provenance; no content hash or checksum is an operational gate
HF01-ART-0134,system_recalibration_001,HF-01,,readbacks/HF-01/raw/hf01_anchor_intermediate_001_step_rise_2_pico.csv,raw_primary,text/csv,78377,2026-08-26T21:19:10.860410Z,2026-08-26T21:19:10.863618Z,HF-01 controlled execution,,true,Stable-ID provenance; no content hash or checksum is an operational gate
HF01-ART-0135,system_recalibration_001,HF-01,,readbacks/HF-01/raw/hf01_anchor_intermediate_001_step_rise_3_pico.csv,raw_primary,text/csv,78206,2026-08-26T21:19:11.304799Z,2026-08-26T21:19:11.307866Z,HF-01 controlled execution,,true,Stable-ID provenance; no content hash or checksum is an operational gate
HF01-ART-0136,system_recalibration_001,HF-01,,readbacks/HF-01/raw/hf01_anchor_intermediate_001_zero_baseline_pico.csv,raw_primary,text/csv,76018,2026-08-26T21:19:10.099994Z,2026-08-26T21:19:10.102499Z,HF-01 controlled execution,,true,Stable-ID provenance; no content hash or checksum is an operational gate
HF01-ART-0137,system_recalibration_001,HF-01,,readbacks/HF-01/raw/hf01_anchor_intermediate_r1_001_final_safe_idle.json,raw_primary,application/json,10859,2026-08-26T21:23:35.560456Z,2026-08-26T21:23:35.561450Z,HF-01 controlled execution,,true,Stable-ID provenance; no content hash or checksum is an operational gate
HF01-ART-0138,system_recalibration_001,HF-01,,readbacks/HF-01/raw/hf01_anchor_intermediate_r1_001_hf2_raw.csv,raw_primary,text/csv,1264650,2026-08-26T21:23:28.016435Z,2026-08-26T21:23:28.049703Z,HF-01 controlled execution,,true,Stable-ID provenance; no content hash or checksum is an operational gate
HF01-ART-0139,system_recalibration_001,HF-01,,readbacks/HF-01/raw/hf01_anchor_intermediate_r1_001_hf2_summary.csv,raw_primary,text/csv,365,2026-08-26T21:23:28.053218Z,2026-08-26T21:23:28.053218Z,HF-01 controlled execution,,true,Stable-ID provenance; no content hash or checksum is an operational gate
HF01-ART-0140,system_recalibration_001,HF-01,,readbacks/HF-01/raw/hf01_anchor_intermediate_r1_001_offset_1_pico.csv,raw_primary,text/csv,77251,2026-08-26T21:23:25.197465Z,2026-08-26T21:23:25.200315Z,HF-01 controlled execution,,true,Stable-ID provenance; no content hash or checksum is an operational gate
HF01-ART-0141,system_recalibration_001,HF-01,,readbacks/HF-01/raw/hf01_anchor_intermediate_r1_001_offset_2_pico.csv,raw_primary,text/csv,76902,2026-08-26T21:23:25.769038Z,2026-08-26T21:23:25.772157Z,HF-01 controlled execution,,true,Stable-ID provenance; no content hash or checksum is an operational gate
HF01-ART-0142,system_recalibration_001,HF-01,,readbacks/HF-01/raw/hf01_anchor_intermediate_r1_001_offset_3_pico.csv,raw_primary,text/csv,76869,2026-08-26T21:23:25.959715Z,2026-08-26T21:23:25.962813Z,HF-01 controlled execution,,true,Stable-ID provenance; no content hash or checksum is an operational gate
HF01-ART-0143,system_recalibration_001,HF-01,,readbacks/HF-01/raw/hf01_anchor_intermediate_r1_001_offset_4_pico.csv,raw_primary,text/csv,76972,2026-08-26T21:23:26.141096Z,2026-08-26T21:23:26.144196Z,HF-01 controlled execution,,true,Stable-ID provenance; no content hash or checksum is an operational gate
HF01-ART-0144,system_recalibration_001,HF-01,,readbacks/HF-01/raw/hf01_anchor_intermediate_r1_001_pre_safe_idle.json,raw_primary,application/json,10860,2026-08-26T21:23:18.789649Z,2026-08-26T21:23:18.792126Z,HF-01 controlled execution,,true,Stable-ID provenance; no content hash or checksum is an operational gate
HF01-ART-0145,system_recalibration_001,HF-01,,readbacks/HF-01/raw/hf01_anchor_intermediate_r1_001_status.json,raw_primary,application/json,24927,2026-08-26T21:23:12.815030Z,2026-08-26T21:23:35.563463Z,HF-01 controlled execution,,true,Stable-ID provenance; no content hash or checksum is an operational gate
HF01-ART-0146,system_recalibration_001,HF-01,,readbacks/HF-01/raw/hf01_anchor_intermediate_r1_001_step_fall_1_pico.csv,raw_primary,text/csv,74620,2026-08-26T21:23:24.080132Z,2026-08-26T21:23:24.083167Z,HF-01 controlled execution,,true,Stable-ID provenance; no content hash or checksum is an operational gate
HF01-ART-0147,system_recalibration_001,HF-01,,readbacks/HF-01/raw/hf01_anchor_intermediate_r1_001_step_fall_2_pico.csv,raw_primary,text/csv,74922,2026-08-26T21:23:24.545734Z,2026-08-26T21:23:24.547734Z,HF-01 controlled execution,,true,Stable-ID provenance; no content hash or checksum is an operational gate
HF01-ART-0148,system_recalibration_001,HF-01,,readbacks/HF-01/raw/hf01_anchor_intermediate_r1_001_step_fall_3_pico.csv,raw_primary,text/csv,74734,2026-08-26T21:23:25.023201Z,2026-08-26T21:23:25.025204Z,HF-01 controlled execution,,true,Stable-ID provenance; no content hash or checksum is an operational gate
HF01-ART-0149,system_recalibration_001,HF-01,,readbacks/HF-01/raw/hf01_anchor_intermediate_r1_001_step_rise_1_pico.csv,raw_primary,text/csv,77524,2026-08-26T21:23:23.807202Z,2026-08-26T21:23:23.810202Z,HF-01 controlled execution,,true,Stable-ID provenance; no content hash or checksum is an operational gate
HF01-ART-0150,system_recalibration_001,HF-01,,readbacks/HF-01/raw/hf01_anchor_intermediate_r1_001_step_rise_2_pico.csv,raw_primary,text/csv,77314,2026-08-26T21:23:24.269045Z,2026-08-26T21:23:24.271046Z,HF-01 controlled execution,,true,Stable-ID provenance; no content hash or checksum is an operational gate
HF01-ART-0151,system_recalibration_001,HF-01,,readbacks/HF-01/raw/hf01_anchor_intermediate_r1_001_step_rise_3_pico.csv,raw_primary,text/csv,77233,2026-08-26T21:23:24.731756Z,2026-08-26T21:23:24.734325Z,HF-01 controlled execution,,true,Stable-ID provenance; no content hash or checksum is an operational gate
HF01-ART-0152,system_recalibration_001,HF-01,,readbacks/HF-01/raw/hf01_anchor_intermediate_r1_001_zero_baseline_pico.csv,raw_primary,text/csv,75556,2026-08-26T21:23:23.517141Z,2026-08-26T21:23:23.520141Z,HF-01 controlled execution,,true,Stable-ID provenance; no content hash or checksum is an operational gate
HF01-ART-0346,system_recalibration_001,HF-01,,readbacks/HF-01/raw/hf01_anchor_intermediate_v3_001_final_safe_idle.json,raw_primary,application/json,10859,2026-08-26T22:20:30.200099Z,2026-08-26T22:20:30.201879Z,HF-01 controlled execution,,true,Stable-ID provenance; no content hash or checksum is an operational gate
HF01-ART-0347,system_recalibration_001,HF-01,,readbacks/HF-01/raw/hf01_anchor_intermediate_v3_001_hf2_raw.csv,raw_primary,text/csv,4067355,2026-08-26T22:20:21.473617Z,2026-08-26T22:20:21.647652Z,HF-01 controlled execution,,true,Stable-ID provenance; no content hash or checksum is an operational gate
HF01-ART-0348,system_recalibration_001,HF-01,,readbacks/HF-01/raw/hf01_anchor_intermediate_v3_001_hf2_summary.csv,raw_primary,text/csv,663,2026-08-26T22:20:21.655674Z,2026-08-26T22:20:21.656673Z,HF-01 controlled execution,,true,Stable-ID provenance; no content hash or checksum is an operational gate
HF01-ART-0349,system_recalibration_001,HF-01,,readbacks/HF-01/raw/hf01_anchor_intermediate_v3_001_offset_1_pico.csv,raw_primary,text/csv,77717,2026-08-26T22:20:15.454728Z,2026-08-26T22:20:15.457727Z,HF-01 controlled execution,,true,Stable-ID provenance; no content hash or checksum is an operational gate
HF01-ART-0350,system_recalibration_001,HF-01,,readbacks/HF-01/raw/hf01_anchor_intermediate_v3_001_offset_2_pico.csv,raw_primary,text/csv,77681,2026-08-26T22:20:16.016126Z,2026-08-26T22:20:16.018048Z,HF-01 controlled execution,,true,Stable-ID provenance; no content hash or checksum is an operational gate
HF01-ART-0351,system_recalibration_001,HF-01,,readbacks/HF-01/raw/hf01_anchor_intermediate_v3_001_offset_3_pico.csv,raw_primary,text/csv,77607,2026-08-26T22:20:16.194325Z,2026-08-26T22:20:16.198829Z,HF-01 controlled execution,,true,Stable-ID provenance; no content hash or checksum is an operational gate
HF01-ART-0352,system_recalibration_001,HF-01,,readbacks/HF-01/raw/hf01_anchor_intermediate_v3_001_offset_4_pico.csv,raw_primary,text/csv,77699,2026-08-26T22:20:16.377959Z,2026-08-26T22:20:16.380462Z,HF-01 controlled execution,,true,Stable-ID provenance; no content hash or checksum is an operational gate
HF01-ART-0353,system_recalibration_001,HF-01,,readbacks/HF-01/raw/hf01_anchor_intermediate_v3_001_pre_safe_idle.json,raw_primary,application/json,10859,2026-08-26T22:20:06.167131Z,2026-08-26T22:20:06.168132Z,HF-01 controlled execution,,true,Stable-ID provenance; no content hash or checksum is an operational gate
HF01-ART-0354,system_recalibration_001,HF-01,,readbacks/HF-01/raw/hf01_anchor_intermediate_v3_001_status.json,raw_primary,application/json,26085,2026-08-26T22:20:00.180873Z,2026-08-26T22:20:30.203897Z,HF-01 controlled execution,,true,Stable-ID provenance; no content hash or checksum is an operational gate
HF01-ART-0355,system_recalibration_001,HF-01,,readbacks/HF-01/raw/hf01_anchor_intermediate_v3_001_step_fall_1_pico.csv,raw_primary,text/csv,75040,2026-08-26T22:20:14.332239Z,2026-08-26T22:20:14.334918Z,HF-01 controlled execution,,true,Stable-ID provenance; no content hash or checksum is an operational gate
HF01-ART-0356,system_recalibration_001,HF-01,,readbacks/HF-01/raw/hf01_anchor_intermediate_v3_001_step_fall_2_pico.csv,raw_primary,text/csv,75287,2026-08-26T22:20:14.797994Z,2026-08-26T22:20:14.800503Z,HF-01 controlled execution,,true,Stable-ID provenance; no content hash or checksum is an operational gate
HF01-ART-0357,system_recalibration_001,HF-01,,readbacks/HF-01/raw/hf01_anchor_intermediate_v3_001_step_fall_3_pico.csv,raw_primary,text/csv,75403,2026-08-26T22:20:15.280767Z,2026-08-26T22:20:15.282769Z,HF-01 controlled execution,,true,Stable-ID provenance; no content hash or checksum is an operational gate
HF01-ART-0358,system_recalibration_001,HF-01,,readbacks/HF-01/raw/hf01_anchor_intermediate_v3_001_step_rise_1_pico.csv,raw_primary,text/csv,77787,2026-08-26T22:20:14.062670Z,2026-08-26T22:20:14.065524Z,HF-01 controlled execution,,true,Stable-ID provenance; no content hash or checksum is an operational gate
HF01-ART-0359,system_recalibration_001,HF-01,,readbacks/HF-01/raw/hf01_anchor_intermediate_v3_001_step_rise_2_pico.csv,raw_primary,text/csv,77635,2026-08-26T22:20:14.518004Z,2026-08-26T22:20:14.520382Z,HF-01 controlled execution,,true,Stable-ID provenance; no content hash or checksum is an operational gate
HF01-ART-0360,system_recalibration_001,HF-01,,readbacks/HF-01/raw/hf01_anchor_intermediate_v3_001_step_rise_3_pico.csv,raw_primary,text/csv,77604,2026-08-26T22:20:14.989263Z,2026-08-26T22:20:14.992776Z,HF-01 controlled execution,,true,Stable-ID provenance; no content hash or checksum is an operational gate
HF01-ART-0361,system_recalibration_001,HF-01,,readbacks/HF-01/raw/hf01_anchor_intermediate_v3_001_zero_baseline_pico.csv,raw_primary,text/csv,75760,2026-08-26T22:20:13.775811Z,2026-08-26T22:20:13.778812Z,HF-01 controlled execution,,true,Stable-ID provenance; no content hash or checksum is an operational gate
HF01-ART-0153,system_recalibration_001,HF-01,,readbacks/HF-01/raw/hf01_anchor_slow_001_final_safe_idle.json,raw_primary,application/json,10860,2026-08-26T21:21:32.366338Z,2026-08-26T21:21:32.367503Z,HF-01 controlled execution,,true,Stable-ID provenance; no content hash or checksum is an operational gate
HF01-ART-0154,system_recalibration_001,HF-01,,readbacks/HF-01/raw/hf01_anchor_slow_001_hf2_raw.csv,raw_primary,text/csv,97069,2026-08-26T21:21:24.015645Z,2026-08-26T21:21:24.022464Z,HF-01 controlled execution,,true,Stable-ID provenance; no content hash or checksum is an operational gate
HF01-ART-0155,system_recalibration_001,HF-01,,readbacks/HF-01/raw/hf01_anchor_slow_001_hf2_summary.csv,raw_primary,text/csv,374,2026-08-26T21:21:24.024851Z,2026-08-26T21:21:24.025355Z,HF-01 controlled execution,,true,Stable-ID provenance; no content hash or checksum is an operational gate
HF01-ART-0156,system_recalibration_001,HF-01,,readbacks/HF-01/raw/hf01_anchor_slow_001_offset_1_pico.csv,raw_primary,text/csv,77286,2026-08-26T21:20:02.562723Z,2026-08-26T21:20:02.570746Z,HF-01 controlled execution,,true,Stable-ID provenance; no content hash or checksum is an operational gate
HF01-ART-0157,system_recalibration_001,HF-01,,readbacks/HF-01/raw/hf01_anchor_slow_001_offset_2_pico.csv,raw_primary,text/csv,76121,2026-08-26T21:21:05.588265Z,2026-08-26T21:21:05.595891Z,HF-01 controlled execution,,true,Stable-ID provenance; no content hash or checksum is an operational gate
HF01-ART-0158,system_recalibration_001,HF-01,,readbacks/HF-01/raw/hf01_anchor_slow_001_offset_3_pico.csv,raw_primary,text/csv,75969,2026-08-26T21:21:12.237060Z,2026-08-26T21:21:12.243240Z,HF-01 controlled execution,,true,Stable-ID provenance; no content hash or checksum is an operational gate
HF01-ART-0159,system_recalibration_001,HF-01,,readbacks/HF-01/raw/hf01_anchor_slow_001_pre_safe_idle.json,raw_primary,application/json,10859,2026-08-26T21:19:39.205302Z,2026-08-26T21:19:39.207302Z,HF-01 controlled execution,,true,Stable-ID provenance; no content hash or checksum is an operational gate
HF01-ART-0160,system_recalibration_001,HF-01,,readbacks/HF-01/raw/hf01_anchor_slow_001_status.json,raw_primary,application/json,22447,2026-08-26T21:19:33.207599Z,2026-08-26T21:21:32.368007Z,HF-01 controlled execution,,true,Stable-ID provenance; no content hash or checksum is an operational gate
HF01-ART-0161,system_recalibration_001,HF-01,,readbacks/HF-01/raw/hf01_anchor_slow_001_step_fall_1_pico.csv,raw_primary,text/csv,75530,2026-08-26T21:19:51.731022Z,2026-08-26T21:19:51.735532Z,HF-01 controlled execution,,true,Stable-ID provenance; no content hash or checksum is an operational gate
HF01-ART-0162,system_recalibration_001,HF-01,,readbacks/HF-01/raw/hf01_anchor_slow_001_step_fall_2_pico.csv,raw_primary,text/csv,75162,2026-08-26T21:19:56.109645Z,2026-08-26T21:19:56.120432Z,HF-01 controlled execution,,true,Stable-ID provenance; no content hash or checksum is an operational gate
HF01-ART-0163,system_recalibration_001,HF-01,,readbacks/HF-01/raw/hf01_anchor_slow_001_step_fall_3_pico.csv,raw_primary,text/csv,75203,2026-08-26T21:20:00.456166Z,2026-08-26T21:20:00.465165Z,HF-01 controlled execution,,true,Stable-ID provenance; no content hash or checksum is an operational gate
HF01-ART-0164,system_recalibration_001,HF-01,,readbacks/HF-01/raw/hf01_anchor_slow_001_step_rise_1_pico.csv,raw_primary,text/csv,77999,2026-08-26T21:19:49.489809Z,2026-08-26T21:19:49.497330Z,HF-01 controlled execution,,true,Stable-ID provenance; no content hash or checksum is an operational gate
HF01-ART-0165,system_recalibration_001,HF-01,,readbacks/HF-01/raw/hf01_anchor_slow_001_step_rise_2_pico.csv,raw_primary,text/csv,77818,2026-08-26T21:19:53.860790Z,2026-08-26T21:19:53.874042Z,HF-01 controlled execution,,true,Stable-ID provenance; no content hash or checksum is an operational gate
HF01-ART-0166,system_recalibration_001,HF-01,,readbacks/HF-01/raw/hf01_anchor_slow_001_step_rise_3_pico.csv,raw_primary,text/csv,77639,2026-08-26T21:19:58.240151Z,2026-08-26T21:19:58.244169Z,HF-01 controlled execution,,true,Stable-ID provenance; no content hash or checksum is an operational gate
HF01-ART-0167,system_recalibration_001,HF-01,,readbacks/HF-01/raw/hf01_anchor_slow_001_zero_baseline_pico.csv,raw_primary,text/csv,76371,2026-08-26T21:19:44.397640Z,2026-08-26T21:19:44.400713Z,HF-01 controlled execution,,true,Stable-ID provenance; no content hash or checksum is an operational gate
HF01-ART-0168,system_recalibration_001,HF-01,,readbacks/HF-01/raw/hf01_anchor_slow_r1_001_final_safe_idle.json,raw_primary,application/json,10860,2026-08-26T21:26:24.090086Z,2026-08-26T21:26:24.092590Z,HF-01 controlled execution,,true,Stable-ID provenance; no content hash or checksum is an operational gate
HF01-ART-0169,system_recalibration_001,HF-01,,readbacks/HF-01/raw/hf01_anchor_slow_r1_001_hf2_raw.csv,raw_primary,text/csv,95375,2026-08-26T21:26:16.491460Z,2026-08-26T21:26:16.495559Z,HF-01 controlled execution,,true,Stable-ID provenance; no content hash or checksum is an operational gate
HF01-ART-0170,system_recalibration_001,HF-01,,readbacks/HF-01/raw/hf01_anchor_slow_r1_001_hf2_summary.csv,raw_primary,text/csv,362,2026-08-26T21:26:16.497551Z,2026-08-26T21:26:16.497551Z,HF-01 controlled execution,,true,Stable-ID provenance; no content hash or checksum is an operational gate
HF01-ART-0171,system_recalibration_001,HF-01,,readbacks/HF-01/raw/hf01_anchor_slow_r1_001_offset_1_pico.csv,raw_primary,text/csv,76261,2026-08-26T21:24:54.891756Z,2026-08-26T21:24:54.895493Z,HF-01 controlled execution,,true,Stable-ID provenance; no content hash or checksum is an operational gate
HF01-ART-0172,system_recalibration_001,HF-01,,readbacks/HF-01/raw/hf01_anchor_slow_r1_001_offset_2_pico.csv,raw_primary,text/csv,74778,2026-08-26T21:25:57.868827Z,2026-08-26T21:25:57.874348Z,HF-01 controlled execution,,true,Stable-ID provenance; no content hash or checksum is an operational gate
HF01-ART-0173,system_recalibration_001,HF-01,,readbacks/HF-01/raw/hf01_anchor_slow_r1_001_offset_3_pico.csv,raw_primary,text/csv,74893,2026-08-26T21:26:04.453868Z,2026-08-26T21:26:04.458211Z,HF-01 controlled execution,,true,Stable-ID provenance; no content hash or checksum is an operational gate
HF01-ART-0174,system_recalibration_001,HF-01,,readbacks/HF-01/raw/hf01_anchor_slow_r1_001_pre_safe_idle.json,raw_primary,application/json,10859,2026-08-26T21:24:32.291787Z,2026-08-26T21:24:32.292693Z,HF-01 controlled execution,,true,Stable-ID provenance; no content hash or checksum is an operational gate
HF01-ART-0175,system_recalibration_001,HF-01,,readbacks/HF-01/raw/hf01_anchor_slow_r1_001_status.json,raw_primary,application/json,22624,2026-08-26T21:24:26.329734Z,2026-08-26T21:26:24.095605Z,HF-01 controlled execution,,true,Stable-ID provenance; no content hash or checksum is an operational gate
HF01-ART-0176,system_recalibration_001,HF-01,,readbacks/HF-01/raw/hf01_anchor_slow_r1_001_step_fall_1_pico.csv,raw_primary,text/csv,74537,2026-08-26T21:24:44.238145Z,2026-08-26T21:24:44.241144Z,HF-01 controlled execution,,true,Stable-ID provenance; no content hash or checksum is an operational gate
HF01-ART-0177,system_recalibration_001,HF-01,,readbacks/HF-01/raw/hf01_anchor_slow_r1_001_step_fall_2_pico.csv,raw_primary,text/csv,73562,2026-08-26T21:24:48.515833Z,2026-08-26T21:24:48.518966Z,HF-01 controlled execution,,true,Stable-ID provenance; no content hash or checksum is an operational gate
HF01-ART-0178,system_recalibration_001,HF-01,,readbacks/HF-01/raw/hf01_anchor_slow_r1_001_step_fall_3_pico.csv,raw_primary,text/csv,74086,2026-08-26T21:24:52.805121Z,2026-08-26T21:24:52.808122Z,HF-01 controlled execution,,true,Stable-ID provenance; no content hash or checksum is an operational gate
HF01-ART-0179,system_recalibration_001,HF-01,,readbacks/HF-01/raw/hf01_anchor_slow_r1_001_step_rise_1_pico.csv,raw_primary,text/csv,76896,2026-08-26T21:24:42.060447Z,2026-08-26T21:24:42.064543Z,HF-01 controlled execution,,true,Stable-ID provenance; no content hash or checksum is an operational gate
HF01-ART-0180,system_recalibration_001,HF-01,,readbacks/HF-01/raw/hf01_anchor_slow_r1_001_step_rise_2_pico.csv,raw_primary,text/csv,76773,2026-08-26T21:24:46.322688Z,2026-08-26T21:24:46.324694Z,HF-01 controlled execution,,true,Stable-ID provenance; no content hash or checksum is an operational gate
HF01-ART-0181,system_recalibration_001,HF-01,,readbacks/HF-01/raw/hf01_anchor_slow_r1_001_step_rise_3_pico.csv,raw_primary,text/csv,76522,2026-08-26T21:24:50.604269Z,2026-08-26T21:24:50.608735Z,HF-01 controlled execution,,true,Stable-ID provenance; no content hash or checksum is an operational gate
HF01-ART-0182,system_recalibration_001,HF-01,,readbacks/HF-01/raw/hf01_anchor_slow_r1_001_zero_baseline_pico.csv,raw_primary,text/csv,75607,2026-08-26T21:24:36.962220Z,2026-08-26T21:24:36.965224Z,HF-01 controlled execution,,true,Stable-ID provenance; no content hash or checksum is an operational gate
HF01-ART-0183,system_recalibration_001,HF-01,,readbacks/HF-01/raw/hf01_anchor_slow_r2_001_final_safe_idle.json,raw_primary,application/json,10860,2026-08-26T21:30:53.128268Z,2026-08-26T21:30:53.129307Z,HF-01 controlled execution,,true,Stable-ID provenance; no content hash or checksum is an operational gate
HF01-ART-0184,system_recalibration_001,HF-01,,readbacks/HF-01/raw/hf01_anchor_slow_r2_001_hf2_raw.csv,raw_primary,text/csv,100158,2026-08-26T21:30:45.467775Z,2026-08-26T21:30:45.472289Z,HF-01 controlled execution,,true,Stable-ID provenance; no content hash or checksum is an operational gate
HF01-ART-0185,system_recalibration_001,HF-01,,readbacks/HF-01/raw/hf01_anchor_slow_r2_001_hf2_summary.csv,raw_primary,text/csv,365,2026-08-26T21:30:45.474500Z,2026-08-26T21:30:45.474500Z,HF-01 controlled execution,,true,Stable-ID provenance; no content hash or checksum is an operational gate
HF01-ART-0186,system_recalibration_001,HF-01,,readbacks/HF-01/raw/hf01_anchor_slow_r2_001_offset_1_pico.csv,raw_primary,text/csv,76234,2026-08-26T21:29:18.815188Z,2026-08-26T21:29:18.818481Z,HF-01 controlled execution,,true,Stable-ID provenance; no content hash or checksum is an operational gate
HF01-ART-0187,system_recalibration_001,HF-01,,readbacks/HF-01/raw/hf01_anchor_slow_r2_001_offset_2_pico.csv,raw_primary,text/csv,74442,2026-08-26T21:30:21.795762Z,2026-08-26T21:30:21.798762Z,HF-01 controlled execution,,true,Stable-ID provenance; no content hash or checksum is an operational gate
HF01-ART-0188,system_recalibration_001,HF-01,,readbacks/HF-01/raw/hf01_anchor_slow_r2_001_offset_3_pico.csv,raw_primary,text/csv,74778,2026-08-26T21:30:28.394882Z,2026-08-26T21:30:28.398643Z,HF-01 controlled execution,,true,Stable-ID provenance; no content hash or checksum is an operational gate
HF01-ART-0189,system_recalibration_001,HF-01,,readbacks/HF-01/raw/hf01_anchor_slow_r2_001_pre_safe_idle.json,raw_primary,application/json,10859,2026-08-26T21:28:56.150637Z,2026-08-26T21:28:56.152153Z,HF-01 controlled execution,,true,Stable-ID provenance; no content hash or checksum is an operational gate
HF01-ART-0190,system_recalibration_001,HF-01,,readbacks/HF-01/raw/hf01_anchor_slow_r2_001_status.json,raw_primary,application/json,22608,2026-08-26T21:28:50.175363Z,2026-08-26T21:30:53.130967Z,HF-01 controlled execution,,true,Stable-ID provenance; no content hash or checksum is an operational gate
HF01-ART-0191,system_recalibration_001,HF-01,,readbacks/HF-01/raw/hf01_anchor_slow_r2_001_step_fall_1_pico.csv,raw_primary,text/csv,74071,2026-08-26T21:29:08.154618Z,2026-08-26T21:29:08.157619Z,HF-01 controlled execution,,true,Stable-ID provenance; no content hash or checksum is an operational gate
HF01-ART-0192,system_recalibration_001,HF-01,,readbacks/HF-01/raw/hf01_anchor_slow_r2_001_step_fall_2_pico.csv,raw_primary,text/csv,73507,2026-08-26T21:29:12.456889Z,2026-08-26T21:29:12.459887Z,HF-01 controlled execution,,true,Stable-ID provenance; no content hash or checksum is an operational gate
HF01-ART-0193,system_recalibration_001,HF-01,,readbacks/HF-01/raw/hf01_anchor_slow_r2_001_step_fall_3_pico.csv,raw_primary,text/csv,74152,2026-08-26T21:29:16.744727Z,2026-08-26T21:29:16.747372Z,HF-01 controlled execution,,true,Stable-ID provenance; no content hash or checksum is an operational gate
HF01-ART-0194,system_recalibration_001,HF-01,,readbacks/HF-01/raw/hf01_anchor_slow_r2_001_step_rise_1_pico.csv,raw_primary,text/csv,76773,2026-08-26T21:29:05.964392Z,2026-08-26T21:29:05.968397Z,HF-01 controlled execution,,true,Stable-ID provenance; no content hash or checksum is an operational gate
HF01-ART-0195,system_recalibration_001,HF-01,,readbacks/HF-01/raw/hf01_anchor_slow_r2_001_step_rise_2_pico.csv,raw_primary,text/csv,76391,2026-08-26T21:29:10.244905Z,2026-08-26T21:29:10.247415Z,HF-01 controlled execution,,true,Stable-ID provenance; no content hash or checksum is an operational gate
HF01-ART-0196,system_recalibration_001,HF-01,,readbacks/HF-01/raw/hf01_anchor_slow_r2_001_step_rise_3_pico.csv,raw_primary,text/csv,76458,2026-08-26T21:29:14.561085Z,2026-08-26T21:29:14.565599Z,HF-01 controlled execution,,true,Stable-ID provenance; no content hash or checksum is an operational gate
HF01-ART-0197,system_recalibration_001,HF-01,,readbacks/HF-01/raw/hf01_anchor_slow_r2_001_zero_baseline_pico.csv,raw_primary,text/csv,75043,2026-08-26T21:29:00.875993Z,2026-08-26T21:29:00.878717Z,HF-01 controlled execution,,true,Stable-ID provenance; no content hash or checksum is an operational gate
HF01-ART-0198,system_recalibration_001,HF-01,,readbacks/HF-01/raw/hf01_anchor_slow_r3_001_final_safe_idle.json,raw_primary,application/json,10860,2026-08-26T21:35:03.415127Z,2026-08-26T21:35:03.416123Z,HF-01 controlled execution,,true,Stable-ID provenance; no content hash or checksum is an operational gate
HF01-ART-0199,system_recalibration_001,HF-01,,readbacks/HF-01/raw/hf01_anchor_slow_r3_001_hf2_raw.csv,raw_primary,text/csv,1629657,2026-08-26T21:34:55.746576Z,2026-08-26T21:34:55.790060Z,HF-01 controlled execution,,true,Stable-ID provenance; no content hash or checksum is an operational gate
HF01-ART-0200,system_recalibration_001,HF-01,,readbacks/HF-01/raw/hf01_anchor_slow_r3_001_hf2_summary.csv,raw_primary,text/csv,367,2026-08-26T21:34:55.793572Z,2026-08-26T21:34:55.794576Z,HF-01 controlled execution,,true,Stable-ID provenance; no content hash or checksum is an operational gate
HF01-ART-0201,system_recalibration_001,HF-01,,readbacks/HF-01/raw/hf01_anchor_slow_r3_001_offset_1_pico.csv,raw_primary,text/csv,74837,2026-08-26T21:33:29.392774Z,2026-08-26T21:33:29.401777Z,HF-01 controlled execution,,true,Stable-ID provenance; no content hash or checksum is an operational gate
HF01-ART-0202,system_recalibration_001,HF-01,,readbacks/HF-01/raw/hf01_anchor_slow_r3_001_offset_2_pico.csv,raw_primary,text/csv,73981,2026-08-26T21:34:32.435999Z,2026-08-26T21:34:32.442005Z,HF-01 controlled execution,,true,Stable-ID provenance; no content hash or checksum is an operational gate
HF01-ART-0203,system_recalibration_001,HF-01,,readbacks/HF-01/raw/hf01_anchor_slow_r3_001_offset_3_pico.csv,raw_primary,text/csv,73867,2026-08-26T21:34:39.033948Z,2026-08-26T21:34:39.036553Z,HF-01 controlled execution,,true,Stable-ID provenance; no content hash or checksum is an operational gate
HF01-ART-0204,system_recalibration_001,HF-01,,readbacks/HF-01/raw/hf01_anchor_slow_r3_001_pre_safe_idle.json,raw_primary,application/json,10859,2026-08-26T21:33:05.831929Z,2026-08-26T21:33:05.832438Z,HF-01 controlled execution,,true,Stable-ID provenance; no content hash or checksum is an operational gate
HF01-ART-0205,system_recalibration_001,HF-01,,readbacks/HF-01/raw/hf01_anchor_slow_r3_001_status.json,raw_primary,application/json,22605,2026-08-26T21:32:59.846751Z,2026-08-26T21:35:03.418122Z,HF-01 controlled execution,,true,Stable-ID provenance; no content hash or checksum is an operational gate
HF01-ART-0206,system_recalibration_001,HF-01,,readbacks/HF-01/raw/hf01_anchor_slow_r3_001_step_fall_1_pico.csv,raw_primary,text/csv,72395,2026-08-26T21:33:18.569149Z,2026-08-26T21:33:18.572785Z,HF-01 controlled execution,,true,Stable-ID provenance; no content hash or checksum is an operational gate
HF01-ART-0207,system_recalibration_001,HF-01,,readbacks/HF-01/raw/hf01_anchor_slow_r3_001_step_fall_2_pico.csv,raw_primary,text/csv,72759,2026-08-26T21:33:22.960051Z,2026-08-26T21:33:22.963583Z,HF-01 controlled execution,,true,Stable-ID provenance; no content hash or checksum is an operational gate
HF01-ART-0208,system_recalibration_001,HF-01,,readbacks/HF-01/raw/hf01_anchor_slow_r3_001_step_fall_3_pico.csv,raw_primary,text/csv,72568,2026-08-26T21:33:27.277690Z,2026-08-26T21:33:27.280981Z,HF-01 controlled execution,,true,Stable-ID provenance; no content hash or checksum is an operational gate
HF01-ART-0209,system_recalibration_001,HF-01,,readbacks/HF-01/raw/hf01_anchor_slow_r3_001_step_rise_1_pico.csv,raw_primary,text/csv,75353,2026-08-26T21:33:16.372256Z,2026-08-26T21:33:16.375258Z,HF-01 controlled execution,,true,Stable-ID provenance; no content hash or checksum is an operational gate
HF01-ART-0210,system_recalibration_001,HF-01,,readbacks/HF-01/raw/hf01_anchor_slow_r3_001_step_rise_2_pico.csv,raw_primary,text/csv,75474,2026-08-26T21:33:20.710397Z,2026-08-26T21:33:20.719926Z,HF-01 controlled execution,,true,Stable-ID provenance; no content hash or checksum is an operational gate
HF01-ART-0211,system_recalibration_001,HF-01,,readbacks/HF-01/raw/hf01_anchor_slow_r3_001_step_rise_3_pico.csv,raw_primary,text/csv,75026,2026-08-26T21:33:25.051802Z,2026-08-26T21:33:25.063767Z,HF-01 controlled execution,,true,Stable-ID provenance; no content hash or checksum is an operational gate
HF01-ART-0212,system_recalibration_001,HF-01,,readbacks/HF-01/raw/hf01_anchor_slow_r3_001_zero_baseline_pico.csv,raw_primary,text/csv,73193,2026-08-26T21:33:11.255262Z,2026-08-26T21:33:11.258456Z,HF-01 controlled execution,,true,Stable-ID provenance; no content hash or checksum is an operational gate
HF01-ART-0362,system_recalibration_001,HF-01,,readbacks/HF-01/raw/hf01_anchor_slow_v3_001_final_safe_idle.json,raw_primary,application/json,10860,2026-08-26T22:22:56.351553Z,2026-08-26T22:22:56.352885Z,HF-01 controlled execution,,true,Stable-ID provenance; no content hash or checksum is an operational gate
HF01-ART-0363,system_recalibration_001,HF-01,,readbacks/HF-01/raw/hf01_anchor_slow_v3_001_hf2_raw.csv,raw_primary,text/csv,3347069,2026-08-26T22:22:47.556588Z,2026-08-26T22:22:47.668316Z,HF-01 controlled execution,,true,Stable-ID provenance; no content hash or checksum is an operational gate
HF01-ART-0364,system_recalibration_001,HF-01,,readbacks/HF-01/raw/hf01_anchor_slow_v3_001_hf2_summary.csv,raw_primary,text/csv,659,2026-08-26T22:22:47.681676Z,2026-08-26T22:22:47.683365Z,HF-01 controlled execution,,true,Stable-ID provenance; no content hash or checksum is an operational gate
HF01-ART-0365,system_recalibration_001,HF-01,,readbacks/HF-01/raw/hf01_anchor_slow_v3_001_offset_1_pico.csv,raw_primary,text/csv,76683,2026-08-26T22:21:18.032456Z,2026-08-26T22:21:18.038500Z,HF-01 controlled execution,,true,Stable-ID provenance; no content hash or checksum is an operational gate
HF01-ART-0366,system_recalibration_001,HF-01,,readbacks/HF-01/raw/hf01_anchor_slow_v3_001_offset_2_pico.csv,raw_primary,text/csv,75114,2026-08-26T22:22:21.057242Z,2026-08-26T22:22:21.067113Z,HF-01 controlled execution,,true,Stable-ID provenance; no content hash or checksum is an operational gate
HF01-ART-0367,system_recalibration_001,HF-01,,readbacks/HF-01/raw/hf01_anchor_slow_v3_001_offset_3_pico.csv,raw_primary,text/csv,75031,2026-08-26T22:22:27.714998Z,2026-08-26T22:22:27.721524Z,HF-01 controlled execution,,true,Stable-ID provenance; no content hash or checksum is an operational gate
HF01-ART-0368,system_recalibration_001,HF-01,,readbacks/HF-01/raw/hf01_anchor_slow_v3_001_pre_safe_idle.json,raw_primary,application/json,10859,2026-08-26T22:20:51.089707Z,2026-08-26T22:20:51.092899Z,HF-01 controlled execution,,true,Stable-ID provenance; no content hash or checksum is an operational gate
HF01-ART-0369,system_recalibration_001,HF-01,,readbacks/HF-01/raw/hf01_anchor_slow_v3_001_status.json,raw_primary,application/json,23770,2026-08-26T22:20:45.091962Z,2026-08-26T22:22:56.356891Z,HF-01 controlled execution,,true,Stable-ID provenance; no content hash or checksum is an operational gate
HF01-ART-0370,system_recalibration_001,HF-01,,readbacks/HF-01/raw/hf01_anchor_slow_v3_001_step_fall_1_pico.csv,raw_primary,text/csv,74987,2026-08-26T22:21:07.250885Z,2026-08-26T22:21:07.260549Z,HF-01 controlled execution,,true,Stable-ID provenance; no content hash or checksum is an operational gate
HF01-ART-0371,system_recalibration_001,HF-01,,readbacks/HF-01/raw/hf01_anchor_slow_v3_001_step_fall_2_pico.csv,raw_primary,text/csv,74270,2026-08-26T22:21:11.615798Z,2026-08-26T22:21:11.620103Z,HF-01 controlled execution,,true,Stable-ID provenance; no content hash or checksum is an operational gate
HF01-ART-0372,system_recalibration_001,HF-01,,readbacks/HF-01/raw/hf01_anchor_slow_v3_001_step_fall_3_pico.csv,raw_primary,text/csv,74394,2026-08-26T22:21:15.923048Z,2026-08-26T22:21:15.927047Z,HF-01 controlled execution,,true,Stable-ID provenance; no content hash or checksum is an operational gate
HF01-ART-0373,system_recalibration_001,HF-01,,readbacks/HF-01/raw/hf01_anchor_slow_v3_001_step_rise_1_pico.csv,raw_primary,text/csv,77296,2026-08-26T22:21:05.018256Z,2026-08-26T22:21:05.026780Z,HF-01 controlled execution,,true,Stable-ID provenance; no content hash or checksum is an operational gate
HF01-ART-0374,system_recalibration_001,HF-01,,readbacks/HF-01/raw/hf01_anchor_slow_v3_001_step_rise_2_pico.csv,raw_primary,text/csv,77166,2026-08-26T22:21:09.383696Z,2026-08-26T22:21:09.391887Z,HF-01 controlled execution,,true,Stable-ID provenance; no content hash or checksum is an operational gate
HF01-ART-0375,system_recalibration_001,HF-01,,readbacks/HF-01/raw/hf01_anchor_slow_v3_001_step_rise_3_pico.csv,raw_primary,text/csv,77045,2026-08-26T22:21:13.721591Z,2026-08-26T22:21:13.727909Z,HF-01 controlled execution,,true,Stable-ID provenance; no content hash or checksum is an operational gate
HF01-ART-0376,system_recalibration_001,HF-01,,readbacks/HF-01/raw/hf01_anchor_slow_v3_001_zero_baseline_pico.csv,raw_primary,text/csv,75441,2026-08-26T22:20:59.910343Z,2026-08-26T22:20:59.913791Z,HF-01 controlled execution,,true,Stable-ID provenance; no content hash or checksum is an operational gate
HF01-ART-0377,system_recalibration_001,HF-01,,readbacks/HF-01/raw/hf01_anchor_slow_v3_r1_001_final_safe_idle.json,raw_primary,application/json,10860,2026-08-26T22:25:44.258402Z,2026-08-26T22:25:44.259856Z,HF-01 controlled execution,,true,Stable-ID provenance; no content hash or checksum is an operational gate
HF01-ART-0378,system_recalibration_001,HF-01,,readbacks/HF-01/raw/hf01_anchor_slow_v3_r1_001_hf2_raw.csv,raw_primary,text/csv,3358144,2026-08-26T22:25:35.320399Z,2026-08-26T22:25:35.424048Z,HF-01 controlled execution,,true,Stable-ID provenance; no content hash or checksum is an operational gate
HF01-ART-0379,system_recalibration_001,HF-01,,readbacks/HF-01/raw/hf01_anchor_slow_v3_r1_001_hf2_summary.csv,raw_primary,text/csv,662,2026-08-26T22:25:35.431574Z,2026-08-26T22:25:35.432574Z,HF-01 controlled execution,,true,Stable-ID provenance; no content hash or checksum is an operational gate
HF01-ART-0380,system_recalibration_001,HF-01,,readbacks/HF-01/raw/hf01_anchor_slow_v3_r1_001_offset_1_pico.csv,raw_primary,text/csv,75204,2026-08-26T22:24:05.787470Z,2026-08-26T22:24:05.796107Z,HF-01 controlled execution,,true,Stable-ID provenance; no content hash or checksum is an operational gate
HF01-ART-0381,system_recalibration_001,HF-01,,readbacks/HF-01/raw/hf01_anchor_slow_v3_r1_001_offset_2_pico.csv,raw_primary,text/csv,74020,2026-08-26T22:25:08.793910Z,2026-08-26T22:25:08.803133Z,HF-01 controlled execution,,true,Stable-ID provenance; no content hash or checksum is an operational gate
HF01-ART-0382,system_recalibration_001,HF-01,,readbacks/HF-01/raw/hf01_anchor_slow_v3_r1_001_offset_3_pico.csv,raw_primary,text/csv,73978,2026-08-26T22:25:15.404987Z,2026-08-26T22:25:15.408366Z,HF-01 controlled execution,,true,Stable-ID provenance; no content hash or checksum is an operational gate
HF01-ART-0383,system_recalibration_001,HF-01,,readbacks/HF-01/raw/hf01_anchor_slow_v3_r1_001_pre_safe_idle.json,raw_primary,application/json,10860,2026-08-26T22:23:38.894223Z,2026-08-26T22:23:38.895784Z,HF-01 controlled execution,,true,Stable-ID provenance; no content hash or checksum is an operational gate
HF01-ART-0384,system_recalibration_001,HF-01,,readbacks/HF-01/raw/hf01_anchor_slow_v3_r1_001_status.json,raw_primary,application/json,23808,2026-08-26T22:23:32.923976Z,2026-08-26T22:25:44.261638Z,HF-01 controlled execution,,true,Stable-ID provenance; no content hash or checksum is an operational gate
HF01-ART-0385,system_recalibration_001,HF-01,,readbacks/HF-01/raw/hf01_anchor_slow_v3_r1_001_step_fall_1_pico.csv,raw_primary,text/csv,73197,2026-08-26T22:23:54.998757Z,2026-08-26T22:23:55.009098Z,HF-01 controlled execution,,true,Stable-ID provenance; no content hash or checksum is an operational gate
HF01-ART-0386,system_recalibration_001,HF-01,,readbacks/HF-01/raw/hf01_anchor_slow_v3_r1_001_step_fall_2_pico.csv,raw_primary,text/csv,73140,2026-08-26T22:23:59.362454Z,2026-08-26T22:23:59.365715Z,HF-01 controlled execution,,true,Stable-ID provenance; no content hash or checksum is an operational gate
HF01-ART-0387,system_recalibration_001,HF-01,,readbacks/HF-01/raw/hf01_anchor_slow_v3_r1_001_step_fall_3_pico.csv,raw_primary,text/csv,73390,2026-08-26T22:24:03.681505Z,2026-08-26T22:24:03.684509Z,HF-01 controlled execution,,true,Stable-ID provenance; no content hash or checksum is an operational gate
HF01-ART-0388,system_recalibration_001,HF-01,,readbacks/HF-01/raw/hf01_anchor_slow_v3_r1_001_step_rise_1_pico.csv,raw_primary,text/csv,75786,2026-08-26T22:23:52.797261Z,2026-08-26T22:23:52.799772Z,HF-01 controlled execution,,true,Stable-ID provenance; no content hash or checksum is an operational gate
HF01-ART-0389,system_recalibration_001,HF-01,,readbacks/HF-01/raw/hf01_anchor_slow_v3_r1_001_step_rise_2_pico.csv,raw_primary,text/csv,75556,2026-08-26T22:23:57.123666Z,2026-08-26T22:23:57.136116Z,HF-01 controlled execution,,true,Stable-ID provenance; no content hash or checksum is an operational gate
HF01-ART-0390,system_recalibration_001,HF-01,,readbacks/HF-01/raw/hf01_anchor_slow_v3_r1_001_step_rise_3_pico.csv,raw_primary,text/csv,75349,2026-08-26T22:24:01.477911Z,2026-08-26T22:24:01.484938Z,HF-01 controlled execution,,true,Stable-ID provenance; no content hash or checksum is an operational gate
HF01-ART-0391,system_recalibration_001,HF-01,,readbacks/HF-01/raw/hf01_anchor_slow_v3_r1_001_zero_baseline_pico.csv,raw_primary,text/csv,74176,2026-08-26T22:23:47.686615Z,2026-08-26T22:23:47.689243Z,HF-01 controlled execution,,true,Stable-ID provenance; no content hash or checksum is an operational gate
HF01-ART-0213,system_recalibration_001,HF-01,,readbacks/HF-01/raw/hf01_awg_first_enable_final_safe_idle.json,raw_primary,application/json,10853,2026-08-26T20:05:31.247012Z,2026-08-26T20:07:06.114599Z,HF-01 controlled execution,,true,Stable-ID provenance; no content hash or checksum is an operational gate
HF01-ART-0214,system_recalibration_001,HF-01,,readbacks/HF-01/raw/hf01_awg_first_enable_pre_safe_idle.json,raw_primary,application/json,10853,2026-08-26T20:05:22.731110Z,2026-08-26T20:06:57.624563Z,HF-01 controlled execution,,true,Stable-ID provenance; no content hash or checksum is an operational gate
HF01-ART-0215,system_recalibration_001,HF-01,,readbacks/HF-01/raw/hf01_awg_first_enable_r1_pico.csv,raw_primary,text/csv,65959,2026-08-26T20:06:59.717075Z,2026-08-26T20:06:59.719722Z,HF-01 controlled execution,,true,Stable-ID provenance; no content hash or checksum is an operational gate
HF01-ART-0216,system_recalibration_001,HF-01,,readbacks/HF-01/raw/hf01_awg_first_enable_r1_status.json,raw_primary,application/json,4497,2026-08-26T20:06:51.614508Z,2026-08-26T20:07:06.115602Z,HF-01 controlled execution,,true,Stable-ID provenance; no content hash or checksum is an operational gate
HF01-ART-0217,system_recalibration_001,HF-01,,readbacks/HF-01/raw/hf01_awg_first_enable_status.json,raw_primary,application/json,2584,2026-08-26T20:05:16.740489Z,2026-08-26T20:05:31.249130Z,HF-01 controlled execution,,true,Stable-ID provenance; no content hash or checksum is an operational gate
HF01-ART-0218,system_recalibration_001,HF-01,,readbacks/HF-01/raw/hf01_clock_distribution_recovery_001.json,raw_primary,application/json,3504,2026-08-26T20:21:54.823654Z,2026-08-26T20:21:54.824311Z,HF-01 controlled execution,,true,Stable-ID provenance; no content hash or checksum is an operational gate
HF01-ART-0219,system_recalibration_001,HF-01,,readbacks/HF-01/raw/hf01_clock_distribution_recovery_001_final_safe_idle.json,raw_primary,application/json,10858,2026-08-26T20:21:54.821155Z,2026-08-26T20:21:54.822150Z,HF-01 controlled execution,,true,Stable-ID provenance; no content hash or checksum is an operational gate
HF01-ART-0220,system_recalibration_001,HF-01,,readbacks/HF-01/raw/hf01_clock_distribution_recovery_001_pre_safe_idle.json,raw_primary,application/json,10858,2026-08-26T20:21:45.660353Z,2026-08-26T20:21:45.661352Z,HF-01 controlled execution,,true,Stable-ID provenance; no content hash or checksum is an operational gate
HF01-ART-0392,system_recalibration_001,HF-01,,readbacks/HF-01/raw/hf01_final_restoration_state_001.json,raw_primary,application/json,608,2026-08-26T23:49:00.840242Z,2026-08-26T23:49:00.840754Z,HF-01 controlled execution,,true,Stable-ID provenance; no content hash or checksum is an operational gate
HF01-ART-0393,system_recalibration_001,HF-01,,readbacks/HF-01/raw/hf01_final_restoration_state_r1_001.json,raw_primary,application/json,7539,2026-08-26T23:49:42.438172Z,2026-08-26T23:49:42.438676Z,HF-01 controlled execution,,true,Stable-ID provenance; no content hash or checksum is an operational gate
HF01-ART-0394,system_recalibration_001,HF-01,,readbacks/HF-01/raw/hf01_final_restoration_t660_safe_idle_r1_001.json,raw_primary,application/json,10853,2026-08-26T23:49:40.161844Z,2026-08-26T23:49:40.161844Z,HF-01 controlled execution,,true,Stable-ID provenance; no content hash or checksum is an operational gate
HF01-ART-0221,system_recalibration_001,HF-01,,readbacks/HF-01/raw/hf01_hf2_master_clock_diagnostic_001.json,raw_primary,application/json,15353,2026-08-26T20:19:55.581766Z,2026-08-26T20:19:55.582887Z,HF-01 controlled execution,,true,Stable-ID provenance; no content hash or checksum is an operational gate
HF01-ART-0222,system_recalibration_001,HF-01,,readbacks/HF-01/raw/hf01_hf2_master_clock_diagnostic_001_final_safe_idle.json,raw_primary,application/json,10858,2026-08-26T20:19:55.577701Z,2026-08-26T20:19:55.579533Z,HF-01 controlled execution,,true,Stable-ID provenance; no content hash or checksum is an operational gate
HF01-ART-0223,system_recalibration_001,HF-01,,readbacks/HF-01/raw/hf01_hf2_master_clock_diagnostic_001_pre_safe_idle.json,raw_primary,application/json,10858,2026-08-26T20:19:39.348846Z,2026-08-26T20:19:39.352077Z,HF-01 controlled execution,,true,Stable-ID provenance; no content hash or checksum is an operational gate
HF01-ART-0224,system_recalibration_001,HF-01,,readbacks/HF-01/raw/hf01_hf2_powercycle_reconnect_safe_idle.json,raw_primary,application/json,10858,2026-08-26T21:14:27.389998Z,2026-08-26T21:14:27.391077Z,HF-01 controlled execution,,true,Stable-ID provenance; no content hash or checksum is an operational gate
HF01-ART-0395,system_recalibration_001,HF-01,,readbacks/HF-01/raw/hf01_hf2_supported_parameter_space_001.json,raw_primary,application/json,11825,2026-08-26T22:32:55.990275Z,2026-08-26T22:32:55.990275Z,HF-01 controlled execution,,true,Stable-ID provenance; no content hash or checksum is an operational gate
HF01-ART-0396,system_recalibration_001,HF-01,,readbacks/HF-01/raw/hf01_hf2_supported_space_001_final_safe_idle.json,raw_primary,application/json,10860,2026-08-26T22:32:55.987292Z,2026-08-26T22:32:55.988671Z,HF-01 controlled execution,,true,Stable-ID provenance; no content hash or checksum is an operational gate
HF01-ART-0397,system_recalibration_001,HF-01,,readbacks/HF-01/raw/hf01_hf2_supported_space_001_pre_safe_idle.json,raw_primary,application/json,10860,2026-08-26T22:32:34.665365Z,2026-08-26T22:32:34.666542Z,HF-01 controlled execution,,true,Stable-ID provenance; no content hash or checksum is an operational gate
HF01-ART-0225,system_recalibration_001,HF-01,,readbacks/HF-01/raw/hf01_hf2_timeconstant_map_diagnostic_001.json,raw_primary,application/json,2800,2026-08-26T21:41:21.390393Z,2026-08-26T21:41:21.390393Z,HF-01 controlled execution,,true,Stable-ID provenance; no content hash or checksum is an operational gate
HF01-ART-0226,system_recalibration_001,HF-01,,readbacks/HF-01/raw/hf01_hf2_timeconstant_map_diagnostic_001_final_safe_idle.json,raw_primary,application/json,10860,2026-08-26T21:41:21.387393Z,2026-08-26T21:41:21.388394Z,HF-01 controlled execution,,true,Stable-ID provenance; no content hash or checksum is an operational gate
HF01-ART-0227,system_recalibration_001,HF-01,,readbacks/HF-01/raw/hf01_hf2_timeconstant_map_diagnostic_001_pre_safe_idle.json,raw_primary,application/json,10860,2026-08-26T21:41:13.406618Z,2026-08-26T21:41:13.407633Z,HF-01 controlled execution,,true,Stable-ID provenance; no content hash or checksum is an operational gate
HF01-ART-0228,system_recalibration_001,HF-01,,readbacks/HF-01/raw/hf01_hf2_timeconstant_write_diagnostic_001.json,raw_primary,application/json,1623,2026-08-26T21:40:13.932677Z,2026-08-26T21:40:13.932677Z,HF-01 controlled execution,,true,Stable-ID provenance; no content hash or checksum is an operational gate
HF01-ART-0229,system_recalibration_001,HF-01,,readbacks/HF-01/raw/hf01_hf2_timeconstant_write_diagnostic_001_final_safe_idle.json,raw_primary,application/json,10860,2026-08-26T21:40:13.928167Z,2026-08-26T21:40:13.931672Z,HF-01 controlled execution,,true,Stable-ID provenance; no content hash or checksum is an operational gate
HF01-ART-0230,system_recalibration_001,HF-01,,readbacks/HF-01/raw/hf01_hf2_timeconstant_write_diagnostic_001_pre_safe_idle.json,raw_primary,application/json,10860,2026-08-26T21:40:06.818070Z,2026-08-26T21:40:06.819164Z,HF-01 controlled execution,,true,Stable-ID provenance; no content hash or checksum is an operational gate
HF01-ART-0231,system_recalibration_001,HF-01,,readbacks/HF-01/raw/hf01_hf2_usb_reinit_post_safe_idle.json,raw_primary,application/json,10858,2026-08-26T20:39:54.342455Z,2026-08-26T20:39:54.343961Z,HF-01 controlled execution,,true,Stable-ID provenance; no content hash or checksum is an operational gate
HF01-ART-0232,system_recalibration_001,HF-01,,readbacks/HF-01/raw/hf01_hf2_usb_reinit_pre_safe_idle.json,raw_primary,application/json,10858,2026-08-26T20:39:45.950516Z,2026-08-26T20:39:45.952116Z,HF-01 controlled execution,,true,Stable-ID provenance; no content hash or checksum is an operational gate
HF01-ART-0398,system_recalibration_001,HF-01,,readbacks/HF-01/raw/hf01_lower_mbco_in1_001_final_safe_idle.json,raw_primary,application/json,10859,2026-08-26T22:40:05.700079Z,2026-08-26T22:40:05.701729Z,HF-01 controlled execution,,true,Stable-ID provenance; no content hash or checksum is an operational gate
HF01-ART-0399,system_recalibration_001,HF-01,,readbacks/HF-01/raw/hf01_lower_mbco_in1_001_hf2_raw.csv,raw_primary,text/csv,236553446,2026-08-26T22:39:46.660381Z,2026-08-26T22:39:55.991727Z,HF-01 controlled execution,,true,Stable-ID provenance; no content hash or checksum is an operational gate
HF01-ART-0400,system_recalibration_001,HF-01,,readbacks/HF-01/raw/hf01_lower_mbco_in1_001_hf2_summary.csv,raw_primary,text/csv,674,2026-08-26T22:39:56.787820Z,2026-08-26T22:39:56.788820Z,HF-01 controlled execution,,true,Stable-ID provenance; no content hash or checksum is an operational gate
HF01-ART-0401,system_recalibration_001,HF-01,,readbacks/HF-01/raw/hf01_lower_mbco_in1_001_offset_1_pico.csv,raw_primary,text/csv,76681,2026-08-26T22:39:39.913986Z,2026-08-26T22:39:39.918307Z,HF-01 controlled execution,,true,Stable-ID provenance; no content hash or checksum is an operational gate
HF01-ART-0402,system_recalibration_001,HF-01,,readbacks/HF-01/raw/hf01_lower_mbco_in1_001_offset_2_pico.csv,raw_primary,text/csv,76619,2026-08-26T22:39:40.132087Z,2026-08-26T22:39:40.138086Z,HF-01 controlled execution,,true,Stable-ID provenance; no content hash or checksum is an operational gate
HF01-ART-0403,system_recalibration_001,HF-01,,readbacks/HF-01/raw/hf01_lower_mbco_in1_001_offset_3_pico.csv,raw_primary,text/csv,76528,2026-08-26T22:39:40.349019Z,2026-08-26T22:39:40.352531Z,HF-01 controlled execution,,true,Stable-ID provenance; no content hash or checksum is an operational gate
HF01-ART-0404,system_recalibration_001,HF-01,,readbacks/HF-01/raw/hf01_lower_mbco_in1_001_pre_safe_idle.json,raw_primary,application/json,10859,2026-08-26T22:39:29.958868Z,2026-08-26T22:39:29.961997Z,HF-01 controlled execution,,true,Stable-ID provenance; no content hash or checksum is an operational gate
HF01-ART-0405,system_recalibration_001,HF-01,,readbacks/HF-01/raw/hf01_lower_mbco_in1_001_status.json,raw_primary,application/json,24393,2026-08-26T22:39:23.978885Z,2026-08-26T22:40:05.703988Z,HF-01 controlled execution,,true,Stable-ID provenance; no content hash or checksum is an operational gate
HF01-ART-0406,system_recalibration_001,HF-01,,readbacks/HF-01/raw/hf01_lower_mbco_in1_001_step_fall_1_pico.csv,raw_primary,text/csv,74465,2026-08-26T22:39:39.100663Z,2026-08-26T22:39:39.103009Z,HF-01 controlled execution,,true,Stable-ID provenance; no content hash or checksum is an operational gate
HF01-ART-0407,system_recalibration_001,HF-01,,readbacks/HF-01/raw/hf01_lower_mbco_in1_001_step_fall_2_pico.csv,raw_primary,text/csv,74592,2026-08-26T22:39:39.436717Z,2026-08-26T22:39:39.440197Z,HF-01 controlled execution,,true,Stable-ID provenance; no content hash or checksum is an operational gate
HF01-ART-0408,system_recalibration_001,HF-01,,readbacks/HF-01/raw/hf01_lower_mbco_in1_001_step_fall_3_pico.csv,raw_primary,text/csv,73708,2026-08-26T22:39:39.791659Z,2026-08-26T22:39:39.794662Z,HF-01 controlled execution,,true,Stable-ID provenance; no content hash or checksum is an operational gate
HF01-ART-0409,system_recalibration_001,HF-01,,readbacks/HF-01/raw/hf01_lower_mbco_in1_001_step_rise_1_pico.csv,raw_primary,text/csv,77031,2026-08-26T22:39:38.865628Z,2026-08-26T22:39:38.868906Z,HF-01 controlled execution,,true,Stable-ID provenance; no content hash or checksum is an operational gate
HF01-ART-0410,system_recalibration_001,HF-01,,readbacks/HF-01/raw/hf01_lower_mbco_in1_001_step_rise_2_pico.csv,raw_primary,text/csv,76801,2026-08-26T22:39:39.220409Z,2026-08-26T22:39:39.222979Z,HF-01 controlled execution,,true,Stable-ID provenance; no content hash or checksum is an operational gate
HF01-ART-0411,system_recalibration_001,HF-01,,readbacks/HF-01/raw/hf01_lower_mbco_in1_001_step_rise_3_pico.csv,raw_primary,text/csv,76900,2026-08-26T22:39:39.557918Z,2026-08-26T22:39:39.560991Z,HF-01 controlled execution,,true,Stable-ID provenance; no content hash or checksum is an operational gate
HF01-ART-0412,system_recalibration_001,HF-01,,readbacks/HF-01/raw/hf01_lower_mbco_in1_001_zero_baseline_pico.csv,raw_primary,text/csv,74620,2026-08-26T22:39:38.713949Z,2026-08-26T22:39:38.717035Z,HF-01 controlled execution,,true,Stable-ID provenance; no content hash or checksum is an operational gate
HF01-ART-0413,system_recalibration_001,HF-01,,readbacks/HF-01/raw/hf01_lower_sweep_hrp_in1_001_final_safe_idle.json,raw_primary,application/json,10859,2026-08-26T22:38:23.377734Z,2026-08-26T22:38:23.380114Z,HF-01 controlled execution,,true,Stable-ID provenance; no content hash or checksum is an operational gate
HF01-ART-0414,system_recalibration_001,HF-01,,readbacks/HF-01/raw/hf01_lower_sweep_hrp_in1_001_hf2_raw.csv,raw_primary,text/csv,1143640,2026-08-26T22:38:14.560140Z,2026-08-26T22:38:14.611516Z,HF-01 controlled execution,,true,Stable-ID provenance; no content hash or checksum is an operational gate
HF01-ART-0415,system_recalibration_001,HF-01,,readbacks/HF-01/raw/hf01_lower_sweep_hrp_in1_001_hf2_summary.csv,raw_primary,text/csv,666,2026-08-26T22:38:14.618981Z,2026-08-26T22:38:14.619977Z,HF-01 controlled execution,,true,Stable-ID provenance; no content hash or checksum is an operational gate
HF01-ART-0416,system_recalibration_001,HF-01,,readbacks/HF-01/raw/hf01_lower_sweep_hrp_in1_001_offset_1_pico.csv,raw_primary,text/csv,77018,2026-08-26T22:38:07.948574Z,2026-08-26T22:38:07.951490Z,HF-01 controlled execution,,true,Stable-ID provenance; no content hash or checksum is an operational gate
HF01-ART-0417,system_recalibration_001,HF-01,,readbacks/HF-01/raw/hf01_lower_sweep_hrp_in1_001_offset_2_pico.csv,raw_primary,text/csv,77365,2026-08-26T22:38:08.536439Z,2026-08-26T22:38:08.539640Z,HF-01 controlled execution,,true,Stable-ID provenance; no content hash or checksum is an operational gate
HF01-ART-0418,system_recalibration_001,HF-01,,readbacks/HF-01/raw/hf01_lower_sweep_hrp_in1_001_offset_3_pico.csv,raw_primary,text/csv,77187,2026-08-26T22:38:08.770097Z,2026-08-26T22:38:08.772377Z,HF-01 controlled execution,,true,Stable-ID provenance; no content hash or checksum is an operational gate
HF01-ART-0419,system_recalibration_001,HF-01,,readbacks/HF-01/raw/hf01_lower_sweep_hrp_in1_001_pre_safe_idle.json,raw_primary,application/json,10859,2026-08-26T22:37:57.200792Z,2026-08-26T22:37:57.203816Z,HF-01 controlled execution,,true,Stable-ID provenance; no content hash or checksum is an operational gate
HF01-ART-0420,system_recalibration_001,HF-01,,readbacks/HF-01/raw/hf01_lower_sweep_hrp_in1_001_status.json,raw_primary,application/json,24499,2026-08-26T22:37:51.201421Z,2026-08-26T22:38:23.384882Z,HF-01 controlled execution,,true,Stable-ID provenance; no content hash or checksum is an operational gate
HF01-ART-0421,system_recalibration_001,HF-01,,readbacks/HF-01/raw/hf01_lower_sweep_hrp_in1_001_step_fall_1_pico.csv,raw_primary,text/csv,74999,2026-08-26T22:38:06.645535Z,2026-08-26T22:38:06.649884Z,HF-01 controlled execution,,true,Stable-ID provenance; no content hash or checksum is an operational gate
HF01-ART-0422,system_recalibration_001,HF-01,,readbacks/HF-01/raw/hf01_lower_sweep_hrp_in1_001_step_fall_2_pico.csv,raw_primary,text/csv,75296,2026-08-26T22:38:07.172335Z,2026-08-26T22:38:07.177337Z,HF-01 controlled execution,,true,Stable-ID provenance; no content hash or checksum is an operational gate
HF01-ART-0423,system_recalibration_001,HF-01,,readbacks/HF-01/raw/hf01_lower_sweep_hrp_in1_001_step_fall_3_pico.csv,raw_primary,text/csv,74497,2026-08-26T22:38:07.715794Z,2026-08-26T22:38:07.719859Z,HF-01 controlled execution,,true,Stable-ID provenance; no content hash or checksum is an operational gate
HF01-ART-0424,system_recalibration_001,HF-01,,readbacks/HF-01/raw/hf01_lower_sweep_hrp_in1_001_step_rise_1_pico.csv,raw_primary,text/csv,77662,2026-08-26T22:38:06.316668Z,2026-08-26T22:38:06.319295Z,HF-01 controlled execution,,true,Stable-ID provenance; no content hash or checksum is an operational gate
HF01-ART-0425,system_recalibration_001,HF-01,,readbacks/HF-01/raw/hf01_lower_sweep_hrp_in1_001_step_rise_2_pico.csv,raw_primary,text/csv,77593,2026-08-26T22:38:06.861516Z,2026-08-26T22:38:06.866800Z,HF-01 controlled execution,,true,Stable-ID provenance; no content hash or checksum is an operational gate
HF01-ART-0426,system_recalibration_001,HF-01,,readbacks/HF-01/raw/hf01_lower_sweep_hrp_in1_001_step_rise_3_pico.csv,raw_primary,text/csv,77442,2026-08-26T22:38:07.389167Z,2026-08-26T22:38:07.392444Z,HF-01 controlled execution,,true,Stable-ID provenance; no content hash or checksum is an operational gate
HF01-ART-0427,system_recalibration_001,HF-01,,readbacks/HF-01/raw/hf01_lower_sweep_hrp_in1_001_zero_baseline_pico.csv,raw_primary,text/csv,75414,2026-08-26T22:38:05.943695Z,2026-08-26T22:38:05.947233Z,HF-01 controlled execution,,true,Stable-ID provenance; no content hash or checksum is an operational gate
HF01-ART-0233,system_recalibration_001,HF-01,,readbacks/HF-01/raw/hf01_pll_analog_reference_diagnostic_001.json,raw_primary,application/json,9730,2026-08-26T20:26:41.028671Z,2026-08-26T20:26:41.029670Z,HF-01 controlled execution,,true,Stable-ID provenance; no content hash or checksum is an operational gate
HF01-ART-0234,system_recalibration_001,HF-01,,readbacks/HF-01/raw/hf01_pll_analog_reference_diagnostic_001_final_safe_idle.json,raw_primary,application/json,10858,2026-08-26T20:26:41.025659Z,2026-08-26T20:26:41.027050Z,HF-01 controlled execution,,true,Stable-ID provenance; no content hash or checksum is an operational gate
HF01-ART-0235,system_recalibration_001,HF-01,,readbacks/HF-01/raw/hf01_pll_analog_reference_diagnostic_001_pre_safe_idle.json,raw_primary,application/json,10858,2026-08-26T20:26:26.644098Z,2026-08-26T20:26:26.646107Z,HF-01 controlled execution,,true,Stable-ID provenance; no content hash or checksum is an operational gate
HF01-ART-0236,system_recalibration_001,HF-01,,readbacks/HF-01/raw/hf01_pll_center_write_probe_safe_idle.json,raw_primary,application/json,10858,2026-08-26T20:33:06.142271Z,2026-08-26T20:33:06.143800Z,HF-01 controlled execution,,true,Stable-ID provenance; no content hash or checksum is an operational gate
HF01-ART-0237,system_recalibration_001,HF-01,,readbacks/HF-01/raw/hf01_pll_reference_diagnostic_001.json,raw_primary,application/json,12195,2026-08-26T20:13:03.572586Z,2026-08-26T20:13:03.573945Z,HF-01 controlled execution,,true,Stable-ID provenance; no content hash or checksum is an operational gate
HF01-ART-0238,system_recalibration_001,HF-01,,readbacks/HF-01/raw/hf01_pll_reference_diagnostic_001_safe_idle.json,raw_primary,application/json,10859,2026-08-26T20:13:03.568327Z,2026-08-26T20:13:03.570951Z,HF-01 controlled execution,,true,Stable-ID provenance; no content hash or checksum is an operational gate
HF01-ART-0239,system_recalibration_001,HF-01,,readbacks/HF-01/raw/hf01_pll_reference_diagnostic_002.json,raw_primary,application/json,12198,2026-08-26T20:15:20.449958Z,2026-08-26T20:15:20.450956Z,HF-01 controlled execution,,true,Stable-ID provenance; no content hash or checksum is an operational gate
HF01-ART-0240,system_recalibration_001,HF-01,,readbacks/HF-01/raw/hf01_pll_reference_diagnostic_002_safe_idle.json,raw_primary,application/json,10859,2026-08-26T20:15:20.447449Z,2026-08-26T20:15:20.448952Z,HF-01 controlled execution,,true,Stable-ID provenance; no content hash or checksum is an operational gate
HF01-ART-0241,system_recalibration_001,HF-01,,readbacks/HF-01/raw/hf01_pll_reference_diagnostic_003.json,raw_primary,application/json,12210,2026-08-26T20:16:03.290599Z,2026-08-26T20:16:03.291600Z,HF-01 controlled execution,,true,Stable-ID provenance; no content hash or checksum is an operational gate
HF01-ART-0242,system_recalibration_001,HF-01,,readbacks/HF-01/raw/hf01_pll_reference_diagnostic_003_safe_idle.json,raw_primary,application/json,10858,2026-08-26T20:16:03.288608Z,2026-08-26T20:16:03.289599Z,HF-01 controlled execution,,true,Stable-ID provenance; no content hash or checksum is an operational gate
HF01-ART-0243,system_recalibration_001,HF-01,,readbacks/HF-01/raw/hf01_pll_reference_diagnostic_004.json,raw_primary,application/json,12325,2026-08-26T20:22:27.071501Z,2026-08-26T20:22:27.072500Z,HF-01 controlled execution,,true,Stable-ID provenance; no content hash or checksum is an operational gate
HF01-ART-0244,system_recalibration_001,HF-01,,readbacks/HF-01/raw/hf01_pll_reference_diagnostic_004_safe_idle.json,raw_primary,application/json,10859,2026-08-26T20:22:27.068491Z,2026-08-26T20:22:27.069504Z,HF-01 controlled execution,,true,Stable-ID provenance; no content hash or checksum is an operational gate
HF01-ART-0245,system_recalibration_001,HF-01,,readbacks/HF-01/raw/hf01_pll_reference_diagnostic_005.json,raw_primary,application/json,12325,2026-08-26T20:23:07.965253Z,2026-08-26T20:23:07.968252Z,HF-01 controlled execution,,true,Stable-ID provenance; no content hash or checksum is an operational gate
HF01-ART-0246,system_recalibration_001,HF-01,,readbacks/HF-01/raw/hf01_pll_reference_diagnostic_005_safe_idle.json,raw_primary,application/json,10859,2026-08-26T20:23:07.962805Z,2026-08-26T20:23:07.964247Z,HF-01 controlled execution,,true,Stable-ID provenance; no content hash or checksum is an operational gate
HF01-ART-0247,system_recalibration_001,HF-01,,readbacks/HF-01/raw/hf01_pll_reference_diagnostic_006.json,raw_primary,application/json,12324,2026-08-26T20:24:19.465315Z,2026-08-26T20:24:19.466322Z,HF-01 controlled execution,,true,Stable-ID provenance; no content hash or checksum is an operational gate
HF01-ART-0248,system_recalibration_001,HF-01,,readbacks/HF-01/raw/hf01_pll_reference_diagnostic_006_safe_idle.json,raw_primary,application/json,10858,2026-08-26T20:24:19.462240Z,2026-08-26T20:24:19.463654Z,HF-01 controlled execution,,true,Stable-ID provenance; no content hash or checksum is an operational gate
HF01-ART-0249,system_recalibration_001,HF-01,,readbacks/HF-01/raw/hf01_pll_reference_diagnostic_007.json,raw_primary,application/json,12324,2026-08-26T20:25:13.478873Z,2026-08-26T20:25:13.479879Z,HF-01 controlled execution,,true,Stable-ID provenance; no content hash or checksum is an operational gate
HF01-ART-0250,system_recalibration_001,HF-01,,readbacks/HF-01/raw/hf01_pll_reference_diagnostic_007_safe_idle.json,raw_primary,application/json,10858,2026-08-26T20:25:13.475634Z,2026-08-26T20:25:13.476635Z,HF-01 controlled execution,,true,Stable-ID provenance; no content hash or checksum is an operational gate
HF01-ART-0251,system_recalibration_001,HF-01,,readbacks/HF-01/raw/hf01_pll_reference_diagnostic_008.json,raw_primary,application/json,12373,2026-08-26T20:31:44.079012Z,2026-08-26T20:31:44.079012Z,HF-01 controlled execution,,true,Stable-ID provenance; no content hash or checksum is an operational gate
HF01-ART-0252,system_recalibration_001,HF-01,,readbacks/HF-01/raw/hf01_pll_reference_diagnostic_008_safe_idle.json,raw_primary,application/json,10858,2026-08-26T20:31:44.076007Z,2026-08-26T20:31:44.077014Z,HF-01 controlled execution,,true,Stable-ID provenance; no content hash or checksum is an operational gate
HF01-ART-0253,system_recalibration_001,HF-01,,readbacks/HF-01/raw/hf01_pll_reference_diagnostic_009.json,raw_primary,application/json,536,2026-08-26T20:35:28.242475Z,2026-08-26T20:35:28.243981Z,HF-01 controlled execution,,true,Stable-ID provenance; no content hash or checksum is an operational gate
HF01-ART-0254,system_recalibration_001,HF-01,,readbacks/HF-01/raw/hf01_pll_reference_diagnostic_009_safe_idle.json,raw_primary,application/json,10859,2026-08-26T20:35:28.240477Z,2026-08-26T20:35:28.241476Z,HF-01 controlled execution,,true,Stable-ID provenance; no content hash or checksum is an operational gate
HF01-ART-0255,system_recalibration_001,HF-01,,readbacks/HF-01/raw/hf01_pll_reference_diagnostic_010.json,raw_primary,application/json,536,2026-08-26T20:36:28.869236Z,2026-08-26T20:36:28.869236Z,HF-01 controlled execution,,true,Stable-ID provenance; no content hash or checksum is an operational gate
HF01-ART-0256,system_recalibration_001,HF-01,,readbacks/HF-01/raw/hf01_pll_reference_diagnostic_010_safe_idle.json,raw_primary,application/json,10859,2026-08-26T20:36:28.865726Z,2026-08-26T20:36:28.867230Z,HF-01 controlled execution,,true,Stable-ID provenance; no content hash or checksum is an operational gate
HF01-ART-0257,system_recalibration_001,HF-01,,readbacks/HF-01/raw/hf01_pll_reference_diagnostic_011.json,raw_primary,application/json,26450,2026-08-26T20:37:10.557647Z,2026-08-26T20:37:10.559645Z,HF-01 controlled execution,,true,Stable-ID provenance; no content hash or checksum is an operational gate
HF01-ART-0258,system_recalibration_001,HF-01,,readbacks/HF-01/raw/hf01_pll_reference_diagnostic_011_safe_idle.json,raw_primary,application/json,10858,2026-08-26T20:37:10.553299Z,2026-08-26T20:37:10.555133Z,HF-01 controlled execution,,true,Stable-ID provenance; no content hash or checksum is an operational gate
HF01-ART-0259,system_recalibration_001,HF-01,,readbacks/HF-01/raw/hf01_pll_reference_diagnostic_012.json,raw_primary,application/json,12373,2026-08-26T20:40:19.845801Z,2026-08-26T20:40:19.846800Z,HF-01 controlled execution,,true,Stable-ID provenance; no content hash or checksum is an operational gate
HF01-ART-0260,system_recalibration_001,HF-01,,readbacks/HF-01/raw/hf01_pll_reference_diagnostic_012_safe_idle.json,raw_primary,application/json,10858,2026-08-26T20:40:19.842277Z,2026-08-26T20:40:19.843786Z,HF-01 controlled execution,,true,Stable-ID provenance; no content hash or checksum is an operational gate
HF01-ART-0261,system_recalibration_001,HF-01,,readbacks/HF-01/raw/hf01_pll_reference_diagnostic_013.json,raw_primary,application/json,12467,2026-08-26T21:15:28.237380Z,2026-08-26T21:15:28.238650Z,HF-01 controlled execution,,true,Stable-ID provenance; no content hash or checksum is an operational gate
HF01-ART-0262,system_recalibration_001,HF-01,,readbacks/HF-01/raw/hf01_pll_reference_diagnostic_013_safe_idle.json,raw_primary,application/json,10859,2026-08-26T21:15:28.235552Z,2026-08-26T21:15:28.236783Z,HF-01 controlled execution,,true,Stable-ID provenance; no content hash or checksum is an operational gate
HF01-ART-0263,system_recalibration_001,HF-01,,readbacks/HF-01/raw/hf01_pll_reference_diagnostic_014.json,raw_primary,application/json,12342,2026-08-26T21:16:03.618416Z,2026-08-26T21:16:03.619422Z,HF-01 controlled execution,,true,Stable-ID provenance; no content hash or checksum is an operational gate
HF01-ART-0264,system_recalibration_001,HF-01,,readbacks/HF-01/raw/hf01_pll_reference_diagnostic_014_safe_idle.json,raw_primary,application/json,10859,2026-08-26T21:16:03.611642Z,2026-08-26T21:16:03.614040Z,HF-01 controlled execution,,true,Stable-ID provenance; no content hash or checksum is an operational gate
HF01-ART-0428,system_recalibration_001,HF-01,,readbacks/HF-01/raw/hf01_pre_restoration_safe_state_001.json,raw_primary,application/json,1238,2026-08-26T23:40:53.949720Z,2026-08-26T23:40:53.950234Z,HF-01 controlled execution,,true,Stable-ID provenance; no content hash or checksum is an operational gate
HF01-ART-0429,system_recalibration_001,HF-01,,readbacks/HF-01/raw/hf01_pre_restoration_t660_safe_idle_001.json,raw_primary,application/json,10859,2026-08-26T23:40:52.145607Z,2026-08-26T23:40:52.147869Z,HF-01 controlled execution,,true,Stable-ID provenance; no content hash or checksum is an operational gate
HF01-ART-0430,system_recalibration_001,HF-01,,readbacks/HF-01/raw/hf01_range_high_in2_001_final_safe_idle.json,raw_primary,application/json,10859,2026-08-26T22:56:34.900592Z,2026-08-26T22:56:34.902602Z,HF-01 controlled execution,,true,Stable-ID provenance; no content hash or checksum is an operational gate
HF01-ART-0431,system_recalibration_001,HF-01,,readbacks/HF-01/raw/hf01_range_high_in2_001_hf2_raw.csv,raw_primary,text/csv,2284987,2026-08-26T22:56:27.055917Z,2026-08-26T22:56:27.114479Z,HF-01 controlled execution,,true,Stable-ID provenance; no content hash or checksum is an operational gate
HF01-ART-0432,system_recalibration_001,HF-01,,readbacks/HF-01/raw/hf01_range_high_in2_001_hf2_summary.csv,raw_primary,text/csv,657,2026-08-26T22:56:27.120624Z,2026-08-26T22:56:27.121624Z,HF-01 controlled execution,,true,Stable-ID provenance; no content hash or checksum is an operational gate
HF01-ART-0433,system_recalibration_001,HF-01,,readbacks/HF-01/raw/hf01_range_high_in2_001_offset_1_pico.csv,raw_primary,text/csv,80521,2026-08-26T22:56:20.349297Z,2026-08-26T22:56:20.352387Z,HF-01 controlled execution,,true,Stable-ID provenance; no content hash or checksum is an operational gate
HF01-ART-0434,system_recalibration_001,HF-01,,readbacks/HF-01/raw/hf01_range_high_in2_001_offset_2_pico.csv,raw_primary,text/csv,80419,2026-08-26T22:56:20.915148Z,2026-08-26T22:56:20.918252Z,HF-01 controlled execution,,true,Stable-ID provenance; no content hash or checksum is an operational gate
HF01-ART-0435,system_recalibration_001,HF-01,,readbacks/HF-01/raw/hf01_range_high_in2_001_offset_3_pico.csv,raw_primary,text/csv,80393,2026-08-26T22:56:21.119556Z,2026-08-26T22:56:21.122565Z,HF-01 controlled execution,,true,Stable-ID provenance; no content hash or checksum is an operational gate
HF01-ART-0436,system_recalibration_001,HF-01,,readbacks/HF-01/raw/hf01_range_high_in2_001_pre_safe_idle.json,raw_primary,application/json,10859,2026-08-26T22:56:10.737487Z,2026-08-26T22:56:10.739654Z,HF-01 controlled execution,,true,Stable-ID provenance; no content hash or checksum is an operational gate
HF01-ART-0437,system_recalibration_001,HF-01,,readbacks/HF-01/raw/hf01_range_high_in2_001_status.json,raw_primary,application/json,24553,2026-08-26T22:56:04.753392Z,2026-08-26T22:56:34.904603Z,HF-01 controlled execution,,true,Stable-ID provenance; no content hash or checksum is an operational gate
HF01-ART-0438,system_recalibration_001,HF-01,,readbacks/HF-01/raw/hf01_range_high_in2_001_step_fall_1_pico.csv,raw_primary,text/csv,74974,2026-08-26T22:56:19.145094Z,2026-08-26T22:56:19.147098Z,HF-01 controlled execution,,true,Stable-ID provenance; no content hash or checksum is an operational gate
HF01-ART-0439,system_recalibration_001,HF-01,,readbacks/HF-01/raw/hf01_range_high_in2_001_step_fall_2_pico.csv,raw_primary,text/csv,75323,2026-08-26T22:56:19.636658Z,2026-08-26T22:56:19.639263Z,HF-01 controlled execution,,true,Stable-ID provenance; no content hash or checksum is an operational gate
HF01-ART-0440,system_recalibration_001,HF-01,,readbacks/HF-01/raw/hf01_range_high_in2_001_step_fall_3_pico.csv,raw_primary,text/csv,74871,2026-08-26T22:56:20.146710Z,2026-08-26T22:56:20.149716Z,HF-01 controlled execution,,true,Stable-ID provenance; no content hash or checksum is an operational gate
HF01-ART-0441,system_recalibration_001,HF-01,,readbacks/HF-01/raw/hf01_range_high_in2_001_step_rise_1_pico.csv,raw_primary,text/csv,80783,2026-08-26T22:56:18.859272Z,2026-08-26T22:56:18.862195Z,HF-01 controlled execution,,true,Stable-ID provenance; no content hash or checksum is an operational gate
HF01-ART-0442,system_recalibration_001,HF-01,,readbacks/HF-01/raw/hf01_range_high_in2_001_step_rise_2_pico.csv,raw_primary,text/csv,80645,2026-08-26T22:56:19.344201Z,2026-08-26T22:56:19.347050Z,HF-01 controlled execution,,true,Stable-ID provenance; no content hash or checksum is an operational gate
HF01-ART-0443,system_recalibration_001,HF-01,,readbacks/HF-01/raw/hf01_range_high_in2_001_step_rise_3_pico.csv,raw_primary,text/csv,80687,2026-08-26T22:56:19.856086Z,2026-08-26T22:56:19.858085Z,HF-01 controlled execution,,true,Stable-ID provenance; no content hash or checksum is an operational gate
HF01-ART-0444,system_recalibration_001,HF-01,,readbacks/HF-01/raw/hf01_range_high_in2_001_zero_baseline_pico.csv,raw_primary,text/csv,75434,2026-08-26T22:56:18.526433Z,2026-08-26T22:56:18.528437Z,HF-01 controlled execution,,true,Stable-ID provenance; no content hash or checksum is an operational gate
HF01-ART-0445,system_recalibration_001,HF-01,,readbacks/HF-01/raw/hf01_range_low_in2_001_final_safe_idle.json,raw_primary,application/json,10859,2026-08-26T22:56:00.383785Z,2026-08-26T22:56:00.385465Z,HF-01 controlled execution,,true,Stable-ID provenance; no content hash or checksum is an operational gate
HF01-ART-0446,system_recalibration_001,HF-01,,readbacks/HF-01/raw/hf01_range_low_in2_001_hf2_raw.csv,raw_primary,text/csv,2294247,2026-08-26T22:55:52.533201Z,2026-08-26T22:55:52.597242Z,HF-01 controlled execution,,true,Stable-ID provenance; no content hash or checksum is an operational gate
HF01-ART-0447,system_recalibration_001,HF-01,,readbacks/HF-01/raw/hf01_range_low_in2_001_hf2_summary.csv,raw_primary,text/csv,677,2026-08-26T22:55:52.602988Z,2026-08-26T22:55:52.603509Z,HF-01 controlled execution,,true,Stable-ID provenance; no content hash or checksum is an operational gate
HF01-ART-0448,system_recalibration_001,HF-01,,readbacks/HF-01/raw/hf01_range_low_in2_001_offset_1_pico.csv,raw_primary,text/csv,75256,2026-08-26T22:55:46.228209Z,2026-08-26T22:55:46.231725Z,HF-01 controlled execution,,true,Stable-ID provenance; no content hash or checksum is an operational gate
HF01-ART-0449,system_recalibration_001,HF-01,,readbacks/HF-01/raw/hf01_range_low_in2_001_offset_2_pico.csv,raw_primary,text/csv,75154,2026-08-26T22:55:46.890769Z,2026-08-26T22:55:46.893764Z,HF-01 controlled execution,,true,Stable-ID provenance; no content hash or checksum is an operational gate
HF01-ART-0450,system_recalibration_001,HF-01,,readbacks/HF-01/raw/hf01_range_low_in2_001_offset_3_pico.csv,raw_primary,text/csv,75113,2026-08-26T22:55:47.195409Z,2026-08-26T22:55:47.197934Z,HF-01 controlled execution,,true,Stable-ID provenance; no content hash or checksum is an operational gate
HF01-ART-0451,system_recalibration_001,HF-01,,readbacks/HF-01/raw/hf01_range_low_in2_001_pre_safe_idle.json,raw_primary,application/json,10859,2026-08-26T22:55:36.195393Z,2026-08-26T22:55:36.197391Z,HF-01 controlled execution,,true,Stable-ID provenance; no content hash or checksum is an operational gate
HF01-ART-0452,system_recalibration_001,HF-01,,readbacks/HF-01/raw/hf01_range_low_in2_001_status.json,raw_primary,application/json,24587,2026-08-26T22:55:30.229901Z,2026-08-26T22:56:00.388576Z,HF-01 controlled execution,,true,Stable-ID provenance; no content hash or checksum is an operational gate
HF01-ART-0453,system_recalibration_001,HF-01,,readbacks/HF-01/raw/hf01_range_low_in2_001_step_fall_1_pico.csv,raw_primary,text/csv,75673,2026-08-26T22:55:44.717274Z,2026-08-26T22:55:44.720857Z,HF-01 controlled execution,,true,Stable-ID provenance; no content hash or checksum is an operational gate
HF01-ART-0454,system_recalibration_001,HF-01,,readbacks/HF-01/raw/hf01_range_low_in2_001_step_fall_2_pico.csv,raw_primary,text/csv,75117,2026-08-26T22:55:45.327290Z,2026-08-26T22:55:45.330431Z,HF-01 controlled execution,,true,Stable-ID provenance; no content hash or checksum is an operational gate
HF01-ART-0455,system_recalibration_001,HF-01,,readbacks/HF-01/raw/hf01_range_low_in2_001_step_fall_3_pico.csv,raw_primary,text/csv,75264,2026-08-26T22:55:45.931798Z,2026-08-26T22:55:45.936431Z,HF-01 controlled execution,,true,Stable-ID provenance; no content hash or checksum is an operational gate
HF01-ART-0456,system_recalibration_001,HF-01,,readbacks/HF-01/raw/hf01_range_low_in2_001_step_rise_1_pico.csv,raw_primary,text/csv,75457,2026-08-26T22:55:44.408689Z,2026-08-26T22:55:44.412202Z,HF-01 controlled execution,,true,Stable-ID provenance; no content hash or checksum is an operational gate
HF01-ART-0457,system_recalibration_001,HF-01,,readbacks/HF-01/raw/hf01_range_low_in2_001_step_rise_2_pico.csv,raw_primary,text/csv,75449,2026-08-26T22:55:45.021170Z,2026-08-26T22:55:45.024165Z,HF-01 controlled execution,,true,Stable-ID provenance; no content hash or checksum is an operational gate
HF01-ART-0458,system_recalibration_001,HF-01,,readbacks/HF-01/raw/hf01_range_low_in2_001_step_rise_3_pico.csv,raw_primary,text/csv,75291,2026-08-26T22:55:45.628483Z,2026-08-26T22:55:45.630996Z,HF-01 controlled execution,,true,Stable-ID provenance; no content hash or checksum is an operational gate
HF01-ART-0459,system_recalibration_001,HF-01,,readbacks/HF-01/raw/hf01_range_low_in2_001_zero_baseline_pico.csv,raw_primary,text/csv,75864,2026-08-26T22:55:43.986669Z,2026-08-26T22:55:43.989675Z,HF-01 controlled execution,,true,Stable-ID provenance; no content hash or checksum is an operational gate
HF01-ART-0460,system_recalibration_001,HF-01,,readbacks/HF-01/raw/hf01_selected_configuration_reload_001.json,raw_primary,application/json,26786,2026-08-26T22:58:44.914259Z,2026-08-26T22:58:44.914259Z,HF-01 controlled execution,,true,Stable-ID provenance; no content hash or checksum is an operational gate
HF01-ART-0461,system_recalibration_001,HF-01,,readbacks/HF-01/raw/hf01_selected_configuration_reload_001_final_safe_idle.json,raw_primary,application/json,10859,2026-08-26T22:58:44.910263Z,2026-08-26T22:58:44.912258Z,HF-01 controlled execution,,true,Stable-ID provenance; no content hash or checksum is an operational gate
HF01-ART-0462,system_recalibration_001,HF-01,,readbacks/HF-01/raw/hf01_selected_configuration_reload_001_pre_safe_idle.json,raw_primary,application/json,10859,2026-08-26T22:58:29.262924Z,2026-08-26T22:58:29.264157Z,HF-01 controlled execution,,true,Stable-ID provenance; no content hash or checksum is an operational gate
HF01-ART-0463,system_recalibration_001,HF-01,,readbacks/HF-01/raw/hf01_selected_mbco_in1_001_final_safe_idle.json,raw_primary,application/json,10859,2026-08-26T22:39:20.153130Z,2026-08-26T22:39:20.155538Z,HF-01 controlled execution,,true,Stable-ID provenance; no content hash or checksum is an operational gate
HF01-ART-0464,system_recalibration_001,HF-01,,readbacks/HF-01/raw/hf01_selected_mbco_in1_001_hf2_raw.csv,raw_primary,text/csv,474672764,2026-08-26T22:38:50.550166Z,2026-08-26T22:39:09.418633Z,HF-01 controlled execution,,true,Stable-ID provenance; no content hash or checksum is an operational gate
HF01-ART-0465,system_recalibration_001,HF-01,,readbacks/HF-01/raw/hf01_selected_mbco_in1_001_hf2_summary.csv,raw_primary,text/csv,677,2026-08-26T22:39:11.057878Z,2026-08-26T22:39:11.059580Z,HF-01 controlled execution,,true,Stable-ID provenance; no content hash or checksum is an operational gate
HF01-ART-0466,system_recalibration_001,HF-01,,readbacks/HF-01/raw/hf01_selected_mbco_in1_001_offset_1_pico.csv,raw_primary,text/csv,77348,2026-08-26T22:38:42.353809Z,2026-08-26T22:38:42.357808Z,HF-01 controlled execution,,true,Stable-ID provenance; no content hash or checksum is an operational gate
HF01-ART-0467,system_recalibration_001,HF-01,,readbacks/HF-01/raw/hf01_selected_mbco_in1_001_offset_2_pico.csv,raw_primary,text/csv,77287,2026-08-26T22:38:42.555484Z,2026-08-26T22:38:42.560000Z,HF-01 controlled execution,,true,Stable-ID provenance; no content hash or checksum is an operational gate
HF01-ART-0468,system_recalibration_001,HF-01,,readbacks/HF-01/raw/hf01_selected_mbco_in1_001_offset_3_pico.csv,raw_primary,text/csv,77301,2026-08-26T22:38:42.758127Z,2026-08-26T22:38:42.761636Z,HF-01 controlled execution,,true,Stable-ID provenance; no content hash or checksum is an operational gate
HF01-ART-0469,system_recalibration_001,HF-01,,readbacks/HF-01/raw/hf01_selected_mbco_in1_001_pre_safe_idle.json,raw_primary,application/json,10859,2026-08-26T22:38:32.277443Z,2026-08-26T22:38:32.279294Z,HF-01 controlled execution,,true,Stable-ID provenance; no content hash or checksum is an operational gate
HF01-ART-0470,system_recalibration_001,HF-01,,readbacks/HF-01/raw/hf01_selected_mbco_in1_001_status.json,raw_primary,application/json,24410,2026-08-26T22:38:26.297874Z,2026-08-26T22:39:20.159094Z,HF-01 controlled execution,,true,Stable-ID provenance; no content hash or checksum is an operational gate
HF01-ART-0471,system_recalibration_001,HF-01,,readbacks/HF-01/raw/hf01_selected_mbco_in1_001_step_fall_1_pico.csv,raw_primary,text/csv,75258,2026-08-26T22:38:41.544603Z,2026-08-26T22:38:41.547325Z,HF-01 controlled execution,,true,Stable-ID provenance; no content hash or checksum is an operational gate
HF01-ART-0472,system_recalibration_001,HF-01,,readbacks/HF-01/raw/hf01_selected_mbco_in1_001_step_fall_2_pico.csv,raw_primary,text/csv,75050,2026-08-26T22:38:41.873420Z,2026-08-26T22:38:41.876703Z,HF-01 controlled execution,,true,Stable-ID provenance; no content hash or checksum is an operational gate
HF01-ART-0473,system_recalibration_001,HF-01,,readbacks/HF-01/raw/hf01_selected_mbco_in1_001_step_fall_3_pico.csv,raw_primary,text/csv,74965,2026-08-26T22:38:42.214597Z,2026-08-26T22:38:42.218247Z,HF-01 controlled execution,,true,Stable-ID provenance; no content hash or checksum is an operational gate
HF01-ART-0474,system_recalibration_001,HF-01,,readbacks/HF-01/raw/hf01_selected_mbco_in1_001_step_rise_1_pico.csv,raw_primary,text/csv,77344,2026-08-26T22:38:41.327544Z,2026-08-26T22:38:41.330797Z,HF-01 controlled execution,,true,Stable-ID provenance; no content hash or checksum is an operational gate
HF01-ART-0475,system_recalibration_001,HF-01,,readbacks/HF-01/raw/hf01_selected_mbco_in1_001_step_rise_2_pico.csv,raw_primary,text/csv,77264,2026-08-26T22:38:41.655068Z,2026-08-26T22:38:41.658068Z,HF-01 controlled execution,,true,Stable-ID provenance; no content hash or checksum is an operational gate
HF01-ART-0476,system_recalibration_001,HF-01,,readbacks/HF-01/raw/hf01_selected_mbco_in1_001_step_rise_3_pico.csv,raw_primary,text/csv,77254,2026-08-26T22:38:41.997366Z,2026-08-26T22:38:42.000375Z,HF-01 controlled execution,,true,Stable-ID provenance; no content hash or checksum is an operational gate
HF01-ART-0477,system_recalibration_001,HF-01,,readbacks/HF-01/raw/hf01_selected_mbco_in1_001_zero_baseline_pico.csv,raw_primary,text/csv,74394,2026-08-26T22:38:41.175126Z,2026-08-26T22:38:41.181869Z,HF-01 controlled execution,,true,Stable-ID provenance; no content hash or checksum is an operational gate
HF01-ART-0478,system_recalibration_001,HF-01,,readbacks/HF-01/raw/hf01_selected_mbco_in2_001_final_safe_idle.json,raw_primary,application/json,10859,2026-08-26T22:53:23.276528Z,2026-08-26T22:53:23.277056Z,HF-01 controlled execution,,true,Stable-ID provenance; no content hash or checksum is an operational gate
HF01-ART-0479,system_recalibration_001,HF-01,,readbacks/HF-01/raw/hf01_selected_mbco_in2_001_hf2_raw.csv,raw_primary,text/csv,473985333,2026-08-26T22:53:00.696883Z,2026-08-26T22:53:14.136249Z,HF-01 controlled execution,,true,Stable-ID provenance; no content hash or checksum is an operational gate
HF01-ART-0480,system_recalibration_001,HF-01,,readbacks/HF-01/raw/hf01_selected_mbco_in2_001_hf2_summary.csv,raw_primary,text/csv,683,2026-08-26T22:53:15.251494Z,2026-08-26T22:53:15.252000Z,HF-01 controlled execution,,true,Stable-ID provenance; no content hash or checksum is an operational gate
HF01-ART-0481,system_recalibration_001,HF-01,,readbacks/HF-01/raw/hf01_selected_mbco_in2_001_offset_1_pico.csv,raw_primary,text/csv,77749,2026-08-26T22:52:53.105747Z,2026-08-26T22:52:53.108747Z,HF-01 controlled execution,,true,Stable-ID provenance; no content hash or checksum is an operational gate
HF01-ART-0482,system_recalibration_001,HF-01,,readbacks/HF-01/raw/hf01_selected_mbco_in2_001_offset_2_pico.csv,raw_primary,text/csv,77665,2026-08-26T22:52:53.276040Z,2026-08-26T22:52:53.278040Z,HF-01 controlled execution,,true,Stable-ID provenance; no content hash or checksum is an operational gate
HF01-ART-0483,system_recalibration_001,HF-01,,readbacks/HF-01/raw/hf01_selected_mbco_in2_001_offset_3_pico.csv,raw_primary,text/csv,77563,2026-08-26T22:52:53.438396Z,2026-08-26T22:52:53.441572Z,HF-01 controlled execution,,true,Stable-ID provenance; no content hash or checksum is an operational gate
HF01-ART-0484,system_recalibration_001,HF-01,,readbacks/HF-01/raw/hf01_selected_mbco_in2_001_pre_safe_idle.json,raw_primary,application/json,10859,2026-08-26T22:52:44.458246Z,2026-08-26T22:52:44.459766Z,HF-01 controlled execution,,true,Stable-ID provenance; no content hash or checksum is an operational gate
HF01-ART-0485,system_recalibration_001,HF-01,,readbacks/HF-01/raw/hf01_selected_mbco_in2_001_status.json,raw_primary,application/json,24403,2026-08-26T22:52:38.469880Z,2026-08-26T22:53:23.279174Z,HF-01 controlled execution,,true,Stable-ID provenance; no content hash or checksum is an operational gate
HF01-ART-0486,system_recalibration_001,HF-01,,readbacks/HF-01/raw/hf01_selected_mbco_in2_001_step_fall_1_pico.csv,raw_primary,text/csv,75757,2026-08-26T22:52:52.389735Z,2026-08-26T22:52:52.391743Z,HF-01 controlled execution,,true,Stable-ID provenance; no content hash or checksum is an operational gate
HF01-ART-0487,system_recalibration_001,HF-01,,readbacks/HF-01/raw/hf01_selected_mbco_in2_001_step_fall_2_pico.csv,raw_primary,text/csv,75659,2026-08-26T22:52:52.690363Z,2026-08-26T22:52:52.693363Z,HF-01 controlled execution,,true,Stable-ID provenance; no content hash or checksum is an operational gate
HF01-ART-0488,system_recalibration_001,HF-01,,readbacks/HF-01/raw/hf01_selected_mbco_in2_001_step_fall_3_pico.csv,raw_primary,text/csv,75298,2026-08-26T22:52:52.994280Z,2026-08-26T22:52:52.997280Z,HF-01 controlled execution,,true,Stable-ID provenance; no content hash or checksum is an operational gate
HF01-ART-0489,system_recalibration_001,HF-01,,readbacks/HF-01/raw/hf01_selected_mbco_in2_001_step_rise_1_pico.csv,raw_primary,text/csv,78011,2026-08-26T22:52:52.183717Z,2026-08-26T22:52:52.186717Z,HF-01 controlled execution,,true,Stable-ID provenance; no content hash or checksum is an operational gate
HF01-ART-0490,system_recalibration_001,HF-01,,readbacks/HF-01/raw/hf01_selected_mbco_in2_001_step_rise_2_pico.csv,raw_primary,text/csv,77957,2026-08-26T22:52:52.493901Z,2026-08-26T22:52:52.496901Z,HF-01 controlled execution,,true,Stable-ID provenance; no content hash or checksum is an operational gate
HF01-ART-0491,system_recalibration_001,HF-01,,readbacks/HF-01/raw/hf01_selected_mbco_in2_001_step_rise_3_pico.csv,raw_primary,text/csv,77575,2026-08-26T22:52:52.792273Z,2026-08-26T22:52:52.795274Z,HF-01 controlled execution,,true,Stable-ID provenance; no content hash or checksum is an operational gate
HF01-ART-0492,system_recalibration_001,HF-01,,readbacks/HF-01/raw/hf01_selected_mbco_in2_001_zero_baseline_pico.csv,raw_primary,text/csv,75835,2026-08-26T22:52:52.048915Z,2026-08-26T22:52:52.051430Z,HF-01 controlled execution,,true,Stable-ID provenance; no content hash or checksum is an operational gate
HF01-ART-0493,system_recalibration_001,HF-01,,readbacks/HF-01/raw/hf01_selected_sweep_hrp_in1_001_final_safe_idle.json,raw_primary,application/json,10859,2026-08-26T22:37:44.280185Z,2026-08-26T22:37:44.282330Z,HF-01 controlled execution,,true,Stable-ID provenance; no content hash or checksum is an operational gate
HF01-ART-0494,system_recalibration_001,HF-01,,readbacks/HF-01/raw/hf01_selected_sweep_hrp_in1_001_hf2_raw.csv,raw_primary,text/csv,2292249,2026-08-26T22:37:35.392354Z,2026-08-26T22:37:35.477206Z,HF-01 controlled execution,,true,Stable-ID provenance; no content hash or checksum is an operational gate
HF01-ART-0495,system_recalibration_001,HF-01,,readbacks/HF-01/raw/hf01_selected_sweep_hrp_in1_001_hf2_summary.csv,raw_primary,text/csv,667,2026-08-26T22:37:35.483099Z,2026-08-26T22:37:35.484240Z,HF-01 controlled execution,,true,Stable-ID provenance; no content hash or checksum is an operational gate
HF01-ART-0496,system_recalibration_001,HF-01,,readbacks/HF-01/raw/hf01_selected_sweep_hrp_in1_001_offset_1_pico.csv,raw_primary,text/csv,77406,2026-08-26T22:37:28.730391Z,2026-08-26T22:37:28.733251Z,HF-01 controlled execution,,true,Stable-ID provenance; no content hash or checksum is an operational gate
HF01-ART-0497,system_recalibration_001,HF-01,,readbacks/HF-01/raw/hf01_selected_sweep_hrp_in1_001_offset_2_pico.csv,raw_primary,text/csv,77300,2026-08-26T22:37:29.347403Z,2026-08-26T22:37:29.350416Z,HF-01 controlled execution,,true,Stable-ID provenance; no content hash or checksum is an operational gate
HF01-ART-0498,system_recalibration_001,HF-01,,readbacks/HF-01/raw/hf01_selected_sweep_hrp_in1_001_offset_3_pico.csv,raw_primary,text/csv,77421,2026-08-26T22:37:29.581665Z,2026-08-26T22:37:29.587668Z,HF-01 controlled execution,,true,Stable-ID provenance; no content hash or checksum is an operational gate
HF01-ART-0499,system_recalibration_001,HF-01,,readbacks/HF-01/raw/hf01_selected_sweep_hrp_in1_001_pre_safe_idle.json,raw_primary,application/json,10860,2026-08-26T22:37:17.795247Z,2026-08-26T22:37:17.797249Z,HF-01 controlled execution,,true,Stable-ID provenance; no content hash or checksum is an operational gate
HF01-ART-0500,system_recalibration_001,HF-01,,readbacks/HF-01/raw/hf01_selected_sweep_hrp_in1_001_status.json,raw_primary,application/json,24523,2026-08-26T22:37:11.822876Z,2026-08-26T22:37:44.286718Z,HF-01 controlled execution,,true,Stable-ID provenance; no content hash or checksum is an operational gate
HF01-ART-0501,system_recalibration_001,HF-01,,readbacks/HF-01/raw/hf01_selected_sweep_hrp_in1_001_step_fall_1_pico.csv,raw_primary,text/csv,75302,2026-08-26T22:37:27.430109Z,2026-08-26T22:37:27.433621Z,HF-01 controlled execution,,true,Stable-ID provenance; no content hash or checksum is an operational gate
HF01-ART-0502,system_recalibration_001,HF-01,,readbacks/HF-01/raw/hf01_selected_sweep_hrp_in1_001_step_fall_2_pico.csv,raw_primary,text/csv,75430,2026-08-26T22:37:27.958216Z,2026-08-26T22:37:27.961222Z,HF-01 controlled execution,,true,Stable-ID provenance; no content hash or checksum is an operational gate
HF01-ART-0503,system_recalibration_001,HF-01,,readbacks/HF-01/raw/hf01_selected_sweep_hrp_in1_001_step_fall_3_pico.csv,raw_primary,text/csv,75487,2026-08-26T22:37:28.515294Z,2026-08-26T22:37:28.517721Z,HF-01 controlled execution,,true,Stable-ID provenance; no content hash or checksum is an operational gate
HF01-ART-0504,system_recalibration_001,HF-01,,readbacks/HF-01/raw/hf01_selected_sweep_hrp_in1_001_step_rise_1_pico.csv,raw_primary,text/csv,77865,2026-08-26T22:37:27.105247Z,2026-08-26T22:37:27.107888Z,HF-01 controlled execution,,true,Stable-ID provenance; no content hash or checksum is an operational gate
HF01-ART-0505,system_recalibration_001,HF-01,,readbacks/HF-01/raw/hf01_selected_sweep_hrp_in1_001_step_rise_2_pico.csv,raw_primary,text/csv,77803,2026-08-26T22:37:27.646998Z,2026-08-26T22:37:27.650010Z,HF-01 controlled execution,,true,Stable-ID provenance; no content hash or checksum is an operational gate
HF01-ART-0506,system_recalibration_001,HF-01,,readbacks/HF-01/raw/hf01_selected_sweep_hrp_in1_001_step_rise_3_pico.csv,raw_primary,text/csv,77592,2026-08-26T22:37:28.202492Z,2026-08-26T22:37:28.205492Z,HF-01 controlled execution,,true,Stable-ID provenance; no content hash or checksum is an operational gate
HF01-ART-0507,system_recalibration_001,HF-01,,readbacks/HF-01/raw/hf01_selected_sweep_hrp_in1_001_zero_baseline_pico.csv,raw_primary,text/csv,75696,2026-08-26T22:37:26.748934Z,2026-08-26T22:37:26.752515Z,HF-01 controlled execution,,true,Stable-ID provenance; no content hash or checksum is an operational gate
HF01-ART-0508,system_recalibration_001,HF-01,,readbacks/HF-01/raw/hf01_selected_sweep_hrp_in2_001_final_safe_idle.json,raw_primary,application/json,10859,2026-08-26T22:52:34.207987Z,2026-08-26T22:52:34.209494Z,HF-01 controlled execution,,true,Stable-ID provenance; no content hash or checksum is an operational gate
HF01-ART-0509,system_recalibration_001,HF-01,,readbacks/HF-01/raw/hf01_selected_sweep_hrp_in2_001_hf2_raw.csv,raw_primary,text/csv,2290111,2026-08-26T22:52:26.346317Z,2026-08-26T22:52:26.408086Z,HF-01 controlled execution,,true,Stable-ID provenance; no content hash or checksum is an operational gate
HF01-ART-0510,system_recalibration_001,HF-01,,readbacks/HF-01/raw/hf01_selected_sweep_hrp_in2_001_hf2_summary.csv,raw_primary,text/csv,666,2026-08-26T22:52:26.413596Z,2026-08-26T22:52:26.413596Z,HF-01 controlled execution,,true,Stable-ID provenance; no content hash or checksum is an operational gate
HF01-ART-0511,system_recalibration_001,HF-01,,readbacks/HF-01/raw/hf01_selected_sweep_hrp_in2_001_offset_1_pico.csv,raw_primary,text/csv,77633,2026-08-26T22:52:19.630864Z,2026-08-26T22:52:19.633863Z,HF-01 controlled execution,,true,Stable-ID provenance; no content hash or checksum is an operational gate
HF01-ART-0512,system_recalibration_001,HF-01,,readbacks/HF-01/raw/hf01_selected_sweep_hrp_in2_001_offset_2_pico.csv,raw_primary,text/csv,77620,2026-08-26T22:52:20.192207Z,2026-08-26T22:52:20.194723Z,HF-01 controlled execution,,true,Stable-ID provenance; no content hash or checksum is an operational gate
HF01-ART-0513,system_recalibration_001,HF-01,,readbacks/HF-01/raw/hf01_selected_sweep_hrp_in2_001_offset_3_pico.csv,raw_primary,text/csv,77713,2026-08-26T22:52:20.403874Z,2026-08-26T22:52:20.406920Z,HF-01 controlled execution,,true,Stable-ID provenance; no content hash or checksum is an operational gate
HF01-ART-0514,system_recalibration_001,HF-01,,readbacks/HF-01/raw/hf01_selected_sweep_hrp_in2_001_pre_safe_idle.json,raw_primary,application/json,10859,2026-08-26T22:52:10.011930Z,2026-08-26T22:52:10.012931Z,HF-01 controlled execution,,true,Stable-ID provenance; no content hash or checksum is an operational gate
HF01-ART-0515,system_recalibration_001,HF-01,,readbacks/HF-01/raw/hf01_selected_sweep_hrp_in2_001_status.json,raw_primary,application/json,24524,2026-08-26T22:52:04.029819Z,2026-08-26T22:52:34.211501Z,HF-01 controlled execution,,true,Stable-ID provenance; no content hash or checksum is an operational gate
HF01-ART-0516,system_recalibration_001,HF-01,,readbacks/HF-01/raw/hf01_selected_sweep_hrp_in2_001_step_fall_1_pico.csv,raw_primary,text/csv,75649,2026-08-26T22:52:18.414734Z,2026-08-26T22:52:18.417350Z,HF-01 controlled execution,,true,Stable-ID provenance; no content hash or checksum is an operational gate
HF01-ART-0517,system_recalibration_001,HF-01,,readbacks/HF-01/raw/hf01_selected_sweep_hrp_in2_001_step_fall_2_pico.csv,raw_primary,text/csv,75395,2026-08-26T22:52:18.915022Z,2026-08-26T22:52:18.918026Z,HF-01 controlled execution,,true,Stable-ID provenance; no content hash or checksum is an operational gate
HF01-ART-0518,system_recalibration_001,HF-01,,readbacks/HF-01/raw/hf01_selected_sweep_hrp_in2_001_step_fall_3_pico.csv,raw_primary,text/csv,75573,2026-08-26T22:52:19.428768Z,2026-08-26T22:52:19.432279Z,HF-01 controlled execution,,true,Stable-ID provenance; no content hash or checksum is an operational gate
HF01-ART-0519,system_recalibration_001,HF-01,,readbacks/HF-01/raw/hf01_selected_sweep_hrp_in2_001_step_rise_1_pico.csv,raw_primary,text/csv,77985,2026-08-26T22:52:18.124157Z,2026-08-26T22:52:18.127151Z,HF-01 controlled execution,,true,Stable-ID provenance; no content hash or checksum is an operational gate
HF01-ART-0520,system_recalibration_001,HF-01,,readbacks/HF-01/raw/hf01_selected_sweep_hrp_in2_001_step_rise_2_pico.csv,raw_primary,text/csv,77724,2026-08-26T22:52:18.624571Z,2026-08-26T22:52:18.627572Z,HF-01 controlled execution,,true,Stable-ID provenance; no content hash or checksum is an operational gate
HF01-ART-0521,system_recalibration_001,HF-01,,readbacks/HF-01/raw/hf01_selected_sweep_hrp_in2_001_step_rise_3_pico.csv,raw_primary,text/csv,77732,2026-08-26T22:52:19.128854Z,2026-08-26T22:52:19.131561Z,HF-01 controlled execution,,true,Stable-ID provenance; no content hash or checksum is an operational gate
HF01-ART-0522,system_recalibration_001,HF-01,,readbacks/HF-01/raw/hf01_selected_sweep_hrp_in2_001_zero_baseline_pico.csv,raw_primary,text/csv,75946,2026-08-26T22:52:17.798098Z,2026-08-26T22:52:17.800657Z,HF-01 controlled execution,,true,Stable-ID provenance; no content hash or checksum is an operational gate
HF01-ART-0265,system_recalibration_001,HF-01,,readbacks/HF-01/raw/hf01_t660_2mhz_reference_diagnostic_001.json,raw_primary,application/json,1616,2026-08-26T20:13:59.508309Z,2026-08-26T20:13:59.508309Z,HF-01 controlled execution,,true,Stable-ID provenance; no content hash or checksum is an operational gate
HF01-ART-0266,system_recalibration_001,HF-01,,readbacks/HF-01/raw/hf01_t660_2mhz_reference_diagnostic_001_pico.csv,raw_primary,text/csv,75792,2026-08-26T20:13:53.094232Z,2026-08-26T20:13:53.096830Z,HF-01 controlled execution,,true,Stable-ID provenance; no content hash or checksum is an operational gate
HF01-ART-0267,system_recalibration_001,HF-01,,readbacks/HF-01/raw/hf01_t660_2mhz_reference_diagnostic_001_safe_idle.json,raw_primary,application/json,10857,2026-08-26T20:13:59.508309Z,2026-08-26T20:13:59.508309Z,HF-01 controlled execution,,true,Stable-ID provenance; no content hash or checksum is an operational gate
HF01-ART-0268,system_recalibration_001,HF-01,,readbacks/HF-01/raw/hf01_target_highorder_001_final_safe_idle.json,raw_primary,application/json,10859,2026-08-26T21:32:29.877359Z,2026-08-26T21:32:29.878193Z,HF-01 controlled execution,,true,Stable-ID provenance; no content hash or checksum is an operational gate
HF01-ART-0269,system_recalibration_001,HF-01,,readbacks/HF-01/raw/hf01_target_highorder_001_hf2_raw.csv,raw_primary,text/csv,185012,2026-08-26T21:32:22.214241Z,2026-08-26T21:32:22.220421Z,HF-01 controlled execution,,true,Stable-ID provenance; no content hash or checksum is an operational gate
HF01-ART-0270,system_recalibration_001,HF-01,,readbacks/HF-01/raw/hf01_target_highorder_001_hf2_summary.csv,raw_primary,text/csv,368,2026-08-26T21:32:22.221926Z,2026-08-26T21:32:22.222931Z,HF-01 controlled execution,,true,Stable-ID provenance; no content hash or checksum is an operational gate
HF01-ART-0271,system_recalibration_001,HF-01,,readbacks/HF-01/raw/hf01_target_highorder_001_offset_1_pico.csv,raw_primary,text/csv,76487,2026-08-26T21:32:13.540514Z,2026-08-26T21:32:13.543024Z,HF-01 controlled execution,,true,Stable-ID provenance; no content hash or checksum is an operational gate
HF01-ART-0272,system_recalibration_001,HF-01,,readbacks/HF-01/raw/hf01_target_highorder_001_offset_2_pico.csv,raw_primary,text/csv,76124,2026-08-26T21:32:19.954246Z,2026-08-26T21:32:19.960243Z,HF-01 controlled execution,,true,Stable-ID provenance; no content hash or checksum is an operational gate
HF01-ART-0273,system_recalibration_001,HF-01,,readbacks/HF-01/raw/hf01_target_highorder_001_offset_3_pico.csv,raw_primary,text/csv,75952,2026-08-26T21:32:20.757632Z,2026-08-26T21:32:20.761091Z,HF-01 controlled execution,,true,Stable-ID provenance; no content hash or checksum is an operational gate
HF01-ART-0274,system_recalibration_001,HF-01,,readbacks/HF-01/raw/hf01_target_highorder_001_pre_safe_idle.json,raw_primary,application/json,10860,2026-08-26T21:32:05.831547Z,2026-08-26T21:32:05.833343Z,HF-01 controlled execution,,true,Stable-ID provenance; no content hash or checksum is an operational gate
HF01-ART-0275,system_recalibration_001,HF-01,,readbacks/HF-01/raw/hf01_target_highorder_001_status.json,raw_primary,application/json,22629,2026-08-26T21:31:59.838418Z,2026-08-26T21:32:29.880201Z,HF-01 controlled execution,,true,Stable-ID provenance; no content hash or checksum is an operational gate
HF01-ART-0276,system_recalibration_001,HF-01,,readbacks/HF-01/raw/hf01_target_highorder_001_step_fall_1_pico.csv,raw_primary,text/csv,74526,2026-08-26T21:32:11.706133Z,2026-08-26T21:32:11.709133Z,HF-01 controlled execution,,true,Stable-ID provenance; no content hash or checksum is an operational gate
HF01-ART-0277,system_recalibration_001,HF-01,,readbacks/HF-01/raw/hf01_target_highorder_001_step_fall_2_pico.csv,raw_primary,text/csv,73535,2026-08-26T21:32:12.466462Z,2026-08-26T21:32:12.469595Z,HF-01 controlled execution,,true,Stable-ID provenance; no content hash or checksum is an operational gate
HF01-ART-0278,system_recalibration_001,HF-01,,readbacks/HF-01/raw/hf01_target_highorder_001_step_fall_3_pico.csv,raw_primary,text/csv,73981,2026-08-26T21:32:13.214319Z,2026-08-26T21:32:13.217328Z,HF-01 controlled execution,,true,Stable-ID provenance; no content hash or checksum is an operational gate
HF01-ART-0279,system_recalibration_001,HF-01,,readbacks/HF-01/raw/hf01_target_highorder_001_step_rise_1_pico.csv,raw_primary,text/csv,76949,2026-08-26T21:32:11.267761Z,2026-08-26T21:32:11.270761Z,HF-01 controlled execution,,true,Stable-ID provenance; no content hash or checksum is an operational gate
HF01-ART-0280,system_recalibration_001,HF-01,,readbacks/HF-01/raw/hf01_target_highorder_001_step_rise_2_pico.csv,raw_primary,text/csv,76229,2026-08-26T21:32:12.037342Z,2026-08-26T21:32:12.039867Z,HF-01 controlled execution,,true,Stable-ID provenance; no content hash or checksum is an operational gate
HF01-ART-0281,system_recalibration_001,HF-01,,readbacks/HF-01/raw/hf01_target_highorder_001_step_rise_3_pico.csv,raw_primary,text/csv,76372,2026-08-26T21:32:12.795610Z,2026-08-26T21:32:12.799112Z,HF-01 controlled execution,,true,Stable-ID provenance; no content hash or checksum is an operational gate
HF01-ART-0282,system_recalibration_001,HF-01,,readbacks/HF-01/raw/hf01_target_highorder_001_zero_baseline_pico.csv,raw_primary,text/csv,73850,2026-08-26T21:32:10.686513Z,2026-08-26T21:32:10.689512Z,HF-01 controlled execution,,true,Stable-ID provenance; no content hash or checksum is an operational gate
HF01-ART-0040,system_recalibration_001,HF-01,,readbacks/HF-01/raw/hf01_timing10_final_safe_idle.json,raw_primary,application/json,10853,2026-08-26T19:45:22.561997Z,2026-08-26T19:45:22.562998Z,HF-01 controlled execution,,true,Stable-ID provenance; no content hash or checksum is an operational gate
HF01-ART-0041,system_recalibration_001,HF-01,,readbacks/HF-01/raw/hf01_timing10_hf2_raw.csv,raw_primary,text/csv,785779,2026-08-26T19:45:14.350998Z,2026-08-26T19:45:14.373549Z,HF-01 controlled execution,,true,Stable-ID provenance; no content hash or checksum is an operational gate
HF01-ART-0042,system_recalibration_001,HF-01,,readbacks/HF-01/raw/hf01_timing10_hf2_summary.csv,raw_primary,text/csv,381,2026-08-26T19:45:14.376061Z,2026-08-26T19:45:14.377059Z,HF-01 controlled execution,,true,Stable-ID provenance; no content hash or checksum is an operational gate
HF01-ART-0043,system_recalibration_001,HF-01,,readbacks/HF-01/raw/hf01_timing10_pico_rapid.csv,raw_primary,text/csv,1136439,2026-08-26T19:45:14.145279Z,2026-08-26T19:45:14.179825Z,HF-01 controlled execution,,true,Stable-ID provenance; no content hash or checksum is an operational gate
HF01-ART-0044,system_recalibration_001,HF-01,,readbacks/HF-01/raw/hf01_timing10_r1_final_safe_idle.json,raw_primary,application/json,10853,2026-08-26T19:47:27.386417Z,2026-08-26T19:47:27.387419Z,HF-01 controlled execution,,true,Stable-ID provenance; no content hash or checksum is an operational gate
HF01-ART-0045,system_recalibration_001,HF-01,,readbacks/HF-01/raw/hf01_timing10_r1_hf2_raw.csv,raw_primary,text/csv,327842,2026-08-26T19:47:19.190511Z,2026-08-26T19:47:19.198756Z,HF-01 controlled execution,,true,Stable-ID provenance; no content hash or checksum is an operational gate
HF01-ART-0046,system_recalibration_001,HF-01,,readbacks/HF-01/raw/hf01_timing10_r1_hf2_summary.csv,raw_primary,text/csv,193,2026-08-26T19:47:19.201060Z,2026-08-26T19:47:19.201060Z,HF-01 controlled execution,,true,Stable-ID provenance; no content hash or checksum is an operational gate
HF01-ART-0047,system_recalibration_001,HF-01,,readbacks/HF-01/raw/hf01_timing10_r1_pico_rapid.csv,raw_primary,text/csv,1136715,2026-08-26T19:47:18.991387Z,2026-08-26T19:47:19.024990Z,HF-01 controlled execution,,true,Stable-ID provenance; no content hash or checksum is an operational gate
HF01-ART-0048,system_recalibration_001,HF-01,,readbacks/HF-01/raw/hf01_timing10_r1_status.json,raw_primary,application/json,10378,2026-08-26T19:47:12.600666Z,2026-08-26T19:47:27.388535Z,HF-01 controlled execution,,true,Stable-ID provenance; no content hash or checksum is an operational gate
HF01-ART-0053,system_recalibration_001,HF-01,,readbacks/HF-01/raw/hf01_timing10_r2_final_safe_idle.json,raw_primary,application/json,10853,2026-08-26T19:54:55.177150Z,2026-08-26T19:54:55.178197Z,HF-01 controlled execution,,true,Stable-ID provenance; no content hash or checksum is an operational gate
HF01-ART-0054,system_recalibration_001,HF-01,,readbacks/HF-01/raw/hf01_timing10_r2_hf2_raw.csv,raw_primary,text/csv,42693626,2026-08-26T19:54:44.934853Z,2026-08-26T19:54:45.941887Z,HF-01 controlled execution,,true,Stable-ID provenance; no content hash or checksum is an operational gate
HF01-ART-0055,system_recalibration_001,HF-01,,readbacks/HF-01/raw/hf01_timing10_r2_hf2_summary.csv,raw_primary,text/csv,195,2026-08-26T19:54:46.048922Z,2026-08-26T19:54:46.049429Z,HF-01 controlled execution,,true,Stable-ID provenance; no content hash or checksum is an operational gate
HF01-ART-0056,system_recalibration_001,HF-01,,readbacks/HF-01/raw/hf01_timing10_r2_pico_rapid.csv,raw_primary,text/csv,1217124,2026-08-26T19:54:44.500439Z,2026-08-26T19:54:44.535607Z,HF-01 controlled execution,,true,Stable-ID provenance; no content hash or checksum is an operational gate
HF01-ART-0057,system_recalibration_001,HF-01,,readbacks/HF-01/raw/hf01_timing10_r2_status.json,raw_primary,application/json,10724,2026-08-26T19:54:38.161376Z,2026-08-26T19:54:55.180201Z,HF-01 controlled execution,,true,Stable-ID provenance; no content hash or checksum is an operational gate
HF01-ART-0059,system_recalibration_001,HF-01,,readbacks/HF-01/raw/hf01_timing10_r3_final_safe_idle.json,raw_primary,application/json,10853,2026-08-26T20:00:46.867797Z,2026-08-26T20:00:46.868797Z,HF-01 controlled execution,,true,Stable-ID provenance; no content hash or checksum is an operational gate
HF01-ART-0060,system_recalibration_001,HF-01,,readbacks/HF-01/raw/hf01_timing10_r3_hf2_raw.csv,raw_primary,text/csv,44072722,2026-08-26T20:00:36.421626Z,2026-08-26T20:00:37.483301Z,HF-01 controlled execution,,true,Stable-ID provenance; no content hash or checksum is an operational gate
HF01-ART-0061,system_recalibration_001,HF-01,,readbacks/HF-01/raw/hf01_timing10_r3_hf2_summary.csv,raw_primary,text/csv,195,2026-08-26T20:00:37.594926Z,2026-08-26T20:00:37.595448Z,HF-01 controlled execution,,true,Stable-ID provenance; no content hash or checksum is an operational gate
HF01-ART-0062,system_recalibration_001,HF-01,,readbacks/HF-01/raw/hf01_timing10_r3_pico_rapid.csv,raw_primary,text/csv,1217083,2026-08-26T20:00:35.902025Z,2026-08-26T20:00:35.935961Z,HF-01 controlled execution,,true,Stable-ID provenance; no content hash or checksum is an operational gate
HF01-ART-0063,system_recalibration_001,HF-01,,readbacks/HF-01/raw/hf01_timing10_r3_status.json,raw_primary,application/json,11513,2026-08-26T20:00:29.424742Z,2026-08-26T20:00:46.869797Z,HF-01 controlled execution,,true,Stable-ID provenance; no content hash or checksum is an operational gate
HF01-ART-0283,system_recalibration_001,HF-01,,readbacks/HF-01/raw/hf01_timing10_r4_final_safe_idle.json,raw_primary,application/json,10852,2026-08-26T21:16:44.842129Z,2026-08-26T21:16:44.844656Z,HF-01 controlled execution,,true,Stable-ID provenance; no content hash or checksum is an operational gate
HF01-ART-0284,system_recalibration_001,HF-01,,readbacks/HF-01/raw/hf01_timing10_r4_status.json,raw_primary,application/json,9774,2026-08-26T21:16:31.253672Z,2026-08-26T21:16:44.847679Z,HF-01 controlled execution,,true,Stable-ID provenance; no content hash or checksum is an operational gate
HF01-ART-0285,system_recalibration_001,HF-01,,readbacks/HF-01/raw/hf01_timing10_r5_final_safe_idle.json,raw_primary,application/json,10853,2026-08-26T21:17:38.718577Z,2026-08-26T21:17:38.719570Z,HF-01 controlled execution,,true,Stable-ID provenance; no content hash or checksum is an operational gate
HF01-ART-0286,system_recalibration_001,HF-01,,readbacks/HF-01/raw/hf01_timing10_r5_hf2_raw.csv,raw_primary,text/csv,42644293,2026-08-26T21:17:27.691379Z,2026-08-26T21:17:28.714918Z,HF-01 controlled execution,,true,Stable-ID provenance; no content hash or checksum is an operational gate
HF01-ART-0287,system_recalibration_001,HF-01,,readbacks/HF-01/raw/hf01_timing10_r5_hf2_summary.csv,raw_primary,text/csv,192,2026-08-26T21:17:28.823066Z,2026-08-26T21:17:28.824071Z,HF-01 controlled execution,,true,Stable-ID provenance; no content hash or checksum is an operational gate
HF01-ART-0288,system_recalibration_001,HF-01,,readbacks/HF-01/raw/hf01_timing10_r5_pico_rapid.csv,raw_primary,text/csv,1217078,2026-08-26T21:17:27.171006Z,2026-08-26T21:17:27.205956Z,HF-01 controlled execution,,true,Stable-ID provenance; no content hash or checksum is an operational gate
HF01-ART-0289,system_recalibration_001,HF-01,,readbacks/HF-01/raw/hf01_timing10_r5_status.json,raw_primary,application/json,11856,2026-08-26T21:17:21.069512Z,2026-08-26T21:17:38.720571Z,HF-01 controlled execution,,true,Stable-ID provenance; no content hash or checksum is an operational gate
HF01-ART-0049,system_recalibration_001,HF-01,,readbacks/HF-01/raw/hf01_timing10_status.json,raw_primary,application/json,10367,2026-08-26T19:45:07.715187Z,2026-08-26T19:45:22.563998Z,HF-01 controlled execution,,true,Stable-ID provenance; no content hash or checksum is an operational gate
HF01-ART-0019,system_recalibration_001,HF-01,,readbacks/HF-01/README.md,phase_document,text/plain,3403,2026-08-26T18:43:08.225347Z,2026-08-26T23:57:37.926367Z,HF-01 controlled execution,,true,Stable-ID provenance; no content hash or checksum is an operational gate
HF01-ART-0290,system_recalibration_001,HF-01,,readbacks/HF-01/recover_clock_distribution.py,analysis_source,text/plain,6782,2026-08-26T20:21:35.389399Z,2026-08-26T20:21:35.389939Z,HF-01 controlled execution,,true,Stable-ID provenance; no content hash or checksum is an operational gate
HF01-ART-0020,system_recalibration_001,HF-01,,readbacks/HF-01/refresh_artifact_index.py,analysis_source,text/plain,4776,2026-08-26T18:48:19.185804Z,2026-08-26T18:48:19.186836Z,HF-01 controlled execution,,true,Stable-ID provenance; no content hash or checksum is an operational gate
HF01-ART-0523,system_recalibration_001,HF-01,,readbacks/HF-01/restoration_confirmation.json,readback_or_manifest,application/json,1608,2026-08-26T23:58:44.102097Z,2026-08-26T23:58:44.102097Z,HF-01 controlled execution,,true,Stable-ID provenance; no content hash or checksum is an operational gate
HF01-ART-0524,system_recalibration_001,HF-01,,readbacks/HF-01/retention_audit.md,phase_document,text/plain,1467,2026-08-26T23:59:51.041198Z,2026-08-27T00:00:12.371011Z,HF-01 controlled execution,,true,Stable-ID provenance; no content hash or checksum is an operational gate
HF01-ART-0525,system_recalibration_001,HF-01,,readbacks/HF-01/revalidation_triggers.md,phase_document,text/plain,1961,2026-08-26T23:58:44.098809Z,2026-08-26T23:58:44.098809Z,HF-01 controlled execution,,true,Stable-ID provenance; no content hash or checksum is an operational gate
HF01-ART-0050,system_recalibration_001,HF-01,,readbacks/HF-01/run_10hz_timing_check.py,analysis_source,text/plain,15134,2026-08-26T19:44:47.470993Z,2026-08-26T21:17:17.688218Z,HF-01 controlled execution,,true,Stable-ID provenance; no content hash or checksum is an operational gate
HF01-ART-0291,system_recalibration_001,HF-01,,readbacks/HF-01/run_anchor_acquisition.py,analysis_source,text/plain,24106,2026-08-26T20:11:08.590611Z,2026-08-26T21:32:54.196861Z,HF-01 controlled execution,,true,Stable-ID provenance; no content hash or checksum is an operational gate
HF01-ART-0526,system_recalibration_001,HF-01,,readbacks/HF-01/run_dual_demod_anchor_acquisition.py,analysis_source,text/plain,34327,2026-08-26T22:04:12.114091Z,2026-08-26T22:55:21.835987Z,HF-01 controlled execution,,true,Stable-ID provenance; no content hash or checksum is an operational gate
HF01-ART-0064,system_recalibration_001,HF-01,,readbacks/HF-01/run_first_awg_enable.py,analysis_source,text/plain,12339,2026-08-26T20:03:55.853154Z,2026-08-26T20:06:47.507860Z,HF-01 controlled execution,,true,Stable-ID provenance; no content hash or checksum is an operational gate
HF01-ART-0021,system_recalibration_001,HF-01,,readbacks/HF-01/run_preflight.py,analysis_source,text/plain,16230,2026-08-26T18:45:54.914506Z,2026-08-26T18:47:37.391555Z,HF-01 controlled execution,,true,Stable-ID provenance; no content hash or checksum is an operational gate
HF01-ART-0022,system_recalibration_001,HF-01,,readbacks/HF-01/safe_state_checklists.md,phase_document,text/plain,2962,2026-08-26T18:44:13.635039Z,2026-08-26T23:57:37.923966Z,HF-01 controlled execution,,true,Stable-ID provenance; no content hash or checksum is an operational gate
HF01-ART-0527,system_recalibration_001,HF-01,,readbacks/HF-01/selected_configurations.json,readback_or_manifest,application/json,3507,2026-08-26T22:35:32.004175Z,2026-08-26T23:57:37.927871Z,HF-01 controlled execution,,true,Stable-ID provenance; no content hash or checksum is an operational gate
HF01-ART-0023,system_recalibration_001,HF-01,,readbacks/HF-01/software_provenance.json,readback_or_manifest,application/json,752,2026-08-26T18:46:44.749052Z,2026-08-26T19:26:51.308223Z,HF-01 controlled execution,,true,Stable-ID provenance; no content hash or checksum is an operational gate
HF01-ART-0024,system_recalibration_001,HF-01,,readbacks/HF-01/source_load_voltage_envelope.md,phase_document,text/plain,2871,2026-08-26T18:44:03.977191Z,2026-08-26T18:44:03.978543Z,HF-01 controlled execution,,true,Stable-ID provenance; no content hash or checksum is an operational gate
HF01-ART-0025,system_recalibration_001,HF-01,,readbacks/HF-01/stopping_rules.md,phase_document,text/plain,1366,2026-08-26T18:44:03.983997Z,2026-08-26T22:17:55.590791Z,HF-01 controlled execution,,true,Stable-ID provenance; no content hash or checksum is an operational gate
HF01-ART-0030,system_recalibration_001,HF-01,,readbacks/HF-01/t6602_serial_diagnostic.json,readback_or_manifest,application/json,2417,2026-08-26T18:50:31.534940Z,2026-08-26T19:27:11.257702Z,HF-01 controlled execution,,true,Stable-ID provenance; no content hash or checksum is an operational gate
HF01-ART-0026,system_recalibration_001,HF-01,,readbacks/HF-01/tables/.gitkeep,derived_table,application/octet-stream,1,2026-08-26T18:43:08.244282Z,2026-08-26T18:43:08.244282Z,HF-01 controlled execution,,true,Stable-ID provenance; no content hash or checksum is an operational gate
HF01-ART-0528,system_recalibration_001,HF-01,,readbacks/HF-01/tables/hf01_uncertainty_acceptance.csv,derived_table,text/csv,4656,2026-08-26T23:53:30.772835Z,2026-08-26T23:53:30.772835Z,HF-01 controlled execution,,true,Stable-ID provenance; no content hash or checksum is an operational gate
HF01-ART-0292,system_recalibration_001,HF-01,,readbacks/HF-01/targeted_validation_declaration.md,phase_document,text/plain,1567,2026-08-26T21:31:55.999873Z,2026-08-26T21:31:56.000387Z,HF-01 controlled execution,,true,Stable-ID provenance; no content hash or checksum is an operational gate
HF01-ART-0027,system_recalibration_001,HF-01,,readbacks/HF-01/temporary_wiring_plan.md,phase_document,text/plain,2422,2026-08-26T18:44:03.975615Z,2026-08-26T23:43:07.948816Z,HF-01 controlled execution,,true,Stable-ID provenance; no content hash or checksum is an operational gate
HF01-ART-0529,system_recalibration_001,HF-01,,readbacks/HF-01/uncertainty_ambiguity.md,phase_document,text/plain,2677,2026-08-26T23:58:44.096395Z,2026-08-26T23:58:44.097586Z,HF-01 controlled execution,,true,Stable-ID provenance; no content hash or checksum is an operational gate
HF01-ART-0028,system_recalibration_001,HF-01,,readbacks/HF-01/unresolved_inputs.md,phase_document,text/plain,3517,2026-08-26T18:43:08.239012Z,2026-08-26T23:57:37.925747Z,HF-01 controlled execution,,true,Stable-ID provenance; no content hash or checksum is an operational gate
HF01-ART-0029,system_recalibration_001,HF-01,,readbacks/HF-01/validation_point_declaration.md,phase_document,text/plain,1944,2026-08-26T22:17:24.825214Z,2026-08-26T22:17:24.825214Z,HF-01 controlled execution,,true,Stable-ID provenance; no content hash or checksum is an operational gate
HF01-ART-0530,system_recalibration_001,HF-01,,readbacks/HF-01/validation_point_declaration_v1_superseded.md,phase_document,text/plain,1764,2026-08-26T18:44:03.980358Z,2026-08-26T18:44:03.980358Z,HF-01 controlled execution,,true,Stable-ID provenance; no content hash or checksum is an operational gate
HF01-ART-0531,system_recalibration_001,HF-01,,readbacks/HF-01/validation_point_declaration_v2_superseded.md,phase_document,text/plain,2381,2026-08-26T22:16:50.945045Z,2026-08-26T22:16:50.946046Z,HF-01 controlled execution,,true,Stable-ID provenance; no content hash or checksum is an operational gate
HF01-ART-0293,system_recalibration_001,HF-01,,readbacks/HF-01/verify_amendment_stop_safe_state.py,analysis_source,text/plain,5477,2026-08-26T21:49:42.733332Z,2026-08-26T21:49:58.779254Z,HF-01 controlled execution,,true,Stable-ID provenance; no content hash or checksum is an operational gate
HF01-ART-0532,system_recalibration_001,HF-01,,readbacks/HF-01/verify_final_restoration_state.py,analysis_source,text/plain,6655,2026-08-26T23:48:57.528685Z,2026-08-26T23:49:31.037983Z,HF-01 controlled execution,,true,Stable-ID provenance; no content hash or checksum is an operational gate
HF01-ART-0533,system_recalibration_001,HF-01,,readbacks/HF-01/verify_pre_restoration_safe_state.py,analysis_source,text/plain,5566,2026-08-26T23:40:42.878440Z,2026-08-26T23:40:42.881838Z,HF-01 controlled execution,,true,Stable-ID provenance; no content hash or checksum is an operational gate
HF01-ART-0534,system_recalibration_001,HF-01,,readbacks/HF-01/verify_selected_config_reload.py,analysis_source,text/plain,9290,2026-08-26T22:58:22.774342Z,2026-08-26T22:58:22.774855Z,HF-01 controlled execution,,true,Stable-ID provenance; no content hash or checksum is an operational gate
