campaign_id,phase_id,phase_run_id,acquisition_id,parent_acquisition_id,start_utc,end_utc,operator_id,configuration_id,calibration_bundle_id,sample_id,measurement_kind,condition_set_id,replicate_index,planned,accepted,rejection_code,raw_primary_artifact_id,notes
system_recalibration_001,PT-01,system_recalibration_001_PT-01_001,PT01-TC08-0000000NS-A001,,2026-08-17T16:59:22.447720+00:00,2026-08-17T16:59:22.447720+00:00,Christopher_Robertson,PT01-STEP8-FIRE-TO-MIRCAT-PIN4-v1,MS02+T1-01-COMPLETED-WORKING-EVIDENCE,,electrical_falling_edge_timing,PT01-COND-0000000NS,1,true,true,,PT01-ART-0043,Both laser destination DB9 connectors physically disconnected
system_recalibration_001,PT-01,system_recalibration_001_PT-01_001,PT01-TC08-0000000NS-A002,,2026-08-17T16:59:23.059358+00:00,2026-08-17T16:59:23.059358+00:00,Christopher_Robertson,PT01-STEP8-FIRE-TO-MIRCAT-PIN4-v1,MS02+T1-01-COMPLETED-WORKING-EVIDENCE,,electrical_falling_edge_timing,PT01-COND-0000000NS,2,true,true,,PT01-ART-0044,Both laser destination DB9 connectors physically disconnected
system_recalibration_001,PT-01,system_recalibration_001_PT-01_001,PT01-TC08-0000000NS-A003,,2026-08-17T16:59:23.474478+00:00,2026-08-17T16:59:23.474478+00:00,Christopher_Robertson,PT01-STEP8-FIRE-TO-MIRCAT-PIN4-v1,MS02+T1-01-COMPLETED-WORKING-EVIDENCE,,electrical_falling_edge_timing,PT01-COND-0000000NS,3,true,true,,PT01-ART-0045,Both laser destination DB9 connectors physically disconnected
system_recalibration_001,PT-01,system_recalibration_001_PT-01_001,PT01-TC08-0000000NS-A004,,2026-08-17T16:59:23.851786+00:00,2026-08-17T16:59:23.851786+00:00,Christopher_Robertson,PT01-STEP8-FIRE-TO-MIRCAT-PIN4-v1,MS02+T1-01-COMPLETED-WORKING-EVIDENCE,,electrical_falling_edge_timing,PT01-COND-0000000NS,4,true,true,,PT01-ART-0046,Both laser destination DB9 connectors physically disconnected
system_recalibration_001,PT-01,system_recalibration_001_PT-01_001,PT01-TC08-0000000NS-A005,,2026-08-17T16:59:24.260550+00:00,2026-08-17T16:59:24.260550+00:00,Christopher_Robertson,PT01-STEP8-FIRE-TO-MIRCAT-PIN4-v1,MS02+T1-01-COMPLETED-WORKING-EVIDENCE,,electrical_falling_edge_timing,PT01-COND-0000000NS,5,true,true,,PT01-ART-0047,Both laser destination DB9 connectors physically disconnected
system_recalibration_001,PT-01,system_recalibration_001_PT-01_001,PT01-TC08-0000000NS-A006,,2026-08-17T16:59:24.661213+00:00,2026-08-17T16:59:24.661213+00:00,Christopher_Robertson,PT01-STEP8-FIRE-TO-MIRCAT-PIN4-v1,MS02+T1-01-COMPLETED-WORKING-EVIDENCE,,electrical_falling_edge_timing,PT01-COND-0000000NS,6,true,true,,PT01-ART-0048,Both laser destination DB9 connectors physically disconnected
system_recalibration_001,PT-01,system_recalibration_001_PT-01_001,PT01-TC08-0000000NS-A007,,2026-08-17T16:59:25.061196+00:00,2026-08-17T16:59:25.061196+00:00,Christopher_Robertson,PT01-STEP8-FIRE-TO-MIRCAT-PIN4-v1,MS02+T1-01-COMPLETED-WORKING-EVIDENCE,,electrical_falling_edge_timing,PT01-COND-0000000NS,7,true,true,,PT01-ART-0049,Both laser destination DB9 connectors physically disconnected
system_recalibration_001,PT-01,system_recalibration_001_PT-01_001,PT01-TC08-0000000NS-A008,,2026-08-17T16:59:25.460610+00:00,2026-08-17T16:59:25.460610+00:00,Christopher_Robertson,PT01-STEP8-FIRE-TO-MIRCAT-PIN4-v1,MS02+T1-01-COMPLETED-WORKING-EVIDENCE,,electrical_falling_edge_timing,PT01-COND-0000000NS,8,true,true,,PT01-ART-0050,Both laser destination DB9 connectors physically disconnected
system_recalibration_001,PT-01,system_recalibration_001_PT-01_001,PT01-TC08-0000000NS-A009,,2026-08-17T16:59:25.857957+00:00,2026-08-17T16:59:25.857957+00:00,Christopher_Robertson,PT01-STEP8-FIRE-TO-MIRCAT-PIN4-v1,MS02+T1-01-COMPLETED-WORKING-EVIDENCE,,electrical_falling_edge_timing,PT01-COND-0000000NS,9,true,true,,PT01-ART-0051,Both laser destination DB9 connectors physically disconnected
system_recalibration_001,PT-01,system_recalibration_001_PT-01_001,PT01-TC08-0000000NS-A010,,2026-08-17T16:59:26.257994+00:00,2026-08-17T16:59:26.257994+00:00,Christopher_Robertson,PT01-STEP8-FIRE-TO-MIRCAT-PIN4-v1,MS02+T1-01-COMPLETED-WORKING-EVIDENCE,,electrical_falling_edge_timing,PT01-COND-0000000NS,10,true,true,,PT01-ART-0052,Both laser destination DB9 connectors physically disconnected
system_recalibration_001,PT-01,system_recalibration_001_PT-01_001,PT01-TC08-0000000NS-A011,,2026-08-17T16:59:26.657617+00:00,2026-08-17T16:59:26.657617+00:00,Christopher_Robertson,PT01-STEP8-FIRE-TO-MIRCAT-PIN4-v1,MS02+T1-01-COMPLETED-WORKING-EVIDENCE,,electrical_falling_edge_timing,PT01-COND-0000000NS,11,true,true,,PT01-ART-0053,Both laser destination DB9 connectors physically disconnected
system_recalibration_001,PT-01,system_recalibration_001_PT-01_001,PT01-TC08-0000000NS-A012,,2026-08-17T16:59:27.055498+00:00,2026-08-17T16:59:27.055498+00:00,Christopher_Robertson,PT01-STEP8-FIRE-TO-MIRCAT-PIN4-v1,MS02+T1-01-COMPLETED-WORKING-EVIDENCE,,electrical_falling_edge_timing,PT01-COND-0000000NS,12,true,true,,PT01-ART-0054,Both laser destination DB9 connectors physically disconnected
system_recalibration_001,PT-01,system_recalibration_001_PT-01_001,PT01-TC08-0000000NS-A013,,2026-08-17T16:59:27.468581+00:00,2026-08-17T16:59:27.468581+00:00,Christopher_Robertson,PT01-STEP8-FIRE-TO-MIRCAT-PIN4-v1,MS02+T1-01-COMPLETED-WORKING-EVIDENCE,,electrical_falling_edge_timing,PT01-COND-0000000NS,13,true,true,,PT01-ART-0055,Both laser destination DB9 connectors physically disconnected
system_recalibration_001,PT-01,system_recalibration_001_PT-01_001,PT01-TC08-0000000NS-A014,,2026-08-17T16:59:27.854686+00:00,2026-08-17T16:59:27.854686+00:00,Christopher_Robertson,PT01-STEP8-FIRE-TO-MIRCAT-PIN4-v1,MS02+T1-01-COMPLETED-WORKING-EVIDENCE,,electrical_falling_edge_timing,PT01-COND-0000000NS,14,true,true,,PT01-ART-0056,Both laser destination DB9 connectors physically disconnected
system_recalibration_001,PT-01,system_recalibration_001_PT-01_001,PT01-TC08-0000000NS-A015,,2026-08-17T16:59:28.262541+00:00,2026-08-17T16:59:28.262541+00:00,Christopher_Robertson,PT01-STEP8-FIRE-TO-MIRCAT-PIN4-v1,MS02+T1-01-COMPLETED-WORKING-EVIDENCE,,electrical_falling_edge_timing,PT01-COND-0000000NS,15,true,true,,PT01-ART-0057,Both laser destination DB9 connectors physically disconnected
system_recalibration_001,PT-01,system_recalibration_001_PT-01_001,PT01-TC08-0000000NS-A016,,2026-08-17T16:59:28.661802+00:00,2026-08-17T16:59:28.661802+00:00,Christopher_Robertson,PT01-STEP8-FIRE-TO-MIRCAT-PIN4-v1,MS02+T1-01-COMPLETED-WORKING-EVIDENCE,,electrical_falling_edge_timing,PT01-COND-0000000NS,16,true,true,,PT01-ART-0058,Both laser destination DB9 connectors physically disconnected
system_recalibration_001,PT-01,system_recalibration_001_PT-01_001,PT01-TC08-0000000NS-A017,,2026-08-17T16:59:29.059985+00:00,2026-08-17T16:59:29.059985+00:00,Christopher_Robertson,PT01-STEP8-FIRE-TO-MIRCAT-PIN4-v1,MS02+T1-01-COMPLETED-WORKING-EVIDENCE,,electrical_falling_edge_timing,PT01-COND-0000000NS,17,true,true,,PT01-ART-0059,Both laser destination DB9 connectors physically disconnected
system_recalibration_001,PT-01,system_recalibration_001_PT-01_001,PT01-TC08-0000000NS-A018,,2026-08-17T16:59:29.454213+00:00,2026-08-17T16:59:29.454213+00:00,Christopher_Robertson,PT01-STEP8-FIRE-TO-MIRCAT-PIN4-v1,MS02+T1-01-COMPLETED-WORKING-EVIDENCE,,electrical_falling_edge_timing,PT01-COND-0000000NS,18,true,true,,PT01-ART-0060,Both laser destination DB9 connectors physically disconnected
system_recalibration_001,PT-01,system_recalibration_001_PT-01_001,PT01-TC08-0000000NS-A019,,2026-08-17T16:59:29.870434+00:00,2026-08-17T16:59:29.870434+00:00,Christopher_Robertson,PT01-STEP8-FIRE-TO-MIRCAT-PIN4-v1,MS02+T1-01-COMPLETED-WORKING-EVIDENCE,,electrical_falling_edge_timing,PT01-COND-0000000NS,19,true,true,,PT01-ART-0061,Both laser destination DB9 connectors physically disconnected
system_recalibration_001,PT-01,system_recalibration_001_PT-01_001,PT01-TC08-0000000NS-A020,,2026-08-17T16:59:30.263534+00:00,2026-08-17T16:59:30.263534+00:00,Christopher_Robertson,PT01-STEP8-FIRE-TO-MIRCAT-PIN4-v1,MS02+T1-01-COMPLETED-WORKING-EVIDENCE,,electrical_falling_edge_timing,PT01-COND-0000000NS,20,true,true,,PT01-ART-0062,Both laser destination DB9 connectors physically disconnected
system_recalibration_001,PT-01,system_recalibration_001_PT-01_001,PT01-TC08-0000000NS-A021,,2026-08-17T16:59:30.669910+00:00,2026-08-17T16:59:30.669910+00:00,Christopher_Robertson,PT01-STEP8-FIRE-TO-MIRCAT-PIN4-v1,MS02+T1-01-COMPLETED-WORKING-EVIDENCE,,electrical_falling_edge_timing,PT01-COND-0000000NS,21,true,true,,PT01-ART-0063,Both laser destination DB9 connectors physically disconnected
system_recalibration_001,PT-01,system_recalibration_001_PT-01_001,PT01-TC08-0000000NS-A022,,2026-08-17T16:59:31.071188+00:00,2026-08-17T16:59:31.071188+00:00,Christopher_Robertson,PT01-STEP8-FIRE-TO-MIRCAT-PIN4-v1,MS02+T1-01-COMPLETED-WORKING-EVIDENCE,,electrical_falling_edge_timing,PT01-COND-0000000NS,22,true,true,,PT01-ART-0064,Both laser destination DB9 connectors physically disconnected
system_recalibration_001,PT-01,system_recalibration_001_PT-01_001,PT01-TC08-0000000NS-A023,,2026-08-17T16:59:31.471355+00:00,2026-08-17T16:59:31.471355+00:00,Christopher_Robertson,PT01-STEP8-FIRE-TO-MIRCAT-PIN4-v1,MS02+T1-01-COMPLETED-WORKING-EVIDENCE,,electrical_falling_edge_timing,PT01-COND-0000000NS,23,true,true,,PT01-ART-0065,Both laser destination DB9 connectors physically disconnected
system_recalibration_001,PT-01,system_recalibration_001_PT-01_001,PT01-TC08-0000000NS-A024,,2026-08-17T16:59:31.872637+00:00,2026-08-17T16:59:31.872637+00:00,Christopher_Robertson,PT01-STEP8-FIRE-TO-MIRCAT-PIN4-v1,MS02+T1-01-COMPLETED-WORKING-EVIDENCE,,electrical_falling_edge_timing,PT01-COND-0000000NS,24,true,true,,PT01-ART-0066,Both laser destination DB9 connectors physically disconnected
system_recalibration_001,PT-01,system_recalibration_001_PT-01_001,PT01-TC08-0000000NS-A025,,2026-08-17T16:59:32.271485+00:00,2026-08-17T16:59:32.271485+00:00,Christopher_Robertson,PT01-STEP8-FIRE-TO-MIRCAT-PIN4-v1,MS02+T1-01-COMPLETED-WORKING-EVIDENCE,,electrical_falling_edge_timing,PT01-COND-0000000NS,25,true,true,,PT01-ART-0067,Both laser destination DB9 connectors physically disconnected
system_recalibration_001,PT-01,system_recalibration_001_PT-01_001,PT01-TC08-0000000NS-A026,,2026-08-17T16:59:32.665139+00:00,2026-08-17T16:59:32.665139+00:00,Christopher_Robertson,PT01-STEP8-FIRE-TO-MIRCAT-PIN4-v1,MS02+T1-01-COMPLETED-WORKING-EVIDENCE,,electrical_falling_edge_timing,PT01-COND-0000000NS,26,true,true,,PT01-ART-0068,Both laser destination DB9 connectors physically disconnected
system_recalibration_001,PT-01,system_recalibration_001_PT-01_001,PT01-TC08-0000000NS-A027,,2026-08-17T16:59:33.065933+00:00,2026-08-17T16:59:33.065933+00:00,Christopher_Robertson,PT01-STEP8-FIRE-TO-MIRCAT-PIN4-v1,MS02+T1-01-COMPLETED-WORKING-EVIDENCE,,electrical_falling_edge_timing,PT01-COND-0000000NS,27,true,true,,PT01-ART-0069,Both laser destination DB9 connectors physically disconnected
system_recalibration_001,PT-01,system_recalibration_001_PT-01_001,PT01-TC08-0000000NS-A028,,2026-08-17T16:59:33.467463+00:00,2026-08-17T16:59:33.467463+00:00,Christopher_Robertson,PT01-STEP8-FIRE-TO-MIRCAT-PIN4-v1,MS02+T1-01-COMPLETED-WORKING-EVIDENCE,,electrical_falling_edge_timing,PT01-COND-0000000NS,28,true,true,,PT01-ART-0070,Both laser destination DB9 connectors physically disconnected
system_recalibration_001,PT-01,system_recalibration_001_PT-01_001,PT01-TC08-0000000NS-A029,,2026-08-17T16:59:33.868208+00:00,2026-08-17T16:59:33.868208+00:00,Christopher_Robertson,PT01-STEP8-FIRE-TO-MIRCAT-PIN4-v1,MS02+T1-01-COMPLETED-WORKING-EVIDENCE,,electrical_falling_edge_timing,PT01-COND-0000000NS,29,true,true,,PT01-ART-0071,Both laser destination DB9 connectors physically disconnected
system_recalibration_001,PT-01,system_recalibration_001_PT-01_001,PT01-TC08-0000000NS-A030,,2026-08-17T16:59:34.277772+00:00,2026-08-17T16:59:34.277772+00:00,Christopher_Robertson,PT01-STEP8-FIRE-TO-MIRCAT-PIN4-v1,MS02+T1-01-COMPLETED-WORKING-EVIDENCE,,electrical_falling_edge_timing,PT01-COND-0000000NS,30,true,true,,PT01-ART-0072,Both laser destination DB9 connectors physically disconnected
system_recalibration_001,PT-01,system_recalibration_001_PT-01_001,PT01-TC08-0000000NS-A031,,2026-08-17T16:59:34.676912+00:00,2026-08-17T16:59:34.676912+00:00,Christopher_Robertson,PT01-STEP8-FIRE-TO-MIRCAT-PIN4-v1,MS02+T1-01-COMPLETED-WORKING-EVIDENCE,,electrical_falling_edge_timing,PT01-COND-0000000NS,31,true,true,,PT01-ART-0073,Both laser destination DB9 connectors physically disconnected
system_recalibration_001,PT-01,system_recalibration_001_PT-01_001,PT01-TC08-0000000NS-A032,,2026-08-17T16:59:35.077399+00:00,2026-08-17T16:59:35.077399+00:00,Christopher_Robertson,PT01-STEP8-FIRE-TO-MIRCAT-PIN4-v1,MS02+T1-01-COMPLETED-WORKING-EVIDENCE,,electrical_falling_edge_timing,PT01-COND-0000000NS,32,true,true,,PT01-ART-0074,Both laser destination DB9 connectors physically disconnected
system_recalibration_001,PT-01,system_recalibration_001_PT-01_001,PT01-TC08-0000000NS-A033,,2026-08-17T16:59:35.476474+00:00,2026-08-17T16:59:35.476474+00:00,Christopher_Robertson,PT01-STEP8-FIRE-TO-MIRCAT-PIN4-v1,MS02+T1-01-COMPLETED-WORKING-EVIDENCE,,electrical_falling_edge_timing,PT01-COND-0000000NS,33,true,true,,PT01-ART-0075,Both laser destination DB9 connectors physically disconnected
system_recalibration_001,PT-01,system_recalibration_001_PT-01_001,PT01-TC08-0000000NS-A034,,2026-08-17T16:59:35.874779+00:00,2026-08-17T16:59:35.874779+00:00,Christopher_Robertson,PT01-STEP8-FIRE-TO-MIRCAT-PIN4-v1,MS02+T1-01-COMPLETED-WORKING-EVIDENCE,,electrical_falling_edge_timing,PT01-COND-0000000NS,34,true,true,,PT01-ART-0076,Both laser destination DB9 connectors physically disconnected
system_recalibration_001,PT-01,system_recalibration_001_PT-01_001,PT01-TC08-0000000NS-A035,,2026-08-17T16:59:36.279654+00:00,2026-08-17T16:59:36.279654+00:00,Christopher_Robertson,PT01-STEP8-FIRE-TO-MIRCAT-PIN4-v1,MS02+T1-01-COMPLETED-WORKING-EVIDENCE,,electrical_falling_edge_timing,PT01-COND-0000000NS,35,true,true,,PT01-ART-0077,Both laser destination DB9 connectors physically disconnected
system_recalibration_001,PT-01,system_recalibration_001_PT-01_001,PT01-TC08-0000000NS-A036,,2026-08-17T16:59:36.669419+00:00,2026-08-17T16:59:36.669419+00:00,Christopher_Robertson,PT01-STEP8-FIRE-TO-MIRCAT-PIN4-v1,MS02+T1-01-COMPLETED-WORKING-EVIDENCE,,electrical_falling_edge_timing,PT01-COND-0000000NS,36,true,true,,PT01-ART-0078,Both laser destination DB9 connectors physically disconnected
system_recalibration_001,PT-01,system_recalibration_001_PT-01_001,PT01-TC08-0000000NS-A037,,2026-08-17T16:59:37.077614+00:00,2026-08-17T16:59:37.077614+00:00,Christopher_Robertson,PT01-STEP8-FIRE-TO-MIRCAT-PIN4-v1,MS02+T1-01-COMPLETED-WORKING-EVIDENCE,,electrical_falling_edge_timing,PT01-COND-0000000NS,37,true,true,,PT01-ART-0079,Both laser destination DB9 connectors physically disconnected
system_recalibration_001,PT-01,system_recalibration_001_PT-01_001,PT01-TC08-0000000NS-A038,,2026-08-17T16:59:37.473383+00:00,2026-08-17T16:59:37.473383+00:00,Christopher_Robertson,PT01-STEP8-FIRE-TO-MIRCAT-PIN4-v1,MS02+T1-01-COMPLETED-WORKING-EVIDENCE,,electrical_falling_edge_timing,PT01-COND-0000000NS,38,true,true,,PT01-ART-0080,Both laser destination DB9 connectors physically disconnected
system_recalibration_001,PT-01,system_recalibration_001_PT-01_001,PT01-TC08-0000000NS-A039,,2026-08-17T16:59:37.878827+00:00,2026-08-17T16:59:37.878827+00:00,Christopher_Robertson,PT01-STEP8-FIRE-TO-MIRCAT-PIN4-v1,MS02+T1-01-COMPLETED-WORKING-EVIDENCE,,electrical_falling_edge_timing,PT01-COND-0000000NS,39,true,true,,PT01-ART-0081,Both laser destination DB9 connectors physically disconnected
system_recalibration_001,PT-01,system_recalibration_001_PT-01_001,PT01-TC08-0000000NS-A040,,2026-08-17T16:59:38.273736+00:00,2026-08-17T16:59:38.273736+00:00,Christopher_Robertson,PT01-STEP8-FIRE-TO-MIRCAT-PIN4-v1,MS02+T1-01-COMPLETED-WORKING-EVIDENCE,,electrical_falling_edge_timing,PT01-COND-0000000NS,40,true,true,,PT01-ART-0082,Both laser destination DB9 connectors physically disconnected
system_recalibration_001,PT-01,system_recalibration_001_PT-01_001,PT01-TC08-0000000NS-A041,,2026-08-17T16:59:38.677606+00:00,2026-08-17T16:59:38.677606+00:00,Christopher_Robertson,PT01-STEP8-FIRE-TO-MIRCAT-PIN4-v1,MS02+T1-01-COMPLETED-WORKING-EVIDENCE,,electrical_falling_edge_timing,PT01-COND-0000000NS,41,true,true,,PT01-ART-0083,Both laser destination DB9 connectors physically disconnected
system_recalibration_001,PT-01,system_recalibration_001_PT-01_001,PT01-TC08-0000000NS-A042,,2026-08-17T16:59:39.081713+00:00,2026-08-17T16:59:39.081713+00:00,Christopher_Robertson,PT01-STEP8-FIRE-TO-MIRCAT-PIN4-v1,MS02+T1-01-COMPLETED-WORKING-EVIDENCE,,electrical_falling_edge_timing,PT01-COND-0000000NS,42,true,true,,PT01-ART-0084,Both laser destination DB9 connectors physically disconnected
system_recalibration_001,PT-01,system_recalibration_001_PT-01_001,PT01-TC08-0000000NS-A043,,2026-08-17T16:59:39.488003+00:00,2026-08-17T16:59:39.488003+00:00,Christopher_Robertson,PT01-STEP8-FIRE-TO-MIRCAT-PIN4-v1,MS02+T1-01-COMPLETED-WORKING-EVIDENCE,,electrical_falling_edge_timing,PT01-COND-0000000NS,43,true,true,,PT01-ART-0085,Both laser destination DB9 connectors physically disconnected
system_recalibration_001,PT-01,system_recalibration_001_PT-01_001,PT01-TC08-0000000NS-A044,,2026-08-17T16:59:39.893845+00:00,2026-08-17T16:59:39.893845+00:00,Christopher_Robertson,PT01-STEP8-FIRE-TO-MIRCAT-PIN4-v1,MS02+T1-01-COMPLETED-WORKING-EVIDENCE,,electrical_falling_edge_timing,PT01-COND-0000000NS,44,true,true,,PT01-ART-0086,Both laser destination DB9 connectors physically disconnected
system_recalibration_001,PT-01,system_recalibration_001_PT-01_001,PT01-TC08-0000000NS-A045,,2026-08-17T16:59:40.281947+00:00,2026-08-17T16:59:40.281947+00:00,Christopher_Robertson,PT01-STEP8-FIRE-TO-MIRCAT-PIN4-v1,MS02+T1-01-COMPLETED-WORKING-EVIDENCE,,electrical_falling_edge_timing,PT01-COND-0000000NS,45,true,true,,PT01-ART-0087,Both laser destination DB9 connectors physically disconnected
system_recalibration_001,PT-01,system_recalibration_001_PT-01_001,PT01-TC08-0000000NS-A046,,2026-08-17T16:59:40.687860+00:00,2026-08-17T16:59:40.687860+00:00,Christopher_Robertson,PT01-STEP8-FIRE-TO-MIRCAT-PIN4-v1,MS02+T1-01-COMPLETED-WORKING-EVIDENCE,,electrical_falling_edge_timing,PT01-COND-0000000NS,46,true,true,,PT01-ART-0088,Both laser destination DB9 connectors physically disconnected
system_recalibration_001,PT-01,system_recalibration_001_PT-01_001,PT01-TC08-0000000NS-A047,,2026-08-17T16:59:41.092650+00:00,2026-08-17T16:59:41.092650+00:00,Christopher_Robertson,PT01-STEP8-FIRE-TO-MIRCAT-PIN4-v1,MS02+T1-01-COMPLETED-WORKING-EVIDENCE,,electrical_falling_edge_timing,PT01-COND-0000000NS,47,true,true,,PT01-ART-0089,Both laser destination DB9 connectors physically disconnected
system_recalibration_001,PT-01,system_recalibration_001_PT-01_001,PT01-TC08-0000000NS-A048,,2026-08-17T16:59:41.490042+00:00,2026-08-17T16:59:41.490042+00:00,Christopher_Robertson,PT01-STEP8-FIRE-TO-MIRCAT-PIN4-v1,MS02+T1-01-COMPLETED-WORKING-EVIDENCE,,electrical_falling_edge_timing,PT01-COND-0000000NS,48,true,true,,PT01-ART-0090,Both laser destination DB9 connectors physically disconnected
system_recalibration_001,PT-01,system_recalibration_001_PT-01_001,PT01-TC08-0000000NS-A049,,2026-08-17T16:59:41.892624+00:00,2026-08-17T16:59:41.892624+00:00,Christopher_Robertson,PT01-STEP8-FIRE-TO-MIRCAT-PIN4-v1,MS02+T1-01-COMPLETED-WORKING-EVIDENCE,,electrical_falling_edge_timing,PT01-COND-0000000NS,49,true,true,,PT01-ART-0091,Both laser destination DB9 connectors physically disconnected
system_recalibration_001,PT-01,system_recalibration_001_PT-01_001,PT01-TC08-0000000NS-A050,,2026-08-17T16:59:42.290395+00:00,2026-08-17T16:59:42.290395+00:00,Christopher_Robertson,PT01-STEP8-FIRE-TO-MIRCAT-PIN4-v1,MS02+T1-01-COMPLETED-WORKING-EVIDENCE,,electrical_falling_edge_timing,PT01-COND-0000000NS,50,true,true,,PT01-ART-0092,Both laser destination DB9 connectors physically disconnected
system_recalibration_001,PT-01,system_recalibration_001_PT-01_001,PT01-TC08-0000000NS-A051,,2026-08-17T16:59:42.689404+00:00,2026-08-17T16:59:42.689404+00:00,Christopher_Robertson,PT01-STEP8-FIRE-TO-MIRCAT-PIN4-v1,MS02+T1-01-COMPLETED-WORKING-EVIDENCE,,electrical_falling_edge_timing,PT01-COND-0000000NS,51,true,true,,PT01-ART-0093,Both laser destination DB9 connectors physically disconnected
system_recalibration_001,PT-01,system_recalibration_001_PT-01_001,PT01-TC08-0000000NS-A052,,2026-08-17T16:59:43.083648+00:00,2026-08-17T16:59:43.083648+00:00,Christopher_Robertson,PT01-STEP8-FIRE-TO-MIRCAT-PIN4-v1,MS02+T1-01-COMPLETED-WORKING-EVIDENCE,,electrical_falling_edge_timing,PT01-COND-0000000NS,52,true,true,,PT01-ART-0094,Both laser destination DB9 connectors physically disconnected
system_recalibration_001,PT-01,system_recalibration_001_PT-01_001,PT01-TC08-0000000NS-A053,,2026-08-17T16:59:43.492258+00:00,2026-08-17T16:59:43.492258+00:00,Christopher_Robertson,PT01-STEP8-FIRE-TO-MIRCAT-PIN4-v1,MS02+T1-01-COMPLETED-WORKING-EVIDENCE,,electrical_falling_edge_timing,PT01-COND-0000000NS,53,true,true,,PT01-ART-0095,Both laser destination DB9 connectors physically disconnected
system_recalibration_001,PT-01,system_recalibration_001_PT-01_001,PT01-TC08-0000000NS-A054,,2026-08-17T16:59:43.894670+00:00,2026-08-17T16:59:43.894670+00:00,Christopher_Robertson,PT01-STEP8-FIRE-TO-MIRCAT-PIN4-v1,MS02+T1-01-COMPLETED-WORKING-EVIDENCE,,electrical_falling_edge_timing,PT01-COND-0000000NS,54,true,true,,PT01-ART-0096,Both laser destination DB9 connectors physically disconnected
system_recalibration_001,PT-01,system_recalibration_001_PT-01_001,PT01-TC08-0000000NS-A055,,2026-08-17T16:59:44.292095+00:00,2026-08-17T16:59:44.292095+00:00,Christopher_Robertson,PT01-STEP8-FIRE-TO-MIRCAT-PIN4-v1,MS02+T1-01-COMPLETED-WORKING-EVIDENCE,,electrical_falling_edge_timing,PT01-COND-0000000NS,55,true,true,,PT01-ART-0097,Both laser destination DB9 connectors physically disconnected
system_recalibration_001,PT-01,system_recalibration_001_PT-01_001,PT01-TC08-0000000NS-A056,,2026-08-17T16:59:44.691252+00:00,2026-08-17T16:59:44.691252+00:00,Christopher_Robertson,PT01-STEP8-FIRE-TO-MIRCAT-PIN4-v1,MS02+T1-01-COMPLETED-WORKING-EVIDENCE,,electrical_falling_edge_timing,PT01-COND-0000000NS,56,true,true,,PT01-ART-0098,Both laser destination DB9 connectors physically disconnected
system_recalibration_001,PT-01,system_recalibration_001_PT-01_001,PT01-TC08-0000000NS-A057,,2026-08-17T16:59:45.087263+00:00,2026-08-17T16:59:45.087263+00:00,Christopher_Robertson,PT01-STEP8-FIRE-TO-MIRCAT-PIN4-v1,MS02+T1-01-COMPLETED-WORKING-EVIDENCE,,electrical_falling_edge_timing,PT01-COND-0000000NS,57,true,true,,PT01-ART-0099,Both laser destination DB9 connectors physically disconnected
system_recalibration_001,PT-01,system_recalibration_001_PT-01_001,PT01-TC08-0000000NS-A058,,2026-08-17T16:59:45.495297+00:00,2026-08-17T16:59:45.495297+00:00,Christopher_Robertson,PT01-STEP8-FIRE-TO-MIRCAT-PIN4-v1,MS02+T1-01-COMPLETED-WORKING-EVIDENCE,,electrical_falling_edge_timing,PT01-COND-0000000NS,58,true,true,,PT01-ART-0100,Both laser destination DB9 connectors physically disconnected
system_recalibration_001,PT-01,system_recalibration_001_PT-01_001,PT01-TC08-0000000NS-A059,,2026-08-17T16:59:45.888911+00:00,2026-08-17T16:59:45.888911+00:00,Christopher_Robertson,PT01-STEP8-FIRE-TO-MIRCAT-PIN4-v1,MS02+T1-01-COMPLETED-WORKING-EVIDENCE,,electrical_falling_edge_timing,PT01-COND-0000000NS,59,true,true,,PT01-ART-0101,Both laser destination DB9 connectors physically disconnected
system_recalibration_001,PT-01,system_recalibration_001_PT-01_001,PT01-TC08-0000000NS-A060,,2026-08-17T16:59:46.284690+00:00,2026-08-17T16:59:46.284690+00:00,Christopher_Robertson,PT01-STEP8-FIRE-TO-MIRCAT-PIN4-v1,MS02+T1-01-COMPLETED-WORKING-EVIDENCE,,electrical_falling_edge_timing,PT01-COND-0000000NS,60,true,true,,PT01-ART-0102,Both laser destination DB9 connectors physically disconnected
system_recalibration_001,PT-01,system_recalibration_001_PT-01_001,PT01-TC08-0000000NS-A061,,2026-08-17T16:59:46.695851+00:00,2026-08-17T16:59:46.695851+00:00,Christopher_Robertson,PT01-STEP8-FIRE-TO-MIRCAT-PIN4-v1,MS02+T1-01-COMPLETED-WORKING-EVIDENCE,,electrical_falling_edge_timing,PT01-COND-0000000NS,61,true,true,,PT01-ART-0103,Both laser destination DB9 connectors physically disconnected
system_recalibration_001,PT-01,system_recalibration_001_PT-01_001,PT01-TC08-0000000NS-A062,,2026-08-17T16:59:47.097990+00:00,2026-08-17T16:59:47.097990+00:00,Christopher_Robertson,PT01-STEP8-FIRE-TO-MIRCAT-PIN4-v1,MS02+T1-01-COMPLETED-WORKING-EVIDENCE,,electrical_falling_edge_timing,PT01-COND-0000000NS,62,true,true,,PT01-ART-0104,Both laser destination DB9 connectors physically disconnected
system_recalibration_001,PT-01,system_recalibration_001_PT-01_001,PT01-TC08-0000000NS-A063,,2026-08-17T16:59:47.495482+00:00,2026-08-17T16:59:47.495482+00:00,Christopher_Robertson,PT01-STEP8-FIRE-TO-MIRCAT-PIN4-v1,MS02+T1-01-COMPLETED-WORKING-EVIDENCE,,electrical_falling_edge_timing,PT01-COND-0000000NS,63,true,true,,PT01-ART-0105,Both laser destination DB9 connectors physically disconnected
system_recalibration_001,PT-01,system_recalibration_001_PT-01_001,PT01-TC08-0000000NS-A064,,2026-08-17T16:59:47.896869+00:00,2026-08-17T16:59:47.896869+00:00,Christopher_Robertson,PT01-STEP8-FIRE-TO-MIRCAT-PIN4-v1,MS02+T1-01-COMPLETED-WORKING-EVIDENCE,,electrical_falling_edge_timing,PT01-COND-0000000NS,64,true,true,,PT01-ART-0106,Both laser destination DB9 connectors physically disconnected
system_recalibration_001,PT-01,system_recalibration_001_PT-01_001,PT01-TC08-0000000NS-A065,,2026-08-17T16:59:48.313199+00:00,2026-08-17T16:59:48.313199+00:00,Christopher_Robertson,PT01-STEP8-FIRE-TO-MIRCAT-PIN4-v1,MS02+T1-01-COMPLETED-WORKING-EVIDENCE,,electrical_falling_edge_timing,PT01-COND-0000000NS,65,true,true,,PT01-ART-0107,Both laser destination DB9 connectors physically disconnected
system_recalibration_001,PT-01,system_recalibration_001_PT-01_001,PT01-TC08-0000000NS-A066,,2026-08-17T16:59:48.702397+00:00,2026-08-17T16:59:48.702397+00:00,Christopher_Robertson,PT01-STEP8-FIRE-TO-MIRCAT-PIN4-v1,MS02+T1-01-COMPLETED-WORKING-EVIDENCE,,electrical_falling_edge_timing,PT01-COND-0000000NS,66,true,true,,PT01-ART-0108,Both laser destination DB9 connectors physically disconnected
system_recalibration_001,PT-01,system_recalibration_001_PT-01_001,PT01-TC08-0000000NS-A067,,2026-08-17T16:59:49.115615+00:00,2026-08-17T16:59:49.115615+00:00,Christopher_Robertson,PT01-STEP8-FIRE-TO-MIRCAT-PIN4-v1,MS02+T1-01-COMPLETED-WORKING-EVIDENCE,,electrical_falling_edge_timing,PT01-COND-0000000NS,67,true,true,,PT01-ART-0109,Both laser destination DB9 connectors physically disconnected
system_recalibration_001,PT-01,system_recalibration_001_PT-01_001,PT01-TC08-0000000NS-A068,,2026-08-17T16:59:49.519961+00:00,2026-08-17T16:59:49.519961+00:00,Christopher_Robertson,PT01-STEP8-FIRE-TO-MIRCAT-PIN4-v1,MS02+T1-01-COMPLETED-WORKING-EVIDENCE,,electrical_falling_edge_timing,PT01-COND-0000000NS,68,true,true,,PT01-ART-0110,Both laser destination DB9 connectors physically disconnected
system_recalibration_001,PT-01,system_recalibration_001_PT-01_001,PT01-TC08-0000000NS-A069,,2026-08-17T16:59:49.893343+00:00,2026-08-17T16:59:49.893343+00:00,Christopher_Robertson,PT01-STEP8-FIRE-TO-MIRCAT-PIN4-v1,MS02+T1-01-COMPLETED-WORKING-EVIDENCE,,electrical_falling_edge_timing,PT01-COND-0000000NS,69,true,true,,PT01-ART-0111,Both laser destination DB9 connectors physically disconnected
system_recalibration_001,PT-01,system_recalibration_001_PT-01_001,PT01-TC08-0000000NS-A070,,2026-08-17T16:59:50.316065+00:00,2026-08-17T16:59:50.316065+00:00,Christopher_Robertson,PT01-STEP8-FIRE-TO-MIRCAT-PIN4-v1,MS02+T1-01-COMPLETED-WORKING-EVIDENCE,,electrical_falling_edge_timing,PT01-COND-0000000NS,70,true,true,,PT01-ART-0112,Both laser destination DB9 connectors physically disconnected
system_recalibration_001,PT-01,system_recalibration_001_PT-01_001,PT01-TC08-0000000NS-A071,,2026-08-17T16:59:50.717938+00:00,2026-08-17T16:59:50.717938+00:00,Christopher_Robertson,PT01-STEP8-FIRE-TO-MIRCAT-PIN4-v1,MS02+T1-01-COMPLETED-WORKING-EVIDENCE,,electrical_falling_edge_timing,PT01-COND-0000000NS,71,true,true,,PT01-ART-0113,Both laser destination DB9 connectors physically disconnected
system_recalibration_001,PT-01,system_recalibration_001_PT-01_001,PT01-TC08-0000000NS-A072,,2026-08-17T16:59:51.112942+00:00,2026-08-17T16:59:51.112942+00:00,Christopher_Robertson,PT01-STEP8-FIRE-TO-MIRCAT-PIN4-v1,MS02+T1-01-COMPLETED-WORKING-EVIDENCE,,electrical_falling_edge_timing,PT01-COND-0000000NS,72,true,true,,PT01-ART-0114,Both laser destination DB9 connectors physically disconnected
system_recalibration_001,PT-01,system_recalibration_001_PT-01_001,PT01-TC08-0000000NS-A073,,2026-08-17T16:59:51.526971+00:00,2026-08-17T16:59:51.526971+00:00,Christopher_Robertson,PT01-STEP8-FIRE-TO-MIRCAT-PIN4-v1,MS02+T1-01-COMPLETED-WORKING-EVIDENCE,,electrical_falling_edge_timing,PT01-COND-0000000NS,73,true,true,,PT01-ART-0115,Both laser destination DB9 connectors physically disconnected
system_recalibration_001,PT-01,system_recalibration_001_PT-01_001,PT01-TC08-0000000NS-A074,,2026-08-17T16:59:51.922110+00:00,2026-08-17T16:59:51.922110+00:00,Christopher_Robertson,PT01-STEP8-FIRE-TO-MIRCAT-PIN4-v1,MS02+T1-01-COMPLETED-WORKING-EVIDENCE,,electrical_falling_edge_timing,PT01-COND-0000000NS,74,true,true,,PT01-ART-0116,Both laser destination DB9 connectors physically disconnected
system_recalibration_001,PT-01,system_recalibration_001_PT-01_001,PT01-TC08-0000000NS-A075,,2026-08-17T16:59:52.298030+00:00,2026-08-17T16:59:52.298030+00:00,Christopher_Robertson,PT01-STEP8-FIRE-TO-MIRCAT-PIN4-v1,MS02+T1-01-COMPLETED-WORKING-EVIDENCE,,electrical_falling_edge_timing,PT01-COND-0000000NS,75,true,true,,PT01-ART-0117,Both laser destination DB9 connectors physically disconnected
system_recalibration_001,PT-01,system_recalibration_001_PT-01_001,PT01-TC08-0000000NS-A076,,2026-08-17T16:59:52.708849+00:00,2026-08-17T16:59:52.708849+00:00,Christopher_Robertson,PT01-STEP8-FIRE-TO-MIRCAT-PIN4-v1,MS02+T1-01-COMPLETED-WORKING-EVIDENCE,,electrical_falling_edge_timing,PT01-COND-0000000NS,76,true,true,,PT01-ART-0118,Both laser destination DB9 connectors physically disconnected
system_recalibration_001,PT-01,system_recalibration_001_PT-01_001,PT01-TC08-0000000NS-A077,,2026-08-17T16:59:53.120378+00:00,2026-08-17T16:59:53.120378+00:00,Christopher_Robertson,PT01-STEP8-FIRE-TO-MIRCAT-PIN4-v1,MS02+T1-01-COMPLETED-WORKING-EVIDENCE,,electrical_falling_edge_timing,PT01-COND-0000000NS,77,true,true,,PT01-ART-0119,Both laser destination DB9 connectors physically disconnected
system_recalibration_001,PT-01,system_recalibration_001_PT-01_001,PT01-TC08-0000000NS-A078,,2026-08-17T16:59:53.496405+00:00,2026-08-17T16:59:53.496405+00:00,Christopher_Robertson,PT01-STEP8-FIRE-TO-MIRCAT-PIN4-v1,MS02+T1-01-COMPLETED-WORKING-EVIDENCE,,electrical_falling_edge_timing,PT01-COND-0000000NS,78,true,true,,PT01-ART-0120,Both laser destination DB9 connectors physically disconnected
system_recalibration_001,PT-01,system_recalibration_001_PT-01_001,PT01-TC08-0000000NS-A079,,2026-08-17T16:59:53.918628+00:00,2026-08-17T16:59:53.918628+00:00,Christopher_Robertson,PT01-STEP8-FIRE-TO-MIRCAT-PIN4-v1,MS02+T1-01-COMPLETED-WORKING-EVIDENCE,,electrical_falling_edge_timing,PT01-COND-0000000NS,79,true,true,,PT01-ART-0121,Both laser destination DB9 connectors physically disconnected
system_recalibration_001,PT-01,system_recalibration_001_PT-01_001,PT01-TC08-0000000NS-A080,,2026-08-17T16:59:54.324671+00:00,2026-08-17T16:59:54.324671+00:00,Christopher_Robertson,PT01-STEP8-FIRE-TO-MIRCAT-PIN4-v1,MS02+T1-01-COMPLETED-WORKING-EVIDENCE,,electrical_falling_edge_timing,PT01-COND-0000000NS,80,true,true,,PT01-ART-0122,Both laser destination DB9 connectors physically disconnected
system_recalibration_001,PT-01,system_recalibration_001_PT-01_001,PT01-TC08-0000000NS-A081,,2026-08-17T16:59:54.711821+00:00,2026-08-17T16:59:54.711821+00:00,Christopher_Robertson,PT01-STEP8-FIRE-TO-MIRCAT-PIN4-v1,MS02+T1-01-COMPLETED-WORKING-EVIDENCE,,electrical_falling_edge_timing,PT01-COND-0000000NS,81,true,true,,PT01-ART-0123,Both laser destination DB9 connectors physically disconnected
system_recalibration_001,PT-01,system_recalibration_001_PT-01_001,PT01-TC08-0000000NS-A082,,2026-08-17T16:59:55.128838+00:00,2026-08-17T16:59:55.128838+00:00,Christopher_Robertson,PT01-STEP8-FIRE-TO-MIRCAT-PIN4-v1,MS02+T1-01-COMPLETED-WORKING-EVIDENCE,,electrical_falling_edge_timing,PT01-COND-0000000NS,82,true,true,,PT01-ART-0124,Both laser destination DB9 connectors physically disconnected
system_recalibration_001,PT-01,system_recalibration_001_PT-01_001,PT01-TC08-0000000NS-A083,,2026-08-17T16:59:55.527945+00:00,2026-08-17T16:59:55.527945+00:00,Christopher_Robertson,PT01-STEP8-FIRE-TO-MIRCAT-PIN4-v1,MS02+T1-01-COMPLETED-WORKING-EVIDENCE,,electrical_falling_edge_timing,PT01-COND-0000000NS,83,true,true,,PT01-ART-0125,Both laser destination DB9 connectors physically disconnected
system_recalibration_001,PT-01,system_recalibration_001_PT-01_001,PT01-TC08-0000000NS-A084,,2026-08-17T16:59:55.920096+00:00,2026-08-17T16:59:55.920096+00:00,Christopher_Robertson,PT01-STEP8-FIRE-TO-MIRCAT-PIN4-v1,MS02+T1-01-COMPLETED-WORKING-EVIDENCE,,electrical_falling_edge_timing,PT01-COND-0000000NS,84,true,true,,PT01-ART-0126,Both laser destination DB9 connectors physically disconnected
system_recalibration_001,PT-01,system_recalibration_001_PT-01_001,PT01-TC08-0000000NS-A085,,2026-08-17T16:59:56.334287+00:00,2026-08-17T16:59:56.334287+00:00,Christopher_Robertson,PT01-STEP8-FIRE-TO-MIRCAT-PIN4-v1,MS02+T1-01-COMPLETED-WORKING-EVIDENCE,,electrical_falling_edge_timing,PT01-COND-0000000NS,85,true,true,,PT01-ART-0127,Both laser destination DB9 connectors physically disconnected
system_recalibration_001,PT-01,system_recalibration_001_PT-01_001,PT01-TC08-0000000NS-A086,,2026-08-17T16:59:56.735449+00:00,2026-08-17T16:59:56.735449+00:00,Christopher_Robertson,PT01-STEP8-FIRE-TO-MIRCAT-PIN4-v1,MS02+T1-01-COMPLETED-WORKING-EVIDENCE,,electrical_falling_edge_timing,PT01-COND-0000000NS,86,true,true,,PT01-ART-0128,Both laser destination DB9 connectors physically disconnected
system_recalibration_001,PT-01,system_recalibration_001_PT-01_001,PT01-TC08-0000000NS-A087,,2026-08-17T16:59:57.111259+00:00,2026-08-17T16:59:57.111259+00:00,Christopher_Robertson,PT01-STEP8-FIRE-TO-MIRCAT-PIN4-v1,MS02+T1-01-COMPLETED-WORKING-EVIDENCE,,electrical_falling_edge_timing,PT01-COND-0000000NS,87,true,true,,PT01-ART-0129,Both laser destination DB9 connectors physically disconnected
system_recalibration_001,PT-01,system_recalibration_001_PT-01_001,PT01-TC08-0000000NS-A088,,2026-08-17T16:59:57.512560+00:00,2026-08-17T16:59:57.512560+00:00,Christopher_Robertson,PT01-STEP8-FIRE-TO-MIRCAT-PIN4-v1,MS02+T1-01-COMPLETED-WORKING-EVIDENCE,,electrical_falling_edge_timing,PT01-COND-0000000NS,88,true,true,,PT01-ART-0130,Both laser destination DB9 connectors physically disconnected
system_recalibration_001,PT-01,system_recalibration_001_PT-01_001,PT01-TC08-0000000NS-A089,,2026-08-17T16:59:57.934294+00:00,2026-08-17T16:59:57.934294+00:00,Christopher_Robertson,PT01-STEP8-FIRE-TO-MIRCAT-PIN4-v1,MS02+T1-01-COMPLETED-WORKING-EVIDENCE,,electrical_falling_edge_timing,PT01-COND-0000000NS,89,true,true,,PT01-ART-0131,Both laser destination DB9 connectors physically disconnected
system_recalibration_001,PT-01,system_recalibration_001_PT-01_001,PT01-TC08-0000000NS-A090,,2026-08-17T16:59:58.298575+00:00,2026-08-17T16:59:58.298575+00:00,Christopher_Robertson,PT01-STEP8-FIRE-TO-MIRCAT-PIN4-v1,MS02+T1-01-COMPLETED-WORKING-EVIDENCE,,electrical_falling_edge_timing,PT01-COND-0000000NS,90,true,true,,PT01-ART-0132,Both laser destination DB9 connectors physically disconnected
system_recalibration_001,PT-01,system_recalibration_001_PT-01_001,PT01-TC08-0000000NS-A091,,2026-08-17T16:59:58.727108+00:00,2026-08-17T16:59:58.727108+00:00,Christopher_Robertson,PT01-STEP8-FIRE-TO-MIRCAT-PIN4-v1,MS02+T1-01-COMPLETED-WORKING-EVIDENCE,,electrical_falling_edge_timing,PT01-COND-0000000NS,91,true,true,,PT01-ART-0133,Both laser destination DB9 connectors physically disconnected
system_recalibration_001,PT-01,system_recalibration_001_PT-01_001,PT01-TC08-0000000NS-A092,,2026-08-17T16:59:59.126700+00:00,2026-08-17T16:59:59.126700+00:00,Christopher_Robertson,PT01-STEP8-FIRE-TO-MIRCAT-PIN4-v1,MS02+T1-01-COMPLETED-WORKING-EVIDENCE,,electrical_falling_edge_timing,PT01-COND-0000000NS,92,true,true,,PT01-ART-0134,Both laser destination DB9 connectors physically disconnected
system_recalibration_001,PT-01,system_recalibration_001_PT-01_001,PT01-TC08-0000000NS-A093,,2026-08-17T16:59:59.512808+00:00,2026-08-17T16:59:59.512808+00:00,Christopher_Robertson,PT01-STEP8-FIRE-TO-MIRCAT-PIN4-v1,MS02+T1-01-COMPLETED-WORKING-EVIDENCE,,electrical_falling_edge_timing,PT01-COND-0000000NS,93,true,true,,PT01-ART-0135,Both laser destination DB9 connectors physically disconnected
system_recalibration_001,PT-01,system_recalibration_001_PT-01_001,PT01-TC08-0000000NS-A094,,2026-08-17T16:59:59.935186+00:00,2026-08-17T16:59:59.935186+00:00,Christopher_Robertson,PT01-STEP8-FIRE-TO-MIRCAT-PIN4-v1,MS02+T1-01-COMPLETED-WORKING-EVIDENCE,,electrical_falling_edge_timing,PT01-COND-0000000NS,94,true,true,,PT01-ART-0136,Both laser destination DB9 connectors physically disconnected
system_recalibration_001,PT-01,system_recalibration_001_PT-01_001,PT01-TC08-0000000NS-A095,,2026-08-17T17:00:00.346571+00:00,2026-08-17T17:00:00.346571+00:00,Christopher_Robertson,PT01-STEP8-FIRE-TO-MIRCAT-PIN4-v1,MS02+T1-01-COMPLETED-WORKING-EVIDENCE,,electrical_falling_edge_timing,PT01-COND-0000000NS,95,true,true,,PT01-ART-0137,Both laser destination DB9 connectors physically disconnected
system_recalibration_001,PT-01,system_recalibration_001_PT-01_001,PT01-TC08-0000000NS-A096,,2026-08-17T17:00:00.807829+00:00,2026-08-17T17:00:00.807829+00:00,Christopher_Robertson,PT01-STEP8-FIRE-TO-MIRCAT-PIN4-v1,MS02+T1-01-COMPLETED-WORKING-EVIDENCE,,electrical_falling_edge_timing,PT01-COND-0000000NS,96,true,true,,PT01-ART-0138,Both laser destination DB9 connectors physically disconnected
system_recalibration_001,PT-01,system_recalibration_001_PT-01_001,PT01-TC08-0000000NS-A097,,2026-08-17T17:00:01.231186+00:00,2026-08-17T17:00:01.231186+00:00,Christopher_Robertson,PT01-STEP8-FIRE-TO-MIRCAT-PIN4-v1,MS02+T1-01-COMPLETED-WORKING-EVIDENCE,,electrical_falling_edge_timing,PT01-COND-0000000NS,97,true,true,,PT01-ART-0139,Both laser destination DB9 connectors physically disconnected
system_recalibration_001,PT-01,system_recalibration_001_PT-01_001,PT01-TC08-0000000NS-A098,,2026-08-17T17:00:01.626939+00:00,2026-08-17T17:00:01.626939+00:00,Christopher_Robertson,PT01-STEP8-FIRE-TO-MIRCAT-PIN4-v1,MS02+T1-01-COMPLETED-WORKING-EVIDENCE,,electrical_falling_edge_timing,PT01-COND-0000000NS,98,true,true,,PT01-ART-0140,Both laser destination DB9 connectors physically disconnected
system_recalibration_001,PT-01,system_recalibration_001_PT-01_001,PT01-TC08-0000000NS-A099,,2026-08-17T17:00:02.021529+00:00,2026-08-17T17:00:02.021529+00:00,Christopher_Robertson,PT01-STEP8-FIRE-TO-MIRCAT-PIN4-v1,MS02+T1-01-COMPLETED-WORKING-EVIDENCE,,electrical_falling_edge_timing,PT01-COND-0000000NS,99,true,true,,PT01-ART-0141,Both laser destination DB9 connectors physically disconnected
system_recalibration_001,PT-01,system_recalibration_001_PT-01_001,PT01-TC08-0000000NS-A100,,2026-08-17T17:00:02.440259+00:00,2026-08-17T17:00:02.440259+00:00,Christopher_Robertson,PT01-STEP8-FIRE-TO-MIRCAT-PIN4-v1,MS02+T1-01-COMPLETED-WORKING-EVIDENCE,,electrical_falling_edge_timing,PT01-COND-0000000NS,100,true,true,,PT01-ART-0142,Both laser destination DB9 connectors physically disconnected
system_recalibration_001,PT-01,system_recalibration_001_PT-01_001,PT01-TC08-0000100NS-A001,,2026-08-17T17:00:08.948760+00:00,2026-08-17T17:00:08.948760+00:00,Christopher_Robertson,PT01-STEP8-FIRE-TO-MIRCAT-PIN4-v1,MS02+T1-01-COMPLETED-WORKING-EVIDENCE,,electrical_falling_edge_timing,PT01-COND-0000100NS,1,true,true,,PT01-ART-0543,Both laser destination DB9 connectors physically disconnected
system_recalibration_001,PT-01,system_recalibration_001_PT-01_001,PT01-TC08-0000100NS-A002,,2026-08-17T17:00:09.416720+00:00,2026-08-17T17:00:09.416720+00:00,Christopher_Robertson,PT01-STEP8-FIRE-TO-MIRCAT-PIN4-v1,MS02+T1-01-COMPLETED-WORKING-EVIDENCE,,electrical_falling_edge_timing,PT01-COND-0000100NS,2,true,true,,PT01-ART-0544,Both laser destination DB9 connectors physically disconnected
system_recalibration_001,PT-01,system_recalibration_001_PT-01_001,PT01-TC08-0000100NS-A003,,2026-08-17T17:00:09.815211+00:00,2026-08-17T17:00:09.815211+00:00,Christopher_Robertson,PT01-STEP8-FIRE-TO-MIRCAT-PIN4-v1,MS02+T1-01-COMPLETED-WORKING-EVIDENCE,,electrical_falling_edge_timing,PT01-COND-0000100NS,3,true,true,,PT01-ART-0545,Both laser destination DB9 connectors physically disconnected
system_recalibration_001,PT-01,system_recalibration_001_PT-01_001,PT01-TC08-0000100NS-A004,,2026-08-17T17:00:10.218230+00:00,2026-08-17T17:00:10.218230+00:00,Christopher_Robertson,PT01-STEP8-FIRE-TO-MIRCAT-PIN4-v1,MS02+T1-01-COMPLETED-WORKING-EVIDENCE,,electrical_falling_edge_timing,PT01-COND-0000100NS,4,true,true,,PT01-ART-0546,Both laser destination DB9 connectors physically disconnected
system_recalibration_001,PT-01,system_recalibration_001_PT-01_001,PT01-TC08-0000100NS-A005,,2026-08-17T17:00:10.613006+00:00,2026-08-17T17:00:10.613006+00:00,Christopher_Robertson,PT01-STEP8-FIRE-TO-MIRCAT-PIN4-v1,MS02+T1-01-COMPLETED-WORKING-EVIDENCE,,electrical_falling_edge_timing,PT01-COND-0000100NS,5,true,true,,PT01-ART-0547,Both laser destination DB9 connectors physically disconnected
system_recalibration_001,PT-01,system_recalibration_001_PT-01_001,PT01-TC08-0000100NS-A006,,2026-08-17T17:00:11.021914+00:00,2026-08-17T17:00:11.021914+00:00,Christopher_Robertson,PT01-STEP8-FIRE-TO-MIRCAT-PIN4-v1,MS02+T1-01-COMPLETED-WORKING-EVIDENCE,,electrical_falling_edge_timing,PT01-COND-0000100NS,6,true,true,,PT01-ART-0548,Both laser destination DB9 connectors physically disconnected
system_recalibration_001,PT-01,system_recalibration_001_PT-01_001,PT01-TC08-0000100NS-A007,,2026-08-17T17:00:11.414338+00:00,2026-08-17T17:00:11.414338+00:00,Christopher_Robertson,PT01-STEP8-FIRE-TO-MIRCAT-PIN4-v1,MS02+T1-01-COMPLETED-WORKING-EVIDENCE,,electrical_falling_edge_timing,PT01-COND-0000100NS,7,true,true,,PT01-ART-0549,Both laser destination DB9 connectors physically disconnected
system_recalibration_001,PT-01,system_recalibration_001_PT-01_001,PT01-TC08-0000100NS-A008,,2026-08-17T17:00:11.822645+00:00,2026-08-17T17:00:11.822645+00:00,Christopher_Robertson,PT01-STEP8-FIRE-TO-MIRCAT-PIN4-v1,MS02+T1-01-COMPLETED-WORKING-EVIDENCE,,electrical_falling_edge_timing,PT01-COND-0000100NS,8,true,true,,PT01-ART-0550,Both laser destination DB9 connectors physically disconnected
system_recalibration_001,PT-01,system_recalibration_001_PT-01_001,PT01-TC08-0000100NS-A009,,2026-08-17T17:00:12.220795+00:00,2026-08-17T17:00:12.220795+00:00,Christopher_Robertson,PT01-STEP8-FIRE-TO-MIRCAT-PIN4-v1,MS02+T1-01-COMPLETED-WORKING-EVIDENCE,,electrical_falling_edge_timing,PT01-COND-0000100NS,9,true,true,,PT01-ART-0551,Both laser destination DB9 connectors physically disconnected
system_recalibration_001,PT-01,system_recalibration_001_PT-01_001,PT01-TC08-0000100NS-A010,,2026-08-17T17:00:12.627139+00:00,2026-08-17T17:00:12.627139+00:00,Christopher_Robertson,PT01-STEP8-FIRE-TO-MIRCAT-PIN4-v1,MS02+T1-01-COMPLETED-WORKING-EVIDENCE,,electrical_falling_edge_timing,PT01-COND-0000100NS,10,true,true,,PT01-ART-0552,Both laser destination DB9 connectors physically disconnected
system_recalibration_001,PT-01,system_recalibration_001_PT-01_001,PT01-TC08-0000100NS-A011,,2026-08-17T17:00:13.031150+00:00,2026-08-17T17:00:13.031150+00:00,Christopher_Robertson,PT01-STEP8-FIRE-TO-MIRCAT-PIN4-v1,MS02+T1-01-COMPLETED-WORKING-EVIDENCE,,electrical_falling_edge_timing,PT01-COND-0000100NS,11,true,true,,PT01-ART-0553,Both laser destination DB9 connectors physically disconnected
system_recalibration_001,PT-01,system_recalibration_001_PT-01_001,PT01-TC08-0000100NS-A012,,2026-08-17T17:00:13.418227+00:00,2026-08-17T17:00:13.418227+00:00,Christopher_Robertson,PT01-STEP8-FIRE-TO-MIRCAT-PIN4-v1,MS02+T1-01-COMPLETED-WORKING-EVIDENCE,,electrical_falling_edge_timing,PT01-COND-0000100NS,12,true,true,,PT01-ART-0554,Both laser destination DB9 connectors physically disconnected
system_recalibration_001,PT-01,system_recalibration_001_PT-01_001,PT01-TC08-0000100NS-A013,,2026-08-17T17:00:13.844531+00:00,2026-08-17T17:00:13.844531+00:00,Christopher_Robertson,PT01-STEP8-FIRE-TO-MIRCAT-PIN4-v1,MS02+T1-01-COMPLETED-WORKING-EVIDENCE,,electrical_falling_edge_timing,PT01-COND-0000100NS,13,true,true,,PT01-ART-0555,Both laser destination DB9 connectors physically disconnected
system_recalibration_001,PT-01,system_recalibration_001_PT-01_001,PT01-TC08-0000100NS-A014,,2026-08-17T17:00:14.249162+00:00,2026-08-17T17:00:14.249162+00:00,Christopher_Robertson,PT01-STEP8-FIRE-TO-MIRCAT-PIN4-v1,MS02+T1-01-COMPLETED-WORKING-EVIDENCE,,electrical_falling_edge_timing,PT01-COND-0000100NS,14,true,true,,PT01-ART-0556,Both laser destination DB9 connectors physically disconnected
system_recalibration_001,PT-01,system_recalibration_001_PT-01_001,PT01-TC08-0000100NS-A015,,2026-08-17T17:00:14.622423+00:00,2026-08-17T17:00:14.622423+00:00,Christopher_Robertson,PT01-STEP8-FIRE-TO-MIRCAT-PIN4-v1,MS02+T1-01-COMPLETED-WORKING-EVIDENCE,,electrical_falling_edge_timing,PT01-COND-0000100NS,15,true,true,,PT01-ART-0557,Both laser destination DB9 connectors physically disconnected
system_recalibration_001,PT-01,system_recalibration_001_PT-01_001,PT01-TC08-0000100NS-A016,,2026-08-17T17:00:15.048791+00:00,2026-08-17T17:00:15.048791+00:00,Christopher_Robertson,PT01-STEP8-FIRE-TO-MIRCAT-PIN4-v1,MS02+T1-01-COMPLETED-WORKING-EVIDENCE,,electrical_falling_edge_timing,PT01-COND-0000100NS,16,true,true,,PT01-ART-0558,Both laser destination DB9 connectors physically disconnected
system_recalibration_001,PT-01,system_recalibration_001_PT-01_001,PT01-TC08-0000100NS-A017,,2026-08-17T17:00:15.455225+00:00,2026-08-17T17:00:15.455225+00:00,Christopher_Robertson,PT01-STEP8-FIRE-TO-MIRCAT-PIN4-v1,MS02+T1-01-COMPLETED-WORKING-EVIDENCE,,electrical_falling_edge_timing,PT01-COND-0000100NS,17,true,true,,PT01-ART-0559,Both laser destination DB9 connectors physically disconnected
system_recalibration_001,PT-01,system_recalibration_001_PT-01_001,PT01-TC08-0000100NS-A018,,2026-08-17T17:00:15.828660+00:00,2026-08-17T17:00:15.828660+00:00,Christopher_Robertson,PT01-STEP8-FIRE-TO-MIRCAT-PIN4-v1,MS02+T1-01-COMPLETED-WORKING-EVIDENCE,,electrical_falling_edge_timing,PT01-COND-0000100NS,18,true,true,,PT01-ART-0560,Both laser destination DB9 connectors physically disconnected
system_recalibration_001,PT-01,system_recalibration_001_PT-01_001,PT01-TC08-0000100NS-A019,,2026-08-17T17:00:16.254781+00:00,2026-08-17T17:00:16.254781+00:00,Christopher_Robertson,PT01-STEP8-FIRE-TO-MIRCAT-PIN4-v1,MS02+T1-01-COMPLETED-WORKING-EVIDENCE,,electrical_falling_edge_timing,PT01-COND-0000100NS,19,true,true,,PT01-ART-0561,Both laser destination DB9 connectors physically disconnected
system_recalibration_001,PT-01,system_recalibration_001_PT-01_001,PT01-TC08-0000100NS-A020,,2026-08-17T17:00:16.675705+00:00,2026-08-17T17:00:16.675705+00:00,Christopher_Robertson,PT01-STEP8-FIRE-TO-MIRCAT-PIN4-v1,MS02+T1-01-COMPLETED-WORKING-EVIDENCE,,electrical_falling_edge_timing,PT01-COND-0000100NS,20,true,true,,PT01-ART-0562,Both laser destination DB9 connectors physically disconnected
system_recalibration_001,PT-01,system_recalibration_001_PT-01_001,PT01-TC08-0000100NS-A021,,2026-08-17T17:00:17.132771+00:00,2026-08-17T17:00:17.132771+00:00,Christopher_Robertson,PT01-STEP8-FIRE-TO-MIRCAT-PIN4-v1,MS02+T1-01-COMPLETED-WORKING-EVIDENCE,,electrical_falling_edge_timing,PT01-COND-0000100NS,21,true,true,,PT01-ART-0563,Both laser destination DB9 connectors physically disconnected
system_recalibration_001,PT-01,system_recalibration_001_PT-01_001,PT01-TC08-0000100NS-A022,,2026-08-17T17:00:17.554770+00:00,2026-08-17T17:00:17.554770+00:00,Christopher_Robertson,PT01-STEP8-FIRE-TO-MIRCAT-PIN4-v1,MS02+T1-01-COMPLETED-WORKING-EVIDENCE,,electrical_falling_edge_timing,PT01-COND-0000100NS,22,true,true,,PT01-ART-0564,Both laser destination DB9 connectors physically disconnected
system_recalibration_001,PT-01,system_recalibration_001_PT-01_001,PT01-TC08-0000100NS-A023,,2026-08-17T17:00:17.985231+00:00,2026-08-17T17:00:17.985231+00:00,Christopher_Robertson,PT01-STEP8-FIRE-TO-MIRCAT-PIN4-v1,MS02+T1-01-COMPLETED-WORKING-EVIDENCE,,electrical_falling_edge_timing,PT01-COND-0000100NS,23,true,true,,PT01-ART-0565,Both laser destination DB9 connectors physically disconnected
system_recalibration_001,PT-01,system_recalibration_001_PT-01_001,PT01-TC08-0000100NS-A024,,2026-08-17T17:00:18.437120+00:00,2026-08-17T17:00:18.437120+00:00,Christopher_Robertson,PT01-STEP8-FIRE-TO-MIRCAT-PIN4-v1,MS02+T1-01-COMPLETED-WORKING-EVIDENCE,,electrical_falling_edge_timing,PT01-COND-0000100NS,24,true,true,,PT01-ART-0566,Both laser destination DB9 connectors physically disconnected
system_recalibration_001,PT-01,system_recalibration_001_PT-01_001,PT01-TC08-0000100NS-A025,,2026-08-17T17:00:18.843800+00:00,2026-08-17T17:00:18.843800+00:00,Christopher_Robertson,PT01-STEP8-FIRE-TO-MIRCAT-PIN4-v1,MS02+T1-01-COMPLETED-WORKING-EVIDENCE,,electrical_falling_edge_timing,PT01-COND-0000100NS,25,true,true,,PT01-ART-0567,Both laser destination DB9 connectors physically disconnected
system_recalibration_001,PT-01,system_recalibration_001_PT-01_001,PT01-TC08-0000100NS-A026,,2026-08-17T17:00:19.233947+00:00,2026-08-17T17:00:19.233947+00:00,Christopher_Robertson,PT01-STEP8-FIRE-TO-MIRCAT-PIN4-v1,MS02+T1-01-COMPLETED-WORKING-EVIDENCE,,electrical_falling_edge_timing,PT01-COND-0000100NS,26,true,true,,PT01-ART-0568,Both laser destination DB9 connectors physically disconnected
system_recalibration_001,PT-01,system_recalibration_001_PT-01_001,PT01-TC08-0000100NS-A027,,2026-08-17T17:00:19.642031+00:00,2026-08-17T17:00:19.642031+00:00,Christopher_Robertson,PT01-STEP8-FIRE-TO-MIRCAT-PIN4-v1,MS02+T1-01-COMPLETED-WORKING-EVIDENCE,,electrical_falling_edge_timing,PT01-COND-0000100NS,27,true,true,,PT01-ART-0569,Both laser destination DB9 connectors physically disconnected
system_recalibration_001,PT-01,system_recalibration_001_PT-01_001,PT01-TC08-0000100NS-A028,,2026-08-17T17:00:20.054849+00:00,2026-08-17T17:00:20.054849+00:00,Christopher_Robertson,PT01-STEP8-FIRE-TO-MIRCAT-PIN4-v1,MS02+T1-01-COMPLETED-WORKING-EVIDENCE,,electrical_falling_edge_timing,PT01-COND-0000100NS,28,true,true,,PT01-ART-0570,Both laser destination DB9 connectors physically disconnected
system_recalibration_001,PT-01,system_recalibration_001_PT-01_001,PT01-TC08-0000100NS-A029,,2026-08-17T17:00:20.425870+00:00,2026-08-17T17:00:20.425870+00:00,Christopher_Robertson,PT01-STEP8-FIRE-TO-MIRCAT-PIN4-v1,MS02+T1-01-COMPLETED-WORKING-EVIDENCE,,electrical_falling_edge_timing,PT01-COND-0000100NS,29,true,true,,PT01-ART-0571,Both laser destination DB9 connectors physically disconnected
system_recalibration_001,PT-01,system_recalibration_001_PT-01_001,PT01-TC08-0000100NS-A030,,2026-08-17T17:00:20.853573+00:00,2026-08-17T17:00:20.853573+00:00,Christopher_Robertson,PT01-STEP8-FIRE-TO-MIRCAT-PIN4-v1,MS02+T1-01-COMPLETED-WORKING-EVIDENCE,,electrical_falling_edge_timing,PT01-COND-0000100NS,30,true,true,,PT01-ART-0572,Both laser destination DB9 connectors physically disconnected
system_recalibration_001,PT-01,system_recalibration_001_PT-01_001,PT01-TC08-0000100NS-A031,,2026-08-17T17:00:21.257019+00:00,2026-08-17T17:00:21.257019+00:00,Christopher_Robertson,PT01-STEP8-FIRE-TO-MIRCAT-PIN4-v1,MS02+T1-01-COMPLETED-WORKING-EVIDENCE,,electrical_falling_edge_timing,PT01-COND-0000100NS,31,true,true,,PT01-ART-0573,Both laser destination DB9 connectors physically disconnected
system_recalibration_001,PT-01,system_recalibration_001_PT-01_001,PT01-TC08-0000100NS-A032,,2026-08-17T17:00:21.663014+00:00,2026-08-17T17:00:21.663014+00:00,Christopher_Robertson,PT01-STEP8-FIRE-TO-MIRCAT-PIN4-v1,MS02+T1-01-COMPLETED-WORKING-EVIDENCE,,electrical_falling_edge_timing,PT01-COND-0000100NS,32,true,true,,PT01-ART-0574,Both laser destination DB9 connectors physically disconnected
system_recalibration_001,PT-01,system_recalibration_001_PT-01_001,PT01-TC08-0000100NS-A033,,2026-08-17T17:00:22.068332+00:00,2026-08-17T17:00:22.068332+00:00,Christopher_Robertson,PT01-STEP8-FIRE-TO-MIRCAT-PIN4-v1,MS02+T1-01-COMPLETED-WORKING-EVIDENCE,,electrical_falling_edge_timing,PT01-COND-0000100NS,33,true,true,,PT01-ART-0575,Both laser destination DB9 connectors physically disconnected
system_recalibration_001,PT-01,system_recalibration_001_PT-01_001,PT01-TC08-0000100NS-A034,,2026-08-17T17:00:22.465711+00:00,2026-08-17T17:00:22.465711+00:00,Christopher_Robertson,PT01-STEP8-FIRE-TO-MIRCAT-PIN4-v1,MS02+T1-01-COMPLETED-WORKING-EVIDENCE,,electrical_falling_edge_timing,PT01-COND-0000100NS,34,true,true,,PT01-ART-0576,Both laser destination DB9 connectors physically disconnected
system_recalibration_001,PT-01,system_recalibration_001_PT-01_001,PT01-TC08-0000100NS-A035,,2026-08-17T17:00:22.834753+00:00,2026-08-17T17:00:22.834753+00:00,Christopher_Robertson,PT01-STEP8-FIRE-TO-MIRCAT-PIN4-v1,MS02+T1-01-COMPLETED-WORKING-EVIDENCE,,electrical_falling_edge_timing,PT01-COND-0000100NS,35,true,true,,PT01-ART-0577,Both laser destination DB9 connectors physically disconnected
system_recalibration_001,PT-01,system_recalibration_001_PT-01_001,PT01-TC08-0000100NS-A036,,2026-08-17T17:00:23.268609+00:00,2026-08-17T17:00:23.268609+00:00,Christopher_Robertson,PT01-STEP8-FIRE-TO-MIRCAT-PIN4-v1,MS02+T1-01-COMPLETED-WORKING-EVIDENCE,,electrical_falling_edge_timing,PT01-COND-0000100NS,36,true,true,,PT01-ART-0578,Both laser destination DB9 connectors physically disconnected
system_recalibration_001,PT-01,system_recalibration_001_PT-01_001,PT01-TC08-0000100NS-A037,,2026-08-17T17:00:23.664811+00:00,2026-08-17T17:00:23.664811+00:00,Christopher_Robertson,PT01-STEP8-FIRE-TO-MIRCAT-PIN4-v1,MS02+T1-01-COMPLETED-WORKING-EVIDENCE,,electrical_falling_edge_timing,PT01-COND-0000100NS,37,true,true,,PT01-ART-0579,Both laser destination DB9 connectors physically disconnected
system_recalibration_001,PT-01,system_recalibration_001_PT-01_001,PT01-TC08-0000100NS-A038,,2026-08-17T17:00:24.048102+00:00,2026-08-17T17:00:24.048102+00:00,Christopher_Robertson,PT01-STEP8-FIRE-TO-MIRCAT-PIN4-v1,MS02+T1-01-COMPLETED-WORKING-EVIDENCE,,electrical_falling_edge_timing,PT01-COND-0000100NS,38,true,true,,PT01-ART-0580,Both laser destination DB9 connectors physically disconnected
system_recalibration_001,PT-01,system_recalibration_001_PT-01_001,PT01-TC08-0000100NS-A039,,2026-08-17T17:00:24.457077+00:00,2026-08-17T17:00:24.457077+00:00,Christopher_Robertson,PT01-STEP8-FIRE-TO-MIRCAT-PIN4-v1,MS02+T1-01-COMPLETED-WORKING-EVIDENCE,,electrical_falling_edge_timing,PT01-COND-0000100NS,39,true,true,,PT01-ART-0581,Both laser destination DB9 connectors physically disconnected
system_recalibration_001,PT-01,system_recalibration_001_PT-01_001,PT01-TC08-0000100NS-A040,,2026-08-17T17:00:24.861089+00:00,2026-08-17T17:00:24.861089+00:00,Christopher_Robertson,PT01-STEP8-FIRE-TO-MIRCAT-PIN4-v1,MS02+T1-01-COMPLETED-WORKING-EVIDENCE,,electrical_falling_edge_timing,PT01-COND-0000100NS,40,true,true,,PT01-ART-0582,Both laser destination DB9 connectors physically disconnected
system_recalibration_001,PT-01,system_recalibration_001_PT-01_001,PT01-TC08-0000100NS-A041,,2026-08-17T17:00:25.243572+00:00,2026-08-17T17:00:25.243572+00:00,Christopher_Robertson,PT01-STEP8-FIRE-TO-MIRCAT-PIN4-v1,MS02+T1-01-COMPLETED-WORKING-EVIDENCE,,electrical_falling_edge_timing,PT01-COND-0000100NS,41,true,true,,PT01-ART-0583,Both laser destination DB9 connectors physically disconnected
system_recalibration_001,PT-01,system_recalibration_001_PT-01_001,PT01-TC08-0000100NS-A042,,2026-08-17T17:00:25.671400+00:00,2026-08-17T17:00:25.671400+00:00,Christopher_Robertson,PT01-STEP8-FIRE-TO-MIRCAT-PIN4-v1,MS02+T1-01-COMPLETED-WORKING-EVIDENCE,,electrical_falling_edge_timing,PT01-COND-0000100NS,42,true,true,,PT01-ART-0584,Both laser destination DB9 connectors physically disconnected
system_recalibration_001,PT-01,system_recalibration_001_PT-01_001,PT01-TC08-0000100NS-A043,,2026-08-17T17:00:26.060818+00:00,2026-08-17T17:00:26.060818+00:00,Christopher_Robertson,PT01-STEP8-FIRE-TO-MIRCAT-PIN4-v1,MS02+T1-01-COMPLETED-WORKING-EVIDENCE,,electrical_falling_edge_timing,PT01-COND-0000100NS,43,true,true,,PT01-ART-0585,Both laser destination DB9 connectors physically disconnected
system_recalibration_001,PT-01,system_recalibration_001_PT-01_001,PT01-TC08-0000100NS-A044,,2026-08-17T17:00:26.469592+00:00,2026-08-17T17:00:26.469592+00:00,Christopher_Robertson,PT01-STEP8-FIRE-TO-MIRCAT-PIN4-v1,MS02+T1-01-COMPLETED-WORKING-EVIDENCE,,electrical_falling_edge_timing,PT01-COND-0000100NS,44,true,true,,PT01-ART-0586,Both laser destination DB9 connectors physically disconnected
system_recalibration_001,PT-01,system_recalibration_001_PT-01_001,PT01-TC08-0000100NS-A045,,2026-08-17T17:00:26.845920+00:00,2026-08-17T17:00:26.845920+00:00,Christopher_Robertson,PT01-STEP8-FIRE-TO-MIRCAT-PIN4-v1,MS02+T1-01-COMPLETED-WORKING-EVIDENCE,,electrical_falling_edge_timing,PT01-COND-0000100NS,45,true,true,,PT01-ART-0587,Both laser destination DB9 connectors physically disconnected
system_recalibration_001,PT-01,system_recalibration_001_PT-01_001,PT01-TC08-0000100NS-A046,,2026-08-17T17:00:27.258562+00:00,2026-08-17T17:00:27.258562+00:00,Christopher_Robertson,PT01-STEP8-FIRE-TO-MIRCAT-PIN4-v1,MS02+T1-01-COMPLETED-WORKING-EVIDENCE,,electrical_falling_edge_timing,PT01-COND-0000100NS,46,true,true,,PT01-ART-0588,Both laser destination DB9 connectors physically disconnected
system_recalibration_001,PT-01,system_recalibration_001_PT-01_001,PT01-TC08-0000100NS-A047,,2026-08-17T17:00:27.639248+00:00,2026-08-17T17:00:27.639248+00:00,Christopher_Robertson,PT01-STEP8-FIRE-TO-MIRCAT-PIN4-v1,MS02+T1-01-COMPLETED-WORKING-EVIDENCE,,electrical_falling_edge_timing,PT01-COND-0000100NS,47,true,true,,PT01-ART-0589,Both laser destination DB9 connectors physically disconnected
system_recalibration_001,PT-01,system_recalibration_001_PT-01_001,PT01-TC08-0000100NS-A048,,2026-08-17T17:00:28.051557+00:00,2026-08-17T17:00:28.051557+00:00,Christopher_Robertson,PT01-STEP8-FIRE-TO-MIRCAT-PIN4-v1,MS02+T1-01-COMPLETED-WORKING-EVIDENCE,,electrical_falling_edge_timing,PT01-COND-0000100NS,48,true,true,,PT01-ART-0590,Both laser destination DB9 connectors physically disconnected
system_recalibration_001,PT-01,system_recalibration_001_PT-01_001,PT01-TC08-0000100NS-A049,,2026-08-17T17:00:28.469299+00:00,2026-08-17T17:00:28.469299+00:00,Christopher_Robertson,PT01-STEP8-FIRE-TO-MIRCAT-PIN4-v1,MS02+T1-01-COMPLETED-WORKING-EVIDENCE,,electrical_falling_edge_timing,PT01-COND-0000100NS,49,true,true,,PT01-ART-0591,Both laser destination DB9 connectors physically disconnected
system_recalibration_001,PT-01,system_recalibration_001_PT-01_001,PT01-TC08-0000100NS-A050,,2026-08-17T17:00:28.853619+00:00,2026-08-17T17:00:28.853619+00:00,Christopher_Robertson,PT01-STEP8-FIRE-TO-MIRCAT-PIN4-v1,MS02+T1-01-COMPLETED-WORKING-EVIDENCE,,electrical_falling_edge_timing,PT01-COND-0000100NS,50,true,true,,PT01-ART-0592,Both laser destination DB9 connectors physically disconnected
system_recalibration_001,PT-01,system_recalibration_001_PT-01_001,PT01-TC08-0000100NS-A051,,2026-08-17T17:00:29.256576+00:00,2026-08-17T17:00:29.256576+00:00,Christopher_Robertson,PT01-STEP8-FIRE-TO-MIRCAT-PIN4-v1,MS02+T1-01-COMPLETED-WORKING-EVIDENCE,,electrical_falling_edge_timing,PT01-COND-0000100NS,51,true,true,,PT01-ART-0593,Both laser destination DB9 connectors physically disconnected
system_recalibration_001,PT-01,system_recalibration_001_PT-01_001,PT01-TC08-0000100NS-A052,,2026-08-17T17:00:29.670526+00:00,2026-08-17T17:00:29.670526+00:00,Christopher_Robertson,PT01-STEP8-FIRE-TO-MIRCAT-PIN4-v1,MS02+T1-01-COMPLETED-WORKING-EVIDENCE,,electrical_falling_edge_timing,PT01-COND-0000100NS,52,true,true,,PT01-ART-0594,Both laser destination DB9 connectors physically disconnected
system_recalibration_001,PT-01,system_recalibration_001_PT-01_001,PT01-TC08-0000100NS-A053,,2026-08-17T17:00:30.048518+00:00,2026-08-17T17:00:30.048518+00:00,Christopher_Robertson,PT01-STEP8-FIRE-TO-MIRCAT-PIN4-v1,MS02+T1-01-COMPLETED-WORKING-EVIDENCE,,electrical_falling_edge_timing,PT01-COND-0000100NS,53,true,true,,PT01-ART-0595,Both laser destination DB9 connectors physically disconnected
system_recalibration_001,PT-01,system_recalibration_001_PT-01_001,PT01-TC08-0000100NS-A054,,2026-08-17T17:00:30.465966+00:00,2026-08-17T17:00:30.465966+00:00,Christopher_Robertson,PT01-STEP8-FIRE-TO-MIRCAT-PIN4-v1,MS02+T1-01-COMPLETED-WORKING-EVIDENCE,,electrical_falling_edge_timing,PT01-COND-0000100NS,54,true,true,,PT01-ART-0596,Both laser destination DB9 connectors physically disconnected
system_recalibration_001,PT-01,system_recalibration_001_PT-01_001,PT01-TC08-0000100NS-A055,,2026-08-17T17:00:30.879487+00:00,2026-08-17T17:00:30.879487+00:00,Christopher_Robertson,PT01-STEP8-FIRE-TO-MIRCAT-PIN4-v1,MS02+T1-01-COMPLETED-WORKING-EVIDENCE,,electrical_falling_edge_timing,PT01-COND-0000100NS,55,true,true,,PT01-ART-0597,Both laser destination DB9 connectors physically disconnected
system_recalibration_001,PT-01,system_recalibration_001_PT-01_001,PT01-TC08-0000100NS-A056,,2026-08-17T17:00:31.267269+00:00,2026-08-17T17:00:31.267269+00:00,Christopher_Robertson,PT01-STEP8-FIRE-TO-MIRCAT-PIN4-v1,MS02+T1-01-COMPLETED-WORKING-EVIDENCE,,electrical_falling_edge_timing,PT01-COND-0000100NS,56,true,true,,PT01-ART-0598,Both laser destination DB9 connectors physically disconnected
system_recalibration_001,PT-01,system_recalibration_001_PT-01_001,PT01-TC08-0000100NS-A057,,2026-08-17T17:00:31.658390+00:00,2026-08-17T17:00:31.658390+00:00,Christopher_Robertson,PT01-STEP8-FIRE-TO-MIRCAT-PIN4-v1,MS02+T1-01-COMPLETED-WORKING-EVIDENCE,,electrical_falling_edge_timing,PT01-COND-0000100NS,57,true,true,,PT01-ART-0599,Both laser destination DB9 connectors physically disconnected
system_recalibration_001,PT-01,system_recalibration_001_PT-01_001,PT01-TC08-0000100NS-A058,,2026-08-17T17:00:32.074329+00:00,2026-08-17T17:00:32.074329+00:00,Christopher_Robertson,PT01-STEP8-FIRE-TO-MIRCAT-PIN4-v1,MS02+T1-01-COMPLETED-WORKING-EVIDENCE,,electrical_falling_edge_timing,PT01-COND-0000100NS,58,true,true,,PT01-ART-0600,Both laser destination DB9 connectors physically disconnected
system_recalibration_001,PT-01,system_recalibration_001_PT-01_001,PT01-TC08-0000100NS-A059,,2026-08-17T17:00:32.446201+00:00,2026-08-17T17:00:32.446201+00:00,Christopher_Robertson,PT01-STEP8-FIRE-TO-MIRCAT-PIN4-v1,MS02+T1-01-COMPLETED-WORKING-EVIDENCE,,electrical_falling_edge_timing,PT01-COND-0000100NS,59,true,true,,PT01-ART-0601,Both laser destination DB9 connectors physically disconnected
system_recalibration_001,PT-01,system_recalibration_001_PT-01_001,PT01-TC08-0000100NS-A060,,2026-08-17T17:00:32.857441+00:00,2026-08-17T17:00:32.857441+00:00,Christopher_Robertson,PT01-STEP8-FIRE-TO-MIRCAT-PIN4-v1,MS02+T1-01-COMPLETED-WORKING-EVIDENCE,,electrical_falling_edge_timing,PT01-COND-0000100NS,60,true,true,,PT01-ART-0602,Both laser destination DB9 connectors physically disconnected
system_recalibration_001,PT-01,system_recalibration_001_PT-01_001,PT01-TC08-0000100NS-A061,,2026-08-17T17:00:33.271634+00:00,2026-08-17T17:00:33.271634+00:00,Christopher_Robertson,PT01-STEP8-FIRE-TO-MIRCAT-PIN4-v1,MS02+T1-01-COMPLETED-WORKING-EVIDENCE,,electrical_falling_edge_timing,PT01-COND-0000100NS,61,true,true,,PT01-ART-0603,Both laser destination DB9 connectors physically disconnected
system_recalibration_001,PT-01,system_recalibration_001_PT-01_001,PT01-TC08-0000100NS-A062,,2026-08-17T17:00:33.642083+00:00,2026-08-17T17:00:33.642083+00:00,Christopher_Robertson,PT01-STEP8-FIRE-TO-MIRCAT-PIN4-v1,MS02+T1-01-COMPLETED-WORKING-EVIDENCE,,electrical_falling_edge_timing,PT01-COND-0000100NS,62,true,true,,PT01-ART-0604,Both laser destination DB9 connectors physically disconnected
system_recalibration_001,PT-01,system_recalibration_001_PT-01_001,PT01-TC08-0000100NS-A063,,2026-08-17T17:00:34.092091+00:00,2026-08-17T17:00:34.092091+00:00,Christopher_Robertson,PT01-STEP8-FIRE-TO-MIRCAT-PIN4-v1,MS02+T1-01-COMPLETED-WORKING-EVIDENCE,,electrical_falling_edge_timing,PT01-COND-0000100NS,63,true,true,,PT01-ART-0605,Both laser destination DB9 connectors physically disconnected
system_recalibration_001,PT-01,system_recalibration_001_PT-01_001,PT01-TC08-0000100NS-A064,,2026-08-17T17:00:34.571977+00:00,2026-08-17T17:00:34.571977+00:00,Christopher_Robertson,PT01-STEP8-FIRE-TO-MIRCAT-PIN4-v1,MS02+T1-01-COMPLETED-WORKING-EVIDENCE,,electrical_falling_edge_timing,PT01-COND-0000100NS,64,true,true,,PT01-ART-0606,Both laser destination DB9 connectors physically disconnected
system_recalibration_001,PT-01,system_recalibration_001_PT-01_001,PT01-TC08-0000100NS-A065,,2026-08-17T17:00:34.970033+00:00,2026-08-17T17:00:34.970033+00:00,Christopher_Robertson,PT01-STEP8-FIRE-TO-MIRCAT-PIN4-v1,MS02+T1-01-COMPLETED-WORKING-EVIDENCE,,electrical_falling_edge_timing,PT01-COND-0000100NS,65,true,true,,PT01-ART-0607,Both laser destination DB9 connectors physically disconnected
system_recalibration_001,PT-01,system_recalibration_001_PT-01_001,PT01-TC08-0000100NS-A066,,2026-08-17T17:00:35.372935+00:00,2026-08-17T17:00:35.372935+00:00,Christopher_Robertson,PT01-STEP8-FIRE-TO-MIRCAT-PIN4-v1,MS02+T1-01-COMPLETED-WORKING-EVIDENCE,,electrical_falling_edge_timing,PT01-COND-0000100NS,66,true,true,,PT01-ART-0608,Both laser destination DB9 connectors physically disconnected
system_recalibration_001,PT-01,system_recalibration_001_PT-01_001,PT01-TC08-0000100NS-A067,,2026-08-17T17:00:35.766285+00:00,2026-08-17T17:00:35.766285+00:00,Christopher_Robertson,PT01-STEP8-FIRE-TO-MIRCAT-PIN4-v1,MS02+T1-01-COMPLETED-WORKING-EVIDENCE,,electrical_falling_edge_timing,PT01-COND-0000100NS,67,true,true,,PT01-ART-0609,Both laser destination DB9 connectors physically disconnected
system_recalibration_001,PT-01,system_recalibration_001_PT-01_001,PT01-TC08-0000100NS-A068,,2026-08-17T17:00:36.157656+00:00,2026-08-17T17:00:36.157656+00:00,Christopher_Robertson,PT01-STEP8-FIRE-TO-MIRCAT-PIN4-v1,MS02+T1-01-COMPLETED-WORKING-EVIDENCE,,electrical_falling_edge_timing,PT01-COND-0000100NS,68,true,true,,PT01-ART-0610,Both laser destination DB9 connectors physically disconnected
system_recalibration_001,PT-01,system_recalibration_001_PT-01_001,PT01-TC08-0000100NS-A069,,2026-08-17T17:00:36.583739+00:00,2026-08-17T17:00:36.583739+00:00,Christopher_Robertson,PT01-STEP8-FIRE-TO-MIRCAT-PIN4-v1,MS02+T1-01-COMPLETED-WORKING-EVIDENCE,,electrical_falling_edge_timing,PT01-COND-0000100NS,69,true,true,,PT01-ART-0611,Both laser destination DB9 connectors physically disconnected
system_recalibration_001,PT-01,system_recalibration_001_PT-01_001,PT01-TC08-0000100NS-A070,,2026-08-17T17:00:36.966670+00:00,2026-08-17T17:00:36.966670+00:00,Christopher_Robertson,PT01-STEP8-FIRE-TO-MIRCAT-PIN4-v1,MS02+T1-01-COMPLETED-WORKING-EVIDENCE,,electrical_falling_edge_timing,PT01-COND-0000100NS,70,true,true,,PT01-ART-0612,Both laser destination DB9 connectors physically disconnected
system_recalibration_001,PT-01,system_recalibration_001_PT-01_001,PT01-TC08-0000100NS-A071,,2026-08-17T17:00:37.372942+00:00,2026-08-17T17:00:37.372942+00:00,Christopher_Robertson,PT01-STEP8-FIRE-TO-MIRCAT-PIN4-v1,MS02+T1-01-COMPLETED-WORKING-EVIDENCE,,electrical_falling_edge_timing,PT01-COND-0000100NS,71,true,true,,PT01-ART-0613,Both laser destination DB9 connectors physically disconnected
system_recalibration_001,PT-01,system_recalibration_001_PT-01_001,PT01-TC08-0000100NS-A072,,2026-08-17T17:00:37.781010+00:00,2026-08-17T17:00:37.781010+00:00,Christopher_Robertson,PT01-STEP8-FIRE-TO-MIRCAT-PIN4-v1,MS02+T1-01-COMPLETED-WORKING-EVIDENCE,,electrical_falling_edge_timing,PT01-COND-0000100NS,72,true,true,,PT01-ART-0614,Both laser destination DB9 connectors physically disconnected
system_recalibration_001,PT-01,system_recalibration_001_PT-01_001,PT01-TC08-0000100NS-A073,,2026-08-17T17:00:38.171063+00:00,2026-08-17T17:00:38.171063+00:00,Christopher_Robertson,PT01-STEP8-FIRE-TO-MIRCAT-PIN4-v1,MS02+T1-01-COMPLETED-WORKING-EVIDENCE,,electrical_falling_edge_timing,PT01-COND-0000100NS,73,true,true,,PT01-ART-0615,Both laser destination DB9 connectors physically disconnected
system_recalibration_001,PT-01,system_recalibration_001_PT-01_001,PT01-TC08-0000100NS-A074,,2026-08-17T17:00:38.551030+00:00,2026-08-17T17:00:38.551030+00:00,Christopher_Robertson,PT01-STEP8-FIRE-TO-MIRCAT-PIN4-v1,MS02+T1-01-COMPLETED-WORKING-EVIDENCE,,electrical_falling_edge_timing,PT01-COND-0000100NS,74,true,true,,PT01-ART-0616,Both laser destination DB9 connectors physically disconnected
system_recalibration_001,PT-01,system_recalibration_001_PT-01_001,PT01-TC08-0000100NS-A075,,2026-08-17T17:00:38.976697+00:00,2026-08-17T17:00:38.976697+00:00,Christopher_Robertson,PT01-STEP8-FIRE-TO-MIRCAT-PIN4-v1,MS02+T1-01-COMPLETED-WORKING-EVIDENCE,,electrical_falling_edge_timing,PT01-COND-0000100NS,75,true,true,,PT01-ART-0617,Both laser destination DB9 connectors physically disconnected
system_recalibration_001,PT-01,system_recalibration_001_PT-01_001,PT01-TC08-0000100NS-A076,,2026-08-17T17:00:39.396544+00:00,2026-08-17T17:00:39.396544+00:00,Christopher_Robertson,PT01-STEP8-FIRE-TO-MIRCAT-PIN4-v1,MS02+T1-01-COMPLETED-WORKING-EVIDENCE,,electrical_falling_edge_timing,PT01-COND-0000100NS,76,true,true,,PT01-ART-0618,Both laser destination DB9 connectors physically disconnected
system_recalibration_001,PT-01,system_recalibration_001_PT-01_001,PT01-TC08-0000100NS-A077,,2026-08-17T17:00:39.872452+00:00,2026-08-17T17:00:39.872452+00:00,Christopher_Robertson,PT01-STEP8-FIRE-TO-MIRCAT-PIN4-v1,MS02+T1-01-COMPLETED-WORKING-EVIDENCE,,electrical_falling_edge_timing,PT01-COND-0000100NS,77,true,true,,PT01-ART-0619,Both laser destination DB9 connectors physically disconnected
system_recalibration_001,PT-01,system_recalibration_001_PT-01_001,PT01-TC08-0000100NS-A078,,2026-08-17T17:00:40.283932+00:00,2026-08-17T17:00:40.283932+00:00,Christopher_Robertson,PT01-STEP8-FIRE-TO-MIRCAT-PIN4-v1,MS02+T1-01-COMPLETED-WORKING-EVIDENCE,,electrical_falling_edge_timing,PT01-COND-0000100NS,78,true,true,,PT01-ART-0620,Both laser destination DB9 connectors physically disconnected
system_recalibration_001,PT-01,system_recalibration_001_PT-01_001,PT01-TC08-0000100NS-A079,,2026-08-17T17:00:40.655814+00:00,2026-08-17T17:00:40.655814+00:00,Christopher_Robertson,PT01-STEP8-FIRE-TO-MIRCAT-PIN4-v1,MS02+T1-01-COMPLETED-WORKING-EVIDENCE,,electrical_falling_edge_timing,PT01-COND-0000100NS,79,true,true,,PT01-ART-0621,Both laser destination DB9 connectors physically disconnected
system_recalibration_001,PT-01,system_recalibration_001_PT-01_001,PT01-TC08-0000100NS-A080,,2026-08-17T17:00:41.076422+00:00,2026-08-17T17:00:41.076422+00:00,Christopher_Robertson,PT01-STEP8-FIRE-TO-MIRCAT-PIN4-v1,MS02+T1-01-COMPLETED-WORKING-EVIDENCE,,electrical_falling_edge_timing,PT01-COND-0000100NS,80,true,true,,PT01-ART-0622,Both laser destination DB9 connectors physically disconnected
system_recalibration_001,PT-01,system_recalibration_001_PT-01_001,PT01-TC08-0000100NS-A081,,2026-08-17T17:00:41.481497+00:00,2026-08-17T17:00:41.481497+00:00,Christopher_Robertson,PT01-STEP8-FIRE-TO-MIRCAT-PIN4-v1,MS02+T1-01-COMPLETED-WORKING-EVIDENCE,,electrical_falling_edge_timing,PT01-COND-0000100NS,81,true,true,,PT01-ART-0623,Both laser destination DB9 connectors physically disconnected
system_recalibration_001,PT-01,system_recalibration_001_PT-01_001,PT01-TC08-0000100NS-A082,,2026-08-17T17:00:41.869689+00:00,2026-08-17T17:00:41.869689+00:00,Christopher_Robertson,PT01-STEP8-FIRE-TO-MIRCAT-PIN4-v1,MS02+T1-01-COMPLETED-WORKING-EVIDENCE,,electrical_falling_edge_timing,PT01-COND-0000100NS,82,true,true,,PT01-ART-0624,Both laser destination DB9 connectors physically disconnected
system_recalibration_001,PT-01,system_recalibration_001_PT-01_001,PT01-TC08-0000100NS-A083,,2026-08-17T17:00:42.287396+00:00,2026-08-17T17:00:42.287396+00:00,Christopher_Robertson,PT01-STEP8-FIRE-TO-MIRCAT-PIN4-v1,MS02+T1-01-COMPLETED-WORKING-EVIDENCE,,electrical_falling_edge_timing,PT01-COND-0000100NS,83,true,true,,PT01-ART-0625,Both laser destination DB9 connectors physically disconnected
system_recalibration_001,PT-01,system_recalibration_001_PT-01_001,PT01-TC08-0000100NS-A084,,2026-08-17T17:00:42.699547+00:00,2026-08-17T17:00:42.699547+00:00,Christopher_Robertson,PT01-STEP8-FIRE-TO-MIRCAT-PIN4-v1,MS02+T1-01-COMPLETED-WORKING-EVIDENCE,,electrical_falling_edge_timing,PT01-COND-0000100NS,84,true,true,,PT01-ART-0626,Both laser destination DB9 connectors physically disconnected
system_recalibration_001,PT-01,system_recalibration_001_PT-01_001,PT01-TC08-0000100NS-A085,,2026-08-17T17:00:43.179158+00:00,2026-08-17T17:00:43.179158+00:00,Christopher_Robertson,PT01-STEP8-FIRE-TO-MIRCAT-PIN4-v1,MS02+T1-01-COMPLETED-WORKING-EVIDENCE,,electrical_falling_edge_timing,PT01-COND-0000100NS,85,true,true,,PT01-ART-0627,Both laser destination DB9 connectors physically disconnected
system_recalibration_001,PT-01,system_recalibration_001_PT-01_001,PT01-TC08-0000100NS-A086,,2026-08-17T17:00:43.575556+00:00,2026-08-17T17:00:43.575556+00:00,Christopher_Robertson,PT01-STEP8-FIRE-TO-MIRCAT-PIN4-v1,MS02+T1-01-COMPLETED-WORKING-EVIDENCE,,electrical_falling_edge_timing,PT01-COND-0000100NS,86,true,true,,PT01-ART-0628,Both laser destination DB9 connectors physically disconnected
system_recalibration_001,PT-01,system_recalibration_001_PT-01_001,PT01-TC08-0000100NS-A087,,2026-08-17T17:00:43.981891+00:00,2026-08-17T17:00:43.981891+00:00,Christopher_Robertson,PT01-STEP8-FIRE-TO-MIRCAT-PIN4-v1,MS02+T1-01-COMPLETED-WORKING-EVIDENCE,,electrical_falling_edge_timing,PT01-COND-0000100NS,87,true,true,,PT01-ART-0629,Both laser destination DB9 connectors physically disconnected
system_recalibration_001,PT-01,system_recalibration_001_PT-01_001,PT01-TC08-0000100NS-A088,,2026-08-17T17:00:44.385323+00:00,2026-08-17T17:00:44.385323+00:00,Christopher_Robertson,PT01-STEP8-FIRE-TO-MIRCAT-PIN4-v1,MS02+T1-01-COMPLETED-WORKING-EVIDENCE,,electrical_falling_edge_timing,PT01-COND-0000100NS,88,true,true,,PT01-ART-0630,Both laser destination DB9 connectors physically disconnected
system_recalibration_001,PT-01,system_recalibration_001_PT-01_001,PT01-TC08-0000100NS-A089,,2026-08-17T17:00:44.786325+00:00,2026-08-17T17:00:44.786325+00:00,Christopher_Robertson,PT01-STEP8-FIRE-TO-MIRCAT-PIN4-v1,MS02+T1-01-COMPLETED-WORKING-EVIDENCE,,electrical_falling_edge_timing,PT01-COND-0000100NS,89,true,true,,PT01-ART-0631,Both laser destination DB9 connectors physically disconnected
system_recalibration_001,PT-01,system_recalibration_001_PT-01_001,PT01-TC08-0000100NS-A090,,2026-08-17T17:00:45.189856+00:00,2026-08-17T17:00:45.189856+00:00,Christopher_Robertson,PT01-STEP8-FIRE-TO-MIRCAT-PIN4-v1,MS02+T1-01-COMPLETED-WORKING-EVIDENCE,,electrical_falling_edge_timing,PT01-COND-0000100NS,90,true,true,,PT01-ART-0632,Both laser destination DB9 connectors physically disconnected
system_recalibration_001,PT-01,system_recalibration_001_PT-01_001,PT01-TC08-0000100NS-A091,,2026-08-17T17:00:45.551458+00:00,2026-08-17T17:00:45.551458+00:00,Christopher_Robertson,PT01-STEP8-FIRE-TO-MIRCAT-PIN4-v1,MS02+T1-01-COMPLETED-WORKING-EVIDENCE,,electrical_falling_edge_timing,PT01-COND-0000100NS,91,true,true,,PT01-ART-0633,Both laser destination DB9 connectors physically disconnected
system_recalibration_001,PT-01,system_recalibration_001_PT-01_001,PT01-TC08-0000100NS-A092,,2026-08-17T17:00:45.980864+00:00,2026-08-17T17:00:45.980864+00:00,Christopher_Robertson,PT01-STEP8-FIRE-TO-MIRCAT-PIN4-v1,MS02+T1-01-COMPLETED-WORKING-EVIDENCE,,electrical_falling_edge_timing,PT01-COND-0000100NS,92,true,true,,PT01-ART-0634,Both laser destination DB9 connectors physically disconnected
system_recalibration_001,PT-01,system_recalibration_001_PT-01_001,PT01-TC08-0000100NS-A093,,2026-08-17T17:00:46.387267+00:00,2026-08-17T17:00:46.387267+00:00,Christopher_Robertson,PT01-STEP8-FIRE-TO-MIRCAT-PIN4-v1,MS02+T1-01-COMPLETED-WORKING-EVIDENCE,,electrical_falling_edge_timing,PT01-COND-0000100NS,93,true,true,,PT01-ART-0635,Both laser destination DB9 connectors physically disconnected
system_recalibration_001,PT-01,system_recalibration_001_PT-01_001,PT01-TC08-0000100NS-A094,,2026-08-17T17:00:46.777842+00:00,2026-08-17T17:00:46.777842+00:00,Christopher_Robertson,PT01-STEP8-FIRE-TO-MIRCAT-PIN4-v1,MS02+T1-01-COMPLETED-WORKING-EVIDENCE,,electrical_falling_edge_timing,PT01-COND-0000100NS,94,true,true,,PT01-ART-0636,Both laser destination DB9 connectors physically disconnected
system_recalibration_001,PT-01,system_recalibration_001_PT-01_001,PT01-TC08-0000100NS-A095,,2026-08-17T17:00:47.193593+00:00,2026-08-17T17:00:47.193593+00:00,Christopher_Robertson,PT01-STEP8-FIRE-TO-MIRCAT-PIN4-v1,MS02+T1-01-COMPLETED-WORKING-EVIDENCE,,electrical_falling_edge_timing,PT01-COND-0000100NS,95,true,true,,PT01-ART-0637,Both laser destination DB9 connectors physically disconnected
system_recalibration_001,PT-01,system_recalibration_001_PT-01_001,PT01-TC08-0000100NS-A096,,2026-08-17T17:00:47.640365+00:00,2026-08-17T17:00:47.640365+00:00,Christopher_Robertson,PT01-STEP8-FIRE-TO-MIRCAT-PIN4-v1,MS02+T1-01-COMPLETED-WORKING-EVIDENCE,,electrical_falling_edge_timing,PT01-COND-0000100NS,96,true,true,,PT01-ART-0638,Both laser destination DB9 connectors physically disconnected
system_recalibration_001,PT-01,system_recalibration_001_PT-01_001,PT01-TC08-0000100NS-A097,,2026-08-17T17:00:48.075180+00:00,2026-08-17T17:00:48.075180+00:00,Christopher_Robertson,PT01-STEP8-FIRE-TO-MIRCAT-PIN4-v1,MS02+T1-01-COMPLETED-WORKING-EVIDENCE,,electrical_falling_edge_timing,PT01-COND-0000100NS,97,true,true,,PT01-ART-0639,Both laser destination DB9 connectors physically disconnected
system_recalibration_001,PT-01,system_recalibration_001_PT-01_001,PT01-TC08-0000100NS-A098,,2026-08-17T17:00:48.488213+00:00,2026-08-17T17:00:48.488213+00:00,Christopher_Robertson,PT01-STEP8-FIRE-TO-MIRCAT-PIN4-v1,MS02+T1-01-COMPLETED-WORKING-EVIDENCE,,electrical_falling_edge_timing,PT01-COND-0000100NS,98,true,true,,PT01-ART-0640,Both laser destination DB9 connectors physically disconnected
system_recalibration_001,PT-01,system_recalibration_001_PT-01_001,PT01-TC08-0000100NS-A099,,2026-08-17T17:00:48.882756+00:00,2026-08-17T17:00:48.882756+00:00,Christopher_Robertson,PT01-STEP8-FIRE-TO-MIRCAT-PIN4-v1,MS02+T1-01-COMPLETED-WORKING-EVIDENCE,,electrical_falling_edge_timing,PT01-COND-0000100NS,99,true,true,,PT01-ART-0641,Both laser destination DB9 connectors physically disconnected
system_recalibration_001,PT-01,system_recalibration_001_PT-01_001,PT01-TC08-0000100NS-A100,,2026-08-17T17:00:49.271709+00:00,2026-08-17T17:00:49.271709+00:00,Christopher_Robertson,PT01-STEP8-FIRE-TO-MIRCAT-PIN4-v1,MS02+T1-01-COMPLETED-WORKING-EVIDENCE,,electrical_falling_edge_timing,PT01-COND-0000100NS,100,true,true,,PT01-ART-0642,Both laser destination DB9 connectors physically disconnected
system_recalibration_001,PT-01,system_recalibration_001_PT-01_001,PT01-TC08-0001000NS-A001,,2026-08-17T17:00:55.839339+00:00,2026-08-17T17:00:55.839339+00:00,Christopher_Robertson,PT01-STEP8-FIRE-TO-MIRCAT-PIN4-v1,MS02+T1-01-COMPLETED-WORKING-EVIDENCE,,electrical_falling_edge_timing,PT01-COND-0001000NS,1,true,true,,PT01-ART-0443,Both laser destination DB9 connectors physically disconnected
system_recalibration_001,PT-01,system_recalibration_001_PT-01_001,PT01-TC08-0001000NS-A002,,2026-08-17T17:00:56.264445+00:00,2026-08-17T17:00:56.264445+00:00,Christopher_Robertson,PT01-STEP8-FIRE-TO-MIRCAT-PIN4-v1,MS02+T1-01-COMPLETED-WORKING-EVIDENCE,,electrical_falling_edge_timing,PT01-COND-0001000NS,2,true,true,,PT01-ART-0444,Both laser destination DB9 connectors physically disconnected
system_recalibration_001,PT-01,system_recalibration_001_PT-01_001,PT01-TC08-0001000NS-A003,,2026-08-17T17:00:56.667865+00:00,2026-08-17T17:00:56.667865+00:00,Christopher_Robertson,PT01-STEP8-FIRE-TO-MIRCAT-PIN4-v1,MS02+T1-01-COMPLETED-WORKING-EVIDENCE,,electrical_falling_edge_timing,PT01-COND-0001000NS,3,true,true,,PT01-ART-0445,Both laser destination DB9 connectors physically disconnected
system_recalibration_001,PT-01,system_recalibration_001_PT-01_001,PT01-TC08-0001000NS-A004,,2026-08-17T17:00:57.081317+00:00,2026-08-17T17:00:57.081317+00:00,Christopher_Robertson,PT01-STEP8-FIRE-TO-MIRCAT-PIN4-v1,MS02+T1-01-COMPLETED-WORKING-EVIDENCE,,electrical_falling_edge_timing,PT01-COND-0001000NS,4,true,true,,PT01-ART-0446,Both laser destination DB9 connectors physically disconnected
system_recalibration_001,PT-01,system_recalibration_001_PT-01_001,PT01-TC08-0001000NS-A005,,2026-08-17T17:00:57.485532+00:00,2026-08-17T17:00:57.485532+00:00,Christopher_Robertson,PT01-STEP8-FIRE-TO-MIRCAT-PIN4-v1,MS02+T1-01-COMPLETED-WORKING-EVIDENCE,,electrical_falling_edge_timing,PT01-COND-0001000NS,5,true,true,,PT01-ART-0447,Both laser destination DB9 connectors physically disconnected
system_recalibration_001,PT-01,system_recalibration_001_PT-01_001,PT01-TC08-0001000NS-A006,,2026-08-17T17:00:57.880548+00:00,2026-08-17T17:00:57.880548+00:00,Christopher_Robertson,PT01-STEP8-FIRE-TO-MIRCAT-PIN4-v1,MS02+T1-01-COMPLETED-WORKING-EVIDENCE,,electrical_falling_edge_timing,PT01-COND-0001000NS,6,true,true,,PT01-ART-0448,Both laser destination DB9 connectors physically disconnected
system_recalibration_001,PT-01,system_recalibration_001_PT-01_001,PT01-TC08-0001000NS-A007,,2026-08-17T17:00:58.284266+00:00,2026-08-17T17:00:58.284266+00:00,Christopher_Robertson,PT01-STEP8-FIRE-TO-MIRCAT-PIN4-v1,MS02+T1-01-COMPLETED-WORKING-EVIDENCE,,electrical_falling_edge_timing,PT01-COND-0001000NS,7,true,true,,PT01-ART-0449,Both laser destination DB9 connectors physically disconnected
system_recalibration_001,PT-01,system_recalibration_001_PT-01_001,PT01-TC08-0001000NS-A008,,2026-08-17T17:00:58.669880+00:00,2026-08-17T17:00:58.669880+00:00,Christopher_Robertson,PT01-STEP8-FIRE-TO-MIRCAT-PIN4-v1,MS02+T1-01-COMPLETED-WORKING-EVIDENCE,,electrical_falling_edge_timing,PT01-COND-0001000NS,8,true,true,,PT01-ART-0450,Both laser destination DB9 connectors physically disconnected
system_recalibration_001,PT-01,system_recalibration_001_PT-01_001,PT01-TC08-0001000NS-A009,,2026-08-17T17:00:59.083358+00:00,2026-08-17T17:00:59.083358+00:00,Christopher_Robertson,PT01-STEP8-FIRE-TO-MIRCAT-PIN4-v1,MS02+T1-01-COMPLETED-WORKING-EVIDENCE,,electrical_falling_edge_timing,PT01-COND-0001000NS,9,true,true,,PT01-ART-0451,Both laser destination DB9 connectors physically disconnected
system_recalibration_001,PT-01,system_recalibration_001_PT-01_001,PT01-TC08-0001000NS-A010,,2026-08-17T17:00:59.487951+00:00,2026-08-17T17:00:59.487951+00:00,Christopher_Robertson,PT01-STEP8-FIRE-TO-MIRCAT-PIN4-v1,MS02+T1-01-COMPLETED-WORKING-EVIDENCE,,electrical_falling_edge_timing,PT01-COND-0001000NS,10,true,true,,PT01-ART-0452,Both laser destination DB9 connectors physically disconnected
system_recalibration_001,PT-01,system_recalibration_001_PT-01_001,PT01-TC08-0001000NS-A011,,2026-08-17T17:00:59.884630+00:00,2026-08-17T17:00:59.884630+00:00,Christopher_Robertson,PT01-STEP8-FIRE-TO-MIRCAT-PIN4-v1,MS02+T1-01-COMPLETED-WORKING-EVIDENCE,,electrical_falling_edge_timing,PT01-COND-0001000NS,11,true,true,,PT01-ART-0453,Both laser destination DB9 connectors physically disconnected
system_recalibration_001,PT-01,system_recalibration_001_PT-01_001,PT01-TC08-0001000NS-A012,,2026-08-17T17:01:00.294940+00:00,2026-08-17T17:01:00.294940+00:00,Christopher_Robertson,PT01-STEP8-FIRE-TO-MIRCAT-PIN4-v1,MS02+T1-01-COMPLETED-WORKING-EVIDENCE,,electrical_falling_edge_timing,PT01-COND-0001000NS,12,true,true,,PT01-ART-0454,Both laser destination DB9 connectors physically disconnected
system_recalibration_001,PT-01,system_recalibration_001_PT-01_001,PT01-TC08-0001000NS-A013,,2026-08-17T17:01:00.693012+00:00,2026-08-17T17:01:00.693012+00:00,Christopher_Robertson,PT01-STEP8-FIRE-TO-MIRCAT-PIN4-v1,MS02+T1-01-COMPLETED-WORKING-EVIDENCE,,electrical_falling_edge_timing,PT01-COND-0001000NS,13,true,true,,PT01-ART-0455,Both laser destination DB9 connectors physically disconnected
system_recalibration_001,PT-01,system_recalibration_001_PT-01_001,PT01-TC08-0001000NS-A014,,2026-08-17T17:01:01.091874+00:00,2026-08-17T17:01:01.091874+00:00,Christopher_Robertson,PT01-STEP8-FIRE-TO-MIRCAT-PIN4-v1,MS02+T1-01-COMPLETED-WORKING-EVIDENCE,,electrical_falling_edge_timing,PT01-COND-0001000NS,14,true,true,,PT01-ART-0456,Both laser destination DB9 connectors physically disconnected
system_recalibration_001,PT-01,system_recalibration_001_PT-01_001,PT01-TC08-0001000NS-A015,,2026-08-17T17:01:01.503399+00:00,2026-08-17T17:01:01.503399+00:00,Christopher_Robertson,PT01-STEP8-FIRE-TO-MIRCAT-PIN4-v1,MS02+T1-01-COMPLETED-WORKING-EVIDENCE,,electrical_falling_edge_timing,PT01-COND-0001000NS,15,true,true,,PT01-ART-0457,Both laser destination DB9 connectors physically disconnected
system_recalibration_001,PT-01,system_recalibration_001_PT-01_001,PT01-TC08-0001000NS-A016,,2026-08-17T17:01:01.901987+00:00,2026-08-17T17:01:01.901987+00:00,Christopher_Robertson,PT01-STEP8-FIRE-TO-MIRCAT-PIN4-v1,MS02+T1-01-COMPLETED-WORKING-EVIDENCE,,electrical_falling_edge_timing,PT01-COND-0001000NS,16,true,true,,PT01-ART-0458,Both laser destination DB9 connectors physically disconnected
system_recalibration_001,PT-01,system_recalibration_001_PT-01_001,PT01-TC08-0001000NS-A017,,2026-08-17T17:01:02.283668+00:00,2026-08-17T17:01:02.283668+00:00,Christopher_Robertson,PT01-STEP8-FIRE-TO-MIRCAT-PIN4-v1,MS02+T1-01-COMPLETED-WORKING-EVIDENCE,,electrical_falling_edge_timing,PT01-COND-0001000NS,17,true,true,,PT01-ART-0459,Both laser destination DB9 connectors physically disconnected
system_recalibration_001,PT-01,system_recalibration_001_PT-01_001,PT01-TC08-0001000NS-A018,,2026-08-17T17:01:02.694882+00:00,2026-08-17T17:01:02.694882+00:00,Christopher_Robertson,PT01-STEP8-FIRE-TO-MIRCAT-PIN4-v1,MS02+T1-01-COMPLETED-WORKING-EVIDENCE,,electrical_falling_edge_timing,PT01-COND-0001000NS,18,true,true,,PT01-ART-0460,Both laser destination DB9 connectors physically disconnected
system_recalibration_001,PT-01,system_recalibration_001_PT-01_001,PT01-TC08-0001000NS-A019,,2026-08-17T17:01:03.110325+00:00,2026-08-17T17:01:03.110325+00:00,Christopher_Robertson,PT01-STEP8-FIRE-TO-MIRCAT-PIN4-v1,MS02+T1-01-COMPLETED-WORKING-EVIDENCE,,electrical_falling_edge_timing,PT01-COND-0001000NS,19,true,true,,PT01-ART-0461,Both laser destination DB9 connectors physically disconnected
system_recalibration_001,PT-01,system_recalibration_001_PT-01_001,PT01-TC08-0001000NS-A020,,2026-08-17T17:01:03.476736+00:00,2026-08-17T17:01:03.476736+00:00,Christopher_Robertson,PT01-STEP8-FIRE-TO-MIRCAT-PIN4-v1,MS02+T1-01-COMPLETED-WORKING-EVIDENCE,,electrical_falling_edge_timing,PT01-COND-0001000NS,20,true,true,,PT01-ART-0462,Both laser destination DB9 connectors physically disconnected
system_recalibration_001,PT-01,system_recalibration_001_PT-01_001,PT01-TC08-0001000NS-A021,,2026-08-17T17:01:03.893151+00:00,2026-08-17T17:01:03.893151+00:00,Christopher_Robertson,PT01-STEP8-FIRE-TO-MIRCAT-PIN4-v1,MS02+T1-01-COMPLETED-WORKING-EVIDENCE,,electrical_falling_edge_timing,PT01-COND-0001000NS,21,true,true,,PT01-ART-0463,Both laser destination DB9 connectors physically disconnected
system_recalibration_001,PT-01,system_recalibration_001_PT-01_001,PT01-TC08-0001000NS-A022,,2026-08-17T17:01:04.318598+00:00,2026-08-17T17:01:04.318598+00:00,Christopher_Robertson,PT01-STEP8-FIRE-TO-MIRCAT-PIN4-v1,MS02+T1-01-COMPLETED-WORKING-EVIDENCE,,electrical_falling_edge_timing,PT01-COND-0001000NS,22,true,true,,PT01-ART-0464,Both laser destination DB9 connectors physically disconnected
system_recalibration_001,PT-01,system_recalibration_001_PT-01_001,PT01-TC08-0001000NS-A023,,2026-08-17T17:01:04.688990+00:00,2026-08-17T17:01:04.688990+00:00,Christopher_Robertson,PT01-STEP8-FIRE-TO-MIRCAT-PIN4-v1,MS02+T1-01-COMPLETED-WORKING-EVIDENCE,,electrical_falling_edge_timing,PT01-COND-0001000NS,23,true,true,,PT01-ART-0465,Both laser destination DB9 connectors physically disconnected
system_recalibration_001,PT-01,system_recalibration_001_PT-01_001,PT01-TC08-0001000NS-A024,,2026-08-17T17:01:05.105338+00:00,2026-08-17T17:01:05.105338+00:00,Christopher_Robertson,PT01-STEP8-FIRE-TO-MIRCAT-PIN4-v1,MS02+T1-01-COMPLETED-WORKING-EVIDENCE,,electrical_falling_edge_timing,PT01-COND-0001000NS,24,true,true,,PT01-ART-0466,Both laser destination DB9 connectors physically disconnected
system_recalibration_001,PT-01,system_recalibration_001_PT-01_001,PT01-TC08-0001000NS-A025,,2026-08-17T17:01:05.515065+00:00,2026-08-17T17:01:05.515065+00:00,Christopher_Robertson,PT01-STEP8-FIRE-TO-MIRCAT-PIN4-v1,MS02+T1-01-COMPLETED-WORKING-EVIDENCE,,electrical_falling_edge_timing,PT01-COND-0001000NS,25,true,true,,PT01-ART-0467,Both laser destination DB9 connectors physically disconnected
system_recalibration_001,PT-01,system_recalibration_001_PT-01_001,PT01-TC08-0001000NS-A026,,2026-08-17T17:01:05.895868+00:00,2026-08-17T17:01:05.895868+00:00,Christopher_Robertson,PT01-STEP8-FIRE-TO-MIRCAT-PIN4-v1,MS02+T1-01-COMPLETED-WORKING-EVIDENCE,,electrical_falling_edge_timing,PT01-COND-0001000NS,26,true,true,,PT01-ART-0468,Both laser destination DB9 connectors physically disconnected
system_recalibration_001,PT-01,system_recalibration_001_PT-01_001,PT01-TC08-0001000NS-A027,,2026-08-17T17:01:06.298398+00:00,2026-08-17T17:01:06.298398+00:00,Christopher_Robertson,PT01-STEP8-FIRE-TO-MIRCAT-PIN4-v1,MS02+T1-01-COMPLETED-WORKING-EVIDENCE,,electrical_falling_edge_timing,PT01-COND-0001000NS,27,true,true,,PT01-ART-0469,Both laser destination DB9 connectors physically disconnected
system_recalibration_001,PT-01,system_recalibration_001_PT-01_001,PT01-TC08-0001000NS-A028,,2026-08-17T17:01:06.716944+00:00,2026-08-17T17:01:06.716944+00:00,Christopher_Robertson,PT01-STEP8-FIRE-TO-MIRCAT-PIN4-v1,MS02+T1-01-COMPLETED-WORKING-EVIDENCE,,electrical_falling_edge_timing,PT01-COND-0001000NS,28,true,true,,PT01-ART-0470,Both laser destination DB9 connectors physically disconnected
system_recalibration_001,PT-01,system_recalibration_001_PT-01_001,PT01-TC08-0001000NS-A029,,2026-08-17T17:01:07.088010+00:00,2026-08-17T17:01:07.088010+00:00,Christopher_Robertson,PT01-STEP8-FIRE-TO-MIRCAT-PIN4-v1,MS02+T1-01-COMPLETED-WORKING-EVIDENCE,,electrical_falling_edge_timing,PT01-COND-0001000NS,29,true,true,,PT01-ART-0471,Both laser destination DB9 connectors physically disconnected
system_recalibration_001,PT-01,system_recalibration_001_PT-01_001,PT01-TC08-0001000NS-A030,,2026-08-17T17:01:07.507654+00:00,2026-08-17T17:01:07.507654+00:00,Christopher_Robertson,PT01-STEP8-FIRE-TO-MIRCAT-PIN4-v1,MS02+T1-01-COMPLETED-WORKING-EVIDENCE,,electrical_falling_edge_timing,PT01-COND-0001000NS,30,true,true,,PT01-ART-0472,Both laser destination DB9 connectors physically disconnected
system_recalibration_001,PT-01,system_recalibration_001_PT-01_001,PT01-TC08-0001000NS-A031,,2026-08-17T17:01:07.909177+00:00,2026-08-17T17:01:07.909177+00:00,Christopher_Robertson,PT01-STEP8-FIRE-TO-MIRCAT-PIN4-v1,MS02+T1-01-COMPLETED-WORKING-EVIDENCE,,electrical_falling_edge_timing,PT01-COND-0001000NS,31,true,true,,PT01-ART-0473,Both laser destination DB9 connectors physically disconnected
system_recalibration_001,PT-01,system_recalibration_001_PT-01_001,PT01-TC08-0001000NS-A032,,2026-08-17T17:01:08.290178+00:00,2026-08-17T17:01:08.290178+00:00,Christopher_Robertson,PT01-STEP8-FIRE-TO-MIRCAT-PIN4-v1,MS02+T1-01-COMPLETED-WORKING-EVIDENCE,,electrical_falling_edge_timing,PT01-COND-0001000NS,32,true,true,,PT01-ART-0474,Both laser destination DB9 connectors physically disconnected
system_recalibration_001,PT-01,system_recalibration_001_PT-01_001,PT01-TC08-0001000NS-A033,,2026-08-17T17:01:08.699932+00:00,2026-08-17T17:01:08.699932+00:00,Christopher_Robertson,PT01-STEP8-FIRE-TO-MIRCAT-PIN4-v1,MS02+T1-01-COMPLETED-WORKING-EVIDENCE,,electrical_falling_edge_timing,PT01-COND-0001000NS,33,true,true,,PT01-ART-0475,Both laser destination DB9 connectors physically disconnected
system_recalibration_001,PT-01,system_recalibration_001_PT-01_001,PT01-TC08-0001000NS-A034,,2026-08-17T17:01:09.109397+00:00,2026-08-17T17:01:09.109397+00:00,Christopher_Robertson,PT01-STEP8-FIRE-TO-MIRCAT-PIN4-v1,MS02+T1-01-COMPLETED-WORKING-EVIDENCE,,electrical_falling_edge_timing,PT01-COND-0001000NS,34,true,true,,PT01-ART-0476,Both laser destination DB9 connectors physically disconnected
system_recalibration_001,PT-01,system_recalibration_001_PT-01_001,PT01-TC08-0001000NS-A035,,2026-08-17T17:01:09.488401+00:00,2026-08-17T17:01:09.488401+00:00,Christopher_Robertson,PT01-STEP8-FIRE-TO-MIRCAT-PIN4-v1,MS02+T1-01-COMPLETED-WORKING-EVIDENCE,,electrical_falling_edge_timing,PT01-COND-0001000NS,35,true,true,,PT01-ART-0477,Both laser destination DB9 connectors physically disconnected
system_recalibration_001,PT-01,system_recalibration_001_PT-01_001,PT01-TC08-0001000NS-A036,,2026-08-17T17:01:09.897109+00:00,2026-08-17T17:01:09.897109+00:00,Christopher_Robertson,PT01-STEP8-FIRE-TO-MIRCAT-PIN4-v1,MS02+T1-01-COMPLETED-WORKING-EVIDENCE,,electrical_falling_edge_timing,PT01-COND-0001000NS,36,true,true,,PT01-ART-0478,Both laser destination DB9 connectors physically disconnected
system_recalibration_001,PT-01,system_recalibration_001_PT-01_001,PT01-TC08-0001000NS-A037,,2026-08-17T17:01:10.312216+00:00,2026-08-17T17:01:10.312216+00:00,Christopher_Robertson,PT01-STEP8-FIRE-TO-MIRCAT-PIN4-v1,MS02+T1-01-COMPLETED-WORKING-EVIDENCE,,electrical_falling_edge_timing,PT01-COND-0001000NS,37,true,true,,PT01-ART-0479,Both laser destination DB9 connectors physically disconnected
system_recalibration_001,PT-01,system_recalibration_001_PT-01_001,PT01-TC08-0001000NS-A038,,2026-08-17T17:01:10.689388+00:00,2026-08-17T17:01:10.689388+00:00,Christopher_Robertson,PT01-STEP8-FIRE-TO-MIRCAT-PIN4-v1,MS02+T1-01-COMPLETED-WORKING-EVIDENCE,,electrical_falling_edge_timing,PT01-COND-0001000NS,38,true,true,,PT01-ART-0480,Both laser destination DB9 connectors physically disconnected
system_recalibration_001,PT-01,system_recalibration_001_PT-01_001,PT01-TC08-0001000NS-A039,,2026-08-17T17:01:11.124212+00:00,2026-08-17T17:01:11.124212+00:00,Christopher_Robertson,PT01-STEP8-FIRE-TO-MIRCAT-PIN4-v1,MS02+T1-01-COMPLETED-WORKING-EVIDENCE,,electrical_falling_edge_timing,PT01-COND-0001000NS,39,true,true,,PT01-ART-0481,Both laser destination DB9 connectors physically disconnected
system_recalibration_001,PT-01,system_recalibration_001_PT-01_001,PT01-TC08-0001000NS-A040,,2026-08-17T17:01:11.516657+00:00,2026-08-17T17:01:11.516657+00:00,Christopher_Robertson,PT01-STEP8-FIRE-TO-MIRCAT-PIN4-v1,MS02+T1-01-COMPLETED-WORKING-EVIDENCE,,electrical_falling_edge_timing,PT01-COND-0001000NS,40,true,true,,PT01-ART-0482,Both laser destination DB9 connectors physically disconnected
system_recalibration_001,PT-01,system_recalibration_001_PT-01_001,PT01-TC08-0001000NS-A041,,2026-08-17T17:01:11.923418+00:00,2026-08-17T17:01:11.923418+00:00,Christopher_Robertson,PT01-STEP8-FIRE-TO-MIRCAT-PIN4-v1,MS02+T1-01-COMPLETED-WORKING-EVIDENCE,,electrical_falling_edge_timing,PT01-COND-0001000NS,41,true,true,,PT01-ART-0483,Both laser destination DB9 connectors physically disconnected
system_recalibration_001,PT-01,system_recalibration_001_PT-01_001,PT01-TC08-0001000NS-A042,,2026-08-17T17:01:12.307302+00:00,2026-08-17T17:01:12.307302+00:00,Christopher_Robertson,PT01-STEP8-FIRE-TO-MIRCAT-PIN4-v1,MS02+T1-01-COMPLETED-WORKING-EVIDENCE,,electrical_falling_edge_timing,PT01-COND-0001000NS,42,true,true,,PT01-ART-0484,Both laser destination DB9 connectors physically disconnected
system_recalibration_001,PT-01,system_recalibration_001_PT-01_001,PT01-TC08-0001000NS-A043,,2026-08-17T17:01:12.716849+00:00,2026-08-17T17:01:12.716849+00:00,Christopher_Robertson,PT01-STEP8-FIRE-TO-MIRCAT-PIN4-v1,MS02+T1-01-COMPLETED-WORKING-EVIDENCE,,electrical_falling_edge_timing,PT01-COND-0001000NS,43,true,true,,PT01-ART-0485,Both laser destination DB9 connectors physically disconnected
system_recalibration_001,PT-01,system_recalibration_001_PT-01_001,PT01-TC08-0001000NS-A044,,2026-08-17T17:01:13.098919+00:00,2026-08-17T17:01:13.098919+00:00,Christopher_Robertson,PT01-STEP8-FIRE-TO-MIRCAT-PIN4-v1,MS02+T1-01-COMPLETED-WORKING-EVIDENCE,,electrical_falling_edge_timing,PT01-COND-0001000NS,44,true,true,,PT01-ART-0486,Both laser destination DB9 connectors physically disconnected
system_recalibration_001,PT-01,system_recalibration_001_PT-01_001,PT01-TC08-0001000NS-A045,,2026-08-17T17:01:13.510775+00:00,2026-08-17T17:01:13.510775+00:00,Christopher_Robertson,PT01-STEP8-FIRE-TO-MIRCAT-PIN4-v1,MS02+T1-01-COMPLETED-WORKING-EVIDENCE,,electrical_falling_edge_timing,PT01-COND-0001000NS,45,true,true,,PT01-ART-0487,Both laser destination DB9 connectors physically disconnected
system_recalibration_001,PT-01,system_recalibration_001_PT-01_001,PT01-TC08-0001000NS-A046,,2026-08-17T17:01:13.919294+00:00,2026-08-17T17:01:13.919294+00:00,Christopher_Robertson,PT01-STEP8-FIRE-TO-MIRCAT-PIN4-v1,MS02+T1-01-COMPLETED-WORKING-EVIDENCE,,electrical_falling_edge_timing,PT01-COND-0001000NS,46,true,true,,PT01-ART-0488,Both laser destination DB9 connectors physically disconnected
system_recalibration_001,PT-01,system_recalibration_001_PT-01_001,PT01-TC08-0001000NS-A047,,2026-08-17T17:01:14.301015+00:00,2026-08-17T17:01:14.301015+00:00,Christopher_Robertson,PT01-STEP8-FIRE-TO-MIRCAT-PIN4-v1,MS02+T1-01-COMPLETED-WORKING-EVIDENCE,,electrical_falling_edge_timing,PT01-COND-0001000NS,47,true,true,,PT01-ART-0489,Both laser destination DB9 connectors physically disconnected
system_recalibration_001,PT-01,system_recalibration_001_PT-01_001,PT01-TC08-0001000NS-A048,,2026-08-17T17:01:14.723378+00:00,2026-08-17T17:01:14.723378+00:00,Christopher_Robertson,PT01-STEP8-FIRE-TO-MIRCAT-PIN4-v1,MS02+T1-01-COMPLETED-WORKING-EVIDENCE,,electrical_falling_edge_timing,PT01-COND-0001000NS,48,true,true,,PT01-ART-0490,Both laser destination DB9 connectors physically disconnected
system_recalibration_001,PT-01,system_recalibration_001_PT-01_001,PT01-TC08-0001000NS-A049,,2026-08-17T17:01:15.119120+00:00,2026-08-17T17:01:15.119120+00:00,Christopher_Robertson,PT01-STEP8-FIRE-TO-MIRCAT-PIN4-v1,MS02+T1-01-COMPLETED-WORKING-EVIDENCE,,electrical_falling_edge_timing,PT01-COND-0001000NS,49,true,true,,PT01-ART-0491,Both laser destination DB9 connectors physically disconnected
system_recalibration_001,PT-01,system_recalibration_001_PT-01_001,PT01-TC08-0001000NS-A050,,2026-08-17T17:01:15.504078+00:00,2026-08-17T17:01:15.504078+00:00,Christopher_Robertson,PT01-STEP8-FIRE-TO-MIRCAT-PIN4-v1,MS02+T1-01-COMPLETED-WORKING-EVIDENCE,,electrical_falling_edge_timing,PT01-COND-0001000NS,50,true,true,,PT01-ART-0492,Both laser destination DB9 connectors physically disconnected
system_recalibration_001,PT-01,system_recalibration_001_PT-01_001,PT01-TC08-0001000NS-A051,,2026-08-17T17:01:15.903205+00:00,2026-08-17T17:01:15.903205+00:00,Christopher_Robertson,PT01-STEP8-FIRE-TO-MIRCAT-PIN4-v1,MS02+T1-01-COMPLETED-WORKING-EVIDENCE,,electrical_falling_edge_timing,PT01-COND-0001000NS,51,true,true,,PT01-ART-0493,Both laser destination DB9 connectors physically disconnected
system_recalibration_001,PT-01,system_recalibration_001_PT-01_001,PT01-TC08-0001000NS-A052,,2026-08-17T17:01:16.335209+00:00,2026-08-17T17:01:16.335209+00:00,Christopher_Robertson,PT01-STEP8-FIRE-TO-MIRCAT-PIN4-v1,MS02+T1-01-COMPLETED-WORKING-EVIDENCE,,electrical_falling_edge_timing,PT01-COND-0001000NS,52,true,true,,PT01-ART-0494,Both laser destination DB9 connectors physically disconnected
system_recalibration_001,PT-01,system_recalibration_001_PT-01_001,PT01-TC08-0001000NS-A053,,2026-08-17T17:01:16.799225+00:00,2026-08-17T17:01:16.799225+00:00,Christopher_Robertson,PT01-STEP8-FIRE-TO-MIRCAT-PIN4-v1,MS02+T1-01-COMPLETED-WORKING-EVIDENCE,,electrical_falling_edge_timing,PT01-COND-0001000NS,53,true,true,,PT01-ART-0495,Both laser destination DB9 connectors physically disconnected
system_recalibration_001,PT-01,system_recalibration_001_PT-01_001,PT01-TC08-0001000NS-A054,,2026-08-17T17:01:17.211698+00:00,2026-08-17T17:01:17.211698+00:00,Christopher_Robertson,PT01-STEP8-FIRE-TO-MIRCAT-PIN4-v1,MS02+T1-01-COMPLETED-WORKING-EVIDENCE,,electrical_falling_edge_timing,PT01-COND-0001000NS,54,true,true,,PT01-ART-0496,Both laser destination DB9 connectors physically disconnected
system_recalibration_001,PT-01,system_recalibration_001_PT-01_001,PT01-TC08-0001000NS-A055,,2026-08-17T17:01:17.622917+00:00,2026-08-17T17:01:17.622917+00:00,Christopher_Robertson,PT01-STEP8-FIRE-TO-MIRCAT-PIN4-v1,MS02+T1-01-COMPLETED-WORKING-EVIDENCE,,electrical_falling_edge_timing,PT01-COND-0001000NS,55,true,true,,PT01-ART-0497,Both laser destination DB9 connectors physically disconnected
system_recalibration_001,PT-01,system_recalibration_001_PT-01_001,PT01-TC08-0001000NS-A056,,2026-08-17T17:01:18.000355+00:00,2026-08-17T17:01:18.000355+00:00,Christopher_Robertson,PT01-STEP8-FIRE-TO-MIRCAT-PIN4-v1,MS02+T1-01-COMPLETED-WORKING-EVIDENCE,,electrical_falling_edge_timing,PT01-COND-0001000NS,56,true,true,,PT01-ART-0498,Both laser destination DB9 connectors physically disconnected
system_recalibration_001,PT-01,system_recalibration_001_PT-01_001,PT01-TC08-0001000NS-A057,,2026-08-17T17:01:18.422284+00:00,2026-08-17T17:01:18.422284+00:00,Christopher_Robertson,PT01-STEP8-FIRE-TO-MIRCAT-PIN4-v1,MS02+T1-01-COMPLETED-WORKING-EVIDENCE,,electrical_falling_edge_timing,PT01-COND-0001000NS,57,true,true,,PT01-ART-0499,Both laser destination DB9 connectors physically disconnected
system_recalibration_001,PT-01,system_recalibration_001_PT-01_001,PT01-TC08-0001000NS-A058,,2026-08-17T17:01:18.820774+00:00,2026-08-17T17:01:18.820774+00:00,Christopher_Robertson,PT01-STEP8-FIRE-TO-MIRCAT-PIN4-v1,MS02+T1-01-COMPLETED-WORKING-EVIDENCE,,electrical_falling_edge_timing,PT01-COND-0001000NS,58,true,true,,PT01-ART-0500,Both laser destination DB9 connectors physically disconnected
system_recalibration_001,PT-01,system_recalibration_001_PT-01_001,PT01-TC08-0001000NS-A059,,2026-08-17T17:01:19.222941+00:00,2026-08-17T17:01:19.222941+00:00,Christopher_Robertson,PT01-STEP8-FIRE-TO-MIRCAT-PIN4-v1,MS02+T1-01-COMPLETED-WORKING-EVIDENCE,,electrical_falling_edge_timing,PT01-COND-0001000NS,59,true,true,,PT01-ART-0501,Both laser destination DB9 connectors physically disconnected
system_recalibration_001,PT-01,system_recalibration_001_PT-01_001,PT01-TC08-0001000NS-A060,,2026-08-17T17:01:19.632196+00:00,2026-08-17T17:01:19.632196+00:00,Christopher_Robertson,PT01-STEP8-FIRE-TO-MIRCAT-PIN4-v1,MS02+T1-01-COMPLETED-WORKING-EVIDENCE,,electrical_falling_edge_timing,PT01-COND-0001000NS,60,true,true,,PT01-ART-0502,Both laser destination DB9 connectors physically disconnected
system_recalibration_001,PT-01,system_recalibration_001_PT-01_001,PT01-TC08-0001000NS-A061,,2026-08-17T17:01:20.028712+00:00,2026-08-17T17:01:20.028712+00:00,Christopher_Robertson,PT01-STEP8-FIRE-TO-MIRCAT-PIN4-v1,MS02+T1-01-COMPLETED-WORKING-EVIDENCE,,electrical_falling_edge_timing,PT01-COND-0001000NS,61,true,true,,PT01-ART-0503,Both laser destination DB9 connectors physically disconnected
system_recalibration_001,PT-01,system_recalibration_001_PT-01_001,PT01-TC08-0001000NS-A062,,2026-08-17T17:01:20.418382+00:00,2026-08-17T17:01:20.418382+00:00,Christopher_Robertson,PT01-STEP8-FIRE-TO-MIRCAT-PIN4-v1,MS02+T1-01-COMPLETED-WORKING-EVIDENCE,,electrical_falling_edge_timing,PT01-COND-0001000NS,62,true,true,,PT01-ART-0504,Both laser destination DB9 connectors physically disconnected
system_recalibration_001,PT-01,system_recalibration_001_PT-01_001,PT01-TC08-0001000NS-A063,,2026-08-17T17:01:20.827403+00:00,2026-08-17T17:01:20.827403+00:00,Christopher_Robertson,PT01-STEP8-FIRE-TO-MIRCAT-PIN4-v1,MS02+T1-01-COMPLETED-WORKING-EVIDENCE,,electrical_falling_edge_timing,PT01-COND-0001000NS,63,true,true,,PT01-ART-0505,Both laser destination DB9 connectors physically disconnected
system_recalibration_001,PT-01,system_recalibration_001_PT-01_001,PT01-TC08-0001000NS-A064,,2026-08-17T17:01:21.230062+00:00,2026-08-17T17:01:21.230062+00:00,Christopher_Robertson,PT01-STEP8-FIRE-TO-MIRCAT-PIN4-v1,MS02+T1-01-COMPLETED-WORKING-EVIDENCE,,electrical_falling_edge_timing,PT01-COND-0001000NS,64,true,true,,PT01-ART-0506,Both laser destination DB9 connectors physically disconnected
system_recalibration_001,PT-01,system_recalibration_001_PT-01_001,PT01-TC08-0001000NS-A065,,2026-08-17T17:01:21.645846+00:00,2026-08-17T17:01:21.645846+00:00,Christopher_Robertson,PT01-STEP8-FIRE-TO-MIRCAT-PIN4-v1,MS02+T1-01-COMPLETED-WORKING-EVIDENCE,,electrical_falling_edge_timing,PT01-COND-0001000NS,65,true,true,,PT01-ART-0507,Both laser destination DB9 connectors physically disconnected
system_recalibration_001,PT-01,system_recalibration_001_PT-01_001,PT01-TC08-0001000NS-A066,,2026-08-17T17:01:22.120255+00:00,2026-08-17T17:01:22.120255+00:00,Christopher_Robertson,PT01-STEP8-FIRE-TO-MIRCAT-PIN4-v1,MS02+T1-01-COMPLETED-WORKING-EVIDENCE,,electrical_falling_edge_timing,PT01-COND-0001000NS,66,true,true,,PT01-ART-0508,Both laser destination DB9 connectors physically disconnected
system_recalibration_001,PT-01,system_recalibration_001_PT-01_001,PT01-TC08-0001000NS-A067,,2026-08-17T17:01:22.528853+00:00,2026-08-17T17:01:22.528853+00:00,Christopher_Robertson,PT01-STEP8-FIRE-TO-MIRCAT-PIN4-v1,MS02+T1-01-COMPLETED-WORKING-EVIDENCE,,electrical_falling_edge_timing,PT01-COND-0001000NS,67,true,true,,PT01-ART-0509,Both laser destination DB9 connectors physically disconnected
system_recalibration_001,PT-01,system_recalibration_001_PT-01_001,PT01-TC08-0001000NS-A068,,2026-08-17T17:01:22.907972+00:00,2026-08-17T17:01:22.907972+00:00,Christopher_Robertson,PT01-STEP8-FIRE-TO-MIRCAT-PIN4-v1,MS02+T1-01-COMPLETED-WORKING-EVIDENCE,,electrical_falling_edge_timing,PT01-COND-0001000NS,68,true,true,,PT01-ART-0510,Both laser destination DB9 connectors physically disconnected
system_recalibration_001,PT-01,system_recalibration_001_PT-01_001,PT01-TC08-0001000NS-A069,,2026-08-17T17:01:23.326457+00:00,2026-08-17T17:01:23.326457+00:00,Christopher_Robertson,PT01-STEP8-FIRE-TO-MIRCAT-PIN4-v1,MS02+T1-01-COMPLETED-WORKING-EVIDENCE,,electrical_falling_edge_timing,PT01-COND-0001000NS,69,true,true,,PT01-ART-0511,Both laser destination DB9 connectors physically disconnected
system_recalibration_001,PT-01,system_recalibration_001_PT-01_001,PT01-TC08-0001000NS-A070,,2026-08-17T17:01:23.737045+00:00,2026-08-17T17:01:23.737045+00:00,Christopher_Robertson,PT01-STEP8-FIRE-TO-MIRCAT-PIN4-v1,MS02+T1-01-COMPLETED-WORKING-EVIDENCE,,electrical_falling_edge_timing,PT01-COND-0001000NS,70,true,true,,PT01-ART-0512,Both laser destination DB9 connectors physically disconnected
system_recalibration_001,PT-01,system_recalibration_001_PT-01_001,PT01-TC08-0001000NS-A071,,2026-08-17T17:01:24.102790+00:00,2026-08-17T17:01:24.102790+00:00,Christopher_Robertson,PT01-STEP8-FIRE-TO-MIRCAT-PIN4-v1,MS02+T1-01-COMPLETED-WORKING-EVIDENCE,,electrical_falling_edge_timing,PT01-COND-0001000NS,71,true,true,,PT01-ART-0513,Both laser destination DB9 connectors physically disconnected
system_recalibration_001,PT-01,system_recalibration_001_PT-01_001,PT01-TC08-0001000NS-A072,,2026-08-17T17:01:24.540834+00:00,2026-08-17T17:01:24.540834+00:00,Christopher_Robertson,PT01-STEP8-FIRE-TO-MIRCAT-PIN4-v1,MS02+T1-01-COMPLETED-WORKING-EVIDENCE,,electrical_falling_edge_timing,PT01-COND-0001000NS,72,true,true,,PT01-ART-0514,Both laser destination DB9 connectors physically disconnected
system_recalibration_001,PT-01,system_recalibration_001_PT-01_001,PT01-TC08-0001000NS-A073,,2026-08-17T17:01:24.939546+00:00,2026-08-17T17:01:24.939546+00:00,Christopher_Robertson,PT01-STEP8-FIRE-TO-MIRCAT-PIN4-v1,MS02+T1-01-COMPLETED-WORKING-EVIDENCE,,electrical_falling_edge_timing,PT01-COND-0001000NS,73,true,true,,PT01-ART-0515,Both laser destination DB9 connectors physically disconnected
system_recalibration_001,PT-01,system_recalibration_001_PT-01_001,PT01-TC08-0001000NS-A074,,2026-08-17T17:01:25.314223+00:00,2026-08-17T17:01:25.314223+00:00,Christopher_Robertson,PT01-STEP8-FIRE-TO-MIRCAT-PIN4-v1,MS02+T1-01-COMPLETED-WORKING-EVIDENCE,,electrical_falling_edge_timing,PT01-COND-0001000NS,74,true,true,,PT01-ART-0516,Both laser destination DB9 connectors physically disconnected
system_recalibration_001,PT-01,system_recalibration_001_PT-01_001,PT01-TC08-0001000NS-A075,,2026-08-17T17:01:25.732117+00:00,2026-08-17T17:01:25.732117+00:00,Christopher_Robertson,PT01-STEP8-FIRE-TO-MIRCAT-PIN4-v1,MS02+T1-01-COMPLETED-WORKING-EVIDENCE,,electrical_falling_edge_timing,PT01-COND-0001000NS,75,true,true,,PT01-ART-0517,Both laser destination DB9 connectors physically disconnected
system_recalibration_001,PT-01,system_recalibration_001_PT-01_001,PT01-TC08-0001000NS-A076,,2026-08-17T17:01:26.132087+00:00,2026-08-17T17:01:26.132087+00:00,Christopher_Robertson,PT01-STEP8-FIRE-TO-MIRCAT-PIN4-v1,MS02+T1-01-COMPLETED-WORKING-EVIDENCE,,electrical_falling_edge_timing,PT01-COND-0001000NS,76,true,true,,PT01-ART-0518,Both laser destination DB9 connectors physically disconnected
system_recalibration_001,PT-01,system_recalibration_001_PT-01_001,PT01-TC08-0001000NS-A077,,2026-08-17T17:01:26.518662+00:00,2026-08-17T17:01:26.518662+00:00,Christopher_Robertson,PT01-STEP8-FIRE-TO-MIRCAT-PIN4-v1,MS02+T1-01-COMPLETED-WORKING-EVIDENCE,,electrical_falling_edge_timing,PT01-COND-0001000NS,77,true,true,,PT01-ART-0519,Both laser destination DB9 connectors physically disconnected
system_recalibration_001,PT-01,system_recalibration_001_PT-01_001,PT01-TC08-0001000NS-A078,,2026-08-17T17:01:26.939160+00:00,2026-08-17T17:01:26.939160+00:00,Christopher_Robertson,PT01-STEP8-FIRE-TO-MIRCAT-PIN4-v1,MS02+T1-01-COMPLETED-WORKING-EVIDENCE,,electrical_falling_edge_timing,PT01-COND-0001000NS,78,true,true,,PT01-ART-0520,Both laser destination DB9 connectors physically disconnected
system_recalibration_001,PT-01,system_recalibration_001_PT-01_001,PT01-TC08-0001000NS-A079,,2026-08-17T17:01:27.332036+00:00,2026-08-17T17:01:27.332036+00:00,Christopher_Robertson,PT01-STEP8-FIRE-TO-MIRCAT-PIN4-v1,MS02+T1-01-COMPLETED-WORKING-EVIDENCE,,electrical_falling_edge_timing,PT01-COND-0001000NS,79,true,true,,PT01-ART-0521,Both laser destination DB9 connectors physically disconnected
system_recalibration_001,PT-01,system_recalibration_001_PT-01_001,PT01-TC08-0001000NS-A080,,2026-08-17T17:01:27.718423+00:00,2026-08-17T17:01:27.718423+00:00,Christopher_Robertson,PT01-STEP8-FIRE-TO-MIRCAT-PIN4-v1,MS02+T1-01-COMPLETED-WORKING-EVIDENCE,,electrical_falling_edge_timing,PT01-COND-0001000NS,80,true,true,,PT01-ART-0522,Both laser destination DB9 connectors physically disconnected
system_recalibration_001,PT-01,system_recalibration_001_PT-01_001,PT01-TC08-0001000NS-A081,,2026-08-17T17:01:28.130652+00:00,2026-08-17T17:01:28.130652+00:00,Christopher_Robertson,PT01-STEP8-FIRE-TO-MIRCAT-PIN4-v1,MS02+T1-01-COMPLETED-WORKING-EVIDENCE,,electrical_falling_edge_timing,PT01-COND-0001000NS,81,true,true,,PT01-ART-0523,Both laser destination DB9 connectors physically disconnected
system_recalibration_001,PT-01,system_recalibration_001_PT-01_001,PT01-TC08-0001000NS-A082,,2026-08-17T17:01:28.534767+00:00,2026-08-17T17:01:28.534767+00:00,Christopher_Robertson,PT01-STEP8-FIRE-TO-MIRCAT-PIN4-v1,MS02+T1-01-COMPLETED-WORKING-EVIDENCE,,electrical_falling_edge_timing,PT01-COND-0001000NS,82,true,true,,PT01-ART-0524,Both laser destination DB9 connectors physically disconnected
system_recalibration_001,PT-01,system_recalibration_001_PT-01_001,PT01-TC08-0001000NS-A083,,2026-08-17T17:01:28.918899+00:00,2026-08-17T17:01:28.918899+00:00,Christopher_Robertson,PT01-STEP8-FIRE-TO-MIRCAT-PIN4-v1,MS02+T1-01-COMPLETED-WORKING-EVIDENCE,,electrical_falling_edge_timing,PT01-COND-0001000NS,83,true,true,,PT01-ART-0525,Both laser destination DB9 connectors physically disconnected
system_recalibration_001,PT-01,system_recalibration_001_PT-01_001,PT01-TC08-0001000NS-A084,,2026-08-17T17:01:29.335940+00:00,2026-08-17T17:01:29.335940+00:00,Christopher_Robertson,PT01-STEP8-FIRE-TO-MIRCAT-PIN4-v1,MS02+T1-01-COMPLETED-WORKING-EVIDENCE,,electrical_falling_edge_timing,PT01-COND-0001000NS,84,true,true,,PT01-ART-0526,Both laser destination DB9 connectors physically disconnected
system_recalibration_001,PT-01,system_recalibration_001_PT-01_001,PT01-TC08-0001000NS-A085,,2026-08-17T17:01:29.732923+00:00,2026-08-17T17:01:29.732923+00:00,Christopher_Robertson,PT01-STEP8-FIRE-TO-MIRCAT-PIN4-v1,MS02+T1-01-COMPLETED-WORKING-EVIDENCE,,electrical_falling_edge_timing,PT01-COND-0001000NS,85,true,true,,PT01-ART-0527,Both laser destination DB9 connectors physically disconnected
system_recalibration_001,PT-01,system_recalibration_001_PT-01_001,PT01-TC08-0001000NS-A086,,2026-08-17T17:01:30.134770+00:00,2026-08-17T17:01:30.134770+00:00,Christopher_Robertson,PT01-STEP8-FIRE-TO-MIRCAT-PIN4-v1,MS02+T1-01-COMPLETED-WORKING-EVIDENCE,,electrical_falling_edge_timing,PT01-COND-0001000NS,86,true,true,,PT01-ART-0528,Both laser destination DB9 connectors physically disconnected
system_recalibration_001,PT-01,system_recalibration_001_PT-01_001,PT01-TC08-0001000NS-A087,,2026-08-17T17:01:30.522816+00:00,2026-08-17T17:01:30.522816+00:00,Christopher_Robertson,PT01-STEP8-FIRE-TO-MIRCAT-PIN4-v1,MS02+T1-01-COMPLETED-WORKING-EVIDENCE,,electrical_falling_edge_timing,PT01-COND-0001000NS,87,true,true,,PT01-ART-0529,Both laser destination DB9 connectors physically disconnected
system_recalibration_001,PT-01,system_recalibration_001_PT-01_001,PT01-TC08-0001000NS-A088,,2026-08-17T17:01:30.928507+00:00,2026-08-17T17:01:30.928507+00:00,Christopher_Robertson,PT01-STEP8-FIRE-TO-MIRCAT-PIN4-v1,MS02+T1-01-COMPLETED-WORKING-EVIDENCE,,electrical_falling_edge_timing,PT01-COND-0001000NS,88,true,true,,PT01-ART-0530,Both laser destination DB9 connectors physically disconnected
system_recalibration_001,PT-01,system_recalibration_001_PT-01_001,PT01-TC08-0001000NS-A089,,2026-08-17T17:01:31.317039+00:00,2026-08-17T17:01:31.317039+00:00,Christopher_Robertson,PT01-STEP8-FIRE-TO-MIRCAT-PIN4-v1,MS02+T1-01-COMPLETED-WORKING-EVIDENCE,,electrical_falling_edge_timing,PT01-COND-0001000NS,89,true,true,,PT01-ART-0531,Both laser destination DB9 connectors physically disconnected
system_recalibration_001,PT-01,system_recalibration_001_PT-01_001,PT01-TC08-0001000NS-A090,,2026-08-17T17:01:31.722790+00:00,2026-08-17T17:01:31.722790+00:00,Christopher_Robertson,PT01-STEP8-FIRE-TO-MIRCAT-PIN4-v1,MS02+T1-01-COMPLETED-WORKING-EVIDENCE,,electrical_falling_edge_timing,PT01-COND-0001000NS,90,true,true,,PT01-ART-0532,Both laser destination DB9 connectors physically disconnected
system_recalibration_001,PT-01,system_recalibration_001_PT-01_001,PT01-TC08-0001000NS-A091,,2026-08-17T17:01:32.152234+00:00,2026-08-17T17:01:32.152234+00:00,Christopher_Robertson,PT01-STEP8-FIRE-TO-MIRCAT-PIN4-v1,MS02+T1-01-COMPLETED-WORKING-EVIDENCE,,electrical_falling_edge_timing,PT01-COND-0001000NS,91,true,true,,PT01-ART-0533,Both laser destination DB9 connectors physically disconnected
system_recalibration_001,PT-01,system_recalibration_001_PT-01_001,PT01-TC08-0001000NS-A092,,2026-08-17T17:01:32.612645+00:00,2026-08-17T17:01:32.612645+00:00,Christopher_Robertson,PT01-STEP8-FIRE-TO-MIRCAT-PIN4-v1,MS02+T1-01-COMPLETED-WORKING-EVIDENCE,,electrical_falling_edge_timing,PT01-COND-0001000NS,92,true,true,,PT01-ART-0534,Both laser destination DB9 connectors physically disconnected
system_recalibration_001,PT-01,system_recalibration_001_PT-01_001,PT01-TC08-0001000NS-A093,,2026-08-17T17:01:33.031368+00:00,2026-08-17T17:01:33.031368+00:00,Christopher_Robertson,PT01-STEP8-FIRE-TO-MIRCAT-PIN4-v1,MS02+T1-01-COMPLETED-WORKING-EVIDENCE,,electrical_falling_edge_timing,PT01-COND-0001000NS,93,true,true,,PT01-ART-0535,Both laser destination DB9 connectors physically disconnected
system_recalibration_001,PT-01,system_recalibration_001_PT-01_001,PT01-TC08-0001000NS-A094,,2026-08-17T17:01:33.434473+00:00,2026-08-17T17:01:33.434473+00:00,Christopher_Robertson,PT01-STEP8-FIRE-TO-MIRCAT-PIN4-v1,MS02+T1-01-COMPLETED-WORKING-EVIDENCE,,electrical_falling_edge_timing,PT01-COND-0001000NS,94,true,true,,PT01-ART-0536,Both laser destination DB9 connectors physically disconnected
system_recalibration_001,PT-01,system_recalibration_001_PT-01_001,PT01-TC08-0001000NS-A095,,2026-08-17T17:01:33.823226+00:00,2026-08-17T17:01:33.823226+00:00,Christopher_Robertson,PT01-STEP8-FIRE-TO-MIRCAT-PIN4-v1,MS02+T1-01-COMPLETED-WORKING-EVIDENCE,,electrical_falling_edge_timing,PT01-COND-0001000NS,95,true,true,,PT01-ART-0537,Both laser destination DB9 connectors physically disconnected
system_recalibration_001,PT-01,system_recalibration_001_PT-01_001,PT01-TC08-0001000NS-A096,,2026-08-17T17:01:34.237164+00:00,2026-08-17T17:01:34.237164+00:00,Christopher_Robertson,PT01-STEP8-FIRE-TO-MIRCAT-PIN4-v1,MS02+T1-01-COMPLETED-WORKING-EVIDENCE,,electrical_falling_edge_timing,PT01-COND-0001000NS,96,true,true,,PT01-ART-0538,Both laser destination DB9 connectors physically disconnected
system_recalibration_001,PT-01,system_recalibration_001_PT-01_001,PT01-TC08-0001000NS-A097,,2026-08-17T17:01:34.645643+00:00,2026-08-17T17:01:34.645643+00:00,Christopher_Robertson,PT01-STEP8-FIRE-TO-MIRCAT-PIN4-v1,MS02+T1-01-COMPLETED-WORKING-EVIDENCE,,electrical_falling_edge_timing,PT01-COND-0001000NS,97,true,true,,PT01-ART-0539,Both laser destination DB9 connectors physically disconnected
system_recalibration_001,PT-01,system_recalibration_001_PT-01_001,PT01-TC08-0001000NS-A098,,2026-08-17T17:01:35.020892+00:00,2026-08-17T17:01:35.020892+00:00,Christopher_Robertson,PT01-STEP8-FIRE-TO-MIRCAT-PIN4-v1,MS02+T1-01-COMPLETED-WORKING-EVIDENCE,,electrical_falling_edge_timing,PT01-COND-0001000NS,98,true,true,,PT01-ART-0540,Both laser destination DB9 connectors physically disconnected
system_recalibration_001,PT-01,system_recalibration_001_PT-01_001,PT01-TC08-0001000NS-A099,,2026-08-17T17:01:35.445506+00:00,2026-08-17T17:01:35.445506+00:00,Christopher_Robertson,PT01-STEP8-FIRE-TO-MIRCAT-PIN4-v1,MS02+T1-01-COMPLETED-WORKING-EVIDENCE,,electrical_falling_edge_timing,PT01-COND-0001000NS,99,true,true,,PT01-ART-0541,Both laser destination DB9 connectors physically disconnected
system_recalibration_001,PT-01,system_recalibration_001_PT-01_001,PT01-TC08-0001000NS-A100,,2026-08-17T17:01:35.846589+00:00,2026-08-17T17:01:35.846589+00:00,Christopher_Robertson,PT01-STEP8-FIRE-TO-MIRCAT-PIN4-v1,MS02+T1-01-COMPLETED-WORKING-EVIDENCE,,electrical_falling_edge_timing,PT01-COND-0001000NS,100,true,true,,PT01-ART-0542,Both laser destination DB9 connectors physically disconnected
system_recalibration_001,PT-01,system_recalibration_001_PT-01_001,PT01-TC08-0010000NS-A001,,2026-08-17T17:01:42.374559+00:00,2026-08-17T17:01:42.374559+00:00,Christopher_Robertson,PT01-STEP8-FIRE-TO-MIRCAT-PIN4-v1,MS02+T1-01-COMPLETED-WORKING-EVIDENCE,,electrical_falling_edge_timing,PT01-COND-0010000NS,1,true,true,,PT01-ART-0343,Both laser destination DB9 connectors physically disconnected
system_recalibration_001,PT-01,system_recalibration_001_PT-01_001,PT01-TC08-0010000NS-A002,,2026-08-17T17:01:42.831518+00:00,2026-08-17T17:01:42.831518+00:00,Christopher_Robertson,PT01-STEP8-FIRE-TO-MIRCAT-PIN4-v1,MS02+T1-01-COMPLETED-WORKING-EVIDENCE,,electrical_falling_edge_timing,PT01-COND-0010000NS,2,true,true,,PT01-ART-0344,Both laser destination DB9 connectors physically disconnected
system_recalibration_001,PT-01,system_recalibration_001_PT-01_001,PT01-TC08-0010000NS-A003,,2026-08-17T17:01:43.228879+00:00,2026-08-17T17:01:43.228879+00:00,Christopher_Robertson,PT01-STEP8-FIRE-TO-MIRCAT-PIN4-v1,MS02+T1-01-COMPLETED-WORKING-EVIDENCE,,electrical_falling_edge_timing,PT01-COND-0010000NS,3,true,true,,PT01-ART-0345,Both laser destination DB9 connectors physically disconnected
system_recalibration_001,PT-01,system_recalibration_001_PT-01_001,PT01-TC08-0010000NS-A004,,2026-08-17T17:01:43.629952+00:00,2026-08-17T17:01:43.629952+00:00,Christopher_Robertson,PT01-STEP8-FIRE-TO-MIRCAT-PIN4-v1,MS02+T1-01-COMPLETED-WORKING-EVIDENCE,,electrical_falling_edge_timing,PT01-COND-0010000NS,4,true,true,,PT01-ART-0346,Both laser destination DB9 connectors physically disconnected
system_recalibration_001,PT-01,system_recalibration_001_PT-01_001,PT01-TC08-0010000NS-A005,,2026-08-17T17:01:44.029212+00:00,2026-08-17T17:01:44.029212+00:00,Christopher_Robertson,PT01-STEP8-FIRE-TO-MIRCAT-PIN4-v1,MS02+T1-01-COMPLETED-WORKING-EVIDENCE,,electrical_falling_edge_timing,PT01-COND-0010000NS,5,true,true,,PT01-ART-0347,Both laser destination DB9 connectors physically disconnected
system_recalibration_001,PT-01,system_recalibration_001_PT-01_001,PT01-TC08-0010000NS-A006,,2026-08-17T17:01:44.422973+00:00,2026-08-17T17:01:44.422973+00:00,Christopher_Robertson,PT01-STEP8-FIRE-TO-MIRCAT-PIN4-v1,MS02+T1-01-COMPLETED-WORKING-EVIDENCE,,electrical_falling_edge_timing,PT01-COND-0010000NS,6,true,true,,PT01-ART-0348,Both laser destination DB9 connectors physically disconnected
system_recalibration_001,PT-01,system_recalibration_001_PT-01_001,PT01-TC08-0010000NS-A007,,2026-08-17T17:01:44.835559+00:00,2026-08-17T17:01:44.835559+00:00,Christopher_Robertson,PT01-STEP8-FIRE-TO-MIRCAT-PIN4-v1,MS02+T1-01-COMPLETED-WORKING-EVIDENCE,,electrical_falling_edge_timing,PT01-COND-0010000NS,7,true,true,,PT01-ART-0349,Both laser destination DB9 connectors physically disconnected
system_recalibration_001,PT-01,system_recalibration_001_PT-01_001,PT01-TC08-0010000NS-A008,,2026-08-17T17:01:45.240867+00:00,2026-08-17T17:01:45.240867+00:00,Christopher_Robertson,PT01-STEP8-FIRE-TO-MIRCAT-PIN4-v1,MS02+T1-01-COMPLETED-WORKING-EVIDENCE,,electrical_falling_edge_timing,PT01-COND-0010000NS,8,true,true,,PT01-ART-0350,Both laser destination DB9 connectors physically disconnected
system_recalibration_001,PT-01,system_recalibration_001_PT-01_001,PT01-TC08-0010000NS-A009,,2026-08-17T17:01:45.634041+00:00,2026-08-17T17:01:45.634041+00:00,Christopher_Robertson,PT01-STEP8-FIRE-TO-MIRCAT-PIN4-v1,MS02+T1-01-COMPLETED-WORKING-EVIDENCE,,electrical_falling_edge_timing,PT01-COND-0010000NS,9,true,true,,PT01-ART-0351,Both laser destination DB9 connectors physically disconnected
system_recalibration_001,PT-01,system_recalibration_001_PT-01_001,PT01-TC08-0010000NS-A010,,2026-08-17T17:01:46.037370+00:00,2026-08-17T17:01:46.037370+00:00,Christopher_Robertson,PT01-STEP8-FIRE-TO-MIRCAT-PIN4-v1,MS02+T1-01-COMPLETED-WORKING-EVIDENCE,,electrical_falling_edge_timing,PT01-COND-0010000NS,10,true,true,,PT01-ART-0352,Both laser destination DB9 connectors physically disconnected
system_recalibration_001,PT-01,system_recalibration_001_PT-01_001,PT01-TC08-0010000NS-A011,,2026-08-17T17:01:46.445318+00:00,2026-08-17T17:01:46.445318+00:00,Christopher_Robertson,PT01-STEP8-FIRE-TO-MIRCAT-PIN4-v1,MS02+T1-01-COMPLETED-WORKING-EVIDENCE,,electrical_falling_edge_timing,PT01-COND-0010000NS,11,true,true,,PT01-ART-0353,Both laser destination DB9 connectors physically disconnected
system_recalibration_001,PT-01,system_recalibration_001_PT-01_001,PT01-TC08-0010000NS-A012,,2026-08-17T17:01:46.838022+00:00,2026-08-17T17:01:46.838022+00:00,Christopher_Robertson,PT01-STEP8-FIRE-TO-MIRCAT-PIN4-v1,MS02+T1-01-COMPLETED-WORKING-EVIDENCE,,electrical_falling_edge_timing,PT01-COND-0010000NS,12,true,true,,PT01-ART-0354,Both laser destination DB9 connectors physically disconnected
system_recalibration_001,PT-01,system_recalibration_001_PT-01_001,PT01-TC08-0010000NS-A013,,2026-08-17T17:01:47.244087+00:00,2026-08-17T17:01:47.244087+00:00,Christopher_Robertson,PT01-STEP8-FIRE-TO-MIRCAT-PIN4-v1,MS02+T1-01-COMPLETED-WORKING-EVIDENCE,,electrical_falling_edge_timing,PT01-COND-0010000NS,13,true,true,,PT01-ART-0355,Both laser destination DB9 connectors physically disconnected
system_recalibration_001,PT-01,system_recalibration_001_PT-01_001,PT01-TC08-0010000NS-A014,,2026-08-17T17:01:47.639859+00:00,2026-08-17T17:01:47.639859+00:00,Christopher_Robertson,PT01-STEP8-FIRE-TO-MIRCAT-PIN4-v1,MS02+T1-01-COMPLETED-WORKING-EVIDENCE,,electrical_falling_edge_timing,PT01-COND-0010000NS,14,true,true,,PT01-ART-0356,Both laser destination DB9 connectors physically disconnected
system_recalibration_001,PT-01,system_recalibration_001_PT-01_001,PT01-TC08-0010000NS-A015,,2026-08-17T17:01:48.041741+00:00,2026-08-17T17:01:48.041741+00:00,Christopher_Robertson,PT01-STEP8-FIRE-TO-MIRCAT-PIN4-v1,MS02+T1-01-COMPLETED-WORKING-EVIDENCE,,electrical_falling_edge_timing,PT01-COND-0010000NS,15,true,true,,PT01-ART-0357,Both laser destination DB9 connectors physically disconnected
system_recalibration_001,PT-01,system_recalibration_001_PT-01_001,PT01-TC08-0010000NS-A016,,2026-08-17T17:01:48.443070+00:00,2026-08-17T17:01:48.443070+00:00,Christopher_Robertson,PT01-STEP8-FIRE-TO-MIRCAT-PIN4-v1,MS02+T1-01-COMPLETED-WORKING-EVIDENCE,,electrical_falling_edge_timing,PT01-COND-0010000NS,16,true,true,,PT01-ART-0358,Both laser destination DB9 connectors physically disconnected
system_recalibration_001,PT-01,system_recalibration_001_PT-01_001,PT01-TC08-0010000NS-A017,,2026-08-17T17:01:48.856456+00:00,2026-08-17T17:01:48.856456+00:00,Christopher_Robertson,PT01-STEP8-FIRE-TO-MIRCAT-PIN4-v1,MS02+T1-01-COMPLETED-WORKING-EVIDENCE,,electrical_falling_edge_timing,PT01-COND-0010000NS,17,true,true,,PT01-ART-0359,Both laser destination DB9 connectors physically disconnected
system_recalibration_001,PT-01,system_recalibration_001_PT-01_001,PT01-TC08-0010000NS-A018,,2026-08-17T17:01:49.251323+00:00,2026-08-17T17:01:49.251323+00:00,Christopher_Robertson,PT01-STEP8-FIRE-TO-MIRCAT-PIN4-v1,MS02+T1-01-COMPLETED-WORKING-EVIDENCE,,electrical_falling_edge_timing,PT01-COND-0010000NS,18,true,true,,PT01-ART-0360,Both laser destination DB9 connectors physically disconnected
system_recalibration_001,PT-01,system_recalibration_001_PT-01_001,PT01-TC08-0010000NS-A019,,2026-08-17T17:01:49.654655+00:00,2026-08-17T17:01:49.654655+00:00,Christopher_Robertson,PT01-STEP8-FIRE-TO-MIRCAT-PIN4-v1,MS02+T1-01-COMPLETED-WORKING-EVIDENCE,,electrical_falling_edge_timing,PT01-COND-0010000NS,19,true,true,,PT01-ART-0361,Both laser destination DB9 connectors physically disconnected
system_recalibration_001,PT-01,system_recalibration_001_PT-01_001,PT01-TC08-0010000NS-A020,,2026-08-17T17:01:50.049024+00:00,2026-08-17T17:01:50.049024+00:00,Christopher_Robertson,PT01-STEP8-FIRE-TO-MIRCAT-PIN4-v1,MS02+T1-01-COMPLETED-WORKING-EVIDENCE,,electrical_falling_edge_timing,PT01-COND-0010000NS,20,true,true,,PT01-ART-0362,Both laser destination DB9 connectors physically disconnected
system_recalibration_001,PT-01,system_recalibration_001_PT-01_001,PT01-TC08-0010000NS-A021,,2026-08-17T17:01:50.439068+00:00,2026-08-17T17:01:50.439068+00:00,Christopher_Robertson,PT01-STEP8-FIRE-TO-MIRCAT-PIN4-v1,MS02+T1-01-COMPLETED-WORKING-EVIDENCE,,electrical_falling_edge_timing,PT01-COND-0010000NS,21,true,true,,PT01-ART-0363,Both laser destination DB9 connectors physically disconnected
system_recalibration_001,PT-01,system_recalibration_001_PT-01_001,PT01-TC08-0010000NS-A022,,2026-08-17T17:01:50.845674+00:00,2026-08-17T17:01:50.845674+00:00,Christopher_Robertson,PT01-STEP8-FIRE-TO-MIRCAT-PIN4-v1,MS02+T1-01-COMPLETED-WORKING-EVIDENCE,,electrical_falling_edge_timing,PT01-COND-0010000NS,22,true,true,,PT01-ART-0364,Both laser destination DB9 connectors physically disconnected
system_recalibration_001,PT-01,system_recalibration_001_PT-01_001,PT01-TC08-0010000NS-A023,,2026-08-17T17:01:51.256670+00:00,2026-08-17T17:01:51.256670+00:00,Christopher_Robertson,PT01-STEP8-FIRE-TO-MIRCAT-PIN4-v1,MS02+T1-01-COMPLETED-WORKING-EVIDENCE,,electrical_falling_edge_timing,PT01-COND-0010000NS,23,true,true,,PT01-ART-0365,Both laser destination DB9 connectors physically disconnected
system_recalibration_001,PT-01,system_recalibration_001_PT-01_001,PT01-TC08-0010000NS-A024,,2026-08-17T17:01:51.632098+00:00,2026-08-17T17:01:51.632098+00:00,Christopher_Robertson,PT01-STEP8-FIRE-TO-MIRCAT-PIN4-v1,MS02+T1-01-COMPLETED-WORKING-EVIDENCE,,electrical_falling_edge_timing,PT01-COND-0010000NS,24,true,true,,PT01-ART-0366,Both laser destination DB9 connectors physically disconnected
system_recalibration_001,PT-01,system_recalibration_001_PT-01_001,PT01-TC08-0010000NS-A025,,2026-08-17T17:01:52.051241+00:00,2026-08-17T17:01:52.051241+00:00,Christopher_Robertson,PT01-STEP8-FIRE-TO-MIRCAT-PIN4-v1,MS02+T1-01-COMPLETED-WORKING-EVIDENCE,,electrical_falling_edge_timing,PT01-COND-0010000NS,25,true,true,,PT01-ART-0367,Both laser destination DB9 connectors physically disconnected
system_recalibration_001,PT-01,system_recalibration_001_PT-01_001,PT01-TC08-0010000NS-A026,,2026-08-17T17:01:52.459415+00:00,2026-08-17T17:01:52.459415+00:00,Christopher_Robertson,PT01-STEP8-FIRE-TO-MIRCAT-PIN4-v1,MS02+T1-01-COMPLETED-WORKING-EVIDENCE,,electrical_falling_edge_timing,PT01-COND-0010000NS,26,true,true,,PT01-ART-0368,Both laser destination DB9 connectors physically disconnected
system_recalibration_001,PT-01,system_recalibration_001_PT-01_001,PT01-TC08-0010000NS-A027,,2026-08-17T17:01:52.836577+00:00,2026-08-17T17:01:52.836577+00:00,Christopher_Robertson,PT01-STEP8-FIRE-TO-MIRCAT-PIN4-v1,MS02+T1-01-COMPLETED-WORKING-EVIDENCE,,electrical_falling_edge_timing,PT01-COND-0010000NS,27,true,true,,PT01-ART-0369,Both laser destination DB9 connectors physically disconnected
system_recalibration_001,PT-01,system_recalibration_001_PT-01_001,PT01-TC08-0010000NS-A028,,2026-08-17T17:01:53.262422+00:00,2026-08-17T17:01:53.262422+00:00,Christopher_Robertson,PT01-STEP8-FIRE-TO-MIRCAT-PIN4-v1,MS02+T1-01-COMPLETED-WORKING-EVIDENCE,,electrical_falling_edge_timing,PT01-COND-0010000NS,28,true,true,,PT01-ART-0370,Both laser destination DB9 connectors physically disconnected
system_recalibration_001,PT-01,system_recalibration_001_PT-01_001,PT01-TC08-0010000NS-A029,,2026-08-17T17:01:53.664938+00:00,2026-08-17T17:01:53.664938+00:00,Christopher_Robertson,PT01-STEP8-FIRE-TO-MIRCAT-PIN4-v1,MS02+T1-01-COMPLETED-WORKING-EVIDENCE,,electrical_falling_edge_timing,PT01-COND-0010000NS,29,true,true,,PT01-ART-0371,Both laser destination DB9 connectors physically disconnected
system_recalibration_001,PT-01,system_recalibration_001_PT-01_001,PT01-TC08-0010000NS-A030,,2026-08-17T17:01:54.039016+00:00,2026-08-17T17:01:54.039016+00:00,Christopher_Robertson,PT01-STEP8-FIRE-TO-MIRCAT-PIN4-v1,MS02+T1-01-COMPLETED-WORKING-EVIDENCE,,electrical_falling_edge_timing,PT01-COND-0010000NS,30,true,true,,PT01-ART-0372,Both laser destination DB9 connectors physically disconnected
system_recalibration_001,PT-01,system_recalibration_001_PT-01_001,PT01-TC08-0010000NS-A031,,2026-08-17T17:01:54.466978+00:00,2026-08-17T17:01:54.466978+00:00,Christopher_Robertson,PT01-STEP8-FIRE-TO-MIRCAT-PIN4-v1,MS02+T1-01-COMPLETED-WORKING-EVIDENCE,,electrical_falling_edge_timing,PT01-COND-0010000NS,31,true,true,,PT01-ART-0373,Both laser destination DB9 connectors physically disconnected
system_recalibration_001,PT-01,system_recalibration_001_PT-01_001,PT01-TC08-0010000NS-A032,,2026-08-17T17:01:54.864900+00:00,2026-08-17T17:01:54.864900+00:00,Christopher_Robertson,PT01-STEP8-FIRE-TO-MIRCAT-PIN4-v1,MS02+T1-01-COMPLETED-WORKING-EVIDENCE,,electrical_falling_edge_timing,PT01-COND-0010000NS,32,true,true,,PT01-ART-0374,Both laser destination DB9 connectors physically disconnected
system_recalibration_001,PT-01,system_recalibration_001_PT-01_001,PT01-TC08-0010000NS-A033,,2026-08-17T17:01:55.241452+00:00,2026-08-17T17:01:55.241452+00:00,Christopher_Robertson,PT01-STEP8-FIRE-TO-MIRCAT-PIN4-v1,MS02+T1-01-COMPLETED-WORKING-EVIDENCE,,electrical_falling_edge_timing,PT01-COND-0010000NS,33,true,true,,PT01-ART-0375,Both laser destination DB9 connectors physically disconnected
system_recalibration_001,PT-01,system_recalibration_001_PT-01_001,PT01-TC08-0010000NS-A034,,2026-08-17T17:01:55.652977+00:00,2026-08-17T17:01:55.652977+00:00,Christopher_Robertson,PT01-STEP8-FIRE-TO-MIRCAT-PIN4-v1,MS02+T1-01-COMPLETED-WORKING-EVIDENCE,,electrical_falling_edge_timing,PT01-COND-0010000NS,34,true,true,,PT01-ART-0376,Both laser destination DB9 connectors physically disconnected
system_recalibration_001,PT-01,system_recalibration_001_PT-01_001,PT01-TC08-0010000NS-A035,,2026-08-17T17:01:56.070925+00:00,2026-08-17T17:01:56.070925+00:00,Christopher_Robertson,PT01-STEP8-FIRE-TO-MIRCAT-PIN4-v1,MS02+T1-01-COMPLETED-WORKING-EVIDENCE,,electrical_falling_edge_timing,PT01-COND-0010000NS,35,true,true,,PT01-ART-0377,Both laser destination DB9 connectors physically disconnected
system_recalibration_001,PT-01,system_recalibration_001_PT-01_001,PT01-TC08-0010000NS-A036,,2026-08-17T17:01:56.467261+00:00,2026-08-17T17:01:56.467261+00:00,Christopher_Robertson,PT01-STEP8-FIRE-TO-MIRCAT-PIN4-v1,MS02+T1-01-COMPLETED-WORKING-EVIDENCE,,electrical_falling_edge_timing,PT01-COND-0010000NS,36,true,true,,PT01-ART-0378,Both laser destination DB9 connectors physically disconnected
system_recalibration_001,PT-01,system_recalibration_001_PT-01_001,PT01-TC08-0010000NS-A037,,2026-08-17T17:01:56.858053+00:00,2026-08-17T17:01:56.858053+00:00,Christopher_Robertson,PT01-STEP8-FIRE-TO-MIRCAT-PIN4-v1,MS02+T1-01-COMPLETED-WORKING-EVIDENCE,,electrical_falling_edge_timing,PT01-COND-0010000NS,37,true,true,,PT01-ART-0379,Both laser destination DB9 connectors physically disconnected
system_recalibration_001,PT-01,system_recalibration_001_PT-01_001,PT01-TC08-0010000NS-A038,,2026-08-17T17:01:57.269406+00:00,2026-08-17T17:01:57.269406+00:00,Christopher_Robertson,PT01-STEP8-FIRE-TO-MIRCAT-PIN4-v1,MS02+T1-01-COMPLETED-WORKING-EVIDENCE,,electrical_falling_edge_timing,PT01-COND-0010000NS,38,true,true,,PT01-ART-0380,Both laser destination DB9 connectors physically disconnected
system_recalibration_001,PT-01,system_recalibration_001_PT-01_001,PT01-TC08-0010000NS-A039,,2026-08-17T17:01:57.649274+00:00,2026-08-17T17:01:57.649274+00:00,Christopher_Robertson,PT01-STEP8-FIRE-TO-MIRCAT-PIN4-v1,MS02+T1-01-COMPLETED-WORKING-EVIDENCE,,electrical_falling_edge_timing,PT01-COND-0010000NS,39,true,true,,PT01-ART-0381,Both laser destination DB9 connectors physically disconnected
system_recalibration_001,PT-01,system_recalibration_001_PT-01_001,PT01-TC08-0010000NS-A040,,2026-08-17T17:01:58.056401+00:00,2026-08-17T17:01:58.056401+00:00,Christopher_Robertson,PT01-STEP8-FIRE-TO-MIRCAT-PIN4-v1,MS02+T1-01-COMPLETED-WORKING-EVIDENCE,,electrical_falling_edge_timing,PT01-COND-0010000NS,40,true,true,,PT01-ART-0382,Both laser destination DB9 connectors physically disconnected
system_recalibration_001,PT-01,system_recalibration_001_PT-01_001,PT01-TC08-0010000NS-A041,,2026-08-17T17:01:58.474212+00:00,2026-08-17T17:01:58.474212+00:00,Christopher_Robertson,PT01-STEP8-FIRE-TO-MIRCAT-PIN4-v1,MS02+T1-01-COMPLETED-WORKING-EVIDENCE,,electrical_falling_edge_timing,PT01-COND-0010000NS,41,true,true,,PT01-ART-0383,Both laser destination DB9 connectors physically disconnected
system_recalibration_001,PT-01,system_recalibration_001_PT-01_001,PT01-TC08-0010000NS-A042,,2026-08-17T17:01:58.859247+00:00,2026-08-17T17:01:58.859247+00:00,Christopher_Robertson,PT01-STEP8-FIRE-TO-MIRCAT-PIN4-v1,MS02+T1-01-COMPLETED-WORKING-EVIDENCE,,electrical_falling_edge_timing,PT01-COND-0010000NS,42,true,true,,PT01-ART-0384,Both laser destination DB9 connectors physically disconnected
system_recalibration_001,PT-01,system_recalibration_001_PT-01_001,PT01-TC08-0010000NS-A043,,2026-08-17T17:01:59.248450+00:00,2026-08-17T17:01:59.248450+00:00,Christopher_Robertson,PT01-STEP8-FIRE-TO-MIRCAT-PIN4-v1,MS02+T1-01-COMPLETED-WORKING-EVIDENCE,,electrical_falling_edge_timing,PT01-COND-0010000NS,43,true,true,,PT01-ART-0385,Both laser destination DB9 connectors physically disconnected
system_recalibration_001,PT-01,system_recalibration_001_PT-01_001,PT01-TC08-0010000NS-A044,,2026-08-17T17:01:59.666262+00:00,2026-08-17T17:01:59.666262+00:00,Christopher_Robertson,PT01-STEP8-FIRE-TO-MIRCAT-PIN4-v1,MS02+T1-01-COMPLETED-WORKING-EVIDENCE,,electrical_falling_edge_timing,PT01-COND-0010000NS,44,true,true,,PT01-ART-0386,Both laser destination DB9 connectors physically disconnected
system_recalibration_001,PT-01,system_recalibration_001_PT-01_001,PT01-TC08-0010000NS-A045,,2026-08-17T17:02:00.040403+00:00,2026-08-17T17:02:00.040403+00:00,Christopher_Robertson,PT01-STEP8-FIRE-TO-MIRCAT-PIN4-v1,MS02+T1-01-COMPLETED-WORKING-EVIDENCE,,electrical_falling_edge_timing,PT01-COND-0010000NS,45,true,true,,PT01-ART-0387,Both laser destination DB9 connectors physically disconnected
system_recalibration_001,PT-01,system_recalibration_001_PT-01_001,PT01-TC08-0010000NS-A046,,2026-08-17T17:02:00.463330+00:00,2026-08-17T17:02:00.463330+00:00,Christopher_Robertson,PT01-STEP8-FIRE-TO-MIRCAT-PIN4-v1,MS02+T1-01-COMPLETED-WORKING-EVIDENCE,,electrical_falling_edge_timing,PT01-COND-0010000NS,46,true,true,,PT01-ART-0388,Both laser destination DB9 connectors physically disconnected
system_recalibration_001,PT-01,system_recalibration_001_PT-01_001,PT01-TC08-0010000NS-A047,,2026-08-17T17:02:00.876984+00:00,2026-08-17T17:02:00.876984+00:00,Christopher_Robertson,PT01-STEP8-FIRE-TO-MIRCAT-PIN4-v1,MS02+T1-01-COMPLETED-WORKING-EVIDENCE,,electrical_falling_edge_timing,PT01-COND-0010000NS,47,true,true,,PT01-ART-0389,Both laser destination DB9 connectors physically disconnected
system_recalibration_001,PT-01,system_recalibration_001_PT-01_001,PT01-TC08-0010000NS-A048,,2026-08-17T17:02:01.270494+00:00,2026-08-17T17:02:01.270494+00:00,Christopher_Robertson,PT01-STEP8-FIRE-TO-MIRCAT-PIN4-v1,MS02+T1-01-COMPLETED-WORKING-EVIDENCE,,electrical_falling_edge_timing,PT01-COND-0010000NS,48,true,true,,PT01-ART-0390,Both laser destination DB9 connectors physically disconnected
system_recalibration_001,PT-01,system_recalibration_001_PT-01_001,PT01-TC08-0010000NS-A049,,2026-08-17T17:02:01.671291+00:00,2026-08-17T17:02:01.671291+00:00,Christopher_Robertson,PT01-STEP8-FIRE-TO-MIRCAT-PIN4-v1,MS02+T1-01-COMPLETED-WORKING-EVIDENCE,,electrical_falling_edge_timing,PT01-COND-0010000NS,49,true,true,,PT01-ART-0391,Both laser destination DB9 connectors physically disconnected
system_recalibration_001,PT-01,system_recalibration_001_PT-01_001,PT01-TC08-0010000NS-A050,,2026-08-17T17:02:02.068451+00:00,2026-08-17T17:02:02.068451+00:00,Christopher_Robertson,PT01-STEP8-FIRE-TO-MIRCAT-PIN4-v1,MS02+T1-01-COMPLETED-WORKING-EVIDENCE,,electrical_falling_edge_timing,PT01-COND-0010000NS,50,true,true,,PT01-ART-0392,Both laser destination DB9 connectors physically disconnected
system_recalibration_001,PT-01,system_recalibration_001_PT-01_001,PT01-TC08-0010000NS-A051,,2026-08-17T17:02:02.453899+00:00,2026-08-17T17:02:02.453899+00:00,Christopher_Robertson,PT01-STEP8-FIRE-TO-MIRCAT-PIN4-v1,MS02+T1-01-COMPLETED-WORKING-EVIDENCE,,electrical_falling_edge_timing,PT01-COND-0010000NS,51,true,true,,PT01-ART-0393,Both laser destination DB9 connectors physically disconnected
system_recalibration_001,PT-01,system_recalibration_001_PT-01_001,PT01-TC08-0010000NS-A052,,2026-08-17T17:02:02.873777+00:00,2026-08-17T17:02:02.873777+00:00,Christopher_Robertson,PT01-STEP8-FIRE-TO-MIRCAT-PIN4-v1,MS02+T1-01-COMPLETED-WORKING-EVIDENCE,,electrical_falling_edge_timing,PT01-COND-0010000NS,52,true,true,,PT01-ART-0394,Both laser destination DB9 connectors physically disconnected
system_recalibration_001,PT-01,system_recalibration_001_PT-01_001,PT01-TC08-0010000NS-A053,,2026-08-17T17:02:03.273552+00:00,2026-08-17T17:02:03.273552+00:00,Christopher_Robertson,PT01-STEP8-FIRE-TO-MIRCAT-PIN4-v1,MS02+T1-01-COMPLETED-WORKING-EVIDENCE,,electrical_falling_edge_timing,PT01-COND-0010000NS,53,true,true,,PT01-ART-0395,Both laser destination DB9 connectors physically disconnected
system_recalibration_001,PT-01,system_recalibration_001_PT-01_001,PT01-TC08-0010000NS-A054,,2026-08-17T17:02:03.662275+00:00,2026-08-17T17:02:03.662275+00:00,Christopher_Robertson,PT01-STEP8-FIRE-TO-MIRCAT-PIN4-v1,MS02+T1-01-COMPLETED-WORKING-EVIDENCE,,electrical_falling_edge_timing,PT01-COND-0010000NS,54,true,true,,PT01-ART-0396,Both laser destination DB9 connectors physically disconnected
system_recalibration_001,PT-01,system_recalibration_001_PT-01_001,PT01-TC08-0010000NS-A055,,2026-08-17T17:02:04.090135+00:00,2026-08-17T17:02:04.090135+00:00,Christopher_Robertson,PT01-STEP8-FIRE-TO-MIRCAT-PIN4-v1,MS02+T1-01-COMPLETED-WORKING-EVIDENCE,,electrical_falling_edge_timing,PT01-COND-0010000NS,55,true,true,,PT01-ART-0397,Both laser destination DB9 connectors physically disconnected
system_recalibration_001,PT-01,system_recalibration_001_PT-01_001,PT01-TC08-0010000NS-A056,,2026-08-17T17:02:04.570482+00:00,2026-08-17T17:02:04.570482+00:00,Christopher_Robertson,PT01-STEP8-FIRE-TO-MIRCAT-PIN4-v1,MS02+T1-01-COMPLETED-WORKING-EVIDENCE,,electrical_falling_edge_timing,PT01-COND-0010000NS,56,true,true,,PT01-ART-0398,Both laser destination DB9 connectors physically disconnected
system_recalibration_001,PT-01,system_recalibration_001_PT-01_001,PT01-TC08-0010000NS-A057,,2026-08-17T17:02:04.972207+00:00,2026-08-17T17:02:04.972207+00:00,Christopher_Robertson,PT01-STEP8-FIRE-TO-MIRCAT-PIN4-v1,MS02+T1-01-COMPLETED-WORKING-EVIDENCE,,electrical_falling_edge_timing,PT01-COND-0010000NS,57,true,true,,PT01-ART-0399,Both laser destination DB9 connectors physically disconnected
system_recalibration_001,PT-01,system_recalibration_001_PT-01_001,PT01-TC08-0010000NS-A058,,2026-08-17T17:02:05.370387+00:00,2026-08-17T17:02:05.370387+00:00,Christopher_Robertson,PT01-STEP8-FIRE-TO-MIRCAT-PIN4-v1,MS02+T1-01-COMPLETED-WORKING-EVIDENCE,,electrical_falling_edge_timing,PT01-COND-0010000NS,58,true,true,,PT01-ART-0400,Both laser destination DB9 connectors physically disconnected
system_recalibration_001,PT-01,system_recalibration_001_PT-01_001,PT01-TC08-0010000NS-A059,,2026-08-17T17:02:05.790499+00:00,2026-08-17T17:02:05.790499+00:00,Christopher_Robertson,PT01-STEP8-FIRE-TO-MIRCAT-PIN4-v1,MS02+T1-01-COMPLETED-WORKING-EVIDENCE,,electrical_falling_edge_timing,PT01-COND-0010000NS,59,true,true,,PT01-ART-0401,Both laser destination DB9 connectors physically disconnected
system_recalibration_001,PT-01,system_recalibration_001_PT-01_001,PT01-TC08-0010000NS-A060,,2026-08-17T17:02:06.189629+00:00,2026-08-17T17:02:06.189629+00:00,Christopher_Robertson,PT01-STEP8-FIRE-TO-MIRCAT-PIN4-v1,MS02+T1-01-COMPLETED-WORKING-EVIDENCE,,electrical_falling_edge_timing,PT01-COND-0010000NS,60,true,true,,PT01-ART-0402,Both laser destination DB9 connectors physically disconnected
system_recalibration_001,PT-01,system_recalibration_001_PT-01_001,PT01-TC08-0010000NS-A061,,2026-08-17T17:02:06.579655+00:00,2026-08-17T17:02:06.579655+00:00,Christopher_Robertson,PT01-STEP8-FIRE-TO-MIRCAT-PIN4-v1,MS02+T1-01-COMPLETED-WORKING-EVIDENCE,,electrical_falling_edge_timing,PT01-COND-0010000NS,61,true,true,,PT01-ART-0403,Both laser destination DB9 connectors physically disconnected
system_recalibration_001,PT-01,system_recalibration_001_PT-01_001,PT01-TC08-0010000NS-A062,,2026-08-17T17:02:06.989661+00:00,2026-08-17T17:02:06.989661+00:00,Christopher_Robertson,PT01-STEP8-FIRE-TO-MIRCAT-PIN4-v1,MS02+T1-01-COMPLETED-WORKING-EVIDENCE,,electrical_falling_edge_timing,PT01-COND-0010000NS,62,true,true,,PT01-ART-0404,Both laser destination DB9 connectors physically disconnected
system_recalibration_001,PT-01,system_recalibration_001_PT-01_001,PT01-TC08-0010000NS-A063,,2026-08-17T17:02:07.384852+00:00,2026-08-17T17:02:07.384852+00:00,Christopher_Robertson,PT01-STEP8-FIRE-TO-MIRCAT-PIN4-v1,MS02+T1-01-COMPLETED-WORKING-EVIDENCE,,electrical_falling_edge_timing,PT01-COND-0010000NS,63,true,true,,PT01-ART-0405,Both laser destination DB9 connectors physically disconnected
system_recalibration_001,PT-01,system_recalibration_001_PT-01_001,PT01-TC08-0010000NS-A064,,2026-08-17T17:02:07.773154+00:00,2026-08-17T17:02:07.773154+00:00,Christopher_Robertson,PT01-STEP8-FIRE-TO-MIRCAT-PIN4-v1,MS02+T1-01-COMPLETED-WORKING-EVIDENCE,,electrical_falling_edge_timing,PT01-COND-0010000NS,64,true,true,,PT01-ART-0406,Both laser destination DB9 connectors physically disconnected
system_recalibration_001,PT-01,system_recalibration_001_PT-01_001,PT01-TC08-0010000NS-A065,,2026-08-17T17:02:08.182815+00:00,2026-08-17T17:02:08.182815+00:00,Christopher_Robertson,PT01-STEP8-FIRE-TO-MIRCAT-PIN4-v1,MS02+T1-01-COMPLETED-WORKING-EVIDENCE,,electrical_falling_edge_timing,PT01-COND-0010000NS,65,true,true,,PT01-ART-0407,Both laser destination DB9 connectors physically disconnected
system_recalibration_001,PT-01,system_recalibration_001_PT-01_001,PT01-TC08-0010000NS-A066,,2026-08-17T17:02:08.566648+00:00,2026-08-17T17:02:08.566648+00:00,Christopher_Robertson,PT01-STEP8-FIRE-TO-MIRCAT-PIN4-v1,MS02+T1-01-COMPLETED-WORKING-EVIDENCE,,electrical_falling_edge_timing,PT01-COND-0010000NS,66,true,true,,PT01-ART-0408,Both laser destination DB9 connectors physically disconnected
system_recalibration_001,PT-01,system_recalibration_001_PT-01_001,PT01-TC08-0010000NS-A067,,2026-08-17T17:02:08.988122+00:00,2026-08-17T17:02:08.988122+00:00,Christopher_Robertson,PT01-STEP8-FIRE-TO-MIRCAT-PIN4-v1,MS02+T1-01-COMPLETED-WORKING-EVIDENCE,,electrical_falling_edge_timing,PT01-COND-0010000NS,67,true,true,,PT01-ART-0409,Both laser destination DB9 connectors physically disconnected
system_recalibration_001,PT-01,system_recalibration_001_PT-01_001,PT01-TC08-0010000NS-A068,,2026-08-17T17:02:09.366781+00:00,2026-08-17T17:02:09.366781+00:00,Christopher_Robertson,PT01-STEP8-FIRE-TO-MIRCAT-PIN4-v1,MS02+T1-01-COMPLETED-WORKING-EVIDENCE,,electrical_falling_edge_timing,PT01-COND-0010000NS,68,true,true,,PT01-ART-0410,Both laser destination DB9 connectors physically disconnected
system_recalibration_001,PT-01,system_recalibration_001_PT-01_001,PT01-TC08-0010000NS-A069,,2026-08-17T17:02:09.772226+00:00,2026-08-17T17:02:09.772226+00:00,Christopher_Robertson,PT01-STEP8-FIRE-TO-MIRCAT-PIN4-v1,MS02+T1-01-COMPLETED-WORKING-EVIDENCE,,electrical_falling_edge_timing,PT01-COND-0010000NS,69,true,true,,PT01-ART-0411,Both laser destination DB9 connectors physically disconnected
system_recalibration_001,PT-01,system_recalibration_001_PT-01_001,PT01-TC08-0010000NS-A070,,2026-08-17T17:02:10.177891+00:00,2026-08-17T17:02:10.177891+00:00,Christopher_Robertson,PT01-STEP8-FIRE-TO-MIRCAT-PIN4-v1,MS02+T1-01-COMPLETED-WORKING-EVIDENCE,,electrical_falling_edge_timing,PT01-COND-0010000NS,70,true,true,,PT01-ART-0412,Both laser destination DB9 connectors physically disconnected
system_recalibration_001,PT-01,system_recalibration_001_PT-01_001,PT01-TC08-0010000NS-A071,,2026-08-17T17:02:10.549456+00:00,2026-08-17T17:02:10.549456+00:00,Christopher_Robertson,PT01-STEP8-FIRE-TO-MIRCAT-PIN4-v1,MS02+T1-01-COMPLETED-WORKING-EVIDENCE,,electrical_falling_edge_timing,PT01-COND-0010000NS,71,true,true,,PT01-ART-0413,Both laser destination DB9 connectors physically disconnected
system_recalibration_001,PT-01,system_recalibration_001_PT-01_001,PT01-TC08-0010000NS-A072,,2026-08-17T17:02:10.973727+00:00,2026-08-17T17:02:10.973727+00:00,Christopher_Robertson,PT01-STEP8-FIRE-TO-MIRCAT-PIN4-v1,MS02+T1-01-COMPLETED-WORKING-EVIDENCE,,electrical_falling_edge_timing,PT01-COND-0010000NS,72,true,true,,PT01-ART-0414,Both laser destination DB9 connectors physically disconnected
system_recalibration_001,PT-01,system_recalibration_001_PT-01_001,PT01-TC08-0010000NS-A073,,2026-08-17T17:02:11.385222+00:00,2026-08-17T17:02:11.385222+00:00,Christopher_Robertson,PT01-STEP8-FIRE-TO-MIRCAT-PIN4-v1,MS02+T1-01-COMPLETED-WORKING-EVIDENCE,,electrical_falling_edge_timing,PT01-COND-0010000NS,73,true,true,,PT01-ART-0415,Both laser destination DB9 connectors physically disconnected
system_recalibration_001,PT-01,system_recalibration_001_PT-01_001,PT01-TC08-0010000NS-A074,,2026-08-17T17:02:11.785789+00:00,2026-08-17T17:02:11.785789+00:00,Christopher_Robertson,PT01-STEP8-FIRE-TO-MIRCAT-PIN4-v1,MS02+T1-01-COMPLETED-WORKING-EVIDENCE,,electrical_falling_edge_timing,PT01-COND-0010000NS,74,true,true,,PT01-ART-0416,Both laser destination DB9 connectors physically disconnected
system_recalibration_001,PT-01,system_recalibration_001_PT-01_001,PT01-TC08-0010000NS-A075,,2026-08-17T17:02:12.170076+00:00,2026-08-17T17:02:12.170076+00:00,Christopher_Robertson,PT01-STEP8-FIRE-TO-MIRCAT-PIN4-v1,MS02+T1-01-COMPLETED-WORKING-EVIDENCE,,electrical_falling_edge_timing,PT01-COND-0010000NS,75,true,true,,PT01-ART-0417,Both laser destination DB9 connectors physically disconnected
system_recalibration_001,PT-01,system_recalibration_001_PT-01_001,PT01-TC08-0010000NS-A076,,2026-08-17T17:02:12.577462+00:00,2026-08-17T17:02:12.577462+00:00,Christopher_Robertson,PT01-STEP8-FIRE-TO-MIRCAT-PIN4-v1,MS02+T1-01-COMPLETED-WORKING-EVIDENCE,,electrical_falling_edge_timing,PT01-COND-0010000NS,76,true,true,,PT01-ART-0418,Both laser destination DB9 connectors physically disconnected
system_recalibration_001,PT-01,system_recalibration_001_PT-01_001,PT01-TC08-0010000NS-A077,,2026-08-17T17:02:12.961101+00:00,2026-08-17T17:02:12.961101+00:00,Christopher_Robertson,PT01-STEP8-FIRE-TO-MIRCAT-PIN4-v1,MS02+T1-01-COMPLETED-WORKING-EVIDENCE,,electrical_falling_edge_timing,PT01-COND-0010000NS,77,true,true,,PT01-ART-0419,Both laser destination DB9 connectors physically disconnected
system_recalibration_001,PT-01,system_recalibration_001_PT-01_001,PT01-TC08-0010000NS-A078,,2026-08-17T17:02:13.369325+00:00,2026-08-17T17:02:13.369325+00:00,Christopher_Robertson,PT01-STEP8-FIRE-TO-MIRCAT-PIN4-v1,MS02+T1-01-COMPLETED-WORKING-EVIDENCE,,electrical_falling_edge_timing,PT01-COND-0010000NS,78,true,true,,PT01-ART-0420,Both laser destination DB9 connectors physically disconnected
system_recalibration_001,PT-01,system_recalibration_001_PT-01_001,PT01-TC08-0010000NS-A079,,2026-08-17T17:02:13.794225+00:00,2026-08-17T17:02:13.794225+00:00,Christopher_Robertson,PT01-STEP8-FIRE-TO-MIRCAT-PIN4-v1,MS02+T1-01-COMPLETED-WORKING-EVIDENCE,,electrical_falling_edge_timing,PT01-COND-0010000NS,79,true,true,,PT01-ART-0421,Both laser destination DB9 connectors physically disconnected
system_recalibration_001,PT-01,system_recalibration_001_PT-01_001,PT01-TC08-0010000NS-A080,,2026-08-17T17:02:14.157804+00:00,2026-08-17T17:02:14.157804+00:00,Christopher_Robertson,PT01-STEP8-FIRE-TO-MIRCAT-PIN4-v1,MS02+T1-01-COMPLETED-WORKING-EVIDENCE,,electrical_falling_edge_timing,PT01-COND-0010000NS,80,true,true,,PT01-ART-0422,Both laser destination DB9 connectors physically disconnected
system_recalibration_001,PT-01,system_recalibration_001_PT-01_001,PT01-TC08-0010000NS-A081,,2026-08-17T17:02:14.599578+00:00,2026-08-17T17:02:14.599578+00:00,Christopher_Robertson,PT01-STEP8-FIRE-TO-MIRCAT-PIN4-v1,MS02+T1-01-COMPLETED-WORKING-EVIDENCE,,electrical_falling_edge_timing,PT01-COND-0010000NS,81,true,true,,PT01-ART-0423,Both laser destination DB9 connectors physically disconnected
system_recalibration_001,PT-01,system_recalibration_001_PT-01_001,PT01-TC08-0010000NS-A082,,2026-08-17T17:02:14.992452+00:00,2026-08-17T17:02:14.992452+00:00,Christopher_Robertson,PT01-STEP8-FIRE-TO-MIRCAT-PIN4-v1,MS02+T1-01-COMPLETED-WORKING-EVIDENCE,,electrical_falling_edge_timing,PT01-COND-0010000NS,82,true,true,,PT01-ART-0424,Both laser destination DB9 connectors physically disconnected
system_recalibration_001,PT-01,system_recalibration_001_PT-01_001,PT01-TC08-0010000NS-A083,,2026-08-17T17:02:15.362926+00:00,2026-08-17T17:02:15.362926+00:00,Christopher_Robertson,PT01-STEP8-FIRE-TO-MIRCAT-PIN4-v1,MS02+T1-01-COMPLETED-WORKING-EVIDENCE,,electrical_falling_edge_timing,PT01-COND-0010000NS,83,true,true,,PT01-ART-0425,Both laser destination DB9 connectors physically disconnected
system_recalibration_001,PT-01,system_recalibration_001_PT-01_001,PT01-TC08-0010000NS-A084,,2026-08-17T17:02:15.781050+00:00,2026-08-17T17:02:15.781050+00:00,Christopher_Robertson,PT01-STEP8-FIRE-TO-MIRCAT-PIN4-v1,MS02+T1-01-COMPLETED-WORKING-EVIDENCE,,electrical_falling_edge_timing,PT01-COND-0010000NS,84,true,true,,PT01-ART-0426,Both laser destination DB9 connectors physically disconnected
system_recalibration_001,PT-01,system_recalibration_001_PT-01_001,PT01-TC08-0010000NS-A085,,2026-08-17T17:02:16.193027+00:00,2026-08-17T17:02:16.193027+00:00,Christopher_Robertson,PT01-STEP8-FIRE-TO-MIRCAT-PIN4-v1,MS02+T1-01-COMPLETED-WORKING-EVIDENCE,,electrical_falling_edge_timing,PT01-COND-0010000NS,85,true,true,,PT01-ART-0427,Both laser destination DB9 connectors physically disconnected
system_recalibration_001,PT-01,system_recalibration_001_PT-01_001,PT01-TC08-0010000NS-A086,,2026-08-17T17:02:16.590608+00:00,2026-08-17T17:02:16.590608+00:00,Christopher_Robertson,PT01-STEP8-FIRE-TO-MIRCAT-PIN4-v1,MS02+T1-01-COMPLETED-WORKING-EVIDENCE,,electrical_falling_edge_timing,PT01-COND-0010000NS,86,true,true,,PT01-ART-0428,Both laser destination DB9 connectors physically disconnected
system_recalibration_001,PT-01,system_recalibration_001_PT-01_001,PT01-TC08-0010000NS-A087,,2026-08-17T17:02:16.976911+00:00,2026-08-17T17:02:16.976911+00:00,Christopher_Robertson,PT01-STEP8-FIRE-TO-MIRCAT-PIN4-v1,MS02+T1-01-COMPLETED-WORKING-EVIDENCE,,electrical_falling_edge_timing,PT01-COND-0010000NS,87,true,true,,PT01-ART-0429,Both laser destination DB9 connectors physically disconnected
system_recalibration_001,PT-01,system_recalibration_001_PT-01_001,PT01-TC08-0010000NS-A088,,2026-08-17T17:02:17.384840+00:00,2026-08-17T17:02:17.384840+00:00,Christopher_Robertson,PT01-STEP8-FIRE-TO-MIRCAT-PIN4-v1,MS02+T1-01-COMPLETED-WORKING-EVIDENCE,,electrical_falling_edge_timing,PT01-COND-0010000NS,88,true,true,,PT01-ART-0430,Both laser destination DB9 connectors physically disconnected
system_recalibration_001,PT-01,system_recalibration_001_PT-01_001,PT01-TC08-0010000NS-A089,,2026-08-17T17:02:17.768829+00:00,2026-08-17T17:02:17.768829+00:00,Christopher_Robertson,PT01-STEP8-FIRE-TO-MIRCAT-PIN4-v1,MS02+T1-01-COMPLETED-WORKING-EVIDENCE,,electrical_falling_edge_timing,PT01-COND-0010000NS,89,true,true,,PT01-ART-0431,Both laser destination DB9 connectors physically disconnected
system_recalibration_001,PT-01,system_recalibration_001_PT-01_001,PT01-TC08-0010000NS-A090,,2026-08-17T17:02:18.180145+00:00,2026-08-17T17:02:18.180145+00:00,Christopher_Robertson,PT01-STEP8-FIRE-TO-MIRCAT-PIN4-v1,MS02+T1-01-COMPLETED-WORKING-EVIDENCE,,electrical_falling_edge_timing,PT01-COND-0010000NS,90,true,true,,PT01-ART-0432,Both laser destination DB9 connectors physically disconnected
system_recalibration_001,PT-01,system_recalibration_001_PT-01_001,PT01-TC08-0010000NS-A091,,2026-08-17T17:02:18.587344+00:00,2026-08-17T17:02:18.587344+00:00,Christopher_Robertson,PT01-STEP8-FIRE-TO-MIRCAT-PIN4-v1,MS02+T1-01-COMPLETED-WORKING-EVIDENCE,,electrical_falling_edge_timing,PT01-COND-0010000NS,91,true,true,,PT01-ART-0433,Both laser destination DB9 connectors physically disconnected
system_recalibration_001,PT-01,system_recalibration_001_PT-01_001,PT01-TC08-0010000NS-A092,,2026-08-17T17:02:18.968243+00:00,2026-08-17T17:02:18.968243+00:00,Christopher_Robertson,PT01-STEP8-FIRE-TO-MIRCAT-PIN4-v1,MS02+T1-01-COMPLETED-WORKING-EVIDENCE,,electrical_falling_edge_timing,PT01-COND-0010000NS,92,true,true,,PT01-ART-0434,Both laser destination DB9 connectors physically disconnected
system_recalibration_001,PT-01,system_recalibration_001_PT-01_001,PT01-TC08-0010000NS-A093,,2026-08-17T17:02:19.403858+00:00,2026-08-17T17:02:19.403858+00:00,Christopher_Robertson,PT01-STEP8-FIRE-TO-MIRCAT-PIN4-v1,MS02+T1-01-COMPLETED-WORKING-EVIDENCE,,electrical_falling_edge_timing,PT01-COND-0010000NS,93,true,true,,PT01-ART-0435,Both laser destination DB9 connectors physically disconnected
system_recalibration_001,PT-01,system_recalibration_001_PT-01_001,PT01-TC08-0010000NS-A094,,2026-08-17T17:02:19.828371+00:00,2026-08-17T17:02:19.828371+00:00,Christopher_Robertson,PT01-STEP8-FIRE-TO-MIRCAT-PIN4-v1,MS02+T1-01-COMPLETED-WORKING-EVIDENCE,,electrical_falling_edge_timing,PT01-COND-0010000NS,94,true,true,,PT01-ART-0436,Both laser destination DB9 connectors physically disconnected
system_recalibration_001,PT-01,system_recalibration_001_PT-01_001,PT01-TC08-0010000NS-A095,,2026-08-17T17:02:20.302099+00:00,2026-08-17T17:02:20.302099+00:00,Christopher_Robertson,PT01-STEP8-FIRE-TO-MIRCAT-PIN4-v1,MS02+T1-01-COMPLETED-WORKING-EVIDENCE,,electrical_falling_edge_timing,PT01-COND-0010000NS,95,true,true,,PT01-ART-0437,Both laser destination DB9 connectors physically disconnected
system_recalibration_001,PT-01,system_recalibration_001_PT-01_001,PT01-TC08-0010000NS-A096,,2026-08-17T17:02:20.697453+00:00,2026-08-17T17:02:20.697453+00:00,Christopher_Robertson,PT01-STEP8-FIRE-TO-MIRCAT-PIN4-v1,MS02+T1-01-COMPLETED-WORKING-EVIDENCE,,electrical_falling_edge_timing,PT01-COND-0010000NS,96,true,true,,PT01-ART-0438,Both laser destination DB9 connectors physically disconnected
system_recalibration_001,PT-01,system_recalibration_001_PT-01_001,PT01-TC08-0010000NS-A097,,2026-08-17T17:02:21.099838+00:00,2026-08-17T17:02:21.099838+00:00,Christopher_Robertson,PT01-STEP8-FIRE-TO-MIRCAT-PIN4-v1,MS02+T1-01-COMPLETED-WORKING-EVIDENCE,,electrical_falling_edge_timing,PT01-COND-0010000NS,97,true,true,,PT01-ART-0439,Both laser destination DB9 connectors physically disconnected
system_recalibration_001,PT-01,system_recalibration_001_PT-01_001,PT01-TC08-0010000NS-A098,,2026-08-17T17:02:21.510386+00:00,2026-08-17T17:02:21.510386+00:00,Christopher_Robertson,PT01-STEP8-FIRE-TO-MIRCAT-PIN4-v1,MS02+T1-01-COMPLETED-WORKING-EVIDENCE,,electrical_falling_edge_timing,PT01-COND-0010000NS,98,true,true,,PT01-ART-0440,Both laser destination DB9 connectors physically disconnected
system_recalibration_001,PT-01,system_recalibration_001_PT-01_001,PT01-TC08-0010000NS-A099,,2026-08-17T17:02:21.993734+00:00,2026-08-17T17:02:21.993734+00:00,Christopher_Robertson,PT01-STEP8-FIRE-TO-MIRCAT-PIN4-v1,MS02+T1-01-COMPLETED-WORKING-EVIDENCE,,electrical_falling_edge_timing,PT01-COND-0010000NS,99,true,true,,PT01-ART-0441,Both laser destination DB9 connectors physically disconnected
system_recalibration_001,PT-01,system_recalibration_001_PT-01_001,PT01-TC08-0010000NS-A100,,2026-08-17T17:02:22.397020+00:00,2026-08-17T17:02:22.397020+00:00,Christopher_Robertson,PT01-STEP8-FIRE-TO-MIRCAT-PIN4-v1,MS02+T1-01-COMPLETED-WORKING-EVIDENCE,,electrical_falling_edge_timing,PT01-COND-0010000NS,100,true,true,,PT01-ART-0442,Both laser destination DB9 connectors physically disconnected
system_recalibration_001,PT-01,system_recalibration_001_PT-01_001,PT01-TC08-0100000NS-A001,,2026-08-17T17:02:28.917119+00:00,2026-08-17T17:02:28.917119+00:00,Christopher_Robertson,PT01-STEP8-FIRE-TO-MIRCAT-PIN4-v1,MS02+T1-01-COMPLETED-WORKING-EVIDENCE,,electrical_falling_edge_timing,PT01-COND-0100000NS,1,true,true,,PT01-ART-0243,Both laser destination DB9 connectors physically disconnected
system_recalibration_001,PT-01,system_recalibration_001_PT-01_001,PT01-TC08-0100000NS-A002,,2026-08-17T17:02:29.284046+00:00,2026-08-17T17:02:29.284046+00:00,Christopher_Robertson,PT01-STEP8-FIRE-TO-MIRCAT-PIN4-v1,MS02+T1-01-COMPLETED-WORKING-EVIDENCE,,electrical_falling_edge_timing,PT01-COND-0100000NS,2,true,true,,PT01-ART-0244,Both laser destination DB9 connectors physically disconnected
system_recalibration_001,PT-01,system_recalibration_001_PT-01_001,PT01-TC08-0100000NS-A003,,2026-08-17T17:02:29.683813+00:00,2026-08-17T17:02:29.683813+00:00,Christopher_Robertson,PT01-STEP8-FIRE-TO-MIRCAT-PIN4-v1,MS02+T1-01-COMPLETED-WORKING-EVIDENCE,,electrical_falling_edge_timing,PT01-COND-0100000NS,3,true,true,,PT01-ART-0245,Both laser destination DB9 connectors physically disconnected
system_recalibration_001,PT-01,system_recalibration_001_PT-01_001,PT01-TC08-0100000NS-A004,,2026-08-17T17:02:30.088605+00:00,2026-08-17T17:02:30.088605+00:00,Christopher_Robertson,PT01-STEP8-FIRE-TO-MIRCAT-PIN4-v1,MS02+T1-01-COMPLETED-WORKING-EVIDENCE,,electrical_falling_edge_timing,PT01-COND-0100000NS,4,true,true,,PT01-ART-0246,Both laser destination DB9 connectors physically disconnected
system_recalibration_001,PT-01,system_recalibration_001_PT-01_001,PT01-TC08-0100000NS-A005,,2026-08-17T17:02:30.490022+00:00,2026-08-17T17:02:30.490022+00:00,Christopher_Robertson,PT01-STEP8-FIRE-TO-MIRCAT-PIN4-v1,MS02+T1-01-COMPLETED-WORKING-EVIDENCE,,electrical_falling_edge_timing,PT01-COND-0100000NS,5,true,true,,PT01-ART-0247,Both laser destination DB9 connectors physically disconnected
system_recalibration_001,PT-01,system_recalibration_001_PT-01_001,PT01-TC08-0100000NS-A006,,2026-08-17T17:02:30.896131+00:00,2026-08-17T17:02:30.896131+00:00,Christopher_Robertson,PT01-STEP8-FIRE-TO-MIRCAT-PIN4-v1,MS02+T1-01-COMPLETED-WORKING-EVIDENCE,,electrical_falling_edge_timing,PT01-COND-0100000NS,6,true,true,,PT01-ART-0248,Both laser destination DB9 connectors physically disconnected
system_recalibration_001,PT-01,system_recalibration_001_PT-01_001,PT01-TC08-0100000NS-A007,,2026-08-17T17:02:31.291146+00:00,2026-08-17T17:02:31.291146+00:00,Christopher_Robertson,PT01-STEP8-FIRE-TO-MIRCAT-PIN4-v1,MS02+T1-01-COMPLETED-WORKING-EVIDENCE,,electrical_falling_edge_timing,PT01-COND-0100000NS,7,true,true,,PT01-ART-0249,Both laser destination DB9 connectors physically disconnected
system_recalibration_001,PT-01,system_recalibration_001_PT-01_001,PT01-TC08-0100000NS-A008,,2026-08-17T17:02:31.700967+00:00,2026-08-17T17:02:31.700967+00:00,Christopher_Robertson,PT01-STEP8-FIRE-TO-MIRCAT-PIN4-v1,MS02+T1-01-COMPLETED-WORKING-EVIDENCE,,electrical_falling_edge_timing,PT01-COND-0100000NS,8,true,true,,PT01-ART-0250,Both laser destination DB9 connectors physically disconnected
system_recalibration_001,PT-01,system_recalibration_001_PT-01_001,PT01-TC08-0100000NS-A009,,2026-08-17T17:02:32.099942+00:00,2026-08-17T17:02:32.099942+00:00,Christopher_Robertson,PT01-STEP8-FIRE-TO-MIRCAT-PIN4-v1,MS02+T1-01-COMPLETED-WORKING-EVIDENCE,,electrical_falling_edge_timing,PT01-COND-0100000NS,9,true,true,,PT01-ART-0251,Both laser destination DB9 connectors physically disconnected
system_recalibration_001,PT-01,system_recalibration_001_PT-01_001,PT01-TC08-0100000NS-A010,,2026-08-17T17:02:32.493223+00:00,2026-08-17T17:02:32.493223+00:00,Christopher_Robertson,PT01-STEP8-FIRE-TO-MIRCAT-PIN4-v1,MS02+T1-01-COMPLETED-WORKING-EVIDENCE,,electrical_falling_edge_timing,PT01-COND-0100000NS,10,true,true,,PT01-ART-0252,Both laser destination DB9 connectors physically disconnected
system_recalibration_001,PT-01,system_recalibration_001_PT-01_001,PT01-TC08-0100000NS-A011,,2026-08-17T17:02:32.887259+00:00,2026-08-17T17:02:32.887259+00:00,Christopher_Robertson,PT01-STEP8-FIRE-TO-MIRCAT-PIN4-v1,MS02+T1-01-COMPLETED-WORKING-EVIDENCE,,electrical_falling_edge_timing,PT01-COND-0100000NS,11,true,true,,PT01-ART-0253,Both laser destination DB9 connectors physically disconnected
system_recalibration_001,PT-01,system_recalibration_001_PT-01_001,PT01-TC08-0100000NS-A012,,2026-08-17T17:02:33.289385+00:00,2026-08-17T17:02:33.289385+00:00,Christopher_Robertson,PT01-STEP8-FIRE-TO-MIRCAT-PIN4-v1,MS02+T1-01-COMPLETED-WORKING-EVIDENCE,,electrical_falling_edge_timing,PT01-COND-0100000NS,12,true,true,,PT01-ART-0254,Both laser destination DB9 connectors physically disconnected
system_recalibration_001,PT-01,system_recalibration_001_PT-01_001,PT01-TC08-0100000NS-A013,,2026-08-17T17:02:33.693170+00:00,2026-08-17T17:02:33.693170+00:00,Christopher_Robertson,PT01-STEP8-FIRE-TO-MIRCAT-PIN4-v1,MS02+T1-01-COMPLETED-WORKING-EVIDENCE,,electrical_falling_edge_timing,PT01-COND-0100000NS,13,true,true,,PT01-ART-0255,Both laser destination DB9 connectors physically disconnected
system_recalibration_001,PT-01,system_recalibration_001_PT-01_001,PT01-TC08-0100000NS-A014,,2026-08-17T17:02:34.094194+00:00,2026-08-17T17:02:34.094194+00:00,Christopher_Robertson,PT01-STEP8-FIRE-TO-MIRCAT-PIN4-v1,MS02+T1-01-COMPLETED-WORKING-EVIDENCE,,electrical_falling_edge_timing,PT01-COND-0100000NS,14,true,true,,PT01-ART-0256,Both laser destination DB9 connectors physically disconnected
system_recalibration_001,PT-01,system_recalibration_001_PT-01_001,PT01-TC08-0100000NS-A015,,2026-08-17T17:02:34.512382+00:00,2026-08-17T17:02:34.512382+00:00,Christopher_Robertson,PT01-STEP8-FIRE-TO-MIRCAT-PIN4-v1,MS02+T1-01-COMPLETED-WORKING-EVIDENCE,,electrical_falling_edge_timing,PT01-COND-0100000NS,15,true,true,,PT01-ART-0257,Both laser destination DB9 connectors physically disconnected
system_recalibration_001,PT-01,system_recalibration_001_PT-01_001,PT01-TC08-0100000NS-A016,,2026-08-17T17:02:34.911686+00:00,2026-08-17T17:02:34.911686+00:00,Christopher_Robertson,PT01-STEP8-FIRE-TO-MIRCAT-PIN4-v1,MS02+T1-01-COMPLETED-WORKING-EVIDENCE,,electrical_falling_edge_timing,PT01-COND-0100000NS,16,true,true,,PT01-ART-0258,Both laser destination DB9 connectors physically disconnected
system_recalibration_001,PT-01,system_recalibration_001_PT-01_001,PT01-TC08-0100000NS-A017,,2026-08-17T17:02:35.297643+00:00,2026-08-17T17:02:35.297643+00:00,Christopher_Robertson,PT01-STEP8-FIRE-TO-MIRCAT-PIN4-v1,MS02+T1-01-COMPLETED-WORKING-EVIDENCE,,electrical_falling_edge_timing,PT01-COND-0100000NS,17,true,true,,PT01-ART-0259,Both laser destination DB9 connectors physically disconnected
system_recalibration_001,PT-01,system_recalibration_001_PT-01_001,PT01-TC08-0100000NS-A018,,2026-08-17T17:02:35.732557+00:00,2026-08-17T17:02:35.732557+00:00,Christopher_Robertson,PT01-STEP8-FIRE-TO-MIRCAT-PIN4-v1,MS02+T1-01-COMPLETED-WORKING-EVIDENCE,,electrical_falling_edge_timing,PT01-COND-0100000NS,18,true,true,,PT01-ART-0260,Both laser destination DB9 connectors physically disconnected
system_recalibration_001,PT-01,system_recalibration_001_PT-01_001,PT01-TC08-0100000NS-A019,,2026-08-17T17:02:36.217001+00:00,2026-08-17T17:02:36.217001+00:00,Christopher_Robertson,PT01-STEP8-FIRE-TO-MIRCAT-PIN4-v1,MS02+T1-01-COMPLETED-WORKING-EVIDENCE,,electrical_falling_edge_timing,PT01-COND-0100000NS,19,true,true,,PT01-ART-0261,Both laser destination DB9 connectors physically disconnected
system_recalibration_001,PT-01,system_recalibration_001_PT-01_001,PT01-TC08-0100000NS-A020,,2026-08-17T17:02:36.610854+00:00,2026-08-17T17:02:36.610854+00:00,Christopher_Robertson,PT01-STEP8-FIRE-TO-MIRCAT-PIN4-v1,MS02+T1-01-COMPLETED-WORKING-EVIDENCE,,electrical_falling_edge_timing,PT01-COND-0100000NS,20,true,true,,PT01-ART-0262,Both laser destination DB9 connectors physically disconnected
system_recalibration_001,PT-01,system_recalibration_001_PT-01_001,PT01-TC08-0100000NS-A021,,2026-08-17T17:02:37.005816+00:00,2026-08-17T17:02:37.005816+00:00,Christopher_Robertson,PT01-STEP8-FIRE-TO-MIRCAT-PIN4-v1,MS02+T1-01-COMPLETED-WORKING-EVIDENCE,,electrical_falling_edge_timing,PT01-COND-0100000NS,21,true,true,,PT01-ART-0263,Both laser destination DB9 connectors physically disconnected
system_recalibration_001,PT-01,system_recalibration_001_PT-01_001,PT01-TC08-0100000NS-A022,,2026-08-17T17:02:37.410943+00:00,2026-08-17T17:02:37.410943+00:00,Christopher_Robertson,PT01-STEP8-FIRE-TO-MIRCAT-PIN4-v1,MS02+T1-01-COMPLETED-WORKING-EVIDENCE,,electrical_falling_edge_timing,PT01-COND-0100000NS,22,true,true,,PT01-ART-0264,Both laser destination DB9 connectors physically disconnected
system_recalibration_001,PT-01,system_recalibration_001_PT-01_001,PT01-TC08-0100000NS-A023,,2026-08-17T17:02:37.792496+00:00,2026-08-17T17:02:37.792496+00:00,Christopher_Robertson,PT01-STEP8-FIRE-TO-MIRCAT-PIN4-v1,MS02+T1-01-COMPLETED-WORKING-EVIDENCE,,electrical_falling_edge_timing,PT01-COND-0100000NS,23,true,true,,PT01-ART-0265,Both laser destination DB9 connectors physically disconnected
system_recalibration_001,PT-01,system_recalibration_001_PT-01_001,PT01-TC08-0100000NS-A024,,2026-08-17T17:02:38.214658+00:00,2026-08-17T17:02:38.214658+00:00,Christopher_Robertson,PT01-STEP8-FIRE-TO-MIRCAT-PIN4-v1,MS02+T1-01-COMPLETED-WORKING-EVIDENCE,,electrical_falling_edge_timing,PT01-COND-0100000NS,24,true,true,,PT01-ART-0266,Both laser destination DB9 connectors physically disconnected
system_recalibration_001,PT-01,system_recalibration_001_PT-01_001,PT01-TC08-0100000NS-A025,,2026-08-17T17:02:38.625299+00:00,2026-08-17T17:02:38.625299+00:00,Christopher_Robertson,PT01-STEP8-FIRE-TO-MIRCAT-PIN4-v1,MS02+T1-01-COMPLETED-WORKING-EVIDENCE,,electrical_falling_edge_timing,PT01-COND-0100000NS,25,true,true,,PT01-ART-0267,Both laser destination DB9 connectors physically disconnected
system_recalibration_001,PT-01,system_recalibration_001_PT-01_001,PT01-TC08-0100000NS-A026,,2026-08-17T17:02:38.992296+00:00,2026-08-17T17:02:38.992296+00:00,Christopher_Robertson,PT01-STEP8-FIRE-TO-MIRCAT-PIN4-v1,MS02+T1-01-COMPLETED-WORKING-EVIDENCE,,electrical_falling_edge_timing,PT01-COND-0100000NS,26,true,true,,PT01-ART-0268,Both laser destination DB9 connectors physically disconnected
system_recalibration_001,PT-01,system_recalibration_001_PT-01_001,PT01-TC08-0100000NS-A027,,2026-08-17T17:02:39.418333+00:00,2026-08-17T17:02:39.418333+00:00,Christopher_Robertson,PT01-STEP8-FIRE-TO-MIRCAT-PIN4-v1,MS02+T1-01-COMPLETED-WORKING-EVIDENCE,,electrical_falling_edge_timing,PT01-COND-0100000NS,27,true,true,,PT01-ART-0269,Both laser destination DB9 connectors physically disconnected
system_recalibration_001,PT-01,system_recalibration_001_PT-01_001,PT01-TC08-0100000NS-A028,,2026-08-17T17:02:39.808505+00:00,2026-08-17T17:02:39.808505+00:00,Christopher_Robertson,PT01-STEP8-FIRE-TO-MIRCAT-PIN4-v1,MS02+T1-01-COMPLETED-WORKING-EVIDENCE,,electrical_falling_edge_timing,PT01-COND-0100000NS,28,true,true,,PT01-ART-0270,Both laser destination DB9 connectors physically disconnected
system_recalibration_001,PT-01,system_recalibration_001_PT-01_001,PT01-TC08-0100000NS-A029,,2026-08-17T17:02:40.195345+00:00,2026-08-17T17:02:40.195345+00:00,Christopher_Robertson,PT01-STEP8-FIRE-TO-MIRCAT-PIN4-v1,MS02+T1-01-COMPLETED-WORKING-EVIDENCE,,electrical_falling_edge_timing,PT01-COND-0100000NS,29,true,true,,PT01-ART-0271,Both laser destination DB9 connectors physically disconnected
system_recalibration_001,PT-01,system_recalibration_001_PT-01_001,PT01-TC08-0100000NS-A030,,2026-08-17T17:02:40.619037+00:00,2026-08-17T17:02:40.619037+00:00,Christopher_Robertson,PT01-STEP8-FIRE-TO-MIRCAT-PIN4-v1,MS02+T1-01-COMPLETED-WORKING-EVIDENCE,,electrical_falling_edge_timing,PT01-COND-0100000NS,30,true,true,,PT01-ART-0272,Both laser destination DB9 connectors physically disconnected
system_recalibration_001,PT-01,system_recalibration_001_PT-01_001,PT01-TC08-0100000NS-A031,,2026-08-17T17:02:41.046495+00:00,2026-08-17T17:02:41.046495+00:00,Christopher_Robertson,PT01-STEP8-FIRE-TO-MIRCAT-PIN4-v1,MS02+T1-01-COMPLETED-WORKING-EVIDENCE,,electrical_falling_edge_timing,PT01-COND-0100000NS,31,true,true,,PT01-ART-0273,Both laser destination DB9 connectors physically disconnected
system_recalibration_001,PT-01,system_recalibration_001_PT-01_001,PT01-TC08-0100000NS-A032,,2026-08-17T17:02:41.529025+00:00,2026-08-17T17:02:41.529025+00:00,Christopher_Robertson,PT01-STEP8-FIRE-TO-MIRCAT-PIN4-v1,MS02+T1-01-COMPLETED-WORKING-EVIDENCE,,electrical_falling_edge_timing,PT01-COND-0100000NS,32,true,true,,PT01-ART-0274,Both laser destination DB9 connectors physically disconnected
system_recalibration_001,PT-01,system_recalibration_001_PT-01_001,PT01-TC08-0100000NS-A033,,2026-08-17T17:02:41.924555+00:00,2026-08-17T17:02:41.924555+00:00,Christopher_Robertson,PT01-STEP8-FIRE-TO-MIRCAT-PIN4-v1,MS02+T1-01-COMPLETED-WORKING-EVIDENCE,,electrical_falling_edge_timing,PT01-COND-0100000NS,33,true,true,,PT01-ART-0275,Both laser destination DB9 connectors physically disconnected
system_recalibration_001,PT-01,system_recalibration_001_PT-01_001,PT01-TC08-0100000NS-A034,,2026-08-17T17:02:42.325492+00:00,2026-08-17T17:02:42.325492+00:00,Christopher_Robertson,PT01-STEP8-FIRE-TO-MIRCAT-PIN4-v1,MS02+T1-01-COMPLETED-WORKING-EVIDENCE,,electrical_falling_edge_timing,PT01-COND-0100000NS,34,true,true,,PT01-ART-0276,Both laser destination DB9 connectors physically disconnected
system_recalibration_001,PT-01,system_recalibration_001_PT-01_001,PT01-TC08-0100000NS-A035,,2026-08-17T17:02:42.720083+00:00,2026-08-17T17:02:42.720083+00:00,Christopher_Robertson,PT01-STEP8-FIRE-TO-MIRCAT-PIN4-v1,MS02+T1-01-COMPLETED-WORKING-EVIDENCE,,electrical_falling_edge_timing,PT01-COND-0100000NS,35,true,true,,PT01-ART-0277,Both laser destination DB9 connectors physically disconnected
system_recalibration_001,PT-01,system_recalibration_001_PT-01_001,PT01-TC08-0100000NS-A036,,2026-08-17T17:02:43.114514+00:00,2026-08-17T17:02:43.114514+00:00,Christopher_Robertson,PT01-STEP8-FIRE-TO-MIRCAT-PIN4-v1,MS02+T1-01-COMPLETED-WORKING-EVIDENCE,,electrical_falling_edge_timing,PT01-COND-0100000NS,36,true,true,,PT01-ART-0278,Both laser destination DB9 connectors physically disconnected
system_recalibration_001,PT-01,system_recalibration_001_PT-01_001,PT01-TC08-0100000NS-A037,,2026-08-17T17:02:43.502103+00:00,2026-08-17T17:02:43.502103+00:00,Christopher_Robertson,PT01-STEP8-FIRE-TO-MIRCAT-PIN4-v1,MS02+T1-01-COMPLETED-WORKING-EVIDENCE,,electrical_falling_edge_timing,PT01-COND-0100000NS,37,true,true,,PT01-ART-0279,Both laser destination DB9 connectors physically disconnected
system_recalibration_001,PT-01,system_recalibration_001_PT-01_001,PT01-TC08-0100000NS-A038,,2026-08-17T17:02:43.928278+00:00,2026-08-17T17:02:43.928278+00:00,Christopher_Robertson,PT01-STEP8-FIRE-TO-MIRCAT-PIN4-v1,MS02+T1-01-COMPLETED-WORKING-EVIDENCE,,electrical_falling_edge_timing,PT01-COND-0100000NS,38,true,true,,PT01-ART-0280,Both laser destination DB9 connectors physically disconnected
system_recalibration_001,PT-01,system_recalibration_001_PT-01_001,PT01-TC08-0100000NS-A039,,2026-08-17T17:02:44.330555+00:00,2026-08-17T17:02:44.330555+00:00,Christopher_Robertson,PT01-STEP8-FIRE-TO-MIRCAT-PIN4-v1,MS02+T1-01-COMPLETED-WORKING-EVIDENCE,,electrical_falling_edge_timing,PT01-COND-0100000NS,39,true,true,,PT01-ART-0281,Both laser destination DB9 connectors physically disconnected
system_recalibration_001,PT-01,system_recalibration_001_PT-01_001,PT01-TC08-0100000NS-A040,,2026-08-17T17:02:44.706524+00:00,2026-08-17T17:02:44.706524+00:00,Christopher_Robertson,PT01-STEP8-FIRE-TO-MIRCAT-PIN4-v1,MS02+T1-01-COMPLETED-WORKING-EVIDENCE,,electrical_falling_edge_timing,PT01-COND-0100000NS,40,true,true,,PT01-ART-0282,Both laser destination DB9 connectors physically disconnected
system_recalibration_001,PT-01,system_recalibration_001_PT-01_001,PT01-TC08-0100000NS-A041,,2026-08-17T17:02:45.130890+00:00,2026-08-17T17:02:45.130890+00:00,Christopher_Robertson,PT01-STEP8-FIRE-TO-MIRCAT-PIN4-v1,MS02+T1-01-COMPLETED-WORKING-EVIDENCE,,electrical_falling_edge_timing,PT01-COND-0100000NS,41,true,true,,PT01-ART-0283,Both laser destination DB9 connectors physically disconnected
system_recalibration_001,PT-01,system_recalibration_001_PT-01_001,PT01-TC08-0100000NS-A042,,2026-08-17T17:02:45.518550+00:00,2026-08-17T17:02:45.518550+00:00,Christopher_Robertson,PT01-STEP8-FIRE-TO-MIRCAT-PIN4-v1,MS02+T1-01-COMPLETED-WORKING-EVIDENCE,,electrical_falling_edge_timing,PT01-COND-0100000NS,42,true,true,,PT01-ART-0284,Both laser destination DB9 connectors physically disconnected
system_recalibration_001,PT-01,system_recalibration_001_PT-01_001,PT01-TC08-0100000NS-A043,,2026-08-17T17:02:45.925921+00:00,2026-08-17T17:02:45.925921+00:00,Christopher_Robertson,PT01-STEP8-FIRE-TO-MIRCAT-PIN4-v1,MS02+T1-01-COMPLETED-WORKING-EVIDENCE,,electrical_falling_edge_timing,PT01-COND-0100000NS,43,true,true,,PT01-ART-0285,Both laser destination DB9 connectors physically disconnected
system_recalibration_001,PT-01,system_recalibration_001_PT-01_001,PT01-TC08-0100000NS-A044,,2026-08-17T17:02:46.338863+00:00,2026-08-17T17:02:46.338863+00:00,Christopher_Robertson,PT01-STEP8-FIRE-TO-MIRCAT-PIN4-v1,MS02+T1-01-COMPLETED-WORKING-EVIDENCE,,electrical_falling_edge_timing,PT01-COND-0100000NS,44,true,true,,PT01-ART-0286,Both laser destination DB9 connectors physically disconnected
system_recalibration_001,PT-01,system_recalibration_001_PT-01_001,PT01-TC08-0100000NS-A045,,2026-08-17T17:02:46.812550+00:00,2026-08-17T17:02:46.812550+00:00,Christopher_Robertson,PT01-STEP8-FIRE-TO-MIRCAT-PIN4-v1,MS02+T1-01-COMPLETED-WORKING-EVIDENCE,,electrical_falling_edge_timing,PT01-COND-0100000NS,45,true,true,,PT01-ART-0287,Both laser destination DB9 connectors physically disconnected
system_recalibration_001,PT-01,system_recalibration_001_PT-01_001,PT01-TC08-0100000NS-A046,,2026-08-17T17:02:47.197295+00:00,2026-08-17T17:02:47.197295+00:00,Christopher_Robertson,PT01-STEP8-FIRE-TO-MIRCAT-PIN4-v1,MS02+T1-01-COMPLETED-WORKING-EVIDENCE,,electrical_falling_edge_timing,PT01-COND-0100000NS,46,true,true,,PT01-ART-0288,Both laser destination DB9 connectors physically disconnected
system_recalibration_001,PT-01,system_recalibration_001_PT-01_001,PT01-TC08-0100000NS-A047,,2026-08-17T17:02:47.630215+00:00,2026-08-17T17:02:47.630215+00:00,Christopher_Robertson,PT01-STEP8-FIRE-TO-MIRCAT-PIN4-v1,MS02+T1-01-COMPLETED-WORKING-EVIDENCE,,electrical_falling_edge_timing,PT01-COND-0100000NS,47,true,true,,PT01-ART-0289,Both laser destination DB9 connectors physically disconnected
system_recalibration_001,PT-01,system_recalibration_001_PT-01_001,PT01-TC08-0100000NS-A048,,2026-08-17T17:02:48.033779+00:00,2026-08-17T17:02:48.033779+00:00,Christopher_Robertson,PT01-STEP8-FIRE-TO-MIRCAT-PIN4-v1,MS02+T1-01-COMPLETED-WORKING-EVIDENCE,,electrical_falling_edge_timing,PT01-COND-0100000NS,48,true,true,,PT01-ART-0290,Both laser destination DB9 connectors physically disconnected
system_recalibration_001,PT-01,system_recalibration_001_PT-01_001,PT01-TC08-0100000NS-A049,,2026-08-17T17:02:48.418215+00:00,2026-08-17T17:02:48.418215+00:00,Christopher_Robertson,PT01-STEP8-FIRE-TO-MIRCAT-PIN4-v1,MS02+T1-01-COMPLETED-WORKING-EVIDENCE,,electrical_falling_edge_timing,PT01-COND-0100000NS,49,true,true,,PT01-ART-0291,Both laser destination DB9 connectors physically disconnected
system_recalibration_001,PT-01,system_recalibration_001_PT-01_001,PT01-TC08-0100000NS-A050,,2026-08-17T17:02:48.829111+00:00,2026-08-17T17:02:48.829111+00:00,Christopher_Robertson,PT01-STEP8-FIRE-TO-MIRCAT-PIN4-v1,MS02+T1-01-COMPLETED-WORKING-EVIDENCE,,electrical_falling_edge_timing,PT01-COND-0100000NS,50,true,true,,PT01-ART-0292,Both laser destination DB9 connectors physically disconnected
system_recalibration_001,PT-01,system_recalibration_001_PT-01_001,PT01-TC08-0100000NS-A051,,2026-08-17T17:02:49.215791+00:00,2026-08-17T17:02:49.215791+00:00,Christopher_Robertson,PT01-STEP8-FIRE-TO-MIRCAT-PIN4-v1,MS02+T1-01-COMPLETED-WORKING-EVIDENCE,,electrical_falling_edge_timing,PT01-COND-0100000NS,51,true,true,,PT01-ART-0293,Both laser destination DB9 connectors physically disconnected
system_recalibration_001,PT-01,system_recalibration_001_PT-01_001,PT01-TC08-0100000NS-A052,,2026-08-17T17:02:49.614848+00:00,2026-08-17T17:02:49.614848+00:00,Christopher_Robertson,PT01-STEP8-FIRE-TO-MIRCAT-PIN4-v1,MS02+T1-01-COMPLETED-WORKING-EVIDENCE,,electrical_falling_edge_timing,PT01-COND-0100000NS,52,true,true,,PT01-ART-0294,Both laser destination DB9 connectors physically disconnected
system_recalibration_001,PT-01,system_recalibration_001_PT-01_001,PT01-TC08-0100000NS-A053,,2026-08-17T17:02:50.025716+00:00,2026-08-17T17:02:50.025716+00:00,Christopher_Robertson,PT01-STEP8-FIRE-TO-MIRCAT-PIN4-v1,MS02+T1-01-COMPLETED-WORKING-EVIDENCE,,electrical_falling_edge_timing,PT01-COND-0100000NS,53,true,true,,PT01-ART-0295,Both laser destination DB9 connectors physically disconnected
system_recalibration_001,PT-01,system_recalibration_001_PT-01_001,PT01-TC08-0100000NS-A054,,2026-08-17T17:02:50.444970+00:00,2026-08-17T17:02:50.444970+00:00,Christopher_Robertson,PT01-STEP8-FIRE-TO-MIRCAT-PIN4-v1,MS02+T1-01-COMPLETED-WORKING-EVIDENCE,,electrical_falling_edge_timing,PT01-COND-0100000NS,54,true,true,,PT01-ART-0296,Both laser destination DB9 connectors physically disconnected
system_recalibration_001,PT-01,system_recalibration_001_PT-01_001,PT01-TC08-0100000NS-A055,,2026-08-17T17:02:50.913422+00:00,2026-08-17T17:02:50.913422+00:00,Christopher_Robertson,PT01-STEP8-FIRE-TO-MIRCAT-PIN4-v1,MS02+T1-01-COMPLETED-WORKING-EVIDENCE,,electrical_falling_edge_timing,PT01-COND-0100000NS,55,true,true,,PT01-ART-0297,Both laser destination DB9 connectors physically disconnected
system_recalibration_001,PT-01,system_recalibration_001_PT-01_001,PT01-TC08-0100000NS-A056,,2026-08-17T17:02:51.329453+00:00,2026-08-17T17:02:51.329453+00:00,Christopher_Robertson,PT01-STEP8-FIRE-TO-MIRCAT-PIN4-v1,MS02+T1-01-COMPLETED-WORKING-EVIDENCE,,electrical_falling_edge_timing,PT01-COND-0100000NS,56,true,true,,PT01-ART-0298,Both laser destination DB9 connectors physically disconnected
system_recalibration_001,PT-01,system_recalibration_001_PT-01_001,PT01-TC08-0100000NS-A057,,2026-08-17T17:02:51.718343+00:00,2026-08-17T17:02:51.718343+00:00,Christopher_Robertson,PT01-STEP8-FIRE-TO-MIRCAT-PIN4-v1,MS02+T1-01-COMPLETED-WORKING-EVIDENCE,,electrical_falling_edge_timing,PT01-COND-0100000NS,57,true,true,,PT01-ART-0299,Both laser destination DB9 connectors physically disconnected
system_recalibration_001,PT-01,system_recalibration_001_PT-01_001,PT01-TC08-0100000NS-A058,,2026-08-17T17:02:52.134378+00:00,2026-08-17T17:02:52.134378+00:00,Christopher_Robertson,PT01-STEP8-FIRE-TO-MIRCAT-PIN4-v1,MS02+T1-01-COMPLETED-WORKING-EVIDENCE,,electrical_falling_edge_timing,PT01-COND-0100000NS,58,true,true,,PT01-ART-0300,Both laser destination DB9 connectors physically disconnected
system_recalibration_001,PT-01,system_recalibration_001_PT-01_001,PT01-TC08-0100000NS-A059,,2026-08-17T17:02:52.535928+00:00,2026-08-17T17:02:52.535928+00:00,Christopher_Robertson,PT01-STEP8-FIRE-TO-MIRCAT-PIN4-v1,MS02+T1-01-COMPLETED-WORKING-EVIDENCE,,electrical_falling_edge_timing,PT01-COND-0100000NS,59,true,true,,PT01-ART-0301,Both laser destination DB9 connectors physically disconnected
system_recalibration_001,PT-01,system_recalibration_001_PT-01_001,PT01-TC08-0100000NS-A060,,2026-08-17T17:02:52.931564+00:00,2026-08-17T17:02:52.931564+00:00,Christopher_Robertson,PT01-STEP8-FIRE-TO-MIRCAT-PIN4-v1,MS02+T1-01-COMPLETED-WORKING-EVIDENCE,,electrical_falling_edge_timing,PT01-COND-0100000NS,60,true,true,,PT01-ART-0302,Both laser destination DB9 connectors physically disconnected
system_recalibration_001,PT-01,system_recalibration_001_PT-01_001,PT01-TC08-0100000NS-A061,,2026-08-17T17:02:53.317736+00:00,2026-08-17T17:02:53.317736+00:00,Christopher_Robertson,PT01-STEP8-FIRE-TO-MIRCAT-PIN4-v1,MS02+T1-01-COMPLETED-WORKING-EVIDENCE,,electrical_falling_edge_timing,PT01-COND-0100000NS,61,true,true,,PT01-ART-0303,Both laser destination DB9 connectors physically disconnected
system_recalibration_001,PT-01,system_recalibration_001_PT-01_001,PT01-TC08-0100000NS-A062,,2026-08-17T17:02:53.734580+00:00,2026-08-17T17:02:53.734580+00:00,Christopher_Robertson,PT01-STEP8-FIRE-TO-MIRCAT-PIN4-v1,MS02+T1-01-COMPLETED-WORKING-EVIDENCE,,electrical_falling_edge_timing,PT01-COND-0100000NS,62,true,true,,PT01-ART-0304,Both laser destination DB9 connectors physically disconnected
system_recalibration_001,PT-01,system_recalibration_001_PT-01_001,PT01-TC08-0100000NS-A063,,2026-08-17T17:02:54.111577+00:00,2026-08-17T17:02:54.111577+00:00,Christopher_Robertson,PT01-STEP8-FIRE-TO-MIRCAT-PIN4-v1,MS02+T1-01-COMPLETED-WORKING-EVIDENCE,,electrical_falling_edge_timing,PT01-COND-0100000NS,63,true,true,,PT01-ART-0305,Both laser destination DB9 connectors physically disconnected
system_recalibration_001,PT-01,system_recalibration_001_PT-01_001,PT01-TC08-0100000NS-A064,,2026-08-17T17:02:54.526323+00:00,2026-08-17T17:02:54.526323+00:00,Christopher_Robertson,PT01-STEP8-FIRE-TO-MIRCAT-PIN4-v1,MS02+T1-01-COMPLETED-WORKING-EVIDENCE,,electrical_falling_edge_timing,PT01-COND-0100000NS,64,true,true,,PT01-ART-0306,Both laser destination DB9 connectors physically disconnected
system_recalibration_001,PT-01,system_recalibration_001_PT-01_001,PT01-TC08-0100000NS-A065,,2026-08-17T17:02:54.930973+00:00,2026-08-17T17:02:54.930973+00:00,Christopher_Robertson,PT01-STEP8-FIRE-TO-MIRCAT-PIN4-v1,MS02+T1-01-COMPLETED-WORKING-EVIDENCE,,electrical_falling_edge_timing,PT01-COND-0100000NS,65,true,true,,PT01-ART-0307,Both laser destination DB9 connectors physically disconnected
system_recalibration_001,PT-01,system_recalibration_001_PT-01_001,PT01-TC08-0100000NS-A066,,2026-08-17T17:02:55.315871+00:00,2026-08-17T17:02:55.315871+00:00,Christopher_Robertson,PT01-STEP8-FIRE-TO-MIRCAT-PIN4-v1,MS02+T1-01-COMPLETED-WORKING-EVIDENCE,,electrical_falling_edge_timing,PT01-COND-0100000NS,66,true,true,,PT01-ART-0308,Both laser destination DB9 connectors physically disconnected
system_recalibration_001,PT-01,system_recalibration_001_PT-01_001,PT01-TC08-0100000NS-A067,,2026-08-17T17:02:55.726024+00:00,2026-08-17T17:02:55.726024+00:00,Christopher_Robertson,PT01-STEP8-FIRE-TO-MIRCAT-PIN4-v1,MS02+T1-01-COMPLETED-WORKING-EVIDENCE,,electrical_falling_edge_timing,PT01-COND-0100000NS,67,true,true,,PT01-ART-0309,Both laser destination DB9 connectors physically disconnected
system_recalibration_001,PT-01,system_recalibration_001_PT-01_001,PT01-TC08-0100000NS-A068,,2026-08-17T17:02:56.145245+00:00,2026-08-17T17:02:56.145245+00:00,Christopher_Robertson,PT01-STEP8-FIRE-TO-MIRCAT-PIN4-v1,MS02+T1-01-COMPLETED-WORKING-EVIDENCE,,electrical_falling_edge_timing,PT01-COND-0100000NS,68,true,true,,PT01-ART-0310,Both laser destination DB9 connectors physically disconnected
system_recalibration_001,PT-01,system_recalibration_001_PT-01_001,PT01-TC08-0100000NS-A069,,2026-08-17T17:02:56.547694+00:00,2026-08-17T17:02:56.547694+00:00,Christopher_Robertson,PT01-STEP8-FIRE-TO-MIRCAT-PIN4-v1,MS02+T1-01-COMPLETED-WORKING-EVIDENCE,,electrical_falling_edge_timing,PT01-COND-0100000NS,69,true,true,,PT01-ART-0311,Both laser destination DB9 connectors physically disconnected
system_recalibration_001,PT-01,system_recalibration_001_PT-01_001,PT01-TC08-0100000NS-A070,,2026-08-17T17:02:56.943955+00:00,2026-08-17T17:02:56.943955+00:00,Christopher_Robertson,PT01-STEP8-FIRE-TO-MIRCAT-PIN4-v1,MS02+T1-01-COMPLETED-WORKING-EVIDENCE,,electrical_falling_edge_timing,PT01-COND-0100000NS,70,true,true,,PT01-ART-0312,Both laser destination DB9 connectors physically disconnected
system_recalibration_001,PT-01,system_recalibration_001_PT-01_001,PT01-TC08-0100000NS-A071,,2026-08-17T17:02:57.336592+00:00,2026-08-17T17:02:57.336592+00:00,Christopher_Robertson,PT01-STEP8-FIRE-TO-MIRCAT-PIN4-v1,MS02+T1-01-COMPLETED-WORKING-EVIDENCE,,electrical_falling_edge_timing,PT01-COND-0100000NS,71,true,true,,PT01-ART-0313,Both laser destination DB9 connectors physically disconnected
system_recalibration_001,PT-01,system_recalibration_001_PT-01_001,PT01-TC08-0100000NS-A072,,2026-08-17T17:02:57.717246+00:00,2026-08-17T17:02:57.717246+00:00,Christopher_Robertson,PT01-STEP8-FIRE-TO-MIRCAT-PIN4-v1,MS02+T1-01-COMPLETED-WORKING-EVIDENCE,,electrical_falling_edge_timing,PT01-COND-0100000NS,72,true,true,,PT01-ART-0314,Both laser destination DB9 connectors physically disconnected
system_recalibration_001,PT-01,system_recalibration_001_PT-01_001,PT01-TC08-0100000NS-A073,,2026-08-17T17:02:58.124333+00:00,2026-08-17T17:02:58.124333+00:00,Christopher_Robertson,PT01-STEP8-FIRE-TO-MIRCAT-PIN4-v1,MS02+T1-01-COMPLETED-WORKING-EVIDENCE,,electrical_falling_edge_timing,PT01-COND-0100000NS,73,true,true,,PT01-ART-0315,Both laser destination DB9 connectors physically disconnected
system_recalibration_001,PT-01,system_recalibration_001_PT-01_001,PT01-TC08-0100000NS-A074,,2026-08-17T17:02:58.541516+00:00,2026-08-17T17:02:58.541516+00:00,Christopher_Robertson,PT01-STEP8-FIRE-TO-MIRCAT-PIN4-v1,MS02+T1-01-COMPLETED-WORKING-EVIDENCE,,electrical_falling_edge_timing,PT01-COND-0100000NS,74,true,true,,PT01-ART-0316,Both laser destination DB9 connectors physically disconnected
system_recalibration_001,PT-01,system_recalibration_001_PT-01_001,PT01-TC08-0100000NS-A075,,2026-08-17T17:02:58.919572+00:00,2026-08-17T17:02:58.919572+00:00,Christopher_Robertson,PT01-STEP8-FIRE-TO-MIRCAT-PIN4-v1,MS02+T1-01-COMPLETED-WORKING-EVIDENCE,,electrical_falling_edge_timing,PT01-COND-0100000NS,75,true,true,,PT01-ART-0317,Both laser destination DB9 connectors physically disconnected
system_recalibration_001,PT-01,system_recalibration_001_PT-01_001,PT01-TC08-0100000NS-A076,,2026-08-17T17:02:59.328543+00:00,2026-08-17T17:02:59.328543+00:00,Christopher_Robertson,PT01-STEP8-FIRE-TO-MIRCAT-PIN4-v1,MS02+T1-01-COMPLETED-WORKING-EVIDENCE,,electrical_falling_edge_timing,PT01-COND-0100000NS,76,true,true,,PT01-ART-0318,Both laser destination DB9 connectors physically disconnected
system_recalibration_001,PT-01,system_recalibration_001_PT-01_001,PT01-TC08-0100000NS-A077,,2026-08-17T17:02:59.734040+00:00,2026-08-17T17:02:59.734040+00:00,Christopher_Robertson,PT01-STEP8-FIRE-TO-MIRCAT-PIN4-v1,MS02+T1-01-COMPLETED-WORKING-EVIDENCE,,electrical_falling_edge_timing,PT01-COND-0100000NS,77,true,true,,PT01-ART-0319,Both laser destination DB9 connectors physically disconnected
system_recalibration_001,PT-01,system_recalibration_001_PT-01_001,PT01-TC08-0100000NS-A078,,2026-08-17T17:03:00.149082+00:00,2026-08-17T17:03:00.149082+00:00,Christopher_Robertson,PT01-STEP8-FIRE-TO-MIRCAT-PIN4-v1,MS02+T1-01-COMPLETED-WORKING-EVIDENCE,,electrical_falling_edge_timing,PT01-COND-0100000NS,78,true,true,,PT01-ART-0320,Both laser destination DB9 connectors physically disconnected
system_recalibration_001,PT-01,system_recalibration_001_PT-01_001,PT01-TC08-0100000NS-A079,,2026-08-17T17:03:00.534899+00:00,2026-08-17T17:03:00.534899+00:00,Christopher_Robertson,PT01-STEP8-FIRE-TO-MIRCAT-PIN4-v1,MS02+T1-01-COMPLETED-WORKING-EVIDENCE,,electrical_falling_edge_timing,PT01-COND-0100000NS,79,true,true,,PT01-ART-0321,Both laser destination DB9 connectors physically disconnected
system_recalibration_001,PT-01,system_recalibration_001_PT-01_001,PT01-TC08-0100000NS-A080,,2026-08-17T17:03:00.940593+00:00,2026-08-17T17:03:00.940593+00:00,Christopher_Robertson,PT01-STEP8-FIRE-TO-MIRCAT-PIN4-v1,MS02+T1-01-COMPLETED-WORKING-EVIDENCE,,electrical_falling_edge_timing,PT01-COND-0100000NS,80,true,true,,PT01-ART-0322,Both laser destination DB9 connectors physically disconnected
system_recalibration_001,PT-01,system_recalibration_001_PT-01_001,PT01-TC08-0100000NS-A081,,2026-08-17T17:03:01.314074+00:00,2026-08-17T17:03:01.314074+00:00,Christopher_Robertson,PT01-STEP8-FIRE-TO-MIRCAT-PIN4-v1,MS02+T1-01-COMPLETED-WORKING-EVIDENCE,,electrical_falling_edge_timing,PT01-COND-0100000NS,81,true,true,,PT01-ART-0323,Both laser destination DB9 connectors physically disconnected
system_recalibration_001,PT-01,system_recalibration_001_PT-01_001,PT01-TC08-0100000NS-A082,,2026-08-17T17:03:01.732778+00:00,2026-08-17T17:03:01.732778+00:00,Christopher_Robertson,PT01-STEP8-FIRE-TO-MIRCAT-PIN4-v1,MS02+T1-01-COMPLETED-WORKING-EVIDENCE,,electrical_falling_edge_timing,PT01-COND-0100000NS,82,true,true,,PT01-ART-0324,Both laser destination DB9 connectors physically disconnected
system_recalibration_001,PT-01,system_recalibration_001_PT-01_001,PT01-TC08-0100000NS-A083,,2026-08-17T17:03:02.164963+00:00,2026-08-17T17:03:02.164963+00:00,Christopher_Robertson,PT01-STEP8-FIRE-TO-MIRCAT-PIN4-v1,MS02+T1-01-COMPLETED-WORKING-EVIDENCE,,electrical_falling_edge_timing,PT01-COND-0100000NS,83,true,true,,PT01-ART-0325,Both laser destination DB9 connectors physically disconnected
system_recalibration_001,PT-01,system_recalibration_001_PT-01_001,PT01-TC08-0100000NS-A084,,2026-08-17T17:03:02.630383+00:00,2026-08-17T17:03:02.630383+00:00,Christopher_Robertson,PT01-STEP8-FIRE-TO-MIRCAT-PIN4-v1,MS02+T1-01-COMPLETED-WORKING-EVIDENCE,,electrical_falling_edge_timing,PT01-COND-0100000NS,84,true,true,,PT01-ART-0326,Both laser destination DB9 connectors physically disconnected
system_recalibration_001,PT-01,system_recalibration_001_PT-01_001,PT01-TC08-0100000NS-A085,,2026-08-17T17:03:03.043829+00:00,2026-08-17T17:03:03.043829+00:00,Christopher_Robertson,PT01-STEP8-FIRE-TO-MIRCAT-PIN4-v1,MS02+T1-01-COMPLETED-WORKING-EVIDENCE,,electrical_falling_edge_timing,PT01-COND-0100000NS,85,true,true,,PT01-ART-0327,Both laser destination DB9 connectors physically disconnected
system_recalibration_001,PT-01,system_recalibration_001_PT-01_001,PT01-TC08-0100000NS-A086,,2026-08-17T17:03:03.440597+00:00,2026-08-17T17:03:03.440597+00:00,Christopher_Robertson,PT01-STEP8-FIRE-TO-MIRCAT-PIN4-v1,MS02+T1-01-COMPLETED-WORKING-EVIDENCE,,electrical_falling_edge_timing,PT01-COND-0100000NS,86,true,true,,PT01-ART-0328,Both laser destination DB9 connectors physically disconnected
system_recalibration_001,PT-01,system_recalibration_001_PT-01_001,PT01-TC08-0100000NS-A087,,2026-08-17T17:03:03.826338+00:00,2026-08-17T17:03:03.826338+00:00,Christopher_Robertson,PT01-STEP8-FIRE-TO-MIRCAT-PIN4-v1,MS02+T1-01-COMPLETED-WORKING-EVIDENCE,,electrical_falling_edge_timing,PT01-COND-0100000NS,87,true,true,,PT01-ART-0329,Both laser destination DB9 connectors physically disconnected
system_recalibration_001,PT-01,system_recalibration_001_PT-01_001,PT01-TC08-0100000NS-A088,,2026-08-17T17:03:04.231402+00:00,2026-08-17T17:03:04.231402+00:00,Christopher_Robertson,PT01-STEP8-FIRE-TO-MIRCAT-PIN4-v1,MS02+T1-01-COMPLETED-WORKING-EVIDENCE,,electrical_falling_edge_timing,PT01-COND-0100000NS,88,true,true,,PT01-ART-0330,Both laser destination DB9 connectors physically disconnected
system_recalibration_001,PT-01,system_recalibration_001_PT-01_001,PT01-TC08-0100000NS-A089,,2026-08-17T17:03:04.638052+00:00,2026-08-17T17:03:04.638052+00:00,Christopher_Robertson,PT01-STEP8-FIRE-TO-MIRCAT-PIN4-v1,MS02+T1-01-COMPLETED-WORKING-EVIDENCE,,electrical_falling_edge_timing,PT01-COND-0100000NS,89,true,true,,PT01-ART-0331,Both laser destination DB9 connectors physically disconnected
system_recalibration_001,PT-01,system_recalibration_001_PT-01_001,PT01-TC08-0100000NS-A090,,2026-08-17T17:03:05.023459+00:00,2026-08-17T17:03:05.023459+00:00,Christopher_Robertson,PT01-STEP8-FIRE-TO-MIRCAT-PIN4-v1,MS02+T1-01-COMPLETED-WORKING-EVIDENCE,,electrical_falling_edge_timing,PT01-COND-0100000NS,90,true,true,,PT01-ART-0332,Both laser destination DB9 connectors physically disconnected
system_recalibration_001,PT-01,system_recalibration_001_PT-01_001,PT01-TC08-0100000NS-A091,,2026-08-17T17:03:05.425914+00:00,2026-08-17T17:03:05.425914+00:00,Christopher_Robertson,PT01-STEP8-FIRE-TO-MIRCAT-PIN4-v1,MS02+T1-01-COMPLETED-WORKING-EVIDENCE,,electrical_falling_edge_timing,PT01-COND-0100000NS,91,true,true,,PT01-ART-0333,Both laser destination DB9 connectors physically disconnected
system_recalibration_001,PT-01,system_recalibration_001_PT-01_001,PT01-TC08-0100000NS-A092,,2026-08-17T17:03:05.845798+00:00,2026-08-17T17:03:05.845798+00:00,Christopher_Robertson,PT01-STEP8-FIRE-TO-MIRCAT-PIN4-v1,MS02+T1-01-COMPLETED-WORKING-EVIDENCE,,electrical_falling_edge_timing,PT01-COND-0100000NS,92,true,true,,PT01-ART-0334,Both laser destination DB9 connectors physically disconnected
system_recalibration_001,PT-01,system_recalibration_001_PT-01_001,PT01-TC08-0100000NS-A093,,2026-08-17T17:03:06.219005+00:00,2026-08-17T17:03:06.219005+00:00,Christopher_Robertson,PT01-STEP8-FIRE-TO-MIRCAT-PIN4-v1,MS02+T1-01-COMPLETED-WORKING-EVIDENCE,,electrical_falling_edge_timing,PT01-COND-0100000NS,93,true,true,,PT01-ART-0335,Both laser destination DB9 connectors physically disconnected
system_recalibration_001,PT-01,system_recalibration_001_PT-01_001,PT01-TC08-0100000NS-A094,,2026-08-17T17:03:06.642774+00:00,2026-08-17T17:03:06.642774+00:00,Christopher_Robertson,PT01-STEP8-FIRE-TO-MIRCAT-PIN4-v1,MS02+T1-01-COMPLETED-WORKING-EVIDENCE,,electrical_falling_edge_timing,PT01-COND-0100000NS,94,true,true,,PT01-ART-0336,Both laser destination DB9 connectors physically disconnected
system_recalibration_001,PT-01,system_recalibration_001_PT-01_001,PT01-TC08-0100000NS-A095,,2026-08-17T17:03:07.052087+00:00,2026-08-17T17:03:07.052087+00:00,Christopher_Robertson,PT01-STEP8-FIRE-TO-MIRCAT-PIN4-v1,MS02+T1-01-COMPLETED-WORKING-EVIDENCE,,electrical_falling_edge_timing,PT01-COND-0100000NS,95,true,true,,PT01-ART-0337,Both laser destination DB9 connectors physically disconnected
system_recalibration_001,PT-01,system_recalibration_001_PT-01_001,PT01-TC08-0100000NS-A096,,2026-08-17T17:03:07.451440+00:00,2026-08-17T17:03:07.451440+00:00,Christopher_Robertson,PT01-STEP8-FIRE-TO-MIRCAT-PIN4-v1,MS02+T1-01-COMPLETED-WORKING-EVIDENCE,,electrical_falling_edge_timing,PT01-COND-0100000NS,96,true,true,,PT01-ART-0338,Both laser destination DB9 connectors physically disconnected
system_recalibration_001,PT-01,system_recalibration_001_PT-01_001,PT01-TC08-0100000NS-A097,,2026-08-17T17:03:07.834419+00:00,2026-08-17T17:03:07.834419+00:00,Christopher_Robertson,PT01-STEP8-FIRE-TO-MIRCAT-PIN4-v1,MS02+T1-01-COMPLETED-WORKING-EVIDENCE,,electrical_falling_edge_timing,PT01-COND-0100000NS,97,true,true,,PT01-ART-0339,Both laser destination DB9 connectors physically disconnected
system_recalibration_001,PT-01,system_recalibration_001_PT-01_001,PT01-TC08-0100000NS-A098,,2026-08-17T17:03:08.260292+00:00,2026-08-17T17:03:08.260292+00:00,Christopher_Robertson,PT01-STEP8-FIRE-TO-MIRCAT-PIN4-v1,MS02+T1-01-COMPLETED-WORKING-EVIDENCE,,electrical_falling_edge_timing,PT01-COND-0100000NS,98,true,true,,PT01-ART-0340,Both laser destination DB9 connectors physically disconnected
system_recalibration_001,PT-01,system_recalibration_001_PT-01_001,PT01-TC08-0100000NS-A099,,2026-08-17T17:03:08.623533+00:00,2026-08-17T17:03:08.623533+00:00,Christopher_Robertson,PT01-STEP8-FIRE-TO-MIRCAT-PIN4-v1,MS02+T1-01-COMPLETED-WORKING-EVIDENCE,,electrical_falling_edge_timing,PT01-COND-0100000NS,99,true,true,,PT01-ART-0341,Both laser destination DB9 connectors physically disconnected
system_recalibration_001,PT-01,system_recalibration_001_PT-01_001,PT01-TC08-0100000NS-A100,,2026-08-17T17:03:09.043251+00:00,2026-08-17T17:03:09.043251+00:00,Christopher_Robertson,PT01-STEP8-FIRE-TO-MIRCAT-PIN4-v1,MS02+T1-01-COMPLETED-WORKING-EVIDENCE,,electrical_falling_edge_timing,PT01-COND-0100000NS,100,true,true,,PT01-ART-0342,Both laser destination DB9 connectors physically disconnected
system_recalibration_001,PT-01,system_recalibration_001_PT-01_001,PT01-TC08-1000000NS-A001,,2026-08-17T17:03:15.558698+00:00,2026-08-17T17:03:15.558698+00:00,Christopher_Robertson,PT01-STEP8-FIRE-TO-MIRCAT-PIN4-v1,MS02+T1-01-COMPLETED-WORKING-EVIDENCE,,electrical_falling_edge_timing,PT01-COND-1000000NS,1,true,true,,PT01-ART-0143,Both laser destination DB9 connectors physically disconnected
system_recalibration_001,PT-01,system_recalibration_001_PT-01_001,PT01-TC08-1000000NS-A002,,2026-08-17T17:03:15.928638+00:00,2026-08-17T17:03:15.928638+00:00,Christopher_Robertson,PT01-STEP8-FIRE-TO-MIRCAT-PIN4-v1,MS02+T1-01-COMPLETED-WORKING-EVIDENCE,,electrical_falling_edge_timing,PT01-COND-1000000NS,2,true,true,,PT01-ART-0144,Both laser destination DB9 connectors physically disconnected
system_recalibration_001,PT-01,system_recalibration_001_PT-01_001,PT01-TC08-1000000NS-A003,,2026-08-17T17:03:16.325165+00:00,2026-08-17T17:03:16.325165+00:00,Christopher_Robertson,PT01-STEP8-FIRE-TO-MIRCAT-PIN4-v1,MS02+T1-01-COMPLETED-WORKING-EVIDENCE,,electrical_falling_edge_timing,PT01-COND-1000000NS,3,true,true,,PT01-ART-0145,Both laser destination DB9 connectors physically disconnected
system_recalibration_001,PT-01,system_recalibration_001_PT-01_001,PT01-TC08-1000000NS-A004,,2026-08-17T17:03:16.729823+00:00,2026-08-17T17:03:16.729823+00:00,Christopher_Robertson,PT01-STEP8-FIRE-TO-MIRCAT-PIN4-v1,MS02+T1-01-COMPLETED-WORKING-EVIDENCE,,electrical_falling_edge_timing,PT01-COND-1000000NS,4,true,true,,PT01-ART-0146,Both laser destination DB9 connectors physically disconnected
system_recalibration_001,PT-01,system_recalibration_001_PT-01_001,PT01-TC08-1000000NS-A005,,2026-08-17T17:03:17.140889+00:00,2026-08-17T17:03:17.140889+00:00,Christopher_Robertson,PT01-STEP8-FIRE-TO-MIRCAT-PIN4-v1,MS02+T1-01-COMPLETED-WORKING-EVIDENCE,,electrical_falling_edge_timing,PT01-COND-1000000NS,5,true,true,,PT01-ART-0147,Both laser destination DB9 connectors physically disconnected
system_recalibration_001,PT-01,system_recalibration_001_PT-01_001,PT01-TC08-1000000NS-A006,,2026-08-17T17:03:17.529473+00:00,2026-08-17T17:03:17.529473+00:00,Christopher_Robertson,PT01-STEP8-FIRE-TO-MIRCAT-PIN4-v1,MS02+T1-01-COMPLETED-WORKING-EVIDENCE,,electrical_falling_edge_timing,PT01-COND-1000000NS,6,true,true,,PT01-ART-0148,Both laser destination DB9 connectors physically disconnected
system_recalibration_001,PT-01,system_recalibration_001_PT-01_001,PT01-TC08-1000000NS-A007,,2026-08-17T17:03:17.940078+00:00,2026-08-17T17:03:17.940078+00:00,Christopher_Robertson,PT01-STEP8-FIRE-TO-MIRCAT-PIN4-v1,MS02+T1-01-COMPLETED-WORKING-EVIDENCE,,electrical_falling_edge_timing,PT01-COND-1000000NS,7,true,true,,PT01-ART-0149,Both laser destination DB9 connectors physically disconnected
system_recalibration_001,PT-01,system_recalibration_001_PT-01_001,PT01-TC08-1000000NS-A008,,2026-08-17T17:03:18.338017+00:00,2026-08-17T17:03:18.338017+00:00,Christopher_Robertson,PT01-STEP8-FIRE-TO-MIRCAT-PIN4-v1,MS02+T1-01-COMPLETED-WORKING-EVIDENCE,,electrical_falling_edge_timing,PT01-COND-1000000NS,8,true,true,,PT01-ART-0150,Both laser destination DB9 connectors physically disconnected
system_recalibration_001,PT-01,system_recalibration_001_PT-01_001,PT01-TC08-1000000NS-A009,,2026-08-17T17:03:18.731260+00:00,2026-08-17T17:03:18.731260+00:00,Christopher_Robertson,PT01-STEP8-FIRE-TO-MIRCAT-PIN4-v1,MS02+T1-01-COMPLETED-WORKING-EVIDENCE,,electrical_falling_edge_timing,PT01-COND-1000000NS,9,true,true,,PT01-ART-0151,Both laser destination DB9 connectors physically disconnected
system_recalibration_001,PT-01,system_recalibration_001_PT-01_001,PT01-TC08-1000000NS-A010,,2026-08-17T17:03:19.135893+00:00,2026-08-17T17:03:19.135893+00:00,Christopher_Robertson,PT01-STEP8-FIRE-TO-MIRCAT-PIN4-v1,MS02+T1-01-COMPLETED-WORKING-EVIDENCE,,electrical_falling_edge_timing,PT01-COND-1000000NS,10,true,true,,PT01-ART-0152,Both laser destination DB9 connectors physically disconnected
system_recalibration_001,PT-01,system_recalibration_001_PT-01_001,PT01-TC08-1000000NS-A011,,2026-08-17T17:03:19.552423+00:00,2026-08-17T17:03:19.552423+00:00,Christopher_Robertson,PT01-STEP8-FIRE-TO-MIRCAT-PIN4-v1,MS02+T1-01-COMPLETED-WORKING-EVIDENCE,,electrical_falling_edge_timing,PT01-COND-1000000NS,11,true,true,,PT01-ART-0153,Both laser destination DB9 connectors physically disconnected
system_recalibration_001,PT-01,system_recalibration_001_PT-01_001,PT01-TC08-1000000NS-A012,,2026-08-17T17:03:19.929090+00:00,2026-08-17T17:03:19.929090+00:00,Christopher_Robertson,PT01-STEP8-FIRE-TO-MIRCAT-PIN4-v1,MS02+T1-01-COMPLETED-WORKING-EVIDENCE,,electrical_falling_edge_timing,PT01-COND-1000000NS,12,true,true,,PT01-ART-0154,Both laser destination DB9 connectors physically disconnected
system_recalibration_001,PT-01,system_recalibration_001_PT-01_001,PT01-TC08-1000000NS-A013,,2026-08-17T17:03:20.348146+00:00,2026-08-17T17:03:20.348146+00:00,Christopher_Robertson,PT01-STEP8-FIRE-TO-MIRCAT-PIN4-v1,MS02+T1-01-COMPLETED-WORKING-EVIDENCE,,electrical_falling_edge_timing,PT01-COND-1000000NS,13,true,true,,PT01-ART-0155,Both laser destination DB9 connectors physically disconnected
system_recalibration_001,PT-01,system_recalibration_001_PT-01_001,PT01-TC08-1000000NS-A014,,2026-08-17T17:03:20.771170+00:00,2026-08-17T17:03:20.771170+00:00,Christopher_Robertson,PT01-STEP8-FIRE-TO-MIRCAT-PIN4-v1,MS02+T1-01-COMPLETED-WORKING-EVIDENCE,,electrical_falling_edge_timing,PT01-COND-1000000NS,14,true,true,,PT01-ART-0156,Both laser destination DB9 connectors physically disconnected
system_recalibration_001,PT-01,system_recalibration_001_PT-01_001,PT01-TC08-1000000NS-A015,,2026-08-17T17:03:21.143733+00:00,2026-08-17T17:03:21.143733+00:00,Christopher_Robertson,PT01-STEP8-FIRE-TO-MIRCAT-PIN4-v1,MS02+T1-01-COMPLETED-WORKING-EVIDENCE,,electrical_falling_edge_timing,PT01-COND-1000000NS,15,true,true,,PT01-ART-0157,Both laser destination DB9 connectors physically disconnected
system_recalibration_001,PT-01,system_recalibration_001_PT-01_001,PT01-TC08-1000000NS-A016,,2026-08-17T17:03:21.540733+00:00,2026-08-17T17:03:21.540733+00:00,Christopher_Robertson,PT01-STEP8-FIRE-TO-MIRCAT-PIN4-v1,MS02+T1-01-COMPLETED-WORKING-EVIDENCE,,electrical_falling_edge_timing,PT01-COND-1000000NS,16,true,true,,PT01-ART-0158,Both laser destination DB9 connectors physically disconnected
system_recalibration_001,PT-01,system_recalibration_001_PT-01_001,PT01-TC08-1000000NS-A017,,2026-08-17T17:03:21.962567+00:00,2026-08-17T17:03:21.962567+00:00,Christopher_Robertson,PT01-STEP8-FIRE-TO-MIRCAT-PIN4-v1,MS02+T1-01-COMPLETED-WORKING-EVIDENCE,,electrical_falling_edge_timing,PT01-COND-1000000NS,17,true,true,,PT01-ART-0159,Both laser destination DB9 connectors physically disconnected
system_recalibration_001,PT-01,system_recalibration_001_PT-01_001,PT01-TC08-1000000NS-A018,,2026-08-17T17:03:22.335700+00:00,2026-08-17T17:03:22.335700+00:00,Christopher_Robertson,PT01-STEP8-FIRE-TO-MIRCAT-PIN4-v1,MS02+T1-01-COMPLETED-WORKING-EVIDENCE,,electrical_falling_edge_timing,PT01-COND-1000000NS,18,true,true,,PT01-ART-0160,Both laser destination DB9 connectors physically disconnected
system_recalibration_001,PT-01,system_recalibration_001_PT-01_001,PT01-TC08-1000000NS-A019,,2026-08-17T17:03:22.745557+00:00,2026-08-17T17:03:22.745557+00:00,Christopher_Robertson,PT01-STEP8-FIRE-TO-MIRCAT-PIN4-v1,MS02+T1-01-COMPLETED-WORKING-EVIDENCE,,electrical_falling_edge_timing,PT01-COND-1000000NS,19,true,true,,PT01-ART-0161,Both laser destination DB9 connectors physically disconnected
system_recalibration_001,PT-01,system_recalibration_001_PT-01_001,PT01-TC08-1000000NS-A020,,2026-08-17T17:03:23.173431+00:00,2026-08-17T17:03:23.173431+00:00,Christopher_Robertson,PT01-STEP8-FIRE-TO-MIRCAT-PIN4-v1,MS02+T1-01-COMPLETED-WORKING-EVIDENCE,,electrical_falling_edge_timing,PT01-COND-1000000NS,20,true,true,,PT01-ART-0162,Both laser destination DB9 connectors physically disconnected
system_recalibration_001,PT-01,system_recalibration_001_PT-01_001,PT01-TC08-1000000NS-A021,,2026-08-17T17:03:23.549546+00:00,2026-08-17T17:03:23.549546+00:00,Christopher_Robertson,PT01-STEP8-FIRE-TO-MIRCAT-PIN4-v1,MS02+T1-01-COMPLETED-WORKING-EVIDENCE,,electrical_falling_edge_timing,PT01-COND-1000000NS,21,true,true,,PT01-ART-0163,Both laser destination DB9 connectors physically disconnected
system_recalibration_001,PT-01,system_recalibration_001_PT-01_001,PT01-TC08-1000000NS-A022,,2026-08-17T17:03:23.945263+00:00,2026-08-17T17:03:23.945263+00:00,Christopher_Robertson,PT01-STEP8-FIRE-TO-MIRCAT-PIN4-v1,MS02+T1-01-COMPLETED-WORKING-EVIDENCE,,electrical_falling_edge_timing,PT01-COND-1000000NS,22,true,true,,PT01-ART-0164,Both laser destination DB9 connectors physically disconnected
system_recalibration_001,PT-01,system_recalibration_001_PT-01_001,PT01-TC08-1000000NS-A023,,2026-08-17T17:03:24.358157+00:00,2026-08-17T17:03:24.358157+00:00,Christopher_Robertson,PT01-STEP8-FIRE-TO-MIRCAT-PIN4-v1,MS02+T1-01-COMPLETED-WORKING-EVIDENCE,,electrical_falling_edge_timing,PT01-COND-1000000NS,23,true,true,,PT01-ART-0165,Both laser destination DB9 connectors physically disconnected
system_recalibration_001,PT-01,system_recalibration_001_PT-01_001,PT01-TC08-1000000NS-A024,,2026-08-17T17:03:24.734444+00:00,2026-08-17T17:03:24.734444+00:00,Christopher_Robertson,PT01-STEP8-FIRE-TO-MIRCAT-PIN4-v1,MS02+T1-01-COMPLETED-WORKING-EVIDENCE,,electrical_falling_edge_timing,PT01-COND-1000000NS,24,true,true,,PT01-ART-0166,Both laser destination DB9 connectors physically disconnected
system_recalibration_001,PT-01,system_recalibration_001_PT-01_001,PT01-TC08-1000000NS-A025,,2026-08-17T17:03:25.150321+00:00,2026-08-17T17:03:25.150321+00:00,Christopher_Robertson,PT01-STEP8-FIRE-TO-MIRCAT-PIN4-v1,MS02+T1-01-COMPLETED-WORKING-EVIDENCE,,electrical_falling_edge_timing,PT01-COND-1000000NS,25,true,true,,PT01-ART-0167,Both laser destination DB9 connectors physically disconnected
system_recalibration_001,PT-01,system_recalibration_001_PT-01_001,PT01-TC08-1000000NS-A026,,2026-08-17T17:03:25.564102+00:00,2026-08-17T17:03:25.564102+00:00,Christopher_Robertson,PT01-STEP8-FIRE-TO-MIRCAT-PIN4-v1,MS02+T1-01-COMPLETED-WORKING-EVIDENCE,,electrical_falling_edge_timing,PT01-COND-1000000NS,26,true,true,,PT01-ART-0168,Both laser destination DB9 connectors physically disconnected
system_recalibration_001,PT-01,system_recalibration_001_PT-01_001,PT01-TC08-1000000NS-A027,,2026-08-17T17:03:25.946182+00:00,2026-08-17T17:03:25.946182+00:00,Christopher_Robertson,PT01-STEP8-FIRE-TO-MIRCAT-PIN4-v1,MS02+T1-01-COMPLETED-WORKING-EVIDENCE,,electrical_falling_edge_timing,PT01-COND-1000000NS,27,true,true,,PT01-ART-0169,Both laser destination DB9 connectors physically disconnected
system_recalibration_001,PT-01,system_recalibration_001_PT-01_001,PT01-TC08-1000000NS-A028,,2026-08-17T17:03:26.351124+00:00,2026-08-17T17:03:26.351124+00:00,Christopher_Robertson,PT01-STEP8-FIRE-TO-MIRCAT-PIN4-v1,MS02+T1-01-COMPLETED-WORKING-EVIDENCE,,electrical_falling_edge_timing,PT01-COND-1000000NS,28,true,true,,PT01-ART-0170,Both laser destination DB9 connectors physically disconnected
system_recalibration_001,PT-01,system_recalibration_001_PT-01_001,PT01-TC08-1000000NS-A029,,2026-08-17T17:03:26.765270+00:00,2026-08-17T17:03:26.765270+00:00,Christopher_Robertson,PT01-STEP8-FIRE-TO-MIRCAT-PIN4-v1,MS02+T1-01-COMPLETED-WORKING-EVIDENCE,,electrical_falling_edge_timing,PT01-COND-1000000NS,29,true,true,,PT01-ART-0171,Both laser destination DB9 connectors physically disconnected
system_recalibration_001,PT-01,system_recalibration_001_PT-01_001,PT01-TC08-1000000NS-A030,,2026-08-17T17:03:27.138912+00:00,2026-08-17T17:03:27.138912+00:00,Christopher_Robertson,PT01-STEP8-FIRE-TO-MIRCAT-PIN4-v1,MS02+T1-01-COMPLETED-WORKING-EVIDENCE,,electrical_falling_edge_timing,PT01-COND-1000000NS,30,true,true,,PT01-ART-0172,Both laser destination DB9 connectors physically disconnected
system_recalibration_001,PT-01,system_recalibration_001_PT-01_001,PT01-TC08-1000000NS-A031,,2026-08-17T17:03:27.549841+00:00,2026-08-17T17:03:27.549841+00:00,Christopher_Robertson,PT01-STEP8-FIRE-TO-MIRCAT-PIN4-v1,MS02+T1-01-COMPLETED-WORKING-EVIDENCE,,electrical_falling_edge_timing,PT01-COND-1000000NS,31,true,true,,PT01-ART-0173,Both laser destination DB9 connectors physically disconnected
system_recalibration_001,PT-01,system_recalibration_001_PT-01_001,PT01-TC08-1000000NS-A032,,2026-08-17T17:03:27.957750+00:00,2026-08-17T17:03:27.957750+00:00,Christopher_Robertson,PT01-STEP8-FIRE-TO-MIRCAT-PIN4-v1,MS02+T1-01-COMPLETED-WORKING-EVIDENCE,,electrical_falling_edge_timing,PT01-COND-1000000NS,32,true,true,,PT01-ART-0174,Both laser destination DB9 connectors physically disconnected
system_recalibration_001,PT-01,system_recalibration_001_PT-01_001,PT01-TC08-1000000NS-A033,,2026-08-17T17:03:28.346916+00:00,2026-08-17T17:03:28.346916+00:00,Christopher_Robertson,PT01-STEP8-FIRE-TO-MIRCAT-PIN4-v1,MS02+T1-01-COMPLETED-WORKING-EVIDENCE,,electrical_falling_edge_timing,PT01-COND-1000000NS,33,true,true,,PT01-ART-0175,Both laser destination DB9 connectors physically disconnected
system_recalibration_001,PT-01,system_recalibration_001_PT-01_001,PT01-TC08-1000000NS-A034,,2026-08-17T17:03:28.774984+00:00,2026-08-17T17:03:28.774984+00:00,Christopher_Robertson,PT01-STEP8-FIRE-TO-MIRCAT-PIN4-v1,MS02+T1-01-COMPLETED-WORKING-EVIDENCE,,electrical_falling_edge_timing,PT01-COND-1000000NS,34,true,true,,PT01-ART-0176,Both laser destination DB9 connectors physically disconnected
system_recalibration_001,PT-01,system_recalibration_001_PT-01_001,PT01-TC08-1000000NS-A035,,2026-08-17T17:03:29.169327+00:00,2026-08-17T17:03:29.169327+00:00,Christopher_Robertson,PT01-STEP8-FIRE-TO-MIRCAT-PIN4-v1,MS02+T1-01-COMPLETED-WORKING-EVIDENCE,,electrical_falling_edge_timing,PT01-COND-1000000NS,35,true,true,,PT01-ART-0177,Both laser destination DB9 connectors physically disconnected
system_recalibration_001,PT-01,system_recalibration_001_PT-01_001,PT01-TC08-1000000NS-A036,,2026-08-17T17:03:29.577858+00:00,2026-08-17T17:03:29.577858+00:00,Christopher_Robertson,PT01-STEP8-FIRE-TO-MIRCAT-PIN4-v1,MS02+T1-01-COMPLETED-WORKING-EVIDENCE,,electrical_falling_edge_timing,PT01-COND-1000000NS,36,true,true,,PT01-ART-0178,Both laser destination DB9 connectors physically disconnected
system_recalibration_001,PT-01,system_recalibration_001_PT-01_001,PT01-TC08-1000000NS-A037,,2026-08-17T17:03:29.963407+00:00,2026-08-17T17:03:29.963407+00:00,Christopher_Robertson,PT01-STEP8-FIRE-TO-MIRCAT-PIN4-v1,MS02+T1-01-COMPLETED-WORKING-EVIDENCE,,electrical_falling_edge_timing,PT01-COND-1000000NS,37,true,true,,PT01-ART-0179,Both laser destination DB9 connectors physically disconnected
system_recalibration_001,PT-01,system_recalibration_001_PT-01_001,PT01-TC08-1000000NS-A038,,2026-08-17T17:03:30.365318+00:00,2026-08-17T17:03:30.365318+00:00,Christopher_Robertson,PT01-STEP8-FIRE-TO-MIRCAT-PIN4-v1,MS02+T1-01-COMPLETED-WORKING-EVIDENCE,,electrical_falling_edge_timing,PT01-COND-1000000NS,38,true,true,,PT01-ART-0180,Both laser destination DB9 connectors physically disconnected
system_recalibration_001,PT-01,system_recalibration_001_PT-01_001,PT01-TC08-1000000NS-A039,,2026-08-17T17:03:30.744742+00:00,2026-08-17T17:03:30.744742+00:00,Christopher_Robertson,PT01-STEP8-FIRE-TO-MIRCAT-PIN4-v1,MS02+T1-01-COMPLETED-WORKING-EVIDENCE,,electrical_falling_edge_timing,PT01-COND-1000000NS,39,true,true,,PT01-ART-0181,Both laser destination DB9 connectors physically disconnected
system_recalibration_001,PT-01,system_recalibration_001_PT-01_001,PT01-TC08-1000000NS-A040,,2026-08-17T17:03:31.153562+00:00,2026-08-17T17:03:31.153562+00:00,Christopher_Robertson,PT01-STEP8-FIRE-TO-MIRCAT-PIN4-v1,MS02+T1-01-COMPLETED-WORKING-EVIDENCE,,electrical_falling_edge_timing,PT01-COND-1000000NS,40,true,true,,PT01-ART-0182,Both laser destination DB9 connectors physically disconnected
system_recalibration_001,PT-01,system_recalibration_001_PT-01_001,PT01-TC08-1000000NS-A041,,2026-08-17T17:03:31.576118+00:00,2026-08-17T17:03:31.576118+00:00,Christopher_Robertson,PT01-STEP8-FIRE-TO-MIRCAT-PIN4-v1,MS02+T1-01-COMPLETED-WORKING-EVIDENCE,,electrical_falling_edge_timing,PT01-COND-1000000NS,41,true,true,,PT01-ART-0183,Both laser destination DB9 connectors physically disconnected
system_recalibration_001,PT-01,system_recalibration_001_PT-01_001,PT01-TC08-1000000NS-A042,,2026-08-17T17:03:31.941248+00:00,2026-08-17T17:03:31.941248+00:00,Christopher_Robertson,PT01-STEP8-FIRE-TO-MIRCAT-PIN4-v1,MS02+T1-01-COMPLETED-WORKING-EVIDENCE,,electrical_falling_edge_timing,PT01-COND-1000000NS,42,true,true,,PT01-ART-0184,Both laser destination DB9 connectors physically disconnected
system_recalibration_001,PT-01,system_recalibration_001_PT-01_001,PT01-TC08-1000000NS-A043,,2026-08-17T17:03:32.361242+00:00,2026-08-17T17:03:32.361242+00:00,Christopher_Robertson,PT01-STEP8-FIRE-TO-MIRCAT-PIN4-v1,MS02+T1-01-COMPLETED-WORKING-EVIDENCE,,electrical_falling_edge_timing,PT01-COND-1000000NS,43,true,true,,PT01-ART-0185,Both laser destination DB9 connectors physically disconnected
system_recalibration_001,PT-01,system_recalibration_001_PT-01_001,PT01-TC08-1000000NS-A044,,2026-08-17T17:03:32.777640+00:00,2026-08-17T17:03:32.777640+00:00,Christopher_Robertson,PT01-STEP8-FIRE-TO-MIRCAT-PIN4-v1,MS02+T1-01-COMPLETED-WORKING-EVIDENCE,,electrical_falling_edge_timing,PT01-COND-1000000NS,44,true,true,,PT01-ART-0186,Both laser destination DB9 connectors physically disconnected
system_recalibration_001,PT-01,system_recalibration_001_PT-01_001,PT01-TC08-1000000NS-A045,,2026-08-17T17:03:33.144767+00:00,2026-08-17T17:03:33.144767+00:00,Christopher_Robertson,PT01-STEP8-FIRE-TO-MIRCAT-PIN4-v1,MS02+T1-01-COMPLETED-WORKING-EVIDENCE,,electrical_falling_edge_timing,PT01-COND-1000000NS,45,true,true,,PT01-ART-0187,Both laser destination DB9 connectors physically disconnected
system_recalibration_001,PT-01,system_recalibration_001_PT-01_001,PT01-TC08-1000000NS-A046,,2026-08-17T17:03:33.556334+00:00,2026-08-17T17:03:33.556334+00:00,Christopher_Robertson,PT01-STEP8-FIRE-TO-MIRCAT-PIN4-v1,MS02+T1-01-COMPLETED-WORKING-EVIDENCE,,electrical_falling_edge_timing,PT01-COND-1000000NS,46,true,true,,PT01-ART-0188,Both laser destination DB9 connectors physically disconnected
system_recalibration_001,PT-01,system_recalibration_001_PT-01_001,PT01-TC08-1000000NS-A047,,2026-08-17T17:03:33.988593+00:00,2026-08-17T17:03:33.988593+00:00,Christopher_Robertson,PT01-STEP8-FIRE-TO-MIRCAT-PIN4-v1,MS02+T1-01-COMPLETED-WORKING-EVIDENCE,,electrical_falling_edge_timing,PT01-COND-1000000NS,47,true,true,,PT01-ART-0189,Both laser destination DB9 connectors physically disconnected
system_recalibration_001,PT-01,system_recalibration_001_PT-01_001,PT01-TC08-1000000NS-A048,,2026-08-17T17:03:34.359073+00:00,2026-08-17T17:03:34.359073+00:00,Christopher_Robertson,PT01-STEP8-FIRE-TO-MIRCAT-PIN4-v1,MS02+T1-01-COMPLETED-WORKING-EVIDENCE,,electrical_falling_edge_timing,PT01-COND-1000000NS,48,true,true,,PT01-ART-0190,Both laser destination DB9 connectors physically disconnected
system_recalibration_001,PT-01,system_recalibration_001_PT-01_001,PT01-TC08-1000000NS-A049,,2026-08-17T17:03:34.756267+00:00,2026-08-17T17:03:34.756267+00:00,Christopher_Robertson,PT01-STEP8-FIRE-TO-MIRCAT-PIN4-v1,MS02+T1-01-COMPLETED-WORKING-EVIDENCE,,electrical_falling_edge_timing,PT01-COND-1000000NS,49,true,true,,PT01-ART-0191,Both laser destination DB9 connectors physically disconnected
system_recalibration_001,PT-01,system_recalibration_001_PT-01_001,PT01-TC08-1000000NS-A050,,2026-08-17T17:03:35.181889+00:00,2026-08-17T17:03:35.181889+00:00,Christopher_Robertson,PT01-STEP8-FIRE-TO-MIRCAT-PIN4-v1,MS02+T1-01-COMPLETED-WORKING-EVIDENCE,,electrical_falling_edge_timing,PT01-COND-1000000NS,50,true,true,,PT01-ART-0192,Both laser destination DB9 connectors physically disconnected
system_recalibration_001,PT-01,system_recalibration_001_PT-01_001,PT01-TC08-1000000NS-A051,,2026-08-17T17:03:35.549444+00:00,2026-08-17T17:03:35.549444+00:00,Christopher_Robertson,PT01-STEP8-FIRE-TO-MIRCAT-PIN4-v1,MS02+T1-01-COMPLETED-WORKING-EVIDENCE,,electrical_falling_edge_timing,PT01-COND-1000000NS,51,true,true,,PT01-ART-0193,Both laser destination DB9 connectors physically disconnected
system_recalibration_001,PT-01,system_recalibration_001_PT-01_001,PT01-TC08-1000000NS-A052,,2026-08-17T17:03:35.958024+00:00,2026-08-17T17:03:35.958024+00:00,Christopher_Robertson,PT01-STEP8-FIRE-TO-MIRCAT-PIN4-v1,MS02+T1-01-COMPLETED-WORKING-EVIDENCE,,electrical_falling_edge_timing,PT01-COND-1000000NS,52,true,true,,PT01-ART-0194,Both laser destination DB9 connectors physically disconnected
system_recalibration_001,PT-01,system_recalibration_001_PT-01_001,PT01-TC08-1000000NS-A053,,2026-08-17T17:03:36.373838+00:00,2026-08-17T17:03:36.373838+00:00,Christopher_Robertson,PT01-STEP8-FIRE-TO-MIRCAT-PIN4-v1,MS02+T1-01-COMPLETED-WORKING-EVIDENCE,,electrical_falling_edge_timing,PT01-COND-1000000NS,53,true,true,,PT01-ART-0195,Both laser destination DB9 connectors physically disconnected
system_recalibration_001,PT-01,system_recalibration_001_PT-01_001,PT01-TC08-1000000NS-A054,,2026-08-17T17:03:36.751294+00:00,2026-08-17T17:03:36.751294+00:00,Christopher_Robertson,PT01-STEP8-FIRE-TO-MIRCAT-PIN4-v1,MS02+T1-01-COMPLETED-WORKING-EVIDENCE,,electrical_falling_edge_timing,PT01-COND-1000000NS,54,true,true,,PT01-ART-0196,Both laser destination DB9 connectors physically disconnected
system_recalibration_001,PT-01,system_recalibration_001_PT-01_001,PT01-TC08-1000000NS-A055,,2026-08-17T17:03:37.158725+00:00,2026-08-17T17:03:37.158725+00:00,Christopher_Robertson,PT01-STEP8-FIRE-TO-MIRCAT-PIN4-v1,MS02+T1-01-COMPLETED-WORKING-EVIDENCE,,electrical_falling_edge_timing,PT01-COND-1000000NS,55,true,true,,PT01-ART-0197,Both laser destination DB9 connectors physically disconnected
system_recalibration_001,PT-01,system_recalibration_001_PT-01_001,PT01-TC08-1000000NS-A056,,2026-08-17T17:03:37.605950+00:00,2026-08-17T17:03:37.605950+00:00,Christopher_Robertson,PT01-STEP8-FIRE-TO-MIRCAT-PIN4-v1,MS02+T1-01-COMPLETED-WORKING-EVIDENCE,,electrical_falling_edge_timing,PT01-COND-1000000NS,56,true,true,,PT01-ART-0198,Both laser destination DB9 connectors physically disconnected
system_recalibration_001,PT-01,system_recalibration_001_PT-01_001,PT01-TC08-1000000NS-A057,,2026-08-17T17:03:38.087515+00:00,2026-08-17T17:03:38.087515+00:00,Christopher_Robertson,PT01-STEP8-FIRE-TO-MIRCAT-PIN4-v1,MS02+T1-01-COMPLETED-WORKING-EVIDENCE,,electrical_falling_edge_timing,PT01-COND-1000000NS,57,true,true,,PT01-ART-0199,Both laser destination DB9 connectors physically disconnected
system_recalibration_001,PT-01,system_recalibration_001_PT-01_001,PT01-TC08-1000000NS-A058,,2026-08-17T17:03:38.483598+00:00,2026-08-17T17:03:38.483598+00:00,Christopher_Robertson,PT01-STEP8-FIRE-TO-MIRCAT-PIN4-v1,MS02+T1-01-COMPLETED-WORKING-EVIDENCE,,electrical_falling_edge_timing,PT01-COND-1000000NS,58,true,true,,PT01-ART-0200,Both laser destination DB9 connectors physically disconnected
system_recalibration_001,PT-01,system_recalibration_001_PT-01_001,PT01-TC08-1000000NS-A059,,2026-08-17T17:03:38.887592+00:00,2026-08-17T17:03:38.887592+00:00,Christopher_Robertson,PT01-STEP8-FIRE-TO-MIRCAT-PIN4-v1,MS02+T1-01-COMPLETED-WORKING-EVIDENCE,,electrical_falling_edge_timing,PT01-COND-1000000NS,59,true,true,,PT01-ART-0201,Both laser destination DB9 connectors physically disconnected
system_recalibration_001,PT-01,system_recalibration_001_PT-01_001,PT01-TC08-1000000NS-A060,,2026-08-17T17:03:39.305410+00:00,2026-08-17T17:03:39.305410+00:00,Christopher_Robertson,PT01-STEP8-FIRE-TO-MIRCAT-PIN4-v1,MS02+T1-01-COMPLETED-WORKING-EVIDENCE,,electrical_falling_edge_timing,PT01-COND-1000000NS,60,true,true,,PT01-ART-0202,Both laser destination DB9 connectors physically disconnected
system_recalibration_001,PT-01,system_recalibration_001_PT-01_001,PT01-TC08-1000000NS-A061,,2026-08-17T17:03:39.793670+00:00,2026-08-17T17:03:39.793670+00:00,Christopher_Robertson,PT01-STEP8-FIRE-TO-MIRCAT-PIN4-v1,MS02+T1-01-COMPLETED-WORKING-EVIDENCE,,electrical_falling_edge_timing,PT01-COND-1000000NS,61,true,true,,PT01-ART-0203,Both laser destination DB9 connectors physically disconnected
system_recalibration_001,PT-01,system_recalibration_001_PT-01_001,PT01-TC08-1000000NS-A062,,2026-08-17T17:03:40.188792+00:00,2026-08-17T17:03:40.188792+00:00,Christopher_Robertson,PT01-STEP8-FIRE-TO-MIRCAT-PIN4-v1,MS02+T1-01-COMPLETED-WORKING-EVIDENCE,,electrical_falling_edge_timing,PT01-COND-1000000NS,62,true,true,,PT01-ART-0204,Both laser destination DB9 connectors physically disconnected
system_recalibration_001,PT-01,system_recalibration_001_PT-01_001,PT01-TC08-1000000NS-A063,,2026-08-17T17:03:40.582702+00:00,2026-08-17T17:03:40.582702+00:00,Christopher_Robertson,PT01-STEP8-FIRE-TO-MIRCAT-PIN4-v1,MS02+T1-01-COMPLETED-WORKING-EVIDENCE,,electrical_falling_edge_timing,PT01-COND-1000000NS,63,true,true,,PT01-ART-0205,Both laser destination DB9 connectors physically disconnected
system_recalibration_001,PT-01,system_recalibration_001_PT-01_001,PT01-TC08-1000000NS-A064,,2026-08-17T17:03:40.982863+00:00,2026-08-17T17:03:40.982863+00:00,Christopher_Robertson,PT01-STEP8-FIRE-TO-MIRCAT-PIN4-v1,MS02+T1-01-COMPLETED-WORKING-EVIDENCE,,electrical_falling_edge_timing,PT01-COND-1000000NS,64,true,true,,PT01-ART-0206,Both laser destination DB9 connectors physically disconnected
system_recalibration_001,PT-01,system_recalibration_001_PT-01_001,PT01-TC08-1000000NS-A065,,2026-08-17T17:03:41.368934+00:00,2026-08-17T17:03:41.368934+00:00,Christopher_Robertson,PT01-STEP8-FIRE-TO-MIRCAT-PIN4-v1,MS02+T1-01-COMPLETED-WORKING-EVIDENCE,,electrical_falling_edge_timing,PT01-COND-1000000NS,65,true,true,,PT01-ART-0207,Both laser destination DB9 connectors physically disconnected
system_recalibration_001,PT-01,system_recalibration_001_PT-01_001,PT01-TC08-1000000NS-A066,,2026-08-17T17:03:41.773659+00:00,2026-08-17T17:03:41.773659+00:00,Christopher_Robertson,PT01-STEP8-FIRE-TO-MIRCAT-PIN4-v1,MS02+T1-01-COMPLETED-WORKING-EVIDENCE,,electrical_falling_edge_timing,PT01-COND-1000000NS,66,true,true,,PT01-ART-0208,Both laser destination DB9 connectors physically disconnected
system_recalibration_001,PT-01,system_recalibration_001_PT-01_001,PT01-TC08-1000000NS-A067,,2026-08-17T17:03:42.179786+00:00,2026-08-17T17:03:42.179786+00:00,Christopher_Robertson,PT01-STEP8-FIRE-TO-MIRCAT-PIN4-v1,MS02+T1-01-COMPLETED-WORKING-EVIDENCE,,electrical_falling_edge_timing,PT01-COND-1000000NS,67,true,true,,PT01-ART-0209,Both laser destination DB9 connectors physically disconnected
system_recalibration_001,PT-01,system_recalibration_001_PT-01_001,PT01-TC08-1000000NS-A068,,2026-08-17T17:03:42.557828+00:00,2026-08-17T17:03:42.557828+00:00,Christopher_Robertson,PT01-STEP8-FIRE-TO-MIRCAT-PIN4-v1,MS02+T1-01-COMPLETED-WORKING-EVIDENCE,,electrical_falling_edge_timing,PT01-COND-1000000NS,68,true,true,,PT01-ART-0210,Both laser destination DB9 connectors physically disconnected
system_recalibration_001,PT-01,system_recalibration_001_PT-01_001,PT01-TC08-1000000NS-A069,,2026-08-17T17:03:42.961637+00:00,2026-08-17T17:03:42.961637+00:00,Christopher_Robertson,PT01-STEP8-FIRE-TO-MIRCAT-PIN4-v1,MS02+T1-01-COMPLETED-WORKING-EVIDENCE,,electrical_falling_edge_timing,PT01-COND-1000000NS,69,true,true,,PT01-ART-0211,Both laser destination DB9 connectors physically disconnected
system_recalibration_001,PT-01,system_recalibration_001_PT-01_001,PT01-TC08-1000000NS-A070,,2026-08-17T17:03:43.386413+00:00,2026-08-17T17:03:43.386413+00:00,Christopher_Robertson,PT01-STEP8-FIRE-TO-MIRCAT-PIN4-v1,MS02+T1-01-COMPLETED-WORKING-EVIDENCE,,electrical_falling_edge_timing,PT01-COND-1000000NS,70,true,true,,PT01-ART-0212,Both laser destination DB9 connectors physically disconnected
system_recalibration_001,PT-01,system_recalibration_001_PT-01_001,PT01-TC08-1000000NS-A071,,2026-08-17T17:03:43.774539+00:00,2026-08-17T17:03:43.774539+00:00,Christopher_Robertson,PT01-STEP8-FIRE-TO-MIRCAT-PIN4-v1,MS02+T1-01-COMPLETED-WORKING-EVIDENCE,,electrical_falling_edge_timing,PT01-COND-1000000NS,71,true,true,,PT01-ART-0213,Both laser destination DB9 connectors physically disconnected
system_recalibration_001,PT-01,system_recalibration_001_PT-01_001,PT01-TC08-1000000NS-A072,,2026-08-17T17:03:44.180082+00:00,2026-08-17T17:03:44.180082+00:00,Christopher_Robertson,PT01-STEP8-FIRE-TO-MIRCAT-PIN4-v1,MS02+T1-01-COMPLETED-WORKING-EVIDENCE,,electrical_falling_edge_timing,PT01-COND-1000000NS,72,true,true,,PT01-ART-0214,Both laser destination DB9 connectors physically disconnected
system_recalibration_001,PT-01,system_recalibration_001_PT-01_001,PT01-TC08-1000000NS-A073,,2026-08-17T17:03:44.599818+00:00,2026-08-17T17:03:44.599818+00:00,Christopher_Robertson,PT01-STEP8-FIRE-TO-MIRCAT-PIN4-v1,MS02+T1-01-COMPLETED-WORKING-EVIDENCE,,electrical_falling_edge_timing,PT01-COND-1000000NS,73,true,true,,PT01-ART-0215,Both laser destination DB9 connectors physically disconnected
system_recalibration_001,PT-01,system_recalibration_001_PT-01_001,PT01-TC08-1000000NS-A074,,2026-08-17T17:03:44.955896+00:00,2026-08-17T17:03:44.955896+00:00,Christopher_Robertson,PT01-STEP8-FIRE-TO-MIRCAT-PIN4-v1,MS02+T1-01-COMPLETED-WORKING-EVIDENCE,,electrical_falling_edge_timing,PT01-COND-1000000NS,74,true,true,,PT01-ART-0216,Both laser destination DB9 connectors physically disconnected
system_recalibration_001,PT-01,system_recalibration_001_PT-01_001,PT01-TC08-1000000NS-A075,,2026-08-17T17:03:45.374001+00:00,2026-08-17T17:03:45.374001+00:00,Christopher_Robertson,PT01-STEP8-FIRE-TO-MIRCAT-PIN4-v1,MS02+T1-01-COMPLETED-WORKING-EVIDENCE,,electrical_falling_edge_timing,PT01-COND-1000000NS,75,true,true,,PT01-ART-0217,Both laser destination DB9 connectors physically disconnected
system_recalibration_001,PT-01,system_recalibration_001_PT-01_001,PT01-TC08-1000000NS-A076,,2026-08-17T17:03:45.788973+00:00,2026-08-17T17:03:45.788973+00:00,Christopher_Robertson,PT01-STEP8-FIRE-TO-MIRCAT-PIN4-v1,MS02+T1-01-COMPLETED-WORKING-EVIDENCE,,electrical_falling_edge_timing,PT01-COND-1000000NS,76,true,true,,PT01-ART-0218,Both laser destination DB9 connectors physically disconnected
system_recalibration_001,PT-01,system_recalibration_001_PT-01_001,PT01-TC08-1000000NS-A077,,2026-08-17T17:03:46.167691+00:00,2026-08-17T17:03:46.167691+00:00,Christopher_Robertson,PT01-STEP8-FIRE-TO-MIRCAT-PIN4-v1,MS02+T1-01-COMPLETED-WORKING-EVIDENCE,,electrical_falling_edge_timing,PT01-COND-1000000NS,77,true,true,,PT01-ART-0219,Both laser destination DB9 connectors physically disconnected
system_recalibration_001,PT-01,system_recalibration_001_PT-01_001,PT01-TC08-1000000NS-A078,,2026-08-17T17:03:46.593617+00:00,2026-08-17T17:03:46.593617+00:00,Christopher_Robertson,PT01-STEP8-FIRE-TO-MIRCAT-PIN4-v1,MS02+T1-01-COMPLETED-WORKING-EVIDENCE,,electrical_falling_edge_timing,PT01-COND-1000000NS,78,true,true,,PT01-ART-0220,Both laser destination DB9 connectors physically disconnected
system_recalibration_001,PT-01,system_recalibration_001_PT-01_001,PT01-TC08-1000000NS-A079,,2026-08-17T17:03:46.985815+00:00,2026-08-17T17:03:46.985815+00:00,Christopher_Robertson,PT01-STEP8-FIRE-TO-MIRCAT-PIN4-v1,MS02+T1-01-COMPLETED-WORKING-EVIDENCE,,electrical_falling_edge_timing,PT01-COND-1000000NS,79,true,true,,PT01-ART-0221,Both laser destination DB9 connectors physically disconnected
system_recalibration_001,PT-01,system_recalibration_001_PT-01_001,PT01-TC08-1000000NS-A080,,2026-08-17T17:03:47.365033+00:00,2026-08-17T17:03:47.365033+00:00,Christopher_Robertson,PT01-STEP8-FIRE-TO-MIRCAT-PIN4-v1,MS02+T1-01-COMPLETED-WORKING-EVIDENCE,,electrical_falling_edge_timing,PT01-COND-1000000NS,80,true,true,,PT01-ART-0222,Both laser destination DB9 connectors physically disconnected
system_recalibration_001,PT-01,system_recalibration_001_PT-01_001,PT01-TC08-1000000NS-A081,,2026-08-17T17:03:47.771487+00:00,2026-08-17T17:03:47.771487+00:00,Christopher_Robertson,PT01-STEP8-FIRE-TO-MIRCAT-PIN4-v1,MS02+T1-01-COMPLETED-WORKING-EVIDENCE,,electrical_falling_edge_timing,PT01-COND-1000000NS,81,true,true,,PT01-ART-0223,Both laser destination DB9 connectors physically disconnected
system_recalibration_001,PT-01,system_recalibration_001_PT-01_001,PT01-TC08-1000000NS-A082,,2026-08-17T17:03:48.193916+00:00,2026-08-17T17:03:48.193916+00:00,Christopher_Robertson,PT01-STEP8-FIRE-TO-MIRCAT-PIN4-v1,MS02+T1-01-COMPLETED-WORKING-EVIDENCE,,electrical_falling_edge_timing,PT01-COND-1000000NS,82,true,true,,PT01-ART-0224,Both laser destination DB9 connectors physically disconnected
system_recalibration_001,PT-01,system_recalibration_001_PT-01_001,PT01-TC08-1000000NS-A083,,2026-08-17T17:03:48.560663+00:00,2026-08-17T17:03:48.560663+00:00,Christopher_Robertson,PT01-STEP8-FIRE-TO-MIRCAT-PIN4-v1,MS02+T1-01-COMPLETED-WORKING-EVIDENCE,,electrical_falling_edge_timing,PT01-COND-1000000NS,83,true,true,,PT01-ART-0225,Both laser destination DB9 connectors physically disconnected
system_recalibration_001,PT-01,system_recalibration_001_PT-01_001,PT01-TC08-1000000NS-A084,,2026-08-17T17:03:48.988243+00:00,2026-08-17T17:03:48.988243+00:00,Christopher_Robertson,PT01-STEP8-FIRE-TO-MIRCAT-PIN4-v1,MS02+T1-01-COMPLETED-WORKING-EVIDENCE,,electrical_falling_edge_timing,PT01-COND-1000000NS,84,true,true,,PT01-ART-0226,Both laser destination DB9 connectors physically disconnected
system_recalibration_001,PT-01,system_recalibration_001_PT-01_001,PT01-TC08-1000000NS-A085,,2026-08-17T17:03:49.443892+00:00,2026-08-17T17:03:49.443892+00:00,Christopher_Robertson,PT01-STEP8-FIRE-TO-MIRCAT-PIN4-v1,MS02+T1-01-COMPLETED-WORKING-EVIDENCE,,electrical_falling_edge_timing,PT01-COND-1000000NS,85,true,true,,PT01-ART-0227,Both laser destination DB9 connectors physically disconnected
system_recalibration_001,PT-01,system_recalibration_001_PT-01_001,PT01-TC08-1000000NS-A086,,2026-08-17T17:03:49.903892+00:00,2026-08-17T17:03:49.903892+00:00,Christopher_Robertson,PT01-STEP8-FIRE-TO-MIRCAT-PIN4-v1,MS02+T1-01-COMPLETED-WORKING-EVIDENCE,,electrical_falling_edge_timing,PT01-COND-1000000NS,86,true,true,,PT01-ART-0228,Both laser destination DB9 connectors physically disconnected
system_recalibration_001,PT-01,system_recalibration_001_PT-01_001,PT01-TC08-1000000NS-A087,,2026-08-17T17:03:50.297045+00:00,2026-08-17T17:03:50.297045+00:00,Christopher_Robertson,PT01-STEP8-FIRE-TO-MIRCAT-PIN4-v1,MS02+T1-01-COMPLETED-WORKING-EVIDENCE,,electrical_falling_edge_timing,PT01-COND-1000000NS,87,true,true,,PT01-ART-0229,Both laser destination DB9 connectors physically disconnected
system_recalibration_001,PT-01,system_recalibration_001_PT-01_001,PT01-TC08-1000000NS-A088,,2026-08-17T17:03:50.690281+00:00,2026-08-17T17:03:50.690281+00:00,Christopher_Robertson,PT01-STEP8-FIRE-TO-MIRCAT-PIN4-v1,MS02+T1-01-COMPLETED-WORKING-EVIDENCE,,electrical_falling_edge_timing,PT01-COND-1000000NS,88,true,true,,PT01-ART-0230,Both laser destination DB9 connectors physically disconnected
system_recalibration_001,PT-01,system_recalibration_001_PT-01_001,PT01-TC08-1000000NS-A089,,2026-08-17T17:03:51.069662+00:00,2026-08-17T17:03:51.069662+00:00,Christopher_Robertson,PT01-STEP8-FIRE-TO-MIRCAT-PIN4-v1,MS02+T1-01-COMPLETED-WORKING-EVIDENCE,,electrical_falling_edge_timing,PT01-COND-1000000NS,89,true,true,,PT01-ART-0231,Both laser destination DB9 connectors physically disconnected
system_recalibration_001,PT-01,system_recalibration_001_PT-01_001,PT01-TC08-1000000NS-A090,,2026-08-17T17:03:51.480867+00:00,2026-08-17T17:03:51.480867+00:00,Christopher_Robertson,PT01-STEP8-FIRE-TO-MIRCAT-PIN4-v1,MS02+T1-01-COMPLETED-WORKING-EVIDENCE,,electrical_falling_edge_timing,PT01-COND-1000000NS,90,true,true,,PT01-ART-0232,Both laser destination DB9 connectors physically disconnected
system_recalibration_001,PT-01,system_recalibration_001_PT-01_001,PT01-TC08-1000000NS-A091,,2026-08-17T17:03:51.890857+00:00,2026-08-17T17:03:51.890857+00:00,Christopher_Robertson,PT01-STEP8-FIRE-TO-MIRCAT-PIN4-v1,MS02+T1-01-COMPLETED-WORKING-EVIDENCE,,electrical_falling_edge_timing,PT01-COND-1000000NS,91,true,true,,PT01-ART-0233,Both laser destination DB9 connectors physically disconnected
system_recalibration_001,PT-01,system_recalibration_001_PT-01_001,PT01-TC08-1000000NS-A092,,2026-08-17T17:03:52.268497+00:00,2026-08-17T17:03:52.268497+00:00,Christopher_Robertson,PT01-STEP8-FIRE-TO-MIRCAT-PIN4-v1,MS02+T1-01-COMPLETED-WORKING-EVIDENCE,,electrical_falling_edge_timing,PT01-COND-1000000NS,92,true,true,,PT01-ART-0234,Both laser destination DB9 connectors physically disconnected
system_recalibration_001,PT-01,system_recalibration_001_PT-01_001,PT01-TC08-1000000NS-A093,,2026-08-17T17:03:52.697130+00:00,2026-08-17T17:03:52.697130+00:00,Christopher_Robertson,PT01-STEP8-FIRE-TO-MIRCAT-PIN4-v1,MS02+T1-01-COMPLETED-WORKING-EVIDENCE,,electrical_falling_edge_timing,PT01-COND-1000000NS,93,true,true,,PT01-ART-0235,Both laser destination DB9 connectors physically disconnected
system_recalibration_001,PT-01,system_recalibration_001_PT-01_001,PT01-TC08-1000000NS-A094,,2026-08-17T17:03:53.111381+00:00,2026-08-17T17:03:53.111381+00:00,Christopher_Robertson,PT01-STEP8-FIRE-TO-MIRCAT-PIN4-v1,MS02+T1-01-COMPLETED-WORKING-EVIDENCE,,electrical_falling_edge_timing,PT01-COND-1000000NS,94,true,true,,PT01-ART-0236,Both laser destination DB9 connectors physically disconnected
system_recalibration_001,PT-01,system_recalibration_001_PT-01_001,PT01-TC08-1000000NS-A095,,2026-08-17T17:03:53.485358+00:00,2026-08-17T17:03:53.485358+00:00,Christopher_Robertson,PT01-STEP8-FIRE-TO-MIRCAT-PIN4-v1,MS02+T1-01-COMPLETED-WORKING-EVIDENCE,,electrical_falling_edge_timing,PT01-COND-1000000NS,95,true,true,,PT01-ART-0237,Both laser destination DB9 connectors physically disconnected
system_recalibration_001,PT-01,system_recalibration_001_PT-01_001,PT01-TC08-1000000NS-A096,,2026-08-17T17:03:53.885793+00:00,2026-08-17T17:03:53.885793+00:00,Christopher_Robertson,PT01-STEP8-FIRE-TO-MIRCAT-PIN4-v1,MS02+T1-01-COMPLETED-WORKING-EVIDENCE,,electrical_falling_edge_timing,PT01-COND-1000000NS,96,true,true,,PT01-ART-0238,Both laser destination DB9 connectors physically disconnected
system_recalibration_001,PT-01,system_recalibration_001_PT-01_001,PT01-TC08-1000000NS-A097,,2026-08-17T17:03:54.300040+00:00,2026-08-17T17:03:54.300040+00:00,Christopher_Robertson,PT01-STEP8-FIRE-TO-MIRCAT-PIN4-v1,MS02+T1-01-COMPLETED-WORKING-EVIDENCE,,electrical_falling_edge_timing,PT01-COND-1000000NS,97,true,true,,PT01-ART-0239,Both laser destination DB9 connectors physically disconnected
system_recalibration_001,PT-01,system_recalibration_001_PT-01_001,PT01-TC08-1000000NS-A098,,2026-08-17T17:03:54.684824+00:00,2026-08-17T17:03:54.684824+00:00,Christopher_Robertson,PT01-STEP8-FIRE-TO-MIRCAT-PIN4-v1,MS02+T1-01-COMPLETED-WORKING-EVIDENCE,,electrical_falling_edge_timing,PT01-COND-1000000NS,98,true,true,,PT01-ART-0240,Both laser destination DB9 connectors physically disconnected
system_recalibration_001,PT-01,system_recalibration_001_PT-01_001,PT01-TC08-1000000NS-A099,,2026-08-17T17:03:55.103216+00:00,2026-08-17T17:03:55.103216+00:00,Christopher_Robertson,PT01-STEP8-FIRE-TO-MIRCAT-PIN4-v1,MS02+T1-01-COMPLETED-WORKING-EVIDENCE,,electrical_falling_edge_timing,PT01-COND-1000000NS,99,true,true,,PT01-ART-0241,Both laser destination DB9 connectors physically disconnected
system_recalibration_001,PT-01,system_recalibration_001_PT-01_001,PT01-TC08-1000000NS-A100,,2026-08-17T17:03:55.493990+00:00,2026-08-17T17:03:55.493990+00:00,Christopher_Robertson,PT01-STEP8-FIRE-TO-MIRCAT-PIN4-v1,MS02+T1-01-COMPLETED-WORKING-EVIDENCE,,electrical_falling_edge_timing,PT01-COND-1000000NS,100,true,true,,PT01-ART-0242,Both laser destination DB9 connectors physically disconnected
