artifact_id,campaign_id,phase_id,acquisition_id,relative_path,artifact_role,media_type,byte_size,created_utc,modified_utc,producer,source_artifact_ids,immutable,notes
PT01-ART-0001,system_recalibration_001,PT-01,,readbacks/PT-01/__pycache__/run_preflight.cpython-312.pyc,analysis_document,text/plain,5267,2026-08-13T22:30:02.617846+00:00,2026-08-13T22:30:02.617846+00:00,PT-01 phase workflow,,true,No content hash is used as an operational gate
PT01-ART-0002,system_recalibration_001,PT-01,,readbacks/PT-01/acquire_step_8.py,analysis_source,text/plain,811,2026-08-17T16:59:01.557086+00:00,2026-08-17T16:59:05.611449+00:00,PT-01 phase workflow,,true,No content hash is used as an operational gate
PT01-ART-0003,system_recalibration_001,PT-01,,readbacks/PT-01/analyze_pt01.py,analysis_source,text/plain,3508,2026-08-17T17:04:42.455419+00:00,2026-08-17T17:04:42.456423+00:00,PT-01 phase workflow,,true,No content hash is used as an operational gate
PT01-ART-0004,system_recalibration_001,PT-01,,readbacks/PT-01/build_closeout_indexes.py,analysis_source,text/plain,7836,2026-08-17T17:19:10.599355+00:00,2026-08-17T17:19:10.600421+00:00,PT-01 phase workflow,,true,No content hash is used as an operational gate
PT01-ART-0005,system_recalibration_001,PT-01,,readbacks/PT-01/calibration_links.csv,derived_table,text/csv,791,2026-08-17T17:18:10.448750+00:00,2026-08-17T17:18:10.448750+00:00,PT-01 phase workflow,,true,No content hash is used as an operational gate
PT01-ART-0006,system_recalibration_001,PT-01,,readbacks/PT-01/command_log.txt,log,text/plain,371,2026-08-17T17:18:10.451754+00:00,2026-08-17T17:18:10.451754+00:00,PT-01 phase workflow,,true,No content hash is used as an operational gate
PT01-ART-0007,system_recalibration_001,PT-01,,readbacks/PT-01/deviations.md,analysis_document,text/plain,590,2026-08-17T17:18:10.446702+00:00,2026-08-17T17:18:10.448206+00:00,PT-01 phase workflow,,true,No content hash is used as an operational gate
PT01-ART-0008,system_recalibration_001,PT-01,,readbacks/PT-01/exclusions.csv,derived_table,text/csv,950,2026-08-17T17:18:10.449754+00:00,2026-08-17T17:18:10.449754+00:00,PT-01 phase workflow,,true,No content hash is used as an operational gate
PT01-ART-0009,system_recalibration_001,PT-01,,readbacks/PT-01/final_report.md,report,text/plain,2165,2026-08-17T17:18:10.452757+00:00,2026-08-17T17:18:10.452757+00:00,PT-01 phase workflow,,true,No content hash is used as an operational gate
PT01-ART-0010,system_recalibration_001,PT-01,,readbacks/PT-01/final_restoration_command_log.txt,log,text/plain,13397,2026-08-17T17:16:57.670037+00:00,2026-08-17T17:17:03.419507+00:00,PT-01 phase workflow,,true,No content hash is used as an operational gate
PT01-ART-0011,system_recalibration_001,PT-01,,readbacks/PT-01/final_restoration_safe_idle_readback.json,readback,application/json,10858,2026-08-17T17:17:03.669575+00:00,2026-08-17T17:17:03.670575+00:00,PT-01 phase workflow,,true,No content hash is used as an operational gate
PT01-ART-0012,system_recalibration_001,PT-01,,readbacks/PT-01/final_restoration_status.json,readback,application/json,394,2026-08-17T17:16:57.663031+00:00,2026-08-17T17:17:03.671575+00:00,PT-01 phase workflow,,true,No content hash is used as an operational gate
PT01-ART-0013,system_recalibration_001,PT-01,,readbacks/PT-01/initial_preflight_command_log.txt,log,text/plain,13398,2026-08-13T22:29:40.026943+00:00,2026-08-13T22:29:45.734322+00:00,PT-01 phase workflow,,true,No content hash is used as an operational gate
PT01-ART-0014,system_recalibration_001,PT-01,,readbacks/PT-01/initial_preflight_safe_idle_readback.json,readback,application/json,10859,2026-08-13T22:29:45.975385+00:00,2026-08-13T22:29:45.975385+00:00,PT-01 phase workflow,,true,No content hash is used as an operational gate
PT01-ART-0015,system_recalibration_001,PT-01,,readbacks/PT-01/initial_preflight_status.json,readback,application/json,546,2026-08-13T22:29:38.748742+00:00,2026-08-13T22:29:45.977445+00:00,PT-01 phase workflow,,true,No content hash is used as an operational gate
PT01-ART-0016,system_recalibration_001,PT-01,,readbacks/PT-01/phase_manifest.json,readback,application/json,2350,2026-08-17T17:18:10.444702+00:00,2026-08-17T17:21:47.725033+00:00,PT-01 phase workflow,,true,No content hash is used as an operational gate
PT01-ART-0017,system_recalibration_001,PT-01,,readbacks/PT-01/README.md,analysis_document,text/plain,1008,2026-08-13T22:29:35.985627+00:00,2026-08-17T17:19:37.321862+00:00,PT-01 phase workflow,,true,No content hash is used as an operational gate
PT01-ART-0018,system_recalibration_001,PT-01,,readbacks/PT-01/reference_planes.md,analysis_document,text/plain,754,2026-08-17T17:18:10.445702+00:00,2026-08-17T17:18:10.446702+00:00,PT-01 phase workflow,,true,No content hash is used as an operational gate
PT01-ART-0019,system_recalibration_001,PT-01,,readbacks/PT-01/repository_state.txt,log,text/plain,1241,2026-08-17T17:20:15.903597+00:00,2026-08-17T17:20:15.904112+00:00,PT-01 phase workflow,,true,No content hash is used as an operational gate
PT01-ART-0020,system_recalibration_001,PT-01,,readbacks/PT-01/restoration_confirmation.json,readback,application/json,691,2026-08-17T17:18:10.450754+00:00,2026-08-17T17:18:10.450754+00:00,PT-01 phase workflow,,true,No content hash is used as an operational gate
PT01-ART-0021,system_recalibration_001,PT-01,,readbacks/PT-01/run_preflight.py,analysis_source,text/plain,3359,2026-08-13T22:29:35.985627+00:00,2026-08-13T22:29:35.985627+00:00,PT-01 phase workflow,,true,No content hash is used as an operational gate
PT01-ART-0022,system_recalibration_001,PT-01,,readbacks/PT-01/setup_1_fire_to_process_trigger/active_recipe_0ns.json,readback,application/json,10939,2026-08-17T16:59:22.444198+00:00,2026-08-17T16:59:22.445709+00:00,PT-01 phase workflow,,true,No content hash is used as an operational gate
PT01-ART-0023,system_recalibration_001,PT-01,,readbacks/PT-01/setup_1_fire_to_process_trigger/active_recipe_1000000ns.json,readback,application/json,10951,2026-08-17T17:03:15.557698+00:00,2026-08-17T17:03:15.558698+00:00,PT-01 phase workflow,,true,No content hash is used as an operational gate
PT01-ART-0024,system_recalibration_001,PT-01,,readbacks/PT-01/setup_1_fire_to_process_trigger/active_recipe_100000ns.json,readback,application/json,10949,2026-08-17T17:02:28.912110+00:00,2026-08-17T17:02:28.915122+00:00,PT-01 phase workflow,,true,No content hash is used as an operational gate
PT01-ART-0025,system_recalibration_001,PT-01,,readbacks/PT-01/setup_1_fire_to_process_trigger/active_recipe_10000ns.json,readback,application/json,10947,2026-08-17T17:01:42.373062+00:00,2026-08-17T17:01:42.374062+00:00,PT-01 phase workflow,,true,No content hash is used as an operational gate
PT01-ART-0026,system_recalibration_001,PT-01,,readbacks/PT-01/setup_1_fire_to_process_trigger/active_recipe_1000ns.json,readback,application/json,10945,2026-08-17T17:00:55.835823+00:00,2026-08-17T17:00:55.837823+00:00,PT-01 phase workflow,,true,No content hash is used as an operational gate
PT01-ART-0027,system_recalibration_001,PT-01,,readbacks/PT-01/setup_1_fire_to_process_trigger/active_recipe_100ns.json,readback,application/json,10943,2026-08-17T17:00:08.947704+00:00,2026-08-17T17:00:08.948217+00:00,PT-01 phase workflow,,true,No content hash is used as an operational gate
PT01-ART-0028,system_recalibration_001,PT-01,,readbacks/PT-01/setup_1_fire_to_process_trigger/analysis.json,readback,application/json,9302,2026-08-17T17:12:21.960943+00:00,2026-08-17T17:12:21.965560+00:00,PT-01 phase workflow,,true,No content hash is used as an operational gate
PT01-ART-0029,system_recalibration_001,PT-01,,readbacks/PT-01/setup_1_fire_to_process_trigger/analysis_scope_corrected_provisional.json,readback,application/json,7347,2026-08-17T17:12:21.964520+00:00,2026-08-17T17:12:21.965033+00:00,PT-01 phase workflow,,true,No content hash is used as an operational gate
PT01-ART-0030,system_recalibration_001,PT-01,,readbacks/PT-01/setup_1_fire_to_process_trigger/capture_attempts_0ns.csv,derived_table,text/csv,30933,2026-08-17T16:59:23.057197+00:00,2026-08-17T17:00:02.833086+00:00,PT-01 phase workflow,,true,No content hash is used as an operational gate
PT01-ART-0031,system_recalibration_001,PT-01,,readbacks/PT-01/setup_1_fire_to_process_trigger/capture_attempts_1000000ns.csv,derived_table,text/csv,32113,2026-08-17T17:03:15.925256+00:00,2026-08-17T17:03:55.866476+00:00,PT-01 phase workflow,,true,No content hash is used as an operational gate
PT01-ART-0032,system_recalibration_001,PT-01,,readbacks/PT-01/setup_1_fire_to_process_trigger/capture_attempts_100000ns.csv,derived_table,text/csv,31907,2026-08-17T17:02:29.282046+00:00,2026-08-17T17:03:09.451617+00:00,PT-01 phase workflow,,true,No content hash is used as an operational gate
PT01-ART-0033,system_recalibration_001,PT-01,,readbacks/PT-01/setup_1_fire_to_process_trigger/capture_attempts_10000ns.csv,derived_table,text/csv,31606,2026-08-17T17:01:42.829513+00:00,2026-08-17T17:02:22.787258+00:00,PT-01 phase workflow,,true,No content hash is used as an operational gate
PT01-ART-0034,system_recalibration_001,PT-01,,readbacks/PT-01/setup_1_fire_to_process_trigger/capture_attempts_1000ns.csv,derived_table,text/csv,31421,2026-08-17T17:00:56.262895+00:00,2026-08-17T17:01:36.245553+00:00,PT-01 phase workflow,,true,No content hash is used as an operational gate
PT01-ART-0035,system_recalibration_001,PT-01,,readbacks/PT-01/setup_1_fire_to_process_trigger/capture_attempts_100ns.csv,derived_table,text/csv,31209,2026-08-17T17:00:09.412547+00:00,2026-08-17T17:00:49.704163+00:00,PT-01 phase workflow,,true,No content hash is used as an operational gate
PT01-ART-0036,system_recalibration_001,PT-01,,readbacks/PT-01/setup_1_fire_to_process_trigger/command_log.txt,log,text/plain,109246,2026-08-17T16:59:09.142105+00:00,2026-08-17T17:04:01.608504+00:00,PT-01 phase workflow,,true,No content hash is used as an operational gate
PT01-ART-0037,system_recalibration_001,PT-01,,readbacks/PT-01/setup_1_fire_to_process_trigger/picoscope_0ns.json,readback,application/json,973,2026-08-17T16:59:16.330365+00:00,2026-08-17T16:59:16.331364+00:00,PT-01 phase workflow,,true,No content hash is used as an operational gate
PT01-ART-0038,system_recalibration_001,PT-01,,readbacks/PT-01/setup_1_fire_to_process_trigger/picoscope_1000000ns.json,readback,application/json,973,2026-08-17T17:03:09.453693+00:00,2026-08-17T17:03:09.454699+00:00,PT-01 phase workflow,,true,No content hash is used as an operational gate
PT01-ART-0039,system_recalibration_001,PT-01,,readbacks/PT-01/setup_1_fire_to_process_trigger/picoscope_100000ns.json,readback,application/json,973,2026-08-17T17:02:22.789764+00:00,2026-08-17T17:02:22.789764+00:00,PT-01 phase workflow,,true,No content hash is used as an operational gate
PT01-ART-0040,system_recalibration_001,PT-01,,readbacks/PT-01/setup_1_fire_to_process_trigger/picoscope_10000ns.json,readback,application/json,973,2026-08-17T17:01:36.247577+00:00,2026-08-17T17:01:36.248577+00:00,PT-01 phase workflow,,true,No content hash is used as an operational gate
PT01-ART-0041,system_recalibration_001,PT-01,,readbacks/PT-01/setup_1_fire_to_process_trigger/picoscope_1000ns.json,readback,application/json,973,2026-08-17T17:00:49.706161+00:00,2026-08-17T17:00:49.707666+00:00,PT-01 phase workflow,,true,No content hash is used as an operational gate
PT01-ART-0042,system_recalibration_001,PT-01,,readbacks/PT-01/setup_1_fire_to_process_trigger/picoscope_100ns.json,readback,application/json,973,2026-08-17T17:00:02.835752+00:00,2026-08-17T17:00:02.836278+00:00,PT-01 phase workflow,,true,No content hash is used as an operational gate
PT01-ART-0043,system_recalibration_001,PT-01,PT01-TC08-0000000NS-A001,readbacks/PT-01/setup_1_fire_to_process_trigger/raw/0ns/attempt_001.csv,native_raw,text/csv,2377858,2026-08-17T16:59:22.731896+00:00,2026-08-17T16:59:22.794420+00:00,PicoScopeService,,true,No content hash is used as an operational gate
PT01-ART-0044,system_recalibration_001,PT-01,PT01-TC08-0000000NS-A002,readbacks/PT-01/setup_1_fire_to_process_trigger/raw/0ns/attempt_002.csv,native_raw,text/csv,2378221,2026-08-17T16:59:23.140285+00:00,2026-08-17T16:59:23.206009+00:00,PicoScopeService,,true,No content hash is used as an operational gate
PT01-ART-0045,system_recalibration_001,PT-01,PT01-TC08-0000000NS-A003,readbacks/PT-01/setup_1_fire_to_process_trigger/raw/0ns/attempt_003.csv,native_raw,text/csv,2375170,2026-08-17T16:59:23.534172+00:00,2026-08-17T16:59:23.597289+00:00,PicoScopeService,,true,No content hash is used as an operational gate
PT01-ART-0046,system_recalibration_001,PT-01,PT01-TC08-0000000NS-A004,readbacks/PT-01/setup_1_fire_to_process_trigger/raw/0ns/attempt_004.csv,native_raw,text/csv,2376132,2026-08-17T16:59:23.932792+00:00,2026-08-17T16:59:23.997416+00:00,PicoScopeService,,true,No content hash is used as an operational gate
PT01-ART-0047,system_recalibration_001,PT-01,PT01-TC08-0000000NS-A005,readbacks/PT-01/setup_1_fire_to_process_trigger/raw/0ns/attempt_005.csv,native_raw,text/csv,2375379,2026-08-17T16:59:24.340967+00:00,2026-08-17T16:59:24.405939+00:00,PicoScopeService,,true,No content hash is used as an operational gate
PT01-ART-0048,system_recalibration_001,PT-01,PT01-TC08-0000000NS-A006,readbacks/PT-01/setup_1_fire_to_process_trigger/raw/0ns/attempt_006.csv,native_raw,text/csv,2373085,2026-08-17T16:59:24.741468+00:00,2026-08-17T16:59:24.803948+00:00,PicoScopeService,,true,No content hash is used as an operational gate
PT01-ART-0049,system_recalibration_001,PT-01,PT01-TC08-0000000NS-A007,readbacks/PT-01/setup_1_fire_to_process_trigger/raw/0ns/attempt_007.csv,native_raw,text/csv,2373332,2026-08-17T16:59:25.140125+00:00,2026-08-17T16:59:25.205516+00:00,PicoScopeService,,true,No content hash is used as an operational gate
PT01-ART-0050,system_recalibration_001,PT-01,PT01-TC08-0000000NS-A008,readbacks/PT-01/setup_1_fire_to_process_trigger/raw/0ns/attempt_008.csv,native_raw,text/csv,2373929,2026-08-17T16:59:25.540622+00:00,2026-08-17T16:59:25.605148+00:00,PicoScopeService,,true,No content hash is used as an operational gate
PT01-ART-0051,system_recalibration_001,PT-01,PT01-TC08-0000000NS-A009,readbacks/PT-01/setup_1_fire_to_process_trigger/raw/0ns/attempt_009.csv,native_raw,text/csv,2374515,2026-08-17T16:59:25.938826+00:00,2026-08-17T16:59:26.002143+00:00,PicoScopeService,,true,No content hash is used as an operational gate
PT01-ART-0052,system_recalibration_001,PT-01,PT01-TC08-0000000NS-A010,readbacks/PT-01/setup_1_fire_to_process_trigger/raw/0ns/attempt_010.csv,native_raw,text/csv,2372534,2026-08-17T16:59:26.338187+00:00,2026-08-17T16:59:26.401818+00:00,PicoScopeService,,true,No content hash is used as an operational gate
PT01-ART-0053,system_recalibration_001,PT-01,PT01-TC08-0000000NS-A011,readbacks/PT-01/setup_1_fire_to_process_trigger/raw/0ns/attempt_011.csv,native_raw,text/csv,2371938,2026-08-17T16:59:26.737944+00:00,2026-08-17T16:59:26.801025+00:00,PicoScopeService,,true,No content hash is used as an operational gate
PT01-ART-0054,system_recalibration_001,PT-01,PT01-TC08-0000000NS-A012,readbacks/PT-01/setup_1_fire_to_process_trigger/raw/0ns/attempt_012.csv,native_raw,text/csv,2373792,2026-08-17T16:59:27.145972+00:00,2026-08-17T16:59:27.212614+00:00,PicoScopeService,,true,No content hash is used as an operational gate
PT01-ART-0055,system_recalibration_001,PT-01,PT01-TC08-0000000NS-A013,readbacks/PT-01/setup_1_fire_to_process_trigger/raw/0ns/attempt_013.csv,native_raw,text/csv,2371972,2026-08-17T16:59:27.537207+00:00,2026-08-17T16:59:27.601271+00:00,PicoScopeService,,true,No content hash is used as an operational gate
PT01-ART-0056,system_recalibration_001,PT-01,PT01-TC08-0000000NS-A014,readbacks/PT-01/setup_1_fire_to_process_trigger/raw/0ns/attempt_014.csv,native_raw,text/csv,2371464,2026-08-17T16:59:27.945835+00:00,2026-08-17T16:59:28.009998+00:00,PicoScopeService,,true,No content hash is used as an operational gate
PT01-ART-0057,system_recalibration_001,PT-01,PT01-TC08-0000000NS-A015,readbacks/PT-01/setup_1_fire_to_process_trigger/raw/0ns/attempt_015.csv,native_raw,text/csv,2370498,2026-08-17T16:59:28.342585+00:00,2026-08-17T16:59:28.406552+00:00,PicoScopeService,,true,No content hash is used as an operational gate
PT01-ART-0058,system_recalibration_001,PT-01,PT01-TC08-0000000NS-A016,readbacks/PT-01/setup_1_fire_to_process_trigger/raw/0ns/attempt_016.csv,native_raw,text/csv,2371516,2026-08-17T16:59:28.741521+00:00,2026-08-17T16:59:28.804674+00:00,PicoScopeService,,true,No content hash is used as an operational gate
PT01-ART-0059,system_recalibration_001,PT-01,PT01-TC08-0000000NS-A017,readbacks/PT-01/setup_1_fire_to_process_trigger/raw/0ns/attempt_017.csv,native_raw,text/csv,2370239,2026-08-17T16:59:29.140579+00:00,2026-08-17T16:59:29.203646+00:00,PicoScopeService,,true,No content hash is used as an operational gate
PT01-ART-0060,system_recalibration_001,PT-01,PT01-TC08-0000000NS-A018,readbacks/PT-01/setup_1_fire_to_process_trigger/raw/0ns/attempt_018.csv,native_raw,text/csv,2370296,2026-08-17T16:59:29.546215+00:00,2026-08-17T16:59:29.614392+00:00,PicoScopeService,,true,No content hash is used as an operational gate
PT01-ART-0061,system_recalibration_001,PT-01,PT01-TC08-0000000NS-A019,readbacks/PT-01/setup_1_fire_to_process_trigger/raw/0ns/attempt_019.csv,native_raw,text/csv,2368550,2026-08-17T16:59:29.939814+00:00,2026-08-17T16:59:30.004643+00:00,PicoScopeService,,true,No content hash is used as an operational gate
PT01-ART-0062,system_recalibration_001,PT-01,PT01-TC08-0000000NS-A020,readbacks/PT-01/setup_1_fire_to_process_trigger/raw/0ns/attempt_020.csv,native_raw,text/csv,2367291,2026-08-17T16:59:30.342629+00:00,2026-08-17T16:59:30.408188+00:00,PicoScopeService,,true,No content hash is used as an operational gate
PT01-ART-0063,system_recalibration_001,PT-01,PT01-TC08-0000000NS-A021,readbacks/PT-01/setup_1_fire_to_process_trigger/raw/0ns/attempt_021.csv,native_raw,text/csv,2371291,2026-08-17T16:59:30.749927+00:00,2026-08-17T16:59:30.816082+00:00,PicoScopeService,,true,No content hash is used as an operational gate
PT01-ART-0064,system_recalibration_001,PT-01,PT01-TC08-0000000NS-A022,readbacks/PT-01/setup_1_fire_to_process_trigger/raw/0ns/attempt_022.csv,native_raw,text/csv,2368173,2026-08-17T16:59:31.151303+00:00,2026-08-17T16:59:31.214505+00:00,PicoScopeService,,true,No content hash is used as an operational gate
PT01-ART-0065,system_recalibration_001,PT-01,PT01-TC08-0000000NS-A023,readbacks/PT-01/setup_1_fire_to_process_trigger/raw/0ns/attempt_023.csv,native_raw,text/csv,2366546,2026-08-17T16:59:31.551747+00:00,2026-08-17T16:59:31.615877+00:00,PicoScopeService,,true,No content hash is used as an operational gate
PT01-ART-0066,system_recalibration_001,PT-01,PT01-TC08-0000000NS-A024,readbacks/PT-01/setup_1_fire_to_process_trigger/raw/0ns/attempt_024.csv,native_raw,text/csv,2366827,2026-08-17T16:59:31.944181+00:00,2026-08-17T16:59:32.010179+00:00,PicoScopeService,,true,No content hash is used as an operational gate
PT01-ART-0067,system_recalibration_001,PT-01,PT01-TC08-0000000NS-A025,readbacks/PT-01/setup_1_fire_to_process_trigger/raw/0ns/attempt_025.csv,native_raw,text/csv,2364957,2026-08-17T16:59:32.341650+00:00,2026-08-17T16:59:32.406204+00:00,PicoScopeService,,true,No content hash is used as an operational gate
PT01-ART-0068,system_recalibration_001,PT-01,PT01-TC08-0000000NS-A026,readbacks/PT-01/setup_1_fire_to_process_trigger/raw/0ns/attempt_026.csv,native_raw,text/csv,2366363,2026-08-17T16:59:32.746134+00:00,2026-08-17T16:59:32.811402+00:00,PicoScopeService,,true,No content hash is used as an operational gate
PT01-ART-0069,system_recalibration_001,PT-01,PT01-TC08-0000000NS-A027,readbacks/PT-01/setup_1_fire_to_process_trigger/raw/0ns/attempt_027.csv,native_raw,text/csv,2364089,2026-08-17T16:59:33.146126+00:00,2026-08-17T16:59:33.210048+00:00,PicoScopeService,,true,No content hash is used as an operational gate
PT01-ART-0070,system_recalibration_001,PT-01,PT01-TC08-0000000NS-A028,readbacks/PT-01/setup_1_fire_to_process_trigger/raw/0ns/attempt_028.csv,native_raw,text/csv,2362316,2026-08-17T16:59:33.547452+00:00,2026-08-17T16:59:33.611531+00:00,PicoScopeService,,true,No content hash is used as an operational gate
PT01-ART-0071,system_recalibration_001,PT-01,PT01-TC08-0000000NS-A029,readbacks/PT-01/setup_1_fire_to_process_trigger/raw/0ns/attempt_029.csv,native_raw,text/csv,2363504,2026-08-17T16:59:33.948173+00:00,2026-08-17T16:59:34.012272+00:00,PicoScopeService,,true,No content hash is used as an operational gate
PT01-ART-0072,system_recalibration_001,PT-01,PT01-TC08-0000000NS-A030,readbacks/PT-01/setup_1_fire_to_process_trigger/raw/0ns/attempt_030.csv,native_raw,text/csv,2363720,2026-08-17T16:59:34.346361+00:00,2026-08-17T16:59:34.411414+00:00,PicoScopeService,,true,No content hash is used as an operational gate
PT01-ART-0073,system_recalibration_001,PT-01,PT01-TC08-0000000NS-A031,readbacks/PT-01/setup_1_fire_to_process_trigger/raw/0ns/attempt_031.csv,native_raw,text/csv,2362445,2026-08-17T16:59:34.746297+00:00,2026-08-17T16:59:34.811257+00:00,PicoScopeService,,true,No content hash is used as an operational gate
PT01-ART-0074,system_recalibration_001,PT-01,PT01-TC08-0000000NS-A032,readbacks/PT-01/setup_1_fire_to_process_trigger/raw/0ns/attempt_032.csv,native_raw,text/csv,2361186,2026-08-17T16:59:35.147938+00:00,2026-08-17T16:59:35.212249+00:00,PicoScopeService,,true,No content hash is used as an operational gate
PT01-ART-0075,system_recalibration_001,PT-01,PT01-TC08-0000000NS-A033,readbacks/PT-01/setup_1_fire_to_process_trigger/raw/0ns/attempt_033.csv,native_raw,text/csv,2361116,2026-08-17T16:59:35.546280+00:00,2026-08-17T16:59:35.613768+00:00,PicoScopeService,,true,No content hash is used as an operational gate
PT01-ART-0076,system_recalibration_001,PT-01,PT01-TC08-0000000NS-A034,readbacks/PT-01/setup_1_fire_to_process_trigger/raw/0ns/attempt_034.csv,native_raw,text/csv,2360605,2026-08-17T16:59:35.954362+00:00,2026-08-17T16:59:36.017017+00:00,PicoScopeService,,true,No content hash is used as an operational gate
PT01-ART-0077,system_recalibration_001,PT-01,PT01-TC08-0000000NS-A035,readbacks/PT-01/setup_1_fire_to_process_trigger/raw/0ns/attempt_035.csv,native_raw,text/csv,2363179,2026-08-17T16:59:36.349295+00:00,2026-08-17T16:59:36.415091+00:00,PicoScopeService,,true,No content hash is used as an operational gate
PT01-ART-0078,system_recalibration_001,PT-01,PT01-TC08-0000000NS-A036,readbacks/PT-01/setup_1_fire_to_process_trigger/raw/0ns/attempt_036.csv,native_raw,text/csv,2362563,2026-08-17T16:59:36.749285+00:00,2026-08-17T16:59:36.816008+00:00,PicoScopeService,,true,No content hash is used as an operational gate
PT01-ART-0079,system_recalibration_001,PT-01,PT01-TC08-0000000NS-A037,readbacks/PT-01/setup_1_fire_to_process_trigger/raw/0ns/attempt_037.csv,native_raw,text/csv,2360534,2026-08-17T16:59:37.147593+00:00,2026-08-17T16:59:37.212163+00:00,PicoScopeService,,true,No content hash is used as an operational gate
PT01-ART-0080,system_recalibration_001,PT-01,PT01-TC08-0000000NS-A038,readbacks/PT-01/setup_1_fire_to_process_trigger/raw/0ns/attempt_038.csv,native_raw,text/csv,2361534,2026-08-17T16:59:37.555004+00:00,2026-08-17T16:59:37.621276+00:00,PicoScopeService,,true,No content hash is used as an operational gate
PT01-ART-0081,system_recalibration_001,PT-01,PT01-TC08-0000000NS-A039,readbacks/PT-01/setup_1_fire_to_process_trigger/raw/0ns/attempt_039.csv,native_raw,text/csv,2358471,2026-08-17T16:59:37.949471+00:00,2026-08-17T16:59:38.012371+00:00,PicoScopeService,,true,No content hash is used as an operational gate
PT01-ART-0082,system_recalibration_001,PT-01,PT01-TC08-0000000NS-A040,readbacks/PT-01/setup_1_fire_to_process_trigger/raw/0ns/attempt_040.csv,native_raw,text/csv,2361148,2026-08-17T16:59:38.355125+00:00,2026-08-17T16:59:38.420655+00:00,PicoScopeService,,true,No content hash is used as an operational gate
PT01-ART-0083,system_recalibration_001,PT-01,PT01-TC08-0000000NS-A041,readbacks/PT-01/setup_1_fire_to_process_trigger/raw/0ns/attempt_041.csv,native_raw,text/csv,2359133,2026-08-17T16:59:38.757481+00:00,2026-08-17T16:59:38.822660+00:00,PicoScopeService,,true,No content hash is used as an operational gate
PT01-ART-0084,system_recalibration_001,PT-01,PT01-TC08-0000000NS-A042,readbacks/PT-01/setup_1_fire_to_process_trigger/raw/0ns/attempt_042.csv,native_raw,text/csv,2358358,2026-08-17T16:59:39.151056+00:00,2026-08-17T16:59:39.219433+00:00,PicoScopeService,,true,No content hash is used as an operational gate
PT01-ART-0085,system_recalibration_001,PT-01,PT01-TC08-0000000NS-A043,readbacks/PT-01/setup_1_fire_to_process_trigger/raw/0ns/attempt_043.csv,native_raw,text/csv,2358676,2026-08-17T16:59:39.558287+00:00,2026-08-17T16:59:39.621794+00:00,PicoScopeService,,true,No content hash is used as an operational gate
PT01-ART-0086,system_recalibration_001,PT-01,PT01-TC08-0000000NS-A044,readbacks/PT-01/setup_1_fire_to_process_trigger/raw/0ns/attempt_044.csv,native_raw,text/csv,2357111,2026-08-17T16:59:39.954407+00:00,2026-08-17T16:59:40.023021+00:00,PicoScopeService,,true,No content hash is used as an operational gate
PT01-ART-0087,system_recalibration_001,PT-01,PT01-TC08-0000000NS-A045,readbacks/PT-01/setup_1_fire_to_process_trigger/raw/0ns/attempt_045.csv,native_raw,text/csv,2354632,2026-08-17T16:59:40.361303+00:00,2026-08-17T16:59:40.427414+00:00,PicoScopeService,,true,No content hash is used as an operational gate
PT01-ART-0088,system_recalibration_001,PT-01,PT01-TC08-0000000NS-A046,readbacks/PT-01/setup_1_fire_to_process_trigger/raw/0ns/attempt_046.csv,native_raw,text/csv,2358687,2026-08-17T16:59:40.758438+00:00,2026-08-17T16:59:40.824543+00:00,PicoScopeService,,true,No content hash is used as an operational gate
PT01-ART-0089,system_recalibration_001,PT-01,PT01-TC08-0000000NS-A047,readbacks/PT-01/setup_1_fire_to_process_trigger/raw/0ns/attempt_047.csv,native_raw,text/csv,2355980,2026-08-17T16:59:41.162735+00:00,2026-08-17T16:59:41.227954+00:00,PicoScopeService,,true,No content hash is used as an operational gate
PT01-ART-0090,system_recalibration_001,PT-01,PT01-TC08-0000000NS-A048,readbacks/PT-01/setup_1_fire_to_process_trigger/raw/0ns/attempt_048.csv,native_raw,text/csv,2354750,2026-08-17T16:59:41.561832+00:00,2026-08-17T16:59:41.631116+00:00,PicoScopeService,,true,No content hash is used as an operational gate
PT01-ART-0091,system_recalibration_001,PT-01,PT01-TC08-0000000NS-A049,readbacks/PT-01/setup_1_fire_to_process_trigger/raw/0ns/attempt_049.csv,native_raw,text/csv,2355233,2026-08-17T16:59:41.962081+00:00,2026-08-17T16:59:42.026743+00:00,PicoScopeService,,true,No content hash is used as an operational gate
PT01-ART-0092,system_recalibration_001,PT-01,PT01-TC08-0000000NS-A050,readbacks/PT-01/setup_1_fire_to_process_trigger/raw/0ns/attempt_050.csv,native_raw,text/csv,2353025,2026-08-17T16:59:42.361973+00:00,2026-08-17T16:59:42.429523+00:00,PicoScopeService,,true,No content hash is used as an operational gate
PT01-ART-0093,system_recalibration_001,PT-01,PT01-TC08-0000000NS-A051,readbacks/PT-01/setup_1_fire_to_process_trigger/raw/0ns/attempt_051.csv,native_raw,text/csv,2351718,2026-08-17T16:59:42.759048+00:00,2026-08-17T16:59:42.822965+00:00,PicoScopeService,,true,No content hash is used as an operational gate
PT01-ART-0094,system_recalibration_001,PT-01,PT01-TC08-0000000NS-A052,readbacks/PT-01/setup_1_fire_to_process_trigger/raw/0ns/attempt_052.csv,native_raw,text/csv,2352802,2026-08-17T16:59:43.163620+00:00,2026-08-17T16:59:43.228895+00:00,PicoScopeService,,true,No content hash is used as an operational gate
PT01-ART-0095,system_recalibration_001,PT-01,PT01-TC08-0000000NS-A053,readbacks/PT-01/setup_1_fire_to_process_trigger/raw/0ns/attempt_053.csv,native_raw,text/csv,2353967,2026-08-17T16:59:43.562604+00:00,2026-08-17T16:59:43.628184+00:00,PicoScopeService,,true,No content hash is used as an operational gate
PT01-ART-0096,system_recalibration_001,PT-01,PT01-TC08-0000000NS-A054,readbacks/PT-01/setup_1_fire_to_process_trigger/raw/0ns/attempt_054.csv,native_raw,text/csv,2351375,2026-08-17T16:59:43.965092+00:00,2026-08-17T16:59:44.029105+00:00,PicoScopeService,,true,No content hash is used as an operational gate
PT01-ART-0097,system_recalibration_001,PT-01,PT01-TC08-0000000NS-A055,readbacks/PT-01/setup_1_fire_to_process_trigger/raw/0ns/attempt_055.csv,native_raw,text/csv,2351265,2026-08-17T16:59:44.362387+00:00,2026-08-17T16:59:44.427737+00:00,PicoScopeService,,true,No content hash is used as an operational gate
PT01-ART-0098,system_recalibration_001,PT-01,PT01-TC08-0000000NS-A056,readbacks/PT-01/setup_1_fire_to_process_trigger/raw/0ns/attempt_056.csv,native_raw,text/csv,2349492,2026-08-17T16:59:44.760661+00:00,2026-08-17T16:59:44.826535+00:00,PicoScopeService,,true,No content hash is used as an operational gate
PT01-ART-0099,system_recalibration_001,PT-01,PT01-TC08-0000000NS-A057,readbacks/PT-01/setup_1_fire_to_process_trigger/raw/0ns/attempt_057.csv,native_raw,text/csv,2348902,2026-08-17T16:59:45.168111+00:00,2026-08-17T16:59:45.235180+00:00,PicoScopeService,,true,No content hash is used as an operational gate
PT01-ART-0100,system_recalibration_001,PT-01,PT01-TC08-0000000NS-A058,readbacks/PT-01/setup_1_fire_to_process_trigger/raw/0ns/attempt_058.csv,native_raw,text/csv,2349523,2026-08-17T16:59:45.565391+00:00,2026-08-17T16:59:45.629645+00:00,PicoScopeService,,true,No content hash is used as an operational gate
PT01-ART-0101,system_recalibration_001,PT-01,PT01-TC08-0000000NS-A059,readbacks/PT-01/setup_1_fire_to_process_trigger/raw/0ns/attempt_059.csv,native_raw,text/csv,2348019,2026-08-17T16:59:45.960071+00:00,2026-08-17T16:59:46.022771+00:00,PicoScopeService,,true,No content hash is used as an operational gate
PT01-ART-0102,system_recalibration_001,PT-01,PT01-TC08-0000000NS-A060,readbacks/PT-01/setup_1_fire_to_process_trigger/raw/0ns/attempt_060.csv,native_raw,text/csv,2351691,2026-08-17T16:59:46.365403+00:00,2026-08-17T16:59:46.429948+00:00,PicoScopeService,,true,No content hash is used as an operational gate
PT01-ART-0103,system_recalibration_001,PT-01,PT01-TC08-0000000NS-A061,readbacks/PT-01/setup_1_fire_to_process_trigger/raw/0ns/attempt_061.csv,native_raw,text/csv,2348588,2026-08-17T16:59:46.764878+00:00,2026-08-17T16:59:46.829806+00:00,PicoScopeService,,true,No content hash is used as an operational gate
PT01-ART-0104,system_recalibration_001,PT-01,PT01-TC08-0000000NS-A062,readbacks/PT-01/setup_1_fire_to_process_trigger/raw/0ns/attempt_062.csv,native_raw,text/csv,2347020,2026-08-17T16:59:47.168726+00:00,2026-08-17T16:59:47.234041+00:00,PicoScopeService,,true,No content hash is used as an operational gate
PT01-ART-0105,system_recalibration_001,PT-01,PT01-TC08-0000000NS-A063,readbacks/PT-01/setup_1_fire_to_process_trigger/raw/0ns/attempt_063.csv,native_raw,text/csv,2346227,2026-08-17T16:59:47.566266+00:00,2026-08-17T16:59:47.630829+00:00,PicoScopeService,,true,No content hash is used as an operational gate
PT01-ART-0106,system_recalibration_001,PT-01,PT01-TC08-0000000NS-A064,readbacks/PT-01/setup_1_fire_to_process_trigger/raw/0ns/attempt_064.csv,native_raw,text/csv,2347264,2026-08-17T16:59:47.966700+00:00,2026-08-17T16:59:48.033286+00:00,PicoScopeService,,true,No content hash is used as an operational gate
PT01-ART-0107,system_recalibration_001,PT-01,PT01-TC08-0000000NS-A065,readbacks/PT-01/setup_1_fire_to_process_trigger/raw/0ns/attempt_065.csv,native_raw,text/csv,2345783,2026-08-17T16:59:48.362566+00:00,2026-08-17T16:59:48.430133+00:00,PicoScopeService,,true,No content hash is used as an operational gate
PT01-ART-0108,system_recalibration_001,PT-01,PT01-TC08-0000000NS-A066,readbacks/PT-01/setup_1_fire_to_process_trigger/raw/0ns/attempt_066.csv,native_raw,text/csv,2347383,2026-08-17T16:59:48.762074+00:00,2026-08-17T16:59:48.832055+00:00,PicoScopeService,,true,No content hash is used as an operational gate
PT01-ART-0109,system_recalibration_001,PT-01,PT01-TC08-0000000NS-A067,readbacks/PT-01/setup_1_fire_to_process_trigger/raw/0ns/attempt_067.csv,native_raw,text/csv,2343417,2026-08-17T16:59:49.165523+00:00,2026-08-17T16:59:49.235437+00:00,PicoScopeService,,true,No content hash is used as an operational gate
PT01-ART-0110,system_recalibration_001,PT-01,PT01-TC08-0000000NS-A068,readbacks/PT-01/setup_1_fire_to_process_trigger/raw/0ns/attempt_068.csv,native_raw,text/csv,2344894,2026-08-17T16:59:49.569966+00:00,2026-08-17T16:59:49.638366+00:00,PicoScopeService,,true,No content hash is used as an operational gate
PT01-ART-0111,system_recalibration_001,PT-01,PT01-TC08-0000000NS-A069,readbacks/PT-01/setup_1_fire_to_process_trigger/raw/0ns/attempt_069.csv,native_raw,text/csv,2346892,2026-08-17T16:59:49.963325+00:00,2026-08-17T16:59:50.029962+00:00,PicoScopeService,,true,No content hash is used as an operational gate
PT01-ART-0112,system_recalibration_001,PT-01,PT01-TC08-0000000NS-A070,readbacks/PT-01/setup_1_fire_to_process_trigger/raw/0ns/attempt_070.csv,native_raw,text/csv,2346969,2026-08-17T16:59:50.365474+00:00,2026-08-17T16:59:50.433741+00:00,PicoScopeService,,true,No content hash is used as an operational gate
PT01-ART-0113,system_recalibration_001,PT-01,PT01-TC08-0000000NS-A071,readbacks/PT-01/setup_1_fire_to_process_trigger/raw/0ns/attempt_071.csv,native_raw,text/csv,2342732,2026-08-17T16:59:50.766747+00:00,2026-08-17T16:59:50.837617+00:00,PicoScopeService,,true,No content hash is used as an operational gate
PT01-ART-0114,system_recalibration_001,PT-01,PT01-TC08-0000000NS-A072,readbacks/PT-01/setup_1_fire_to_process_trigger/raw/0ns/attempt_072.csv,native_raw,text/csv,2340690,2026-08-17T16:59:51.172021+00:00,2026-08-17T16:59:51.235619+00:00,PicoScopeService,,true,No content hash is used as an operational gate
PT01-ART-0115,system_recalibration_001,PT-01,PT01-TC08-0000000NS-A073,readbacks/PT-01/setup_1_fire_to_process_trigger/raw/0ns/attempt_073.csv,native_raw,text/csv,2342702,2026-08-17T16:59:51.565143+00:00,2026-08-17T16:59:51.635616+00:00,PicoScopeService,,true,No content hash is used as an operational gate
PT01-ART-0116,system_recalibration_001,PT-01,PT01-TC08-0000000NS-A074,readbacks/PT-01/setup_1_fire_to_process_trigger/raw/0ns/attempt_074.csv,native_raw,text/csv,2340908,2026-08-17T16:59:51.970869+00:00,2026-08-17T16:59:52.034908+00:00,PicoScopeService,,true,No content hash is used as an operational gate
PT01-ART-0117,system_recalibration_001,PT-01,PT01-TC08-0000000NS-A075,readbacks/PT-01/setup_1_fire_to_process_trigger/raw/0ns/attempt_075.csv,native_raw,text/csv,2339177,2026-08-17T16:59:52.368949+00:00,2026-08-17T16:59:52.433927+00:00,PicoScopeService,,true,No content hash is used as an operational gate
PT01-ART-0118,system_recalibration_001,PT-01,PT01-TC08-0000000NS-A076,readbacks/PT-01/setup_1_fire_to_process_trigger/raw/0ns/attempt_076.csv,native_raw,text/csv,2340202,2026-08-17T16:59:52.767838+00:00,2026-08-17T16:59:52.837557+00:00,PicoScopeService,,true,No content hash is used as an operational gate
PT01-ART-0119,system_recalibration_001,PT-01,PT01-TC08-0000000NS-A077,readbacks/PT-01/setup_1_fire_to_process_trigger/raw/0ns/attempt_077.csv,native_raw,text/csv,2338017,2026-08-17T16:59:53.169891+00:00,2026-08-17T16:59:53.237977+00:00,PicoScopeService,,true,No content hash is used as an operational gate
PT01-ART-0120,system_recalibration_001,PT-01,PT01-TC08-0000000NS-A078,readbacks/PT-01/setup_1_fire_to_process_trigger/raw/0ns/attempt_078.csv,native_raw,text/csv,2341444,2026-08-17T16:59:53.566805+00:00,2026-08-17T16:59:53.635602+00:00,PicoScopeService,,true,No content hash is used as an operational gate
PT01-ART-0121,system_recalibration_001,PT-01,PT01-TC08-0000000NS-A079,readbacks/PT-01/setup_1_fire_to_process_trigger/raw/0ns/attempt_079.csv,native_raw,text/csv,2336826,2026-08-17T16:59:53.967685+00:00,2026-08-17T16:59:54.040143+00:00,PicoScopeService,,true,No content hash is used as an operational gate
PT01-ART-0122,system_recalibration_001,PT-01,PT01-TC08-0000000NS-A080,readbacks/PT-01/setup_1_fire_to_process_trigger/raw/0ns/attempt_080.csv,native_raw,text/csv,2338971,2026-08-17T16:59:54.373893+00:00,2026-08-17T16:59:54.445762+00:00,PicoScopeService,,true,No content hash is used as an operational gate
PT01-ART-0123,system_recalibration_001,PT-01,PT01-TC08-0000000NS-A081,readbacks/PT-01/setup_1_fire_to_process_trigger/raw/0ns/attempt_081.csv,native_raw,text/csv,2338950,2026-08-17T16:59:54.771151+00:00,2026-08-17T16:59:54.839080+00:00,PicoScopeService,,true,No content hash is used as an operational gate
PT01-ART-0124,system_recalibration_001,PT-01,PT01-TC08-0000000NS-A082,readbacks/PT-01/setup_1_fire_to_process_trigger/raw/0ns/attempt_082.csv,native_raw,text/csv,2338087,2026-08-17T16:59:55.177905+00:00,2026-08-17T16:59:55.246607+00:00,PicoScopeService,,true,No content hash is used as an operational gate
PT01-ART-0125,system_recalibration_001,PT-01,PT01-TC08-0000000NS-A083,readbacks/PT-01/setup_1_fire_to_process_trigger/raw/0ns/attempt_083.csv,native_raw,text/csv,2341073,2026-08-17T16:59:55.576855+00:00,2026-08-17T16:59:55.647576+00:00,PicoScopeService,,true,No content hash is used as an operational gate
PT01-ART-0126,system_recalibration_001,PT-01,PT01-TC08-0000000NS-A084,readbacks/PT-01/setup_1_fire_to_process_trigger/raw/0ns/attempt_084.csv,native_raw,text/csv,2341344,2026-08-17T16:59:55.969966+00:00,2026-08-17T16:59:56.041420+00:00,PicoScopeService,,true,No content hash is used as an operational gate
PT01-ART-0127,system_recalibration_001,PT-01,PT01-TC08-0000000NS-A085,readbacks/PT-01/setup_1_fire_to_process_trigger/raw/0ns/attempt_085.csv,native_raw,text/csv,2340887,2026-08-17T16:59:56.373327+00:00,2026-08-17T16:59:56.442627+00:00,PicoScopeService,,true,No content hash is used as an operational gate
PT01-ART-0128,system_recalibration_001,PT-01,PT01-TC08-0000000NS-A086,readbacks/PT-01/setup_1_fire_to_process_trigger/raw/0ns/attempt_086.csv,native_raw,text/csv,2340667,2026-08-17T16:59:56.774431+00:00,2026-08-17T16:59:56.841578+00:00,PicoScopeService,,true,No content hash is used as an operational gate
PT01-ART-0129,system_recalibration_001,PT-01,PT01-TC08-0000000NS-A087,readbacks/PT-01/setup_1_fire_to_process_trigger/raw/0ns/attempt_087.csv,native_raw,text/csv,2339960,2026-08-17T16:59:57.171389+00:00,2026-08-17T16:59:57.235302+00:00,PicoScopeService,,true,No content hash is used as an operational gate
PT01-ART-0130,system_recalibration_001,PT-01,PT01-TC08-0000000NS-A088,readbacks/PT-01/setup_1_fire_to_process_trigger/raw/0ns/attempt_088.csv,native_raw,text/csv,2339784,2026-08-17T16:59:57.581662+00:00,2026-08-17T16:59:57.652251+00:00,PicoScopeService,,true,No content hash is used as an operational gate
PT01-ART-0131,system_recalibration_001,PT-01,PT01-TC08-0000000NS-A089,readbacks/PT-01/setup_1_fire_to_process_trigger/raw/0ns/attempt_089.csv,native_raw,text/csv,2337018,2026-08-17T16:59:57.972335+00:00,2026-08-17T16:59:58.036587+00:00,PicoScopeService,,true,No content hash is used as an operational gate
PT01-ART-0132,system_recalibration_001,PT-01,PT01-TC08-0000000NS-A090,readbacks/PT-01/setup_1_fire_to_process_trigger/raw/0ns/attempt_090.csv,native_raw,text/csv,2338967,2026-08-17T16:59:58.379539+00:00,2026-08-17T16:59:58.447105+00:00,PicoScopeService,,true,No content hash is used as an operational gate
PT01-ART-0133,system_recalibration_001,PT-01,PT01-TC08-0000000NS-A091,readbacks/PT-01/setup_1_fire_to_process_trigger/raw/0ns/attempt_091.csv,native_raw,text/csv,2338593,2026-08-17T16:59:58.776366+00:00,2026-08-17T16:59:58.845711+00:00,PicoScopeService,,true,No content hash is used as an operational gate
PT01-ART-0134,system_recalibration_001,PT-01,PT01-TC08-0000000NS-A092,readbacks/PT-01/setup_1_fire_to_process_trigger/raw/0ns/attempt_092.csv,native_raw,text/csv,2337951,2026-08-17T16:59:59.175724+00:00,2026-08-17T16:59:59.245221+00:00,PicoScopeService,,true,No content hash is used as an operational gate
PT01-ART-0135,system_recalibration_001,PT-01,PT01-TC08-0000000NS-A093,readbacks/PT-01/setup_1_fire_to_process_trigger/raw/0ns/attempt_093.csv,native_raw,text/csv,2339802,2026-08-17T16:59:59.582905+00:00,2026-08-17T16:59:59.651221+00:00,PicoScopeService,,true,No content hash is used as an operational gate
PT01-ART-0136,system_recalibration_001,PT-01,PT01-TC08-0000000NS-A094,readbacks/PT-01/setup_1_fire_to_process_trigger/raw/0ns/attempt_094.csv,native_raw,text/csv,2339702,2026-08-17T16:59:59.984802+00:00,2026-08-17T17:00:00.053979+00:00,PicoScopeService,,true,No content hash is used as an operational gate
PT01-ART-0137,system_recalibration_001,PT-01,PT01-TC08-0000000NS-A095,readbacks/PT-01/setup_1_fire_to_process_trigger/raw/0ns/attempt_095.csv,native_raw,text/csv,2337834,2026-08-17T17:00:00.479097+00:00,2026-08-17T17:00:00.540819+00:00,PicoScopeService,,true,No content hash is used as an operational gate
PT01-ART-0138,system_recalibration_001,PT-01,PT01-TC08-0000000NS-A096,readbacks/PT-01/setup_1_fire_to_process_trigger/raw/0ns/attempt_096.csv,native_raw,text/csv,2338804,2026-08-17T17:00:00.877433+00:00,2026-08-17T17:00:00.947989+00:00,PicoScopeService,,true,No content hash is used as an operational gate
PT01-ART-0139,system_recalibration_001,PT-01,PT01-TC08-0000000NS-A097,readbacks/PT-01/setup_1_fire_to_process_trigger/raw/0ns/attempt_097.csv,native_raw,text/csv,2333793,2026-08-17T17:00:01.280656+00:00,2026-08-17T17:00:01.349310+00:00,PicoScopeService,,true,No content hash is used as an operational gate
PT01-ART-0140,system_recalibration_001,PT-01,PT01-TC08-0000000NS-A098,readbacks/PT-01/setup_1_fire_to_process_trigger/raw/0ns/attempt_098.csv,native_raw,text/csv,2333942,2026-08-17T17:00:01.686622+00:00,2026-08-17T17:00:01.751258+00:00,PicoScopeService,,true,No content hash is used as an operational gate
PT01-ART-0141,system_recalibration_001,PT-01,PT01-TC08-0000000NS-A099,readbacks/PT-01/setup_1_fire_to_process_trigger/raw/0ns/attempt_099.csv,native_raw,text/csv,2330789,2026-08-17T17:00:02.081694+00:00,2026-08-17T17:00:02.152919+00:00,PicoScopeService,,true,No content hash is used as an operational gate
PT01-ART-0142,system_recalibration_001,PT-01,PT01-TC08-0000000NS-A100,readbacks/PT-01/setup_1_fire_to_process_trigger/raw/0ns/attempt_100.csv,native_raw,text/csv,2334154,2026-08-17T17:00:02.479082+00:00,2026-08-17T17:00:02.546894+00:00,PicoScopeService,,true,No content hash is used as an operational gate
PT01-ART-0143,system_recalibration_001,PT-01,PT01-TC08-1000000NS-A001,readbacks/PT-01/setup_1_fire_to_process_trigger/raw/1000000ns/attempt_001.csv,native_raw,text/csv,2246000,2026-08-17T17:03:15.608859+00:00,2026-08-17T17:03:15.672405+00:00,PicoScopeService,,true,No content hash is used as an operational gate
PT01-ART-0144,system_recalibration_001,PT-01,PT01-TC08-1000000NS-A002,readbacks/PT-01/setup_1_fire_to_process_trigger/raw/1000000ns/attempt_002.csv,native_raw,text/csv,2243765,2026-08-17T17:03:16.010155+00:00,2026-08-17T17:03:16.073251+00:00,PicoScopeService,,true,No content hash is used as an operational gate
PT01-ART-0145,system_recalibration_001,PT-01,PT01-TC08-1000000NS-A003,readbacks/PT-01/setup_1_fire_to_process_trigger/raw/1000000ns/attempt_003.csv,native_raw,text/csv,2247253,2026-08-17T17:03:16.404916+00:00,2026-08-17T17:03:16.469098+00:00,PicoScopeService,,true,No content hash is used as an operational gate
PT01-ART-0146,system_recalibration_001,PT-01,PT01-TC08-1000000NS-A004,readbacks/PT-01/setup_1_fire_to_process_trigger/raw/1000000ns/attempt_004.csv,native_raw,text/csv,2247663,2026-08-17T17:03:16.810092+00:00,2026-08-17T17:03:16.875765+00:00,PicoScopeService,,true,No content hash is used as an operational gate
PT01-ART-0147,system_recalibration_001,PT-01,PT01-TC08-1000000NS-A005,readbacks/PT-01/setup_1_fire_to_process_trigger/raw/1000000ns/attempt_005.csv,native_raw,text/csv,2247949,2026-08-17T17:03:17.210052+00:00,2026-08-17T17:03:17.271734+00:00,PicoScopeService,,true,No content hash is used as an operational gate
PT01-ART-0148,system_recalibration_001,PT-01,PT01-TC08-1000000NS-A006,readbacks/PT-01/setup_1_fire_to_process_trigger/raw/1000000ns/attempt_006.csv,native_raw,text/csv,2237936,2026-08-17T17:03:17.608720+00:00,2026-08-17T17:03:17.673426+00:00,PicoScopeService,,true,No content hash is used as an operational gate
PT01-ART-0149,system_recalibration_001,PT-01,PT01-TC08-1000000NS-A007,readbacks/PT-01/setup_1_fire_to_process_trigger/raw/1000000ns/attempt_007.csv,native_raw,text/csv,2240623,2026-08-17T17:03:18.010783+00:00,2026-08-17T17:03:18.077755+00:00,PicoScopeService,,true,No content hash is used as an operational gate
PT01-ART-0150,system_recalibration_001,PT-01,PT01-TC08-1000000NS-A008,readbacks/PT-01/setup_1_fire_to_process_trigger/raw/1000000ns/attempt_008.csv,native_raw,text/csv,2245369,2026-08-17T17:03:18.408053+00:00,2026-08-17T17:03:18.470978+00:00,PicoScopeService,,true,No content hash is used as an operational gate
PT01-ART-0151,system_recalibration_001,PT-01,PT01-TC08-1000000NS-A009,readbacks/PT-01/setup_1_fire_to_process_trigger/raw/1000000ns/attempt_009.csv,native_raw,text/csv,2239547,2026-08-17T17:03:18.813096+00:00,2026-08-17T17:03:18.875732+00:00,PicoScopeService,,true,No content hash is used as an operational gate
PT01-ART-0152,system_recalibration_001,PT-01,PT01-TC08-1000000NS-A010,readbacks/PT-01/setup_1_fire_to_process_trigger/raw/1000000ns/attempt_010.csv,native_raw,text/csv,2238745,2026-08-17T17:03:19.216175+00:00,2026-08-17T17:03:19.280821+00:00,PicoScopeService,,true,No content hash is used as an operational gate
PT01-ART-0153,system_recalibration_001,PT-01,PT01-TC08-1000000NS-A011,readbacks/PT-01/setup_1_fire_to_process_trigger/raw/1000000ns/attempt_011.csv,native_raw,text/csv,2245910,2026-08-17T17:03:19.613216+00:00,2026-08-17T17:03:19.677806+00:00,PicoScopeService,,true,No content hash is used as an operational gate
PT01-ART-0154,system_recalibration_001,PT-01,PT01-TC08-1000000NS-A012,readbacks/PT-01/setup_1_fire_to_process_trigger/raw/1000000ns/attempt_012.csv,native_raw,text/csv,2246392,2026-08-17T17:03:20.018804+00:00,2026-08-17T17:03:20.081743+00:00,PicoScopeService,,true,No content hash is used as an operational gate
PT01-ART-0155,system_recalibration_001,PT-01,PT01-TC08-1000000NS-A013,readbacks/PT-01/setup_1_fire_to_process_trigger/raw/1000000ns/attempt_013.csv,native_raw,text/csv,2247678,2026-08-17T17:03:20.418147+00:00,2026-08-17T17:03:20.486498+00:00,PicoScopeService,,true,No content hash is used as an operational gate
PT01-ART-0156,system_recalibration_001,PT-01,PT01-TC08-1000000NS-A014,readbacks/PT-01/setup_1_fire_to_process_trigger/raw/1000000ns/attempt_014.csv,native_raw,text/csv,2241178,2026-08-17T17:03:20.820027+00:00,2026-08-17T17:03:20.883319+00:00,PicoScopeService,,true,No content hash is used as an operational gate
PT01-ART-0157,system_recalibration_001,PT-01,PT01-TC08-1000000NS-A015,readbacks/PT-01/setup_1_fire_to_process_trigger/raw/1000000ns/attempt_015.csv,native_raw,text/csv,2246527,2026-08-17T17:03:21.212994+00:00,2026-08-17T17:03:21.275861+00:00,PicoScopeService,,true,No content hash is used as an operational gate
PT01-ART-0158,system_recalibration_001,PT-01,PT01-TC08-1000000NS-A016,readbacks/PT-01/setup_1_fire_to_process_trigger/raw/1000000ns/attempt_016.csv,native_raw,text/csv,2247760,2026-08-17T17:03:21.621077+00:00,2026-08-17T17:03:21.688284+00:00,PicoScopeService,,true,No content hash is used as an operational gate
PT01-ART-0159,system_recalibration_001,PT-01,PT01-TC08-1000000NS-A017,readbacks/PT-01/setup_1_fire_to_process_trigger/raw/1000000ns/attempt_017.csv,native_raw,text/csv,2244447,2026-08-17T17:03:22.011921+00:00,2026-08-17T17:03:22.074571+00:00,PicoScopeService,,true,No content hash is used as an operational gate
PT01-ART-0160,system_recalibration_001,PT-01,PT01-TC08-1000000NS-A018,readbacks/PT-01/setup_1_fire_to_process_trigger/raw/1000000ns/attempt_018.csv,native_raw,text/csv,2240875,2026-08-17T17:03:22.415120+00:00,2026-08-17T17:03:22.478500+00:00,PicoScopeService,,true,No content hash is used as an operational gate
PT01-ART-0161,system_recalibration_001,PT-01,PT01-TC08-1000000NS-A019,readbacks/PT-01/setup_1_fire_to_process_trigger/raw/1000000ns/attempt_019.csv,native_raw,text/csv,2241647,2026-08-17T17:03:22.815610+00:00,2026-08-17T17:03:22.881436+00:00,PicoScopeService,,true,No content hash is used as an operational gate
PT01-ART-0162,system_recalibration_001,PT-01,PT01-TC08-1000000NS-A020,readbacks/PT-01/setup_1_fire_to_process_trigger/raw/1000000ns/attempt_020.csv,native_raw,text/csv,2245704,2026-08-17T17:03:23.223212+00:00,2026-08-17T17:03:23.294620+00:00,PicoScopeService,,true,No content hash is used as an operational gate
PT01-ART-0163,system_recalibration_001,PT-01,PT01-TC08-1000000NS-A021,readbacks/PT-01/setup_1_fire_to_process_trigger/raw/1000000ns/attempt_021.csv,native_raw,text/csv,2244561,2026-08-17T17:03:23.619627+00:00,2026-08-17T17:03:23.683443+00:00,PicoScopeService,,true,No content hash is used as an operational gate
PT01-ART-0164,system_recalibration_001,PT-01,PT01-TC08-1000000NS-A022,readbacks/PT-01/setup_1_fire_to_process_trigger/raw/1000000ns/attempt_022.csv,native_raw,text/csv,2246000,2026-08-17T17:03:24.015251+00:00,2026-08-17T17:03:24.081351+00:00,PicoScopeService,,true,No content hash is used as an operational gate
PT01-ART-0165,system_recalibration_001,PT-01,PT01-TC08-1000000NS-A023,readbacks/PT-01/setup_1_fire_to_process_trigger/raw/1000000ns/attempt_023.csv,native_raw,text/csv,2235877,2026-08-17T17:03:24.417612+00:00,2026-08-17T17:03:24.480259+00:00,PicoScopeService,,true,No content hash is used as an operational gate
PT01-ART-0166,system_recalibration_001,PT-01,PT01-TC08-1000000NS-A024,readbacks/PT-01/setup_1_fire_to_process_trigger/raw/1000000ns/attempt_024.csv,native_raw,text/csv,2236909,2026-08-17T17:03:24.825338+00:00,2026-08-17T17:03:24.887440+00:00,PicoScopeService,,true,No content hash is used as an operational gate
PT01-ART-0167,system_recalibration_001,PT-01,PT01-TC08-1000000NS-A025,readbacks/PT-01/setup_1_fire_to_process_trigger/raw/1000000ns/attempt_025.csv,native_raw,text/csv,2245010,2026-08-17T17:03:25.220295+00:00,2026-08-17T17:03:25.288662+00:00,PicoScopeService,,true,No content hash is used as an operational gate
PT01-ART-0168,system_recalibration_001,PT-01,PT01-TC08-1000000NS-A026,readbacks/PT-01/setup_1_fire_to_process_trigger/raw/1000000ns/attempt_026.csv,native_raw,text/csv,2244757,2026-08-17T17:03:25.623942+00:00,2026-08-17T17:03:25.686571+00:00,PicoScopeService,,true,No content hash is used as an operational gate
PT01-ART-0169,system_recalibration_001,PT-01,PT01-TC08-1000000NS-A027,readbacks/PT-01/setup_1_fire_to_process_trigger/raw/1000000ns/attempt_027.csv,native_raw,text/csv,2236580,2026-08-17T17:03:26.017090+00:00,2026-08-17T17:03:26.080196+00:00,PicoScopeService,,true,No content hash is used as an operational gate
PT01-ART-0170,system_recalibration_001,PT-01,PT01-TC08-1000000NS-A028,readbacks/PT-01/setup_1_fire_to_process_trigger/raw/1000000ns/attempt_028.csv,native_raw,text/csv,2236827,2026-08-17T17:03:26.420196+00:00,2026-08-17T17:03:26.488614+00:00,PicoScopeService,,true,No content hash is used as an operational gate
PT01-ART-0171,system_recalibration_001,PT-01,PT01-TC08-1000000NS-A029,readbacks/PT-01/setup_1_fire_to_process_trigger/raw/1000000ns/attempt_029.csv,native_raw,text/csv,2234131,2026-08-17T17:03:26.825067+00:00,2026-08-17T17:03:26.886381+00:00,PicoScopeService,,true,No content hash is used as an operational gate
PT01-ART-0172,system_recalibration_001,PT-01,PT01-TC08-1000000NS-A030,readbacks/PT-01/setup_1_fire_to_process_trigger/raw/1000000ns/attempt_030.csv,native_raw,text/csv,2235332,2026-08-17T17:03:27.219256+00:00,2026-08-17T17:03:27.282791+00:00,PicoScopeService,,true,No content hash is used as an operational gate
PT01-ART-0173,system_recalibration_001,PT-01,PT01-TC08-1000000NS-A031,readbacks/PT-01/setup_1_fire_to_process_trigger/raw/1000000ns/attempt_031.csv,native_raw,text/csv,2238878,2026-08-17T17:03:27.619867+00:00,2026-08-17T17:03:27.684714+00:00,PicoScopeService,,true,No content hash is used as an operational gate
PT01-ART-0174,system_recalibration_001,PT-01,PT01-TC08-1000000NS-A032,readbacks/PT-01/setup_1_fire_to_process_trigger/raw/1000000ns/attempt_032.csv,native_raw,text/csv,2238186,2026-08-17T17:03:28.026486+00:00,2026-08-17T17:03:28.091555+00:00,PicoScopeService,,true,No content hash is used as an operational gate
PT01-ART-0175,system_recalibration_001,PT-01,PT01-TC08-1000000NS-A033,readbacks/PT-01/setup_1_fire_to_process_trigger/raw/1000000ns/attempt_033.csv,native_raw,text/csv,2238013,2026-08-17T17:03:28.427544+00:00,2026-08-17T17:03:28.498851+00:00,PicoScopeService,,true,No content hash is used as an operational gate
PT01-ART-0176,system_recalibration_001,PT-01,PT01-TC08-1000000NS-A034,readbacks/PT-01/setup_1_fire_to_process_trigger/raw/1000000ns/attempt_034.csv,native_raw,text/csv,2244324,2026-08-17T17:03:28.824681+00:00,2026-08-17T17:03:28.891196+00:00,PicoScopeService,,true,No content hash is used as an operational gate
PT01-ART-0177,system_recalibration_001,PT-01,PT01-TC08-1000000NS-A035,readbacks/PT-01/setup_1_fire_to_process_trigger/raw/1000000ns/attempt_035.csv,native_raw,text/csv,2236262,2026-08-17T17:03:29.228746+00:00,2026-08-17T17:03:29.294859+00:00,PicoScopeService,,true,No content hash is used as an operational gate
PT01-ART-0178,system_recalibration_001,PT-01,PT01-TC08-1000000NS-A036,readbacks/PT-01/setup_1_fire_to_process_trigger/raw/1000000ns/attempt_036.csv,native_raw,text/csv,2235961,2026-08-17T17:03:29.626665+00:00,2026-08-17T17:03:29.692331+00:00,PicoScopeService,,true,No content hash is used as an operational gate
PT01-ART-0179,system_recalibration_001,PT-01,PT01-TC08-1000000NS-A037,readbacks/PT-01/setup_1_fire_to_process_trigger/raw/1000000ns/attempt_037.csv,native_raw,text/csv,2236190,2026-08-17T17:03:30.022104+00:00,2026-08-17T17:03:30.089581+00:00,PicoScopeService,,true,No content hash is used as an operational gate
PT01-ART-0180,system_recalibration_001,PT-01,PT01-TC08-1000000NS-A038,readbacks/PT-01/setup_1_fire_to_process_trigger/raw/1000000ns/attempt_038.csv,native_raw,text/csv,2245309,2026-08-17T17:03:30.425231+00:00,2026-08-17T17:03:30.489536+00:00,PicoScopeService,,true,No content hash is used as an operational gate
PT01-ART-0181,system_recalibration_001,PT-01,PT01-TC08-1000000NS-A039,readbacks/PT-01/setup_1_fire_to_process_trigger/raw/1000000ns/attempt_039.csv,native_raw,text/csv,2244418,2026-08-17T17:03:30.826417+00:00,2026-08-17T17:03:30.892474+00:00,PicoScopeService,,true,No content hash is used as an operational gate
PT01-ART-0182,system_recalibration_001,PT-01,PT01-TC08-1000000NS-A040,readbacks/PT-01/setup_1_fire_to_process_trigger/raw/1000000ns/attempt_040.csv,native_raw,text/csv,2238392,2026-08-17T17:03:31.223210+00:00,2026-08-17T17:03:31.291300+00:00,PicoScopeService,,true,No content hash is used as an operational gate
PT01-ART-0183,system_recalibration_001,PT-01,PT01-TC08-1000000NS-A041,readbacks/PT-01/setup_1_fire_to_process_trigger/raw/1000000ns/attempt_041.csv,native_raw,text/csv,2243002,2026-08-17T17:03:31.624272+00:00,2026-08-17T17:03:31.688657+00:00,PicoScopeService,,true,No content hash is used as an operational gate
PT01-ART-0184,system_recalibration_001,PT-01,PT01-TC08-1000000NS-A042,readbacks/PT-01/setup_1_fire_to_process_trigger/raw/1000000ns/attempt_042.csv,native_raw,text/csv,2238505,2026-08-17T17:03:32.032898+00:00,2026-08-17T17:03:32.095263+00:00,PicoScopeService,,true,No content hash is used as an operational gate
PT01-ART-0185,system_recalibration_001,PT-01,PT01-TC08-1000000NS-A043,readbacks/PT-01/setup_1_fire_to_process_trigger/raw/1000000ns/attempt_043.csv,native_raw,text/csv,2240344,2026-08-17T17:03:32.431325+00:00,2026-08-17T17:03:32.502661+00:00,PicoScopeService,,true,No content hash is used as an operational gate
PT01-ART-0186,system_recalibration_001,PT-01,PT01-TC08-1000000NS-A044,readbacks/PT-01/setup_1_fire_to_process_trigger/raw/1000000ns/attempt_044.csv,native_raw,text/csv,2244609,2026-08-17T17:03:32.827981+00:00,2026-08-17T17:03:32.890780+00:00,PicoScopeService,,true,No content hash is used as an operational gate
PT01-ART-0187,system_recalibration_001,PT-01,PT01-TC08-1000000NS-A045,readbacks/PT-01/setup_1_fire_to_process_trigger/raw/1000000ns/attempt_045.csv,native_raw,text/csv,2238916,2026-08-17T17:03:33.226570+00:00,2026-08-17T17:03:33.291436+00:00,PicoScopeService,,true,No content hash is used as an operational gate
PT01-ART-0188,system_recalibration_001,PT-01,PT01-TC08-1000000NS-A046,readbacks/PT-01/setup_1_fire_to_process_trigger/raw/1000000ns/attempt_046.csv,native_raw,text/csv,2247433,2026-08-17T17:03:33.626864+00:00,2026-08-17T17:03:33.698036+00:00,PicoScopeService,,true,No content hash is used as an operational gate
PT01-ART-0189,system_recalibration_001,PT-01,PT01-TC08-1000000NS-A047,readbacks/PT-01/setup_1_fire_to_process_trigger/raw/1000000ns/attempt_047.csv,native_raw,text/csv,2245885,2026-08-17T17:03:34.027633+00:00,2026-08-17T17:03:34.092616+00:00,PicoScopeService,,true,No content hash is used as an operational gate
PT01-ART-0190,system_recalibration_001,PT-01,PT01-TC08-1000000NS-A048,readbacks/PT-01/setup_1_fire_to_process_trigger/raw/1000000ns/attempt_048.csv,native_raw,text/csv,2235871,2026-08-17T17:03:34.430514+00:00,2026-08-17T17:03:34.494324+00:00,PicoScopeService,,true,No content hash is used as an operational gate
PT01-ART-0191,system_recalibration_001,PT-01,PT01-TC08-1000000NS-A049,readbacks/PT-01/setup_1_fire_to_process_trigger/raw/1000000ns/attempt_049.csv,native_raw,text/csv,2235341,2026-08-17T17:03:34.836292+00:00,2026-08-17T17:03:34.902400+00:00,PicoScopeService,,true,No content hash is used as an operational gate
PT01-ART-0192,system_recalibration_001,PT-01,PT01-TC08-1000000NS-A050,readbacks/PT-01/setup_1_fire_to_process_trigger/raw/1000000ns/attempt_050.csv,native_raw,text/csv,2233786,2026-08-17T17:03:35.231729+00:00,2026-08-17T17:03:35.294968+00:00,PicoScopeService,,true,No content hash is used as an operational gate
PT01-ART-0193,system_recalibration_001,PT-01,PT01-TC08-1000000NS-A051,readbacks/PT-01/setup_1_fire_to_process_trigger/raw/1000000ns/attempt_051.csv,native_raw,text/csv,2238497,2026-08-17T17:03:35.628958+00:00,2026-08-17T17:03:35.691509+00:00,PicoScopeService,,true,No content hash is used as an operational gate
PT01-ART-0194,system_recalibration_001,PT-01,PT01-TC08-1000000NS-A052,readbacks/PT-01/setup_1_fire_to_process_trigger/raw/1000000ns/attempt_052.csv,native_raw,text/csv,2243018,2026-08-17T17:03:36.028497+00:00,2026-08-17T17:03:36.095552+00:00,PicoScopeService,,true,No content hash is used as an operational gate
PT01-ART-0195,system_recalibration_001,PT-01,PT01-TC08-1000000NS-A053,readbacks/PT-01/setup_1_fire_to_process_trigger/raw/1000000ns/attempt_053.csv,native_raw,text/csv,2243109,2026-08-17T17:03:36.432828+00:00,2026-08-17T17:03:36.494837+00:00,PicoScopeService,,true,No content hash is used as an operational gate
PT01-ART-0196,system_recalibration_001,PT-01,PT01-TC08-1000000NS-A054,readbacks/PT-01/setup_1_fire_to_process_trigger/raw/1000000ns/attempt_054.csv,native_raw,text/csv,2234897,2026-08-17T17:03:36.829912+00:00,2026-08-17T17:03:36.894558+00:00,PicoScopeService,,true,No content hash is used as an operational gate
PT01-ART-0197,system_recalibration_001,PT-01,PT01-TC08-1000000NS-A055,readbacks/PT-01/setup_1_fire_to_process_trigger/raw/1000000ns/attempt_055.csv,native_raw,text/csv,2238445,2026-08-17T17:03:37.238793+00:00,2026-08-17T17:03:37.307986+00:00,PicoScopeService,,true,No content hash is used as an operational gate
PT01-ART-0198,system_recalibration_001,PT-01,PT01-TC08-1000000NS-A056,readbacks/PT-01/setup_1_fire_to_process_trigger/raw/1000000ns/attempt_056.csv,native_raw,text/csv,2242099,2026-08-17T17:03:37.738251+00:00,2026-08-17T17:03:37.804761+00:00,PicoScopeService,,true,No content hash is used as an operational gate
PT01-ART-0199,system_recalibration_001,PT-01,PT01-TC08-1000000NS-A057,readbacks/PT-01/setup_1_fire_to_process_trigger/raw/1000000ns/attempt_057.csv,native_raw,text/csv,2239549,2026-08-17T17:03:38.136566+00:00,2026-08-17T17:03:38.205898+00:00,PicoScopeService,,true,No content hash is used as an operational gate
PT01-ART-0200,system_recalibration_001,PT-01,PT01-TC08-1000000NS-A058,readbacks/PT-01/setup_1_fire_to_process_trigger/raw/1000000ns/attempt_058.csv,native_raw,text/csv,2241911,2026-08-17T17:03:38.532190+00:00,2026-08-17T17:03:38.599668+00:00,PicoScopeService,,true,No content hash is used as an operational gate
PT01-ART-0201,system_recalibration_001,PT-01,PT01-TC08-1000000NS-A059,readbacks/PT-01/setup_1_fire_to_process_trigger/raw/1000000ns/attempt_059.csv,native_raw,text/csv,2235983,2026-08-17T17:03:38.936938+00:00,2026-08-17T17:03:39.010796+00:00,PicoScopeService,,true,No content hash is used as an operational gate
PT01-ART-0202,system_recalibration_001,PT-01,PT01-TC08-1000000NS-A060,readbacks/PT-01/setup_1_fire_to_process_trigger/raw/1000000ns/attempt_060.csv,native_raw,text/csv,2236918,2026-08-17T17:03:39.438471+00:00,2026-08-17T17:03:39.504288+00:00,PicoScopeService,,true,No content hash is used as an operational gate
PT01-ART-0203,system_recalibration_001,PT-01,PT01-TC08-1000000NS-A061,readbacks/PT-01/setup_1_fire_to_process_trigger/raw/1000000ns/attempt_061.csv,native_raw,text/csv,2236453,2026-08-17T17:03:39.832840+00:00,2026-08-17T17:03:39.899251+00:00,PicoScopeService,,true,No content hash is used as an operational gate
PT01-ART-0204,system_recalibration_001,PT-01,PT01-TC08-1000000NS-A062,readbacks/PT-01/setup_1_fire_to_process_trigger/raw/1000000ns/attempt_062.csv,native_raw,text/csv,2233827,2026-08-17T17:03:40.237179+00:00,2026-08-17T17:03:40.303379+00:00,PicoScopeService,,true,No content hash is used as an operational gate
PT01-ART-0205,system_recalibration_001,PT-01,PT01-TC08-1000000NS-A063,readbacks/PT-01/setup_1_fire_to_process_trigger/raw/1000000ns/attempt_063.csv,native_raw,text/csv,2239302,2026-08-17T17:03:40.642075+00:00,2026-08-17T17:03:40.710228+00:00,PicoScopeService,,true,No content hash is used as an operational gate
PT01-ART-0206,system_recalibration_001,PT-01,PT01-TC08-1000000NS-A064,readbacks/PT-01/setup_1_fire_to_process_trigger/raw/1000000ns/attempt_064.csv,native_raw,text/csv,2238850,2026-08-17T17:03:41.042562+00:00,2026-08-17T17:03:41.107518+00:00,PicoScopeService,,true,No content hash is used as an operational gate
PT01-ART-0207,system_recalibration_001,PT-01,PT01-TC08-1000000NS-A065,readbacks/PT-01/setup_1_fire_to_process_trigger/raw/1000000ns/attempt_065.csv,native_raw,text/csv,2237752,2026-08-17T17:03:41.438460+00:00,2026-08-17T17:03:41.500688+00:00,PicoScopeService,,true,No content hash is used as an operational gate
PT01-ART-0208,system_recalibration_001,PT-01,PT01-TC08-1000000NS-A066,readbacks/PT-01/setup_1_fire_to_process_trigger/raw/1000000ns/attempt_066.csv,native_raw,text/csv,2240924,2026-08-17T17:03:41.843672+00:00,2026-08-17T17:03:41.910164+00:00,PicoScopeService,,true,No content hash is used as an operational gate
PT01-ART-0209,system_recalibration_001,PT-01,PT01-TC08-1000000NS-A067,readbacks/PT-01/setup_1_fire_to_process_trigger/raw/1000000ns/attempt_067.csv,native_raw,text/csv,2244277,2026-08-17T17:03:42.239930+00:00,2026-08-17T17:03:42.302626+00:00,PicoScopeService,,true,No content hash is used as an operational gate
PT01-ART-0210,system_recalibration_001,PT-01,PT01-TC08-1000000NS-A068,readbacks/PT-01/setup_1_fire_to_process_trigger/raw/1000000ns/attempt_068.csv,native_raw,text/csv,2241525,2026-08-17T17:03:42.638341+00:00,2026-08-17T17:03:42.701194+00:00,PicoScopeService,,true,No content hash is used as an operational gate
PT01-ART-0211,system_recalibration_001,PT-01,PT01-TC08-1000000NS-A069,readbacks/PT-01/setup_1_fire_to_process_trigger/raw/1000000ns/attempt_069.csv,native_raw,text/csv,2233982,2026-08-17T17:03:43.041925+00:00,2026-08-17T17:03:43.108502+00:00,PicoScopeService,,true,No content hash is used as an operational gate
PT01-ART-0212,system_recalibration_001,PT-01,PT01-TC08-1000000NS-A070,readbacks/PT-01/setup_1_fire_to_process_trigger/raw/1000000ns/attempt_070.csv,native_raw,text/csv,2235252,2026-08-17T17:03:43.447627+00:00,2026-08-17T17:03:43.510950+00:00,PicoScopeService,,true,No content hash is used as an operational gate
PT01-ART-0213,system_recalibration_001,PT-01,PT01-TC08-1000000NS-A071,readbacks/PT-01/setup_1_fire_to_process_trigger/raw/1000000ns/attempt_071.csv,native_raw,text/csv,2241220,2026-08-17T17:03:43.843733+00:00,2026-08-17T17:03:43.906492+00:00,PicoScopeService,,true,No content hash is used as an operational gate
PT01-ART-0214,system_recalibration_001,PT-01,PT01-TC08-1000000NS-A072,readbacks/PT-01/setup_1_fire_to_process_trigger/raw/1000000ns/attempt_072.csv,native_raw,text/csv,2236268,2026-08-17T17:03:44.240156+00:00,2026-08-17T17:03:44.310433+00:00,PicoScopeService,,true,No content hash is used as an operational gate
PT01-ART-0215,system_recalibration_001,PT-01,PT01-TC08-1000000NS-A073,readbacks/PT-01/setup_1_fire_to_process_trigger/raw/1000000ns/attempt_073.csv,native_raw,text/csv,2233870,2026-08-17T17:03:44.640014+00:00,2026-08-17T17:03:44.701965+00:00,PicoScopeService,,true,No content hash is used as an operational gate
PT01-ART-0216,system_recalibration_001,PT-01,PT01-TC08-1000000NS-A074,readbacks/PT-01/setup_1_fire_to_process_trigger/raw/1000000ns/attempt_074.csv,native_raw,text/csv,2238220,2026-08-17T17:03:45.047868+00:00,2026-08-17T17:03:45.109834+00:00,PicoScopeService,,true,No content hash is used as an operational gate
PT01-ART-0217,system_recalibration_001,PT-01,PT01-TC08-1000000NS-A075,readbacks/PT-01/setup_1_fire_to_process_trigger/raw/1000000ns/attempt_075.csv,native_raw,text/csv,2235924,2026-08-17T17:03:45.444572+00:00,2026-08-17T17:03:45.511603+00:00,PicoScopeService,,true,No content hash is used as an operational gate
PT01-ART-0218,system_recalibration_001,PT-01,PT01-TC08-1000000NS-A076,readbacks/PT-01/setup_1_fire_to_process_trigger/raw/1000000ns/attempt_076.csv,native_raw,text/csv,2241324,2026-08-17T17:03:45.849524+00:00,2026-08-17T17:03:45.913974+00:00,PicoScopeService,,true,No content hash is used as an operational gate
PT01-ART-0219,system_recalibration_001,PT-01,PT01-TC08-1000000NS-A077,readbacks/PT-01/setup_1_fire_to_process_trigger/raw/1000000ns/attempt_077.csv,native_raw,text/csv,2233716,2026-08-17T17:03:46.248622+00:00,2026-08-17T17:03:46.316772+00:00,PicoScopeService,,true,No content hash is used as an operational gate
PT01-ART-0220,system_recalibration_001,PT-01,PT01-TC08-1000000NS-A078,readbacks/PT-01/setup_1_fire_to_process_trigger/raw/1000000ns/attempt_078.csv,native_raw,text/csv,2236095,2026-08-17T17:03:46.642916+00:00,2026-08-17T17:03:46.709543+00:00,PicoScopeService,,true,No content hash is used as an operational gate
PT01-ART-0221,system_recalibration_001,PT-01,PT01-TC08-1000000NS-A079,readbacks/PT-01/setup_1_fire_to_process_trigger/raw/1000000ns/attempt_079.csv,native_raw,text/csv,2241220,2026-08-17T17:03:47.046164+00:00,2026-08-17T17:03:47.110551+00:00,PicoScopeService,,true,No content hash is used as an operational gate
PT01-ART-0222,system_recalibration_001,PT-01,PT01-TC08-1000000NS-A080,readbacks/PT-01/setup_1_fire_to_process_trigger/raw/1000000ns/attempt_080.csv,native_raw,text/csv,2234240,2026-08-17T17:03:47.446434+00:00,2026-08-17T17:03:47.509096+00:00,PicoScopeService,,true,No content hash is used as an operational gate
PT01-ART-0223,system_recalibration_001,PT-01,PT01-TC08-1000000NS-A081,readbacks/PT-01/setup_1_fire_to_process_trigger/raw/1000000ns/attempt_081.csv,native_raw,text/csv,2240631,2026-08-17T17:03:47.851554+00:00,2026-08-17T17:03:47.918018+00:00,PicoScopeService,,true,No content hash is used as an operational gate
PT01-ART-0224,system_recalibration_001,PT-01,PT01-TC08-1000000NS-A082,readbacks/PT-01/setup_1_fire_to_process_trigger/raw/1000000ns/attempt_082.csv,native_raw,text/csv,2233323,2026-08-17T17:03:48.243538+00:00,2026-08-17T17:03:48.307132+00:00,PicoScopeService,,true,No content hash is used as an operational gate
PT01-ART-0225,system_recalibration_001,PT-01,PT01-TC08-1000000NS-A083,readbacks/PT-01/setup_1_fire_to_process_trigger/raw/1000000ns/attempt_083.csv,native_raw,text/csv,2233485,2026-08-17T17:03:48.651639+00:00,2026-08-17T17:03:48.713757+00:00,PicoScopeService,,true,No content hash is used as an operational gate
PT01-ART-0226,system_recalibration_001,PT-01,PT01-TC08-1000000NS-A084,readbacks/PT-01/setup_1_fire_to_process_trigger/raw/1000000ns/attempt_084.csv,native_raw,text/csv,2238556,2026-08-17T17:03:49.047645+00:00,2026-08-17T17:03:49.114398+00:00,PicoScopeService,,true,No content hash is used as an operational gate
PT01-ART-0227,system_recalibration_001,PT-01,PT01-TC08-1000000NS-A085,readbacks/PT-01/setup_1_fire_to_process_trigger/raw/1000000ns/attempt_085.csv,native_raw,text/csv,2236029,2026-08-17T17:03:49.545165+00:00,2026-08-17T17:03:49.615591+00:00,PicoScopeService,,true,No content hash is used as an operational gate
PT01-ART-0228,system_recalibration_001,PT-01,PT01-TC08-1000000NS-A086,readbacks/PT-01/setup_1_fire_to_process_trigger/raw/1000000ns/attempt_086.csv,native_raw,text/csv,2235318,2026-08-17T17:03:49.952767+00:00,2026-08-17T17:03:50.016009+00:00,PicoScopeService,,true,No content hash is used as an operational gate
PT01-ART-0229,system_recalibration_001,PT-01,PT01-TC08-1000000NS-A087,readbacks/PT-01/setup_1_fire_to_process_trigger/raw/1000000ns/attempt_087.csv,native_raw,text/csv,2238014,2026-08-17T17:03:50.347114+00:00,2026-08-17T17:03:50.412997+00:00,PicoScopeService,,true,No content hash is used as an operational gate
PT01-ART-0230,system_recalibration_001,PT-01,PT01-TC08-1000000NS-A088,readbacks/PT-01/setup_1_fire_to_process_trigger/raw/1000000ns/attempt_088.csv,native_raw,text/csv,2233293,2026-08-17T17:03:50.750355+00:00,2026-08-17T17:03:50.814426+00:00,PicoScopeService,,true,No content hash is used as an operational gate
PT01-ART-0231,system_recalibration_001,PT-01,PT01-TC08-1000000NS-A089,readbacks/PT-01/setup_1_fire_to_process_trigger/raw/1000000ns/attempt_089.csv,native_raw,text/csv,2236543,2026-08-17T17:03:51.149364+00:00,2026-08-17T17:03:51.213071+00:00,PicoScopeService,,true,No content hash is used as an operational gate
PT01-ART-0232,system_recalibration_001,PT-01,PT01-TC08-1000000NS-A090,readbacks/PT-01/setup_1_fire_to_process_trigger/raw/1000000ns/attempt_090.csv,native_raw,text/csv,2233011,2026-08-17T17:03:51.550964+00:00,2026-08-17T17:03:51.616769+00:00,PicoScopeService,,true,No content hash is used as an operational gate
PT01-ART-0233,system_recalibration_001,PT-01,PT01-TC08-1000000NS-A091,readbacks/PT-01/setup_1_fire_to_process_trigger/raw/1000000ns/attempt_091.csv,native_raw,text/csv,2233995,2026-08-17T17:03:51.949961+00:00,2026-08-17T17:03:52.012113+00:00,PicoScopeService,,true,No content hash is used as an operational gate
PT01-ART-0234,system_recalibration_001,PT-01,PT01-TC08-1000000NS-A092,readbacks/PT-01/setup_1_fire_to_process_trigger/raw/1000000ns/attempt_092.csv,native_raw,text/csv,2238660,2026-08-17T17:03:52.348906+00:00,2026-08-17T17:03:52.410792+00:00,PicoScopeService,,true,No content hash is used as an operational gate
PT01-ART-0235,system_recalibration_001,PT-01,PT01-TC08-1000000NS-A093,readbacks/PT-01/setup_1_fire_to_process_trigger/raw/1000000ns/attempt_093.csv,native_raw,text/csv,2239597,2026-08-17T17:03:52.756593+00:00,2026-08-17T17:03:52.823074+00:00,PicoScopeService,,true,No content hash is used as an operational gate
PT01-ART-0236,system_recalibration_001,PT-01,PT01-TC08-1000000NS-A094,readbacks/PT-01/setup_1_fire_to_process_trigger/raw/1000000ns/attempt_094.csv,native_raw,text/csv,2237322,2026-08-17T17:03:53.149344+00:00,2026-08-17T17:03:53.219325+00:00,PicoScopeService,,true,No content hash is used as an operational gate
PT01-ART-0237,system_recalibration_001,PT-01,PT01-TC08-1000000NS-A095,readbacks/PT-01/setup_1_fire_to_process_trigger/raw/1000000ns/attempt_095.csv,native_raw,text/csv,2239090,2026-08-17T17:03:53.555931+00:00,2026-08-17T17:03:53.618649+00:00,PicoScopeService,,true,No content hash is used as an operational gate
PT01-ART-0238,system_recalibration_001,PT-01,PT01-TC08-1000000NS-A096,readbacks/PT-01/setup_1_fire_to_process_trigger/raw/1000000ns/attempt_096.csv,native_raw,text/csv,2234663,2026-08-17T17:03:53.955987+00:00,2026-08-17T17:03:54.021608+00:00,PicoScopeService,,true,No content hash is used as an operational gate
PT01-ART-0239,system_recalibration_001,PT-01,PT01-TC08-1000000NS-A097,readbacks/PT-01/setup_1_fire_to_process_trigger/raw/1000000ns/attempt_097.csv,native_raw,text/csv,2233011,2026-08-17T17:03:54.360062+00:00,2026-08-17T17:03:54.425851+00:00,PicoScopeService,,true,No content hash is used as an operational gate
PT01-ART-0240,system_recalibration_001,PT-01,PT01-TC08-1000000NS-A098,readbacks/PT-01/setup_1_fire_to_process_trigger/raw/1000000ns/attempt_098.csv,native_raw,text/csv,2238733,2026-08-17T17:03:54.754693+00:00,2026-08-17T17:03:54.819725+00:00,PicoScopeService,,true,No content hash is used as an operational gate
PT01-ART-0241,system_recalibration_001,PT-01,PT01-TC08-1000000NS-A099,readbacks/PT-01/setup_1_fire_to_process_trigger/raw/1000000ns/attempt_099.csv,native_raw,text/csv,2232712,2026-08-17T17:03:55.152631+00:00,2026-08-17T17:03:55.219088+00:00,PicoScopeService,,true,No content hash is used as an operational gate
PT01-ART-0242,system_recalibration_001,PT-01,PT01-TC08-1000000NS-A100,readbacks/PT-01/setup_1_fire_to_process_trigger/raw/1000000ns/attempt_100.csv,native_raw,text/csv,2233420,2026-08-17T17:03:55.553061+00:00,2026-08-17T17:03:55.616166+00:00,PicoScopeService,,true,No content hash is used as an operational gate
PT01-ART-0243,system_recalibration_001,PT-01,PT01-TC08-0100000NS-A001,readbacks/PT-01/setup_1_fire_to_process_trigger/raw/100000ns/attempt_001.csv,native_raw,text/csv,2272990,2026-08-17T17:02:28.958201+00:00,2026-08-17T17:02:29.023823+00:00,PicoScopeService,,true,No content hash is used as an operational gate
PT01-ART-0244,system_recalibration_001,PT-01,PT01-TC08-0100000NS-A002,readbacks/PT-01/setup_1_fire_to_process_trigger/raw/100000ns/attempt_002.csv,native_raw,text/csv,2274242,2026-08-17T17:02:29.354533+00:00,2026-08-17T17:02:29.418051+00:00,PicoScopeService,,true,No content hash is used as an operational gate
PT01-ART-0245,system_recalibration_001,PT-01,PT01-TC08-0100000NS-A003,readbacks/PT-01/setup_1_fire_to_process_trigger/raw/100000ns/attempt_003.csv,native_raw,text/csv,2274105,2026-08-17T17:02:29.753887+00:00,2026-08-17T17:02:29.819587+00:00,PicoScopeService,,true,No content hash is used as an operational gate
PT01-ART-0246,system_recalibration_001,PT-01,PT01-TC08-0100000NS-A004,readbacks/PT-01/setup_1_fire_to_process_trigger/raw/100000ns/attempt_004.csv,native_raw,text/csv,2273198,2026-08-17T17:02:30.158398+00:00,2026-08-17T17:02:30.226347+00:00,PicoScopeService,,true,No content hash is used as an operational gate
PT01-ART-0247,system_recalibration_001,PT-01,PT01-TC08-0100000NS-A005,readbacks/PT-01/setup_1_fire_to_process_trigger/raw/100000ns/attempt_005.csv,native_raw,text/csv,2271672,2026-08-17T17:02:30.560601+00:00,2026-08-17T17:02:30.626429+00:00,PicoScopeService,,true,No content hash is used as an operational gate
PT01-ART-0248,system_recalibration_001,PT-01,PT01-TC08-0100000NS-A006,readbacks/PT-01/setup_1_fire_to_process_trigger/raw/100000ns/attempt_006.csv,native_raw,text/csv,2270866,2026-08-17T17:02:30.956518+00:00,2026-08-17T17:02:31.022310+00:00,PicoScopeService,,true,No content hash is used as an operational gate
PT01-ART-0249,system_recalibration_001,PT-01,PT01-TC08-0100000NS-A007,readbacks/PT-01/setup_1_fire_to_process_trigger/raw/100000ns/attempt_007.csv,native_raw,text/csv,2271615,2026-08-17T17:02:31.361250+00:00,2026-08-17T17:02:31.428648+00:00,PicoScopeService,,true,No content hash is used as an operational gate
PT01-ART-0250,system_recalibration_001,PT-01,PT01-TC08-0100000NS-A008,readbacks/PT-01/setup_1_fire_to_process_trigger/raw/100000ns/attempt_008.csv,native_raw,text/csv,2270698,2026-08-17T17:02:31.760462+00:00,2026-08-17T17:02:31.827674+00:00,PicoScopeService,,true,No content hash is used as an operational gate
PT01-ART-0251,system_recalibration_001,PT-01,PT01-TC08-0100000NS-A009,readbacks/PT-01/setup_1_fire_to_process_trigger/raw/100000ns/attempt_009.csv,native_raw,text/csv,2270465,2026-08-17T17:02:32.159303+00:00,2026-08-17T17:02:32.224811+00:00,PicoScopeService,,true,No content hash is used as an operational gate
PT01-ART-0252,system_recalibration_001,PT-01,PT01-TC08-0100000NS-A010,readbacks/PT-01/setup_1_fire_to_process_trigger/raw/100000ns/attempt_010.csv,native_raw,text/csv,2269568,2026-08-17T17:02:32.553395+00:00,2026-08-17T17:02:32.620821+00:00,PicoScopeService,,true,No content hash is used as an operational gate
PT01-ART-0253,system_recalibration_001,PT-01,PT01-TC08-0100000NS-A011,readbacks/PT-01/setup_1_fire_to_process_trigger/raw/100000ns/attempt_011.csv,native_raw,text/csv,2268531,2026-08-17T17:02:32.957358+00:00,2026-08-17T17:02:33.021402+00:00,PicoScopeService,,true,No content hash is used as an operational gate
PT01-ART-0254,system_recalibration_001,PT-01,PT01-TC08-0100000NS-A012,readbacks/PT-01/setup_1_fire_to_process_trigger/raw/100000ns/attempt_012.csv,native_raw,text/csv,2269975,2026-08-17T17:02:33.359110+00:00,2026-08-17T17:02:33.425279+00:00,PicoScopeService,,true,No content hash is used as an operational gate
PT01-ART-0255,system_recalibration_001,PT-01,PT01-TC08-0100000NS-A013,readbacks/PT-01/setup_1_fire_to_process_trigger/raw/100000ns/attempt_013.csv,native_raw,text/csv,2271366,2026-08-17T17:02:33.763310+00:00,2026-08-17T17:02:33.830408+00:00,PicoScopeService,,true,No content hash is used as an operational gate
PT01-ART-0256,system_recalibration_001,PT-01,PT01-TC08-0100000NS-A014,readbacks/PT-01/setup_1_fire_to_process_trigger/raw/100000ns/attempt_014.csv,native_raw,text/csv,2268416,2026-08-17T17:02:34.164752+00:00,2026-08-17T17:02:34.231349+00:00,PicoScopeService,,true,No content hash is used as an operational gate
PT01-ART-0257,system_recalibration_001,PT-01,PT01-TC08-0100000NS-A015,readbacks/PT-01/setup_1_fire_to_process_trigger/raw/100000ns/attempt_015.csv,native_raw,text/csv,2269350,2026-08-17T17:02:34.561355+00:00,2026-08-17T17:02:34.628437+00:00,PicoScopeService,,true,No content hash is used as an operational gate
PT01-ART-0258,system_recalibration_001,PT-01,PT01-TC08-0100000NS-A016,readbacks/PT-01/setup_1_fire_to_process_trigger/raw/100000ns/attempt_016.csv,native_raw,text/csv,2268733,2026-08-17T17:02:34.961379+00:00,2026-08-17T17:02:35.032489+00:00,PicoScopeService,,true,No content hash is used as an operational gate
PT01-ART-0259,system_recalibration_001,PT-01,PT01-TC08-0100000NS-A017,readbacks/PT-01/setup_1_fire_to_process_trigger/raw/100000ns/attempt_017.csv,native_raw,text/csv,2268524,2026-08-17T17:02:35.357199+00:00,2026-08-17T17:02:35.428596+00:00,PicoScopeService,,true,No content hash is used as an operational gate
PT01-ART-0260,system_recalibration_001,PT-01,PT01-TC08-0100000NS-A018,readbacks/PT-01/setup_1_fire_to_process_trigger/raw/100000ns/attempt_018.csv,native_raw,text/csv,2267342,2026-08-17T17:02:35.866290+00:00,2026-08-17T17:02:35.934151+00:00,PicoScopeService,,true,No content hash is used as an operational gate
PT01-ART-0261,system_recalibration_001,PT-01,PT01-TC08-0100000NS-A019,readbacks/PT-01/setup_1_fire_to_process_trigger/raw/100000ns/attempt_019.csv,native_raw,text/csv,2266948,2026-08-17T17:02:36.266232+00:00,2026-08-17T17:02:36.336655+00:00,PicoScopeService,,true,No content hash is used as an operational gate
PT01-ART-0262,system_recalibration_001,PT-01,PT01-TC08-0100000NS-A020,readbacks/PT-01/setup_1_fire_to_process_trigger/raw/100000ns/attempt_020.csv,native_raw,text/csv,2268767,2026-08-17T17:02:36.658433+00:00,2026-08-17T17:02:36.726205+00:00,PicoScopeService,,true,No content hash is used as an operational gate
PT01-ART-0263,system_recalibration_001,PT-01,PT01-TC08-0100000NS-A021,readbacks/PT-01/setup_1_fire_to_process_trigger/raw/100000ns/attempt_021.csv,native_raw,text/csv,2267968,2026-08-17T17:02:37.064784+00:00,2026-08-17T17:02:37.133672+00:00,PicoScopeService,,true,No content hash is used as an operational gate
PT01-ART-0264,system_recalibration_001,PT-01,PT01-TC08-0100000NS-A022,readbacks/PT-01/setup_1_fire_to_process_trigger/raw/100000ns/attempt_022.csv,native_raw,text/csv,2270010,2026-08-17T17:02:37.462144+00:00,2026-08-17T17:02:37.527986+00:00,PicoScopeService,,true,No content hash is used as an operational gate
PT01-ART-0265,system_recalibration_001,PT-01,PT01-TC08-0100000NS-A023,readbacks/PT-01/setup_1_fire_to_process_trigger/raw/100000ns/attempt_023.csv,native_raw,text/csv,2267843,2026-08-17T17:02:37.863721+00:00,2026-08-17T17:02:37.930243+00:00,PicoScopeService,,true,No content hash is used as an operational gate
PT01-ART-0266,system_recalibration_001,PT-01,PT01-TC08-0100000NS-A024,readbacks/PT-01/setup_1_fire_to_process_trigger/raw/100000ns/attempt_024.csv,native_raw,text/csv,2269303,2026-08-17T17:02:38.264524+00:00,2026-08-17T17:02:38.332396+00:00,PicoScopeService,,true,No content hash is used as an operational gate
PT01-ART-0267,system_recalibration_001,PT-01,PT01-TC08-0100000NS-A025,readbacks/PT-01/setup_1_fire_to_process_trigger/raw/100000ns/attempt_025.csv,native_raw,text/csv,2266939,2026-08-17T17:02:38.665386+00:00,2026-08-17T17:02:38.728984+00:00,PicoScopeService,,true,No content hash is used as an operational gate
PT01-ART-0268,system_recalibration_001,PT-01,PT01-TC08-0100000NS-A026,readbacks/PT-01/setup_1_fire_to_process_trigger/raw/100000ns/attempt_026.csv,native_raw,text/csv,2265856,2026-08-17T17:02:39.062990+00:00,2026-08-17T17:02:39.130955+00:00,PicoScopeService,,true,No content hash is used as an operational gate
PT01-ART-0269,system_recalibration_001,PT-01,PT01-TC08-0100000NS-A027,readbacks/PT-01/setup_1_fire_to_process_trigger/raw/100000ns/attempt_027.csv,native_raw,text/csv,2266678,2026-08-17T17:02:39.467293+00:00,2026-08-17T17:02:39.534603+00:00,PicoScopeService,,true,No content hash is used as an operational gate
PT01-ART-0270,system_recalibration_001,PT-01,PT01-TC08-0100000NS-A028,readbacks/PT-01/setup_1_fire_to_process_trigger/raw/100000ns/attempt_028.csv,native_raw,text/csv,2266146,2026-08-17T17:02:39.868135+00:00,2026-08-17T17:02:39.930711+00:00,PicoScopeService,,true,No content hash is used as an operational gate
PT01-ART-0271,system_recalibration_001,PT-01,PT01-TC08-0100000NS-A029,readbacks/PT-01/setup_1_fire_to_process_trigger/raw/100000ns/attempt_029.csv,native_raw,text/csv,2265260,2026-08-17T17:02:40.265942+00:00,2026-08-17T17:02:40.333678+00:00,PicoScopeService,,true,No content hash is used as an operational gate
PT01-ART-0272,system_recalibration_001,PT-01,PT01-TC08-0100000NS-A030,readbacks/PT-01/setup_1_fire_to_process_trigger/raw/100000ns/attempt_030.csv,native_raw,text/csv,2268267,2026-08-17T17:02:40.668397+00:00,2026-08-17T17:02:40.739926+00:00,PicoScopeService,,true,No content hash is used as an operational gate
PT01-ART-0273,system_recalibration_001,PT-01,PT01-TC08-0100000NS-A031,readbacks/PT-01/setup_1_fire_to_process_trigger/raw/100000ns/attempt_031.csv,native_raw,text/csv,2267992,2026-08-17T17:02:41.168602+00:00,2026-08-17T17:02:41.239881+00:00,PicoScopeService,,true,No content hash is used as an operational gate
PT01-ART-0274,system_recalibration_001,PT-01,PT01-TC08-0100000NS-A032,readbacks/PT-01/setup_1_fire_to_process_trigger/raw/100000ns/attempt_032.csv,native_raw,text/csv,2267433,2026-08-17T17:02:41.567118+00:00,2026-08-17T17:02:41.640453+00:00,PicoScopeService,,true,No content hash is used as an operational gate
PT01-ART-0275,system_recalibration_001,PT-01,PT01-TC08-0100000NS-A033,readbacks/PT-01/setup_1_fire_to_process_trigger/raw/100000ns/attempt_033.csv,native_raw,text/csv,2267047,2026-08-17T17:02:41.964055+00:00,2026-08-17T17:02:42.033569+00:00,PicoScopeService,,true,No content hash is used as an operational gate
PT01-ART-0276,system_recalibration_001,PT-01,PT01-TC08-0100000NS-A034,readbacks/PT-01/setup_1_fire_to_process_trigger/raw/100000ns/attempt_034.csv,native_raw,text/csv,2266174,2026-08-17T17:02:42.365876+00:00,2026-08-17T17:02:42.437593+00:00,PicoScopeService,,true,No content hash is used as an operational gate
PT01-ART-0277,system_recalibration_001,PT-01,PT01-TC08-0100000NS-A035,readbacks/PT-01/setup_1_fire_to_process_trigger/raw/100000ns/attempt_035.csv,native_raw,text/csv,2265289,2026-08-17T17:02:42.768596+00:00,2026-08-17T17:02:42.834590+00:00,PicoScopeService,,true,No content hash is used as an operational gate
PT01-ART-0278,system_recalibration_001,PT-01,PT01-TC08-0100000NS-A036,readbacks/PT-01/setup_1_fire_to_process_trigger/raw/100000ns/attempt_036.csv,native_raw,text/csv,2266765,2026-08-17T17:02:43.174964+00:00,2026-08-17T17:02:43.243474+00:00,PicoScopeService,,true,No content hash is used as an operational gate
PT01-ART-0279,system_recalibration_001,PT-01,PT01-TC08-0100000NS-A037,readbacks/PT-01/setup_1_fire_to_process_trigger/raw/100000ns/attempt_037.csv,native_raw,text/csv,2265490,2026-08-17T17:02:43.572767+00:00,2026-08-17T17:02:43.641570+00:00,PicoScopeService,,true,No content hash is used as an operational gate
PT01-ART-0280,system_recalibration_001,PT-01,PT01-TC08-0100000NS-A038,readbacks/PT-01/setup_1_fire_to_process_trigger/raw/100000ns/attempt_038.csv,native_raw,text/csv,2265866,2026-08-17T17:02:43.966070+00:00,2026-08-17T17:02:44.038505+00:00,PicoScopeService,,true,No content hash is used as an operational gate
PT01-ART-0281,system_recalibration_001,PT-01,PT01-TC08-0100000NS-A039,readbacks/PT-01/setup_1_fire_to_process_trigger/raw/100000ns/attempt_039.csv,native_raw,text/csv,2266230,2026-08-17T17:02:44.369057+00:00,2026-08-17T17:02:44.439351+00:00,PicoScopeService,,true,No content hash is used as an operational gate
PT01-ART-0282,system_recalibration_001,PT-01,PT01-TC08-0100000NS-A040,readbacks/PT-01/setup_1_fire_to_process_trigger/raw/100000ns/attempt_040.csv,native_raw,text/csv,2263532,2026-08-17T17:02:44.775585+00:00,2026-08-17T17:02:44.845437+00:00,PicoScopeService,,true,No content hash is used as an operational gate
PT01-ART-0283,system_recalibration_001,PT-01,PT01-TC08-0100000NS-A041,readbacks/PT-01/setup_1_fire_to_process_trigger/raw/100000ns/attempt_041.csv,native_raw,text/csv,2262403,2026-08-17T17:02:45.168848+00:00,2026-08-17T17:02:45.236817+00:00,PicoScopeService,,true,No content hash is used as an operational gate
PT01-ART-0284,system_recalibration_001,PT-01,PT01-TC08-0100000NS-A042,readbacks/PT-01/setup_1_fire_to_process_trigger/raw/100000ns/attempt_042.csv,native_raw,text/csv,2262948,2026-08-17T17:02:45.578383+00:00,2026-08-17T17:02:45.650284+00:00,PicoScopeService,,true,No content hash is used as an operational gate
PT01-ART-0285,system_recalibration_001,PT-01,PT01-TC08-0100000NS-A043,readbacks/PT-01/setup_1_fire_to_process_trigger/raw/100000ns/attempt_043.csv,native_raw,text/csv,2261085,2026-08-17T17:02:45.975112+00:00,2026-08-17T17:02:46.044451+00:00,PicoScopeService,,true,No content hash is used as an operational gate
PT01-ART-0286,system_recalibration_001,PT-01,PT01-TC08-0100000NS-A044,readbacks/PT-01/setup_1_fire_to_process_trigger/raw/100000ns/attempt_044.csv,native_raw,text/csv,2263253,2026-08-17T17:02:46.470091+00:00,2026-08-17T17:02:46.537621+00:00,PicoScopeService,,true,No content hash is used as an operational gate
PT01-ART-0287,system_recalibration_001,PT-01,PT01-TC08-0100000NS-A045,readbacks/PT-01/setup_1_fire_to_process_trigger/raw/100000ns/attempt_045.csv,native_raw,text/csv,2263519,2026-08-17T17:02:46.872288+00:00,2026-08-17T17:02:46.936753+00:00,PicoScopeService,,true,No content hash is used as an operational gate
PT01-ART-0288,system_recalibration_001,PT-01,PT01-TC08-0100000NS-A046,readbacks/PT-01/setup_1_fire_to_process_trigger/raw/100000ns/attempt_046.csv,native_raw,text/csv,2263488,2026-08-17T17:02:47.278602+00:00,2026-08-17T17:02:47.347757+00:00,PicoScopeService,,true,No content hash is used as an operational gate
PT01-ART-0289,system_recalibration_001,PT-01,PT01-TC08-0100000NS-A047,readbacks/PT-01/setup_1_fire_to_process_trigger/raw/100000ns/attempt_047.csv,native_raw,text/csv,2260981,2026-08-17T17:02:47.678931+00:00,2026-08-17T17:02:47.747039+00:00,PicoScopeService,,true,No content hash is used as an operational gate
PT01-ART-0290,system_recalibration_001,PT-01,PT01-TC08-0100000NS-A048,readbacks/PT-01/setup_1_fire_to_process_trigger/raw/100000ns/attempt_048.csv,native_raw,text/csv,2259931,2026-08-17T17:02:48.073365+00:00,2026-08-17T17:02:48.148943+00:00,PicoScopeService,,true,No content hash is used as an operational gate
PT01-ART-0291,system_recalibration_001,PT-01,PT01-TC08-0100000NS-A049,readbacks/PT-01/setup_1_fire_to_process_trigger/raw/100000ns/attempt_049.csv,native_raw,text/csv,2262359,2026-08-17T17:02:48.478079+00:00,2026-08-17T17:02:48.545866+00:00,PicoScopeService,,true,No content hash is used as an operational gate
PT01-ART-0292,system_recalibration_001,PT-01,PT01-TC08-0100000NS-A050,readbacks/PT-01/setup_1_fire_to_process_trigger/raw/100000ns/attempt_050.csv,native_raw,text/csv,2261201,2026-08-17T17:02:48.878676+00:00,2026-08-17T17:02:48.948891+00:00,PicoScopeService,,true,No content hash is used as an operational gate
PT01-ART-0293,system_recalibration_001,PT-01,PT01-TC08-0100000NS-A051,readbacks/PT-01/setup_1_fire_to_process_trigger/raw/100000ns/attempt_051.csv,native_raw,text/csv,2264007,2026-08-17T17:02:49.275979+00:00,2026-08-17T17:02:49.343222+00:00,PicoScopeService,,true,No content hash is used as an operational gate
PT01-ART-0294,system_recalibration_001,PT-01,PT01-TC08-0100000NS-A052,readbacks/PT-01/setup_1_fire_to_process_trigger/raw/100000ns/attempt_052.csv,native_raw,text/csv,2262316,2026-08-17T17:02:49.675029+00:00,2026-08-17T17:02:49.742031+00:00,PicoScopeService,,true,No content hash is used as an operational gate
PT01-ART-0295,system_recalibration_001,PT-01,PT01-TC08-0100000NS-A053,readbacks/PT-01/setup_1_fire_to_process_trigger/raw/100000ns/attempt_053.csv,native_raw,text/csv,2261927,2026-08-17T17:02:50.075125+00:00,2026-08-17T17:02:50.146271+00:00,PicoScopeService,,true,No content hash is used as an operational gate
PT01-ART-0296,system_recalibration_001,PT-01,PT01-TC08-0100000NS-A054,readbacks/PT-01/setup_1_fire_to_process_trigger/raw/100000ns/attempt_054.csv,native_raw,text/csv,2265305,2026-08-17T17:02:50.577210+00:00,2026-08-17T17:02:50.640542+00:00,PicoScopeService,,true,No content hash is used as an operational gate
PT01-ART-0297,system_recalibration_001,PT-01,PT01-TC08-0100000NS-A055,readbacks/PT-01/setup_1_fire_to_process_trigger/raw/100000ns/attempt_055.csv,native_raw,text/csv,2264338,2026-08-17T17:02:50.982828+00:00,2026-08-17T17:02:51.050753+00:00,PicoScopeService,,true,No content hash is used as an operational gate
PT01-ART-0298,system_recalibration_001,PT-01,PT01-TC08-0100000NS-A056,readbacks/PT-01/setup_1_fire_to_process_trigger/raw/100000ns/attempt_056.csv,native_raw,text/csv,2265219,2026-08-17T17:02:51.378861+00:00,2026-08-17T17:02:51.445128+00:00,PicoScopeService,,true,No content hash is used as an operational gate
PT01-ART-0299,system_recalibration_001,PT-01,PT01-TC08-0100000NS-A057,readbacks/PT-01/setup_1_fire_to_process_trigger/raw/100000ns/attempt_057.csv,native_raw,text/csv,2262566,2026-08-17T17:02:51.777198+00:00,2026-08-17T17:02:51.845849+00:00,PicoScopeService,,true,No content hash is used as an operational gate
PT01-ART-0300,system_recalibration_001,PT-01,PT01-TC08-0100000NS-A058,readbacks/PT-01/setup_1_fire_to_process_trigger/raw/100000ns/attempt_058.csv,native_raw,text/csv,2261011,2026-08-17T17:02:52.183573+00:00,2026-08-17T17:02:52.252966+00:00,PicoScopeService,,true,No content hash is used as an operational gate
PT01-ART-0301,system_recalibration_001,PT-01,PT01-TC08-0100000NS-A059,readbacks/PT-01/setup_1_fire_to_process_trigger/raw/100000ns/attempt_059.csv,native_raw,text/csv,2261673,2026-08-17T17:02:52.585159+00:00,2026-08-17T17:02:52.651287+00:00,PicoScopeService,,true,No content hash is used as an operational gate
PT01-ART-0302,system_recalibration_001,PT-01,PT01-TC08-0100000NS-A060,readbacks/PT-01/setup_1_fire_to_process_trigger/raw/100000ns/attempt_060.csv,native_raw,text/csv,2262768,2026-08-17T17:02:52.980847+00:00,2026-08-17T17:02:53.043224+00:00,PicoScopeService,,true,No content hash is used as an operational gate
PT01-ART-0303,system_recalibration_001,PT-01,PT01-TC08-0100000NS-A061,readbacks/PT-01/setup_1_fire_to_process_trigger/raw/100000ns/attempt_061.csv,native_raw,text/csv,2263454,2026-08-17T17:02:53.386195+00:00,2026-08-17T17:02:53.454912+00:00,PicoScopeService,,true,No content hash is used as an operational gate
PT01-ART-0304,system_recalibration_001,PT-01,PT01-TC08-0100000NS-A062,readbacks/PT-01/setup_1_fire_to_process_trigger/raw/100000ns/attempt_062.csv,native_raw,text/csv,2262156,2026-08-17T17:02:53.783982+00:00,2026-08-17T17:02:53.850499+00:00,PicoScopeService,,true,No content hash is used as an operational gate
PT01-ART-0305,system_recalibration_001,PT-01,PT01-TC08-0100000NS-A063,readbacks/PT-01/setup_1_fire_to_process_trigger/raw/100000ns/attempt_063.csv,native_raw,text/csv,2262429,2026-08-17T17:02:54.180693+00:00,2026-08-17T17:02:54.245918+00:00,PicoScopeService,,true,No content hash is used as an operational gate
PT01-ART-0306,system_recalibration_001,PT-01,PT01-TC08-0100000NS-A064,readbacks/PT-01/setup_1_fire_to_process_trigger/raw/100000ns/attempt_064.csv,native_raw,text/csv,2262861,2026-08-17T17:02:54.585163+00:00,2026-08-17T17:02:54.652946+00:00,PicoScopeService,,true,No content hash is used as an operational gate
PT01-ART-0307,system_recalibration_001,PT-01,PT01-TC08-0100000NS-A065,readbacks/PT-01/setup_1_fire_to_process_trigger/raw/100000ns/attempt_065.csv,native_raw,text/csv,2259922,2026-08-17T17:02:54.990863+00:00,2026-08-17T17:02:55.058150+00:00,PicoScopeService,,true,No content hash is used as an operational gate
PT01-ART-0308,system_recalibration_001,PT-01,PT01-TC08-0100000NS-A066,readbacks/PT-01/setup_1_fire_to_process_trigger/raw/100000ns/attempt_066.csv,native_raw,text/csv,2260706,2026-08-17T17:02:55.386087+00:00,2026-08-17T17:02:55.451696+00:00,PicoScopeService,,true,No content hash is used as an operational gate
PT01-ART-0309,system_recalibration_001,PT-01,PT01-TC08-0100000NS-A067,readbacks/PT-01/setup_1_fire_to_process_trigger/raw/100000ns/attempt_067.csv,native_raw,text/csv,2260476,2026-08-17T17:02:55.785961+00:00,2026-08-17T17:02:55.855425+00:00,PicoScopeService,,true,No content hash is used as an operational gate
PT01-ART-0310,system_recalibration_001,PT-01,PT01-TC08-0100000NS-A068,readbacks/PT-01/setup_1_fire_to_process_trigger/raw/100000ns/attempt_068.csv,native_raw,text/csv,2263560,2026-08-17T17:02:56.184194+00:00,2026-08-17T17:02:56.255222+00:00,PicoScopeService,,true,No content hash is used as an operational gate
PT01-ART-0311,system_recalibration_001,PT-01,PT01-TC08-0100000NS-A069,readbacks/PT-01/setup_1_fire_to_process_trigger/raw/100000ns/attempt_069.csv,native_raw,text/csv,2259448,2026-08-17T17:02:56.586240+00:00,2026-08-17T17:02:56.653571+00:00,PicoScopeService,,true,No content hash is used as an operational gate
PT01-ART-0312,system_recalibration_001,PT-01,PT01-TC08-0100000NS-A070,readbacks/PT-01/setup_1_fire_to_process_trigger/raw/100000ns/attempt_070.csv,native_raw,text/csv,2261702,2026-08-17T17:02:56.982930+00:00,2026-08-17T17:02:57.049514+00:00,PicoScopeService,,true,No content hash is used as an operational gate
PT01-ART-0313,system_recalibration_001,PT-01,PT01-TC08-0100000NS-A071,readbacks/PT-01/setup_1_fire_to_process_trigger/raw/100000ns/attempt_071.csv,native_raw,text/csv,2260557,2026-08-17T17:02:57.386075+00:00,2026-08-17T17:02:57.451331+00:00,PicoScopeService,,true,No content hash is used as an operational gate
PT01-ART-0314,system_recalibration_001,PT-01,PT01-TC08-0100000NS-A072,readbacks/PT-01/setup_1_fire_to_process_trigger/raw/100000ns/attempt_072.csv,native_raw,text/csv,2262208,2026-08-17T17:02:57.787427+00:00,2026-08-17T17:02:57.852896+00:00,PicoScopeService,,true,No content hash is used as an operational gate
PT01-ART-0315,system_recalibration_001,PT-01,PT01-TC08-0100000NS-A073,readbacks/PT-01/setup_1_fire_to_process_trigger/raw/100000ns/attempt_073.csv,native_raw,text/csv,2262928,2026-08-17T17:02:58.183435+00:00,2026-08-17T17:02:58.253779+00:00,PicoScopeService,,true,No content hash is used as an operational gate
PT01-ART-0316,system_recalibration_001,PT-01,PT01-TC08-0100000NS-A074,readbacks/PT-01/setup_1_fire_to_process_trigger/raw/100000ns/attempt_074.csv,native_raw,text/csv,2260707,2026-08-17T17:02:58.591469+00:00,2026-08-17T17:02:58.658148+00:00,PicoScopeService,,true,No content hash is used as an operational gate
PT01-ART-0317,system_recalibration_001,PT-01,PT01-TC08-0100000NS-A075,readbacks/PT-01/setup_1_fire_to_process_trigger/raw/100000ns/attempt_075.csv,native_raw,text/csv,2258439,2026-08-17T17:02:58.988953+00:00,2026-08-17T17:02:59.053014+00:00,PicoScopeService,,true,No content hash is used as an operational gate
PT01-ART-0318,system_recalibration_001,PT-01,PT01-TC08-0100000NS-A076,readbacks/PT-01/setup_1_fire_to_process_trigger/raw/100000ns/attempt_076.csv,native_raw,text/csv,2261130,2026-08-17T17:02:59.387432+00:00,2026-08-17T17:02:59.455010+00:00,PicoScopeService,,true,No content hash is used as an operational gate
PT01-ART-0319,system_recalibration_001,PT-01,PT01-TC08-0100000NS-A077,readbacks/PT-01/setup_1_fire_to_process_trigger/raw/100000ns/attempt_077.csv,native_raw,text/csv,2259376,2026-08-17T17:02:59.793010+00:00,2026-08-17T17:02:59.862619+00:00,PicoScopeService,,true,No content hash is used as an operational gate
PT01-ART-0320,system_recalibration_001,PT-01,PT01-TC08-0100000NS-A078,readbacks/PT-01/setup_1_fire_to_process_trigger/raw/100000ns/attempt_078.csv,native_raw,text/csv,2260926,2026-08-17T17:03:00.188015+00:00,2026-08-17T17:03:00.251884+00:00,PicoScopeService,,true,No content hash is used as an operational gate
PT01-ART-0321,system_recalibration_001,PT-01,PT01-TC08-0100000NS-A079,readbacks/PT-01/setup_1_fire_to_process_trigger/raw/100000ns/attempt_079.csv,native_raw,text/csv,2259441,2026-08-17T17:03:00.595418+00:00,2026-08-17T17:03:00.663862+00:00,PicoScopeService,,true,No content hash is used as an operational gate
PT01-ART-0322,system_recalibration_001,PT-01,PT01-TC08-0100000NS-A080,readbacks/PT-01/setup_1_fire_to_process_trigger/raw/100000ns/attempt_080.csv,native_raw,text/csv,2260246,2026-08-17T17:03:00.990597+00:00,2026-08-17T17:03:01.055682+00:00,PicoScopeService,,true,No content hash is used as an operational gate
PT01-ART-0323,system_recalibration_001,PT-01,PT01-TC08-0100000NS-A081,readbacks/PT-01/setup_1_fire_to_process_trigger/raw/100000ns/attempt_081.csv,native_raw,text/csv,2260298,2026-08-17T17:03:01.394355+00:00,2026-08-17T17:03:01.457337+00:00,PicoScopeService,,true,No content hash is used as an operational gate
PT01-ART-0324,system_recalibration_001,PT-01,PT01-TC08-0100000NS-A082,readbacks/PT-01/setup_1_fire_to_process_trigger/raw/100000ns/attempt_082.csv,native_raw,text/csv,2263685,2026-08-17T17:03:01.792378+00:00,2026-08-17T17:03:01.865991+00:00,PicoScopeService,,true,No content hash is used as an operational gate
PT01-ART-0325,system_recalibration_001,PT-01,PT01-TC08-0100000NS-A083,readbacks/PT-01/setup_1_fire_to_process_trigger/raw/100000ns/attempt_083.csv,native_raw,text/csv,2262112,2026-08-17T17:03:02.297964+00:00,2026-08-17T17:03:02.362457+00:00,PicoScopeService,,true,No content hash is used as an operational gate
PT01-ART-0326,system_recalibration_001,PT-01,PT01-TC08-0100000NS-A084,readbacks/PT-01/setup_1_fire_to_process_trigger/raw/100000ns/attempt_084.csv,native_raw,text/csv,2262663,2026-08-17T17:03:02.689023+00:00,2026-08-17T17:03:02.753866+00:00,PicoScopeService,,true,No content hash is used as an operational gate
PT01-ART-0327,system_recalibration_001,PT-01,PT01-TC08-0100000NS-A085,readbacks/PT-01/setup_1_fire_to_process_trigger/raw/100000ns/attempt_085.csv,native_raw,text/csv,2263937,2026-08-17T17:03:03.093934+00:00,2026-08-17T17:03:03.162360+00:00,PicoScopeService,,true,No content hash is used as an operational gate
PT01-ART-0328,system_recalibration_001,PT-01,PT01-TC08-0100000NS-A086,readbacks/PT-01/setup_1_fire_to_process_trigger/raw/100000ns/attempt_086.csv,native_raw,text/csv,2259598,2026-08-17T17:03:03.499832+00:00,2026-08-17T17:03:03.564848+00:00,PicoScopeService,,true,No content hash is used as an operational gate
PT01-ART-0329,system_recalibration_001,PT-01,PT01-TC08-0100000NS-A087,readbacks/PT-01/setup_1_fire_to_process_trigger/raw/100000ns/attempt_087.csv,native_raw,text/csv,2259016,2026-08-17T17:03:03.895522+00:00,2026-08-17T17:03:03.959279+00:00,PicoScopeService,,true,No content hash is used as an operational gate
PT01-ART-0330,system_recalibration_001,PT-01,PT01-TC08-0100000NS-A088,readbacks/PT-01/setup_1_fire_to_process_trigger/raw/100000ns/attempt_088.csv,native_raw,text/csv,2259710,2026-08-17T17:03:04.289239+00:00,2026-08-17T17:03:04.357986+00:00,PicoScopeService,,true,No content hash is used as an operational gate
PT01-ART-0331,system_recalibration_001,PT-01,PT01-TC08-0100000NS-A089,readbacks/PT-01/setup_1_fire_to_process_trigger/raw/100000ns/attempt_089.csv,native_raw,text/csv,2256572,2026-08-17T17:03:04.698952+00:00,2026-08-17T17:03:04.763311+00:00,PicoScopeService,,true,No content hash is used as an operational gate
PT01-ART-0332,system_recalibration_001,PT-01,PT01-TC08-0100000NS-A090,readbacks/PT-01/setup_1_fire_to_process_trigger/raw/100000ns/attempt_090.csv,native_raw,text/csv,2259600,2026-08-17T17:03:05.093932+00:00,2026-08-17T17:03:05.157246+00:00,PicoScopeService,,true,No content hash is used as an operational gate
PT01-ART-0333,system_recalibration_001,PT-01,PT01-TC08-0100000NS-A091,readbacks/PT-01/setup_1_fire_to_process_trigger/raw/100000ns/attempt_091.csv,native_raw,text/csv,2257190,2026-08-17T17:03:05.495781+00:00,2026-08-17T17:03:05.563444+00:00,PicoScopeService,,true,No content hash is used as an operational gate
PT01-ART-0334,system_recalibration_001,PT-01,PT01-TC08-0100000NS-A092,readbacks/PT-01/setup_1_fire_to_process_trigger/raw/100000ns/attempt_092.csv,native_raw,text/csv,2258491,2026-08-17T17:03:05.895284+00:00,2026-08-17T17:03:05.958888+00:00,PicoScopeService,,true,No content hash is used as an operational gate
PT01-ART-0335,system_recalibration_001,PT-01,PT01-TC08-0100000NS-A093,readbacks/PT-01/setup_1_fire_to_process_trigger/raw/100000ns/attempt_093.csv,native_raw,text/csv,2259000,2026-08-17T17:03:06.300858+00:00,2026-08-17T17:03:06.365787+00:00,PicoScopeService,,true,No content hash is used as an operational gate
PT01-ART-0336,system_recalibration_001,PT-01,PT01-TC08-0100000NS-A094,readbacks/PT-01/setup_1_fire_to_process_trigger/raw/100000ns/attempt_094.csv,native_raw,text/csv,2260301,2026-08-17T17:03:06.701693+00:00,2026-08-17T17:03:06.769924+00:00,PicoScopeService,,true,No content hash is used as an operational gate
PT01-ART-0337,system_recalibration_001,PT-01,PT01-TC08-0100000NS-A095,readbacks/PT-01/setup_1_fire_to_process_trigger/raw/100000ns/attempt_095.csv,native_raw,text/csv,2260675,2026-08-17T17:03:07.100779+00:00,2026-08-17T17:03:07.167002+00:00,PicoScopeService,,true,No content hash is used as an operational gate
PT01-ART-0338,system_recalibration_001,PT-01,PT01-TC08-0100000NS-A096,readbacks/PT-01/setup_1_fire_to_process_trigger/raw/100000ns/attempt_096.csv,native_raw,text/csv,2257891,2026-08-17T17:03:07.499220+00:00,2026-08-17T17:03:07.562571+00:00,PicoScopeService,,true,No content hash is used as an operational gate
PT01-ART-0339,system_recalibration_001,PT-01,PT01-TC08-0100000NS-A097,readbacks/PT-01/setup_1_fire_to_process_trigger/raw/100000ns/attempt_097.csv,native_raw,text/csv,2261099,2026-08-17T17:03:07.903663+00:00,2026-08-17T17:03:07.971617+00:00,PicoScopeService,,true,No content hash is used as an operational gate
PT01-ART-0340,system_recalibration_001,PT-01,PT01-TC08-0100000NS-A098,readbacks/PT-01/setup_1_fire_to_process_trigger/raw/100000ns/attempt_098.csv,native_raw,text/csv,2257841,2026-08-17T17:03:08.299393+00:00,2026-08-17T17:03:08.362507+00:00,PicoScopeService,,true,No content hash is used as an operational gate
PT01-ART-0341,system_recalibration_001,PT-01,PT01-TC08-0100000NS-A099,readbacks/PT-01/setup_1_fire_to_process_trigger/raw/100000ns/attempt_099.csv,native_raw,text/csv,2260258,2026-08-17T17:03:08.703057+00:00,2026-08-17T17:03:08.767452+00:00,PicoScopeService,,true,No content hash is used as an operational gate
PT01-ART-0342,system_recalibration_001,PT-01,PT01-TC08-0100000NS-A100,readbacks/PT-01/setup_1_fire_to_process_trigger/raw/100000ns/attempt_100.csv,native_raw,text/csv,2260989,2026-08-17T17:03:09.102119+00:00,2026-08-17T17:03:09.170760+00:00,PicoScopeService,,true,No content hash is used as an operational gate
PT01-ART-0343,system_recalibration_001,PT-01,PT01-TC08-0010000NS-A001,readbacks/PT-01/setup_1_fire_to_process_trigger/raw/10000ns/attempt_001.csv,native_raw,text/csv,2272014,2026-08-17T17:01:42.496528+00:00,2026-08-17T17:01:42.564630+00:00,PicoScopeService,,true,No content hash is used as an operational gate
PT01-ART-0344,system_recalibration_001,PT-01,PT01-TC08-0010000NS-A002,readbacks/PT-01/setup_1_fire_to_process_trigger/raw/10000ns/attempt_002.csv,native_raw,text/csv,2270502,2026-08-17T17:01:42.901957+00:00,2026-08-17T17:01:42.966537+00:00,PicoScopeService,,true,No content hash is used as an operational gate
PT01-ART-0345,system_recalibration_001,PT-01,PT01-TC08-0010000NS-A003,readbacks/PT-01/setup_1_fire_to_process_trigger/raw/10000ns/attempt_003.csv,native_raw,text/csv,2270930,2026-08-17T17:01:43.299057+00:00,2026-08-17T17:01:43.362782+00:00,PicoScopeService,,true,No content hash is used as an operational gate
PT01-ART-0346,system_recalibration_001,PT-01,PT01-TC08-0010000NS-A004,readbacks/PT-01/setup_1_fire_to_process_trigger/raw/10000ns/attempt_004.csv,native_raw,text/csv,2271791,2026-08-17T17:01:43.699579+00:00,2026-08-17T17:01:43.765069+00:00,PicoScopeService,,true,No content hash is used as an operational gate
PT01-ART-0347,system_recalibration_001,PT-01,PT01-TC08-0010000NS-A005,readbacks/PT-01/setup_1_fire_to_process_trigger/raw/10000ns/attempt_005.csv,native_raw,text/csv,2268174,2026-08-17T17:01:44.098687+00:00,2026-08-17T17:01:44.162886+00:00,PicoScopeService,,true,No content hash is used as an operational gate
PT01-ART-0348,system_recalibration_001,PT-01,PT01-TC08-0010000NS-A006,readbacks/PT-01/setup_1_fire_to_process_trigger/raw/10000ns/attempt_006.csv,native_raw,text/csv,2267373,2026-08-17T17:01:44.502500+00:00,2026-08-17T17:01:44.568486+00:00,PicoScopeService,,true,No content hash is used as an operational gate
PT01-ART-0349,system_recalibration_001,PT-01,PT01-TC08-0010000NS-A007,readbacks/PT-01/setup_1_fire_to_process_trigger/raw/10000ns/attempt_007.csv,native_raw,text/csv,2269554,2026-08-17T17:01:44.906099+00:00,2026-08-17T17:01:44.970844+00:00,PicoScopeService,,true,No content hash is used as an operational gate
PT01-ART-0350,system_recalibration_001,PT-01,PT01-TC08-0010000NS-A008,readbacks/PT-01/setup_1_fire_to_process_trigger/raw/10000ns/attempt_008.csv,native_raw,text/csv,2268411,2026-08-17T17:01:45.300259+00:00,2026-08-17T17:01:45.367266+00:00,PicoScopeService,,true,No content hash is used as an operational gate
PT01-ART-0351,system_recalibration_001,PT-01,PT01-TC08-0010000NS-A009,readbacks/PT-01/setup_1_fire_to_process_trigger/raw/10000ns/attempt_009.csv,native_raw,text/csv,2268033,2026-08-17T17:01:45.703572+00:00,2026-08-17T17:01:45.769176+00:00,PicoScopeService,,true,No content hash is used as an operational gate
PT01-ART-0352,system_recalibration_001,PT-01,PT01-TC08-0010000NS-A010,readbacks/PT-01/setup_1_fire_to_process_trigger/raw/10000ns/attempt_010.csv,native_raw,text/csv,2266855,2026-08-17T17:01:46.108057+00:00,2026-08-17T17:01:46.173867+00:00,PicoScopeService,,true,No content hash is used as an operational gate
PT01-ART-0353,system_recalibration_001,PT-01,PT01-TC08-0010000NS-A011,readbacks/PT-01/setup_1_fire_to_process_trigger/raw/10000ns/attempt_011.csv,native_raw,text/csv,2262791,2026-08-17T17:01:46.505493+00:00,2026-08-17T17:01:46.571788+00:00,PicoScopeService,,true,No content hash is used as an operational gate
PT01-ART-0354,system_recalibration_001,PT-01,PT01-TC08-0010000NS-A012,readbacks/PT-01/setup_1_fire_to_process_trigger/raw/10000ns/attempt_012.csv,native_raw,text/csv,2267115,2026-08-17T17:01:46.910173+00:00,2026-08-17T17:01:46.979449+00:00,PicoScopeService,,true,No content hash is used as an operational gate
PT01-ART-0355,system_recalibration_001,PT-01,PT01-TC08-0010000NS-A013,readbacks/PT-01/setup_1_fire_to_process_trigger/raw/10000ns/attempt_013.csv,native_raw,text/csv,2267095,2026-08-17T17:01:47.302441+00:00,2026-08-17T17:01:47.368990+00:00,PicoScopeService,,true,No content hash is used as an operational gate
PT01-ART-0356,system_recalibration_001,PT-01,PT01-TC08-0010000NS-A014,readbacks/PT-01/setup_1_fire_to_process_trigger/raw/10000ns/attempt_014.csv,native_raw,text/csv,2268139,2026-08-17T17:01:47.708912+00:00,2026-08-17T17:01:47.772642+00:00,PicoScopeService,,true,No content hash is used as an operational gate
PT01-ART-0357,system_recalibration_001,PT-01,PT01-TC08-0010000NS-A015,readbacks/PT-01/setup_1_fire_to_process_trigger/raw/10000ns/attempt_015.csv,native_raw,text/csv,2265001,2026-08-17T17:01:48.110183+00:00,2026-08-17T17:01:48.177139+00:00,PicoScopeService,,true,No content hash is used as an operational gate
PT01-ART-0358,system_recalibration_001,PT-01,PT01-TC08-0010000NS-A016,readbacks/PT-01/setup_1_fire_to_process_trigger/raw/10000ns/attempt_016.csv,native_raw,text/csv,2267781,2026-08-17T17:01:48.503026+00:00,2026-08-17T17:01:48.568927+00:00,PicoScopeService,,true,No content hash is used as an operational gate
PT01-ART-0359,system_recalibration_001,PT-01,PT01-TC08-0010000NS-A017,readbacks/PT-01/setup_1_fire_to_process_trigger/raw/10000ns/attempt_017.csv,native_raw,text/csv,2266006,2026-08-17T17:01:48.905796+00:00,2026-08-17T17:01:48.975528+00:00,PicoScopeService,,true,No content hash is used as an operational gate
PT01-ART-0360,system_recalibration_001,PT-01,PT01-TC08-0010000NS-A018,readbacks/PT-01/setup_1_fire_to_process_trigger/raw/10000ns/attempt_018.csv,native_raw,text/csv,2268022,2026-08-17T17:01:49.311393+00:00,2026-08-17T17:01:49.377581+00:00,PicoScopeService,,true,No content hash is used as an operational gate
PT01-ART-0361,system_recalibration_001,PT-01,PT01-TC08-0010000NS-A019,readbacks/PT-01/setup_1_fire_to_process_trigger/raw/10000ns/attempt_019.csv,native_raw,text/csv,2267816,2026-08-17T17:01:49.704135+00:00,2026-08-17T17:01:49.772894+00:00,PicoScopeService,,true,No content hash is used as an operational gate
PT01-ART-0362,system_recalibration_001,PT-01,PT01-TC08-0010000NS-A020,readbacks/PT-01/setup_1_fire_to_process_trigger/raw/10000ns/attempt_020.csv,native_raw,text/csv,2266399,2026-08-17T17:01:50.110248+00:00,2026-08-17T17:01:50.173793+00:00,PicoScopeService,,true,No content hash is used as an operational gate
PT01-ART-0363,system_recalibration_001,PT-01,PT01-TC08-0010000NS-A021,readbacks/PT-01/setup_1_fire_to_process_trigger/raw/10000ns/attempt_021.csv,native_raw,text/csv,2263166,2026-08-17T17:01:50.508969+00:00,2026-08-17T17:01:50.574403+00:00,PicoScopeService,,true,No content hash is used as an operational gate
PT01-ART-0364,system_recalibration_001,PT-01,PT01-TC08-0010000NS-A022,readbacks/PT-01/setup_1_fire_to_process_trigger/raw/10000ns/attempt_022.csv,native_raw,text/csv,2265708,2026-08-17T17:01:50.905024+00:00,2026-08-17T17:01:50.972785+00:00,PicoScopeService,,true,No content hash is used as an operational gate
PT01-ART-0365,system_recalibration_001,PT-01,PT01-TC08-0010000NS-A023,readbacks/PT-01/setup_1_fire_to_process_trigger/raw/10000ns/attempt_023.csv,native_raw,text/csv,2264459,2026-08-17T17:01:51.305753+00:00,2026-08-17T17:01:51.371814+00:00,PicoScopeService,,true,No content hash is used as an operational gate
PT01-ART-0366,system_recalibration_001,PT-01,PT01-TC08-0010000NS-A024,readbacks/PT-01/setup_1_fire_to_process_trigger/raw/10000ns/attempt_024.csv,native_raw,text/csv,2264159,2026-08-17T17:01:51.711299+00:00,2026-08-17T17:01:51.775412+00:00,PicoScopeService,,true,No content hash is used as an operational gate
PT01-ART-0367,system_recalibration_001,PT-01,PT01-TC08-0010000NS-A025,readbacks/PT-01/setup_1_fire_to_process_trigger/raw/10000ns/attempt_025.csv,native_raw,text/csv,2264940,2026-08-17T17:01:52.110187+00:00,2026-08-17T17:01:52.177701+00:00,PicoScopeService,,true,No content hash is used as an operational gate
PT01-ART-0368,system_recalibration_001,PT-01,PT01-TC08-0010000NS-A026,readbacks/PT-01/setup_1_fire_to_process_trigger/raw/10000ns/attempt_026.csv,native_raw,text/csv,2265745,2026-08-17T17:01:52.510257+00:00,2026-08-17T17:01:52.577462+00:00,PicoScopeService,,true,No content hash is used as an operational gate
PT01-ART-0369,system_recalibration_001,PT-01,PT01-TC08-0010000NS-A027,readbacks/PT-01/setup_1_fire_to_process_trigger/raw/10000ns/attempt_027.csv,native_raw,text/csv,2263028,2026-08-17T17:01:52.907691+00:00,2026-08-17T17:01:52.972674+00:00,PicoScopeService,,true,No content hash is used as an operational gate
PT01-ART-0370,system_recalibration_001,PT-01,PT01-TC08-0010000NS-A028,readbacks/PT-01/setup_1_fire_to_process_trigger/raw/10000ns/attempt_028.csv,native_raw,text/csv,2264102,2026-08-17T17:01:53.312068+00:00,2026-08-17T17:01:53.381262+00:00,PicoScopeService,,true,No content hash is used as an operational gate
PT01-ART-0371,system_recalibration_001,PT-01,PT01-TC08-0010000NS-A029,readbacks/PT-01/setup_1_fire_to_process_trigger/raw/10000ns/attempt_029.csv,native_raw,text/csv,2263172,2026-08-17T17:01:53.713307+00:00,2026-08-17T17:01:53.777415+00:00,PicoScopeService,,true,No content hash is used as an operational gate
PT01-ART-0372,system_recalibration_001,PT-01,PT01-TC08-0010000NS-A030,readbacks/PT-01/setup_1_fire_to_process_trigger/raw/10000ns/attempt_030.csv,native_raw,text/csv,2261839,2026-08-17T17:01:54.119007+00:00,2026-08-17T17:01:54.184481+00:00,PicoScopeService,,true,No content hash is used as an operational gate
PT01-ART-0373,system_recalibration_001,PT-01,PT01-TC08-0010000NS-A031,readbacks/PT-01/setup_1_fire_to_process_trigger/raw/10000ns/attempt_031.csv,native_raw,text/csv,2262923,2026-08-17T17:01:54.515968+00:00,2026-08-17T17:01:54.582417+00:00,PicoScopeService,,true,No content hash is used as an operational gate
PT01-ART-0374,system_recalibration_001,PT-01,PT01-TC08-0010000NS-A032,readbacks/PT-01/setup_1_fire_to_process_trigger/raw/10000ns/attempt_032.csv,native_raw,text/csv,2264444,2026-08-17T17:01:54.914870+00:00,2026-08-17T17:01:54.979705+00:00,PicoScopeService,,true,No content hash is used as an operational gate
PT01-ART-0375,system_recalibration_001,PT-01,PT01-TC08-0010000NS-A033,readbacks/PT-01/setup_1_fire_to_process_trigger/raw/10000ns/attempt_033.csv,native_raw,text/csv,2262664,2026-08-17T17:01:55.311176+00:00,2026-08-17T17:01:55.378015+00:00,PicoScopeService,,true,No content hash is used as an operational gate
PT01-ART-0376,system_recalibration_001,PT-01,PT01-TC08-0010000NS-A034,readbacks/PT-01/setup_1_fire_to_process_trigger/raw/10000ns/attempt_034.csv,native_raw,text/csv,2261643,2026-08-17T17:01:55.712695+00:00,2026-08-17T17:01:55.781868+00:00,PicoScopeService,,true,No content hash is used as an operational gate
PT01-ART-0377,system_recalibration_001,PT-01,PT01-TC08-0010000NS-A035,readbacks/PT-01/setup_1_fire_to_process_trigger/raw/10000ns/attempt_035.csv,native_raw,text/csv,2260337,2026-08-17T17:01:56.119056+00:00,2026-08-17T17:01:56.187668+00:00,PicoScopeService,,true,No content hash is used as an operational gate
PT01-ART-0378,system_recalibration_001,PT-01,PT01-TC08-0010000NS-A036,readbacks/PT-01/setup_1_fire_to_process_trigger/raw/10000ns/attempt_036.csv,native_raw,text/csv,2260675,2026-08-17T17:01:56.516614+00:00,2026-08-17T17:01:56.579567+00:00,PicoScopeService,,true,No content hash is used as an operational gate
PT01-ART-0379,system_recalibration_001,PT-01,PT01-TC08-0010000NS-A037,readbacks/PT-01/setup_1_fire_to_process_trigger/raw/10000ns/attempt_037.csv,native_raw,text/csv,2258098,2026-08-17T17:01:56.917676+00:00,2026-08-17T17:01:56.985486+00:00,PicoScopeService,,true,No content hash is used as an operational gate
PT01-ART-0380,system_recalibration_001,PT-01,PT01-TC08-0010000NS-A038,readbacks/PT-01/setup_1_fire_to_process_trigger/raw/10000ns/attempt_038.csv,native_raw,text/csv,2257351,2026-08-17T17:01:57.319204+00:00,2026-08-17T17:01:57.385920+00:00,PicoScopeService,,true,No content hash is used as an operational gate
PT01-ART-0381,system_recalibration_001,PT-01,PT01-TC08-0010000NS-A039,readbacks/PT-01/setup_1_fire_to_process_trigger/raw/10000ns/attempt_039.csv,native_raw,text/csv,2261501,2026-08-17T17:01:57.718994+00:00,2026-08-17T17:01:57.782679+00:00,PicoScopeService,,true,No content hash is used as an operational gate
PT01-ART-0382,system_recalibration_001,PT-01,PT01-TC08-0010000NS-A040,readbacks/PT-01/setup_1_fire_to_process_trigger/raw/10000ns/attempt_040.csv,native_raw,text/csv,2259911,2026-08-17T17:01:58.114836+00:00,2026-08-17T17:01:58.183537+00:00,PicoScopeService,,true,No content hash is used as an operational gate
PT01-ART-0383,system_recalibration_001,PT-01,PT01-TC08-0010000NS-A041,readbacks/PT-01/setup_1_fire_to_process_trigger/raw/10000ns/attempt_041.csv,native_raw,text/csv,2262694,2026-08-17T17:01:58.513665+00:00,2026-08-17T17:01:58.582088+00:00,PicoScopeService,,true,No content hash is used as an operational gate
PT01-ART-0384,system_recalibration_001,PT-01,PT01-TC08-0010000NS-A042,readbacks/PT-01/setup_1_fire_to_process_trigger/raw/10000ns/attempt_042.csv,native_raw,text/csv,2260457,2026-08-17T17:01:58.917499+00:00,2026-08-17T17:01:58.981526+00:00,PicoScopeService,,true,No content hash is used as an operational gate
PT01-ART-0385,system_recalibration_001,PT-01,PT01-TC08-0010000NS-A043,readbacks/PT-01/setup_1_fire_to_process_trigger/raw/10000ns/attempt_043.csv,native_raw,text/csv,2262298,2026-08-17T17:01:59.318430+00:00,2026-08-17T17:01:59.385741+00:00,PicoScopeService,,true,No content hash is used as an operational gate
PT01-ART-0386,system_recalibration_001,PT-01,PT01-TC08-0010000NS-A044,readbacks/PT-01/setup_1_fire_to_process_trigger/raw/10000ns/attempt_044.csv,native_raw,text/csv,2261734,2026-08-17T17:01:59.716011+00:00,2026-08-17T17:01:59.780726+00:00,PicoScopeService,,true,No content hash is used as an operational gate
PT01-ART-0387,system_recalibration_001,PT-01,PT01-TC08-0010000NS-A045,readbacks/PT-01/setup_1_fire_to_process_trigger/raw/10000ns/attempt_045.csv,native_raw,text/csv,2262721,2026-08-17T17:02:00.120308+00:00,2026-08-17T17:02:00.185741+00:00,PicoScopeService,,true,No content hash is used as an operational gate
PT01-ART-0388,system_recalibration_001,PT-01,PT01-TC08-0010000NS-A046,readbacks/PT-01/setup_1_fire_to_process_trigger/raw/10000ns/attempt_046.csv,native_raw,text/csv,2263334,2026-08-17T17:02:00.523242+00:00,2026-08-17T17:02:00.592772+00:00,PicoScopeService,,true,No content hash is used as an operational gate
PT01-ART-0389,system_recalibration_001,PT-01,PT01-TC08-0010000NS-A047,readbacks/PT-01/setup_1_fire_to_process_trigger/raw/10000ns/attempt_047.csv,native_raw,text/csv,2263098,2026-08-17T17:02:00.916171+00:00,2026-08-17T17:02:00.985465+00:00,PicoScopeService,,true,No content hash is used as an operational gate
PT01-ART-0390,system_recalibration_001,PT-01,PT01-TC08-0010000NS-A048,readbacks/PT-01/setup_1_fire_to_process_trigger/raw/10000ns/attempt_048.csv,native_raw,text/csv,2258323,2026-08-17T17:02:01.319925+00:00,2026-08-17T17:02:01.383901+00:00,PicoScopeService,,true,No content hash is used as an operational gate
PT01-ART-0391,system_recalibration_001,PT-01,PT01-TC08-0010000NS-A049,readbacks/PT-01/setup_1_fire_to_process_trigger/raw/10000ns/attempt_049.csv,native_raw,text/csv,2261327,2026-08-17T17:02:01.720092+00:00,2026-08-17T17:02:01.788117+00:00,PicoScopeService,,true,No content hash is used as an operational gate
PT01-ART-0392,system_recalibration_001,PT-01,PT01-TC08-0010000NS-A050,readbacks/PT-01/setup_1_fire_to_process_trigger/raw/10000ns/attempt_050.csv,native_raw,text/csv,2260207,2026-08-17T17:02:02.128169+00:00,2026-08-17T17:02:02.193005+00:00,PicoScopeService,,true,No content hash is used as an operational gate
PT01-ART-0393,system_recalibration_001,PT-01,PT01-TC08-0010000NS-A051,readbacks/PT-01/setup_1_fire_to_process_trigger/raw/10000ns/attempt_051.csv,native_raw,text/csv,2257737,2026-08-17T17:02:02.524018+00:00,2026-08-17T17:02:02.591055+00:00,PicoScopeService,,true,No content hash is used as an operational gate
PT01-ART-0394,system_recalibration_001,PT-01,PT01-TC08-0010000NS-A052,readbacks/PT-01/setup_1_fire_to_process_trigger/raw/10000ns/attempt_052.csv,native_raw,text/csv,2258215,2026-08-17T17:02:02.924003+00:00,2026-08-17T17:02:02.993207+00:00,PicoScopeService,,true,No content hash is used as an operational gate
PT01-ART-0395,system_recalibration_001,PT-01,PT01-TC08-0010000NS-A053,readbacks/PT-01/setup_1_fire_to_process_trigger/raw/10000ns/attempt_053.csv,native_raw,text/csv,2259816,2026-08-17T17:02:03.322903+00:00,2026-08-17T17:02:03.390708+00:00,PicoScopeService,,true,No content hash is used as an operational gate
PT01-ART-0396,system_recalibration_001,PT-01,PT01-TC08-0010000NS-A054,readbacks/PT-01/setup_1_fire_to_process_trigger/raw/10000ns/attempt_054.csv,native_raw,text/csv,2256907,2026-08-17T17:02:03.722850+00:00,2026-08-17T17:02:03.798334+00:00,PicoScopeService,,true,No content hash is used as an operational gate
PT01-ART-0397,system_recalibration_001,PT-01,PT01-TC08-0010000NS-A055,readbacks/PT-01/setup_1_fire_to_process_trigger/raw/10000ns/attempt_055.csv,native_raw,text/csv,2254133,2026-08-17T17:02:04.221997+00:00,2026-08-17T17:02:04.291203+00:00,PicoScopeService,,true,No content hash is used as an operational gate
PT01-ART-0398,system_recalibration_001,PT-01,PT01-TC08-0010000NS-A056,readbacks/PT-01/setup_1_fire_to_process_trigger/raw/10000ns/attempt_056.csv,native_raw,text/csv,2256929,2026-08-17T17:02:04.630288+00:00,2026-08-17T17:02:04.697684+00:00,PicoScopeService,,true,No content hash is used as an operational gate
PT01-ART-0399,system_recalibration_001,PT-01,PT01-TC08-0010000NS-A057,readbacks/PT-01/setup_1_fire_to_process_trigger/raw/10000ns/attempt_057.csv,native_raw,text/csv,2254577,2026-08-17T17:02:05.021146+00:00,2026-08-17T17:02:05.087822+00:00,PicoScopeService,,true,No content hash is used as an operational gate
PT01-ART-0400,system_recalibration_001,PT-01,PT01-TC08-0010000NS-A058,readbacks/PT-01/setup_1_fire_to_process_trigger/raw/10000ns/attempt_058.csv,native_raw,text/csv,2260822,2026-08-17T17:02:05.429816+00:00,2026-08-17T17:02:05.499432+00:00,PicoScopeService,,true,No content hash is used as an operational gate
PT01-ART-0401,system_recalibration_001,PT-01,PT01-TC08-0010000NS-A059,readbacks/PT-01/setup_1_fire_to_process_trigger/raw/10000ns/attempt_059.csv,native_raw,text/csv,2259161,2026-08-17T17:02:05.829905+00:00,2026-08-17T17:02:05.900498+00:00,PicoScopeService,,true,No content hash is used as an operational gate
PT01-ART-0402,system_recalibration_001,PT-01,PT01-TC08-0010000NS-A060,readbacks/PT-01/setup_1_fire_to_process_trigger/raw/10000ns/attempt_060.csv,native_raw,text/csv,2256351,2026-08-17T17:02:06.227723+00:00,2026-08-17T17:02:06.297552+00:00,PicoScopeService,,true,No content hash is used as an operational gate
PT01-ART-0403,system_recalibration_001,PT-01,PT01-TC08-0010000NS-A061,readbacks/PT-01/setup_1_fire_to_process_trigger/raw/10000ns/attempt_061.csv,native_raw,text/csv,2260910,2026-08-17T17:02:06.629614+00:00,2026-08-17T17:02:06.696655+00:00,PicoScopeService,,true,No content hash is used as an operational gate
PT01-ART-0404,system_recalibration_001,PT-01,PT01-TC08-0010000NS-A062,readbacks/PT-01/setup_1_fire_to_process_trigger/raw/10000ns/attempt_062.csv,native_raw,text/csv,2259242,2026-08-17T17:02:07.028094+00:00,2026-08-17T17:02:07.100592+00:00,PicoScopeService,,true,No content hash is used as an operational gate
PT01-ART-0405,system_recalibration_001,PT-01,PT01-TC08-0010000NS-A063,readbacks/PT-01/setup_1_fire_to_process_trigger/raw/10000ns/attempt_063.csv,native_raw,text/csv,2257262,2026-08-17T17:02:07.423826+00:00,2026-08-17T17:02:07.492407+00:00,PicoScopeService,,true,No content hash is used as an operational gate
PT01-ART-0406,system_recalibration_001,PT-01,PT01-TC08-0010000NS-A064,readbacks/PT-01/setup_1_fire_to_process_trigger/raw/10000ns/attempt_064.csv,native_raw,text/csv,2261852,2026-08-17T17:02:07.833096+00:00,2026-08-17T17:02:07.901973+00:00,PicoScopeService,,true,No content hash is used as an operational gate
PT01-ART-0407,system_recalibration_001,PT-01,PT01-TC08-0010000NS-A065,readbacks/PT-01/setup_1_fire_to_process_trigger/raw/10000ns/attempt_065.csv,native_raw,text/csv,2258618,2026-08-17T17:02:08.231721+00:00,2026-08-17T17:02:08.294524+00:00,PicoScopeService,,true,No content hash is used as an operational gate
PT01-ART-0408,system_recalibration_001,PT-01,PT01-TC08-0010000NS-A066,readbacks/PT-01/setup_1_fire_to_process_trigger/raw/10000ns/attempt_066.csv,native_raw,text/csv,2260438,2026-08-17T17:02:08.625017+00:00,2026-08-17T17:02:08.693745+00:00,PicoScopeService,,true,No content hash is used as an operational gate
PT01-ART-0409,system_recalibration_001,PT-01,PT01-TC08-0010000NS-A067,readbacks/PT-01/setup_1_fire_to_process_trigger/raw/10000ns/attempt_067.csv,native_raw,text/csv,2258667,2026-08-17T17:02:09.026690+00:00,2026-08-17T17:02:09.096931+00:00,PicoScopeService,,true,No content hash is used as an operational gate
PT01-ART-0410,system_recalibration_001,PT-01,PT01-TC08-0010000NS-A068,readbacks/PT-01/setup_1_fire_to_process_trigger/raw/10000ns/attempt_068.csv,native_raw,text/csv,2260124,2026-08-17T17:02:09.426653+00:00,2026-08-17T17:02:09.489532+00:00,PicoScopeService,,true,No content hash is used as an operational gate
PT01-ART-0411,system_recalibration_001,PT-01,PT01-TC08-0010000NS-A069,readbacks/PT-01/setup_1_fire_to_process_trigger/raw/10000ns/attempt_069.csv,native_raw,text/csv,2258658,2026-08-17T17:02:09.831889+00:00,2026-08-17T17:02:09.900775+00:00,PicoScopeService,,true,No content hash is used as an operational gate
PT01-ART-0412,system_recalibration_001,PT-01,PT01-TC08-0010000NS-A070,readbacks/PT-01/setup_1_fire_to_process_trigger/raw/10000ns/attempt_070.csv,native_raw,text/csv,2258243,2026-08-17T17:02:10.227964+00:00,2026-08-17T17:02:10.293486+00:00,PicoScopeService,,true,No content hash is used as an operational gate
PT01-ART-0413,system_recalibration_001,PT-01,PT01-TC08-0010000NS-A071,readbacks/PT-01/setup_1_fire_to_process_trigger/raw/10000ns/attempt_071.csv,native_raw,text/csv,2258390,2026-08-17T17:02:10.629562+00:00,2026-08-17T17:02:10.695382+00:00,PicoScopeService,,true,No content hash is used as an operational gate
PT01-ART-0414,system_recalibration_001,PT-01,PT01-TC08-0010000NS-A072,readbacks/PT-01/setup_1_fire_to_process_trigger/raw/10000ns/attempt_072.csv,native_raw,text/csv,2257250,2026-08-17T17:02:11.033191+00:00,2026-08-17T17:02:11.102317+00:00,PicoScopeService,,true,No content hash is used as an operational gate
PT01-ART-0415,system_recalibration_001,PT-01,PT01-TC08-0010000NS-A073,readbacks/PT-01/setup_1_fire_to_process_trigger/raw/10000ns/attempt_073.csv,native_raw,text/csv,2259890,2026-08-17T17:02:11.434306+00:00,2026-08-17T17:02:11.503252+00:00,PicoScopeService,,true,No content hash is used as an operational gate
PT01-ART-0416,system_recalibration_001,PT-01,PT01-TC08-0010000NS-A074,readbacks/PT-01/setup_1_fire_to_process_trigger/raw/10000ns/attempt_074.csv,native_raw,text/csv,2256563,2026-08-17T17:02:11.835776+00:00,2026-08-17T17:02:11.897866+00:00,PicoScopeService,,true,No content hash is used as an operational gate
PT01-ART-0417,system_recalibration_001,PT-01,PT01-TC08-0010000NS-A075,readbacks/PT-01/setup_1_fire_to_process_trigger/raw/10000ns/attempt_075.csv,native_raw,text/csv,2258386,2026-08-17T17:02:12.229878+00:00,2026-08-17T17:02:12.297040+00:00,PicoScopeService,,true,No content hash is used as an operational gate
PT01-ART-0418,system_recalibration_001,PT-01,PT01-TC08-0010000NS-A076,readbacks/PT-01/setup_1_fire_to_process_trigger/raw/10000ns/attempt_076.csv,native_raw,text/csv,2257243,2026-08-17T17:02:12.637491+00:00,2026-08-17T17:02:12.701441+00:00,PicoScopeService,,true,No content hash is used as an operational gate
PT01-ART-0419,system_recalibration_001,PT-01,PT01-TC08-0010000NS-A077,readbacks/PT-01/setup_1_fire_to_process_trigger/raw/10000ns/attempt_077.csv,native_raw,text/csv,2257281,2026-08-17T17:02:13.031201+00:00,2026-08-17T17:02:13.095096+00:00,PicoScopeService,,true,No content hash is used as an operational gate
PT01-ART-0420,system_recalibration_001,PT-01,PT01-TC08-0010000NS-A078,readbacks/PT-01/setup_1_fire_to_process_trigger/raw/10000ns/attempt_078.csv,native_raw,text/csv,2256707,2026-08-17T17:02:13.438686+00:00,2026-08-17T17:02:13.508713+00:00,PicoScopeService,,true,No content hash is used as an operational gate
PT01-ART-0421,system_recalibration_001,PT-01,PT01-TC08-0010000NS-A079,readbacks/PT-01/setup_1_fire_to_process_trigger/raw/10000ns/attempt_079.csv,native_raw,text/csv,2255204,2026-08-17T17:02:13.833004+00:00,2026-08-17T17:02:13.896668+00:00,PicoScopeService,,true,No content hash is used as an operational gate
PT01-ART-0422,system_recalibration_001,PT-01,PT01-TC08-0010000NS-A080,readbacks/PT-01/setup_1_fire_to_process_trigger/raw/10000ns/attempt_080.csv,native_raw,text/csv,2255206,2026-08-17T17:02:14.238708+00:00,2026-08-17T17:02:14.303974+00:00,PicoScopeService,,true,No content hash is used as an operational gate
PT01-ART-0423,system_recalibration_001,PT-01,PT01-TC08-0010000NS-A081,readbacks/PT-01/setup_1_fire_to_process_trigger/raw/10000ns/attempt_081.csv,native_raw,text/csv,2254636,2026-08-17T17:02:14.638378+00:00,2026-08-17T17:02:14.705641+00:00,PicoScopeService,,true,No content hash is used as an operational gate
PT01-ART-0424,system_recalibration_001,PT-01,PT01-TC08-0010000NS-A082,readbacks/PT-01/setup_1_fire_to_process_trigger/raw/10000ns/attempt_082.csv,native_raw,text/csv,2257350,2026-08-17T17:02:15.042024+00:00,2026-08-17T17:02:15.105883+00:00,PicoScopeService,,true,No content hash is used as an operational gate
PT01-ART-0425,system_recalibration_001,PT-01,PT01-TC08-0010000NS-A083,readbacks/PT-01/setup_1_fire_to_process_trigger/raw/10000ns/attempt_083.csv,native_raw,text/csv,2253719,2026-08-17T17:02:15.433237+00:00,2026-08-17T17:02:15.500556+00:00,PicoScopeService,,true,No content hash is used as an operational gate
PT01-ART-0426,system_recalibration_001,PT-01,PT01-TC08-0010000NS-A084,readbacks/PT-01/setup_1_fire_to_process_trigger/raw/10000ns/attempt_084.csv,native_raw,text/csv,2255562,2026-08-17T17:02:15.839787+00:00,2026-08-17T17:02:15.909440+00:00,PicoScopeService,,true,No content hash is used as an operational gate
PT01-ART-0427,system_recalibration_001,PT-01,PT01-TC08-0010000NS-A085,readbacks/PT-01/setup_1_fire_to_process_trigger/raw/10000ns/attempt_085.csv,native_raw,text/csv,2256567,2026-08-17T17:02:16.241127+00:00,2026-08-17T17:02:16.309825+00:00,PicoScopeService,,true,No content hash is used as an operational gate
PT01-ART-0428,system_recalibration_001,PT-01,PT01-TC08-0010000NS-A086,readbacks/PT-01/setup_1_fire_to_process_trigger/raw/10000ns/attempt_086.csv,native_raw,text/csv,2253635,2026-08-17T17:02:16.640460+00:00,2026-08-17T17:02:16.703960+00:00,PicoScopeService,,true,No content hash is used as an operational gate
PT01-ART-0429,system_recalibration_001,PT-01,PT01-TC08-0010000NS-A087,readbacks/PT-01/setup_1_fire_to_process_trigger/raw/10000ns/attempt_087.csv,native_raw,text/csv,2254274,2026-08-17T17:02:17.036721+00:00,2026-08-17T17:02:17.104317+00:00,PicoScopeService,,true,No content hash is used as an operational gate
PT01-ART-0430,system_recalibration_001,PT-01,PT01-TC08-0010000NS-A088,readbacks/PT-01/setup_1_fire_to_process_trigger/raw/10000ns/attempt_088.csv,native_raw,text/csv,2253122,2026-08-17T17:02:17.445458+00:00,2026-08-17T17:02:17.509607+00:00,PicoScopeService,,true,No content hash is used as an operational gate
PT01-ART-0431,system_recalibration_001,PT-01,PT01-TC08-0010000NS-A089,readbacks/PT-01/setup_1_fire_to_process_trigger/raw/10000ns/attempt_089.csv,native_raw,text/csv,2253771,2026-08-17T17:02:17.839436+00:00,2026-08-17T17:02:17.904366+00:00,PicoScopeService,,true,No content hash is used as an operational gate
PT01-ART-0432,system_recalibration_001,PT-01,PT01-TC08-0010000NS-A090,readbacks/PT-01/setup_1_fire_to_process_trigger/raw/10000ns/attempt_090.csv,native_raw,text/csv,2253917,2026-08-17T17:02:18.239863+00:00,2026-08-17T17:02:18.306813+00:00,PicoScopeService,,true,No content hash is used as an operational gate
PT01-ART-0433,system_recalibration_001,PT-01,PT01-TC08-0010000NS-A091,readbacks/PT-01/setup_1_fire_to_process_trigger/raw/10000ns/attempt_091.csv,native_raw,text/csv,2253245,2026-08-17T17:02:18.647690+00:00,2026-08-17T17:02:18.711532+00:00,PicoScopeService,,true,No content hash is used as an operational gate
PT01-ART-0434,system_recalibration_001,PT-01,PT01-TC08-0010000NS-A092,readbacks/PT-01/setup_1_fire_to_process_trigger/raw/10000ns/attempt_092.csv,native_raw,text/csv,2256448,2026-08-17T17:02:19.036982+00:00,2026-08-17T17:02:19.102567+00:00,PicoScopeService,,true,No content hash is used as an operational gate
PT01-ART-0435,system_recalibration_001,PT-01,PT01-TC08-0010000NS-A093,readbacks/PT-01/setup_1_fire_to_process_trigger/raw/10000ns/attempt_093.csv,native_raw,text/csv,2256507,2026-08-17T17:02:19.444435+00:00,2026-08-17T17:02:19.524190+00:00,PicoScopeService,,true,No content hash is used as an operational gate
PT01-ART-0436,system_recalibration_001,PT-01,PT01-TC08-0010000NS-A094,readbacks/PT-01/setup_1_fire_to_process_trigger/raw/10000ns/attempt_094.csv,native_raw,text/csv,2254670,2026-08-17T17:02:19.940049+00:00,2026-08-17T17:02:20.011509+00:00,PicoScopeService,,true,No content hash is used as an operational gate
PT01-ART-0437,system_recalibration_001,PT-01,PT01-TC08-0010000NS-A095,readbacks/PT-01/setup_1_fire_to_process_trigger/raw/10000ns/attempt_095.csv,native_raw,text/csv,2255522,2026-08-17T17:02:20.341001+00:00,2026-08-17T17:02:20.412598+00:00,PicoScopeService,,true,No content hash is used as an operational gate
PT01-ART-0438,system_recalibration_001,PT-01,PT01-TC08-0010000NS-A096,readbacks/PT-01/setup_1_fire_to_process_trigger/raw/10000ns/attempt_096.csv,native_raw,text/csv,2254236,2026-08-17T17:02:20.746020+00:00,2026-08-17T17:02:20.814378+00:00,PicoScopeService,,true,No content hash is used as an operational gate
PT01-ART-0439,system_recalibration_001,PT-01,PT01-TC08-0010000NS-A097,readbacks/PT-01/setup_1_fire_to_process_trigger/raw/10000ns/attempt_097.csv,native_raw,text/csv,2255284,2026-08-17T17:02:21.149844+00:00,2026-08-17T17:02:21.218777+00:00,PicoScopeService,,true,No content hash is used as an operational gate
PT01-ART-0440,system_recalibration_001,PT-01,PT01-TC08-0010000NS-A098,readbacks/PT-01/setup_1_fire_to_process_trigger/raw/10000ns/attempt_098.csv,native_raw,text/csv,2254977,2026-08-17T17:02:21.640715+00:00,2026-08-17T17:02:21.707856+00:00,PicoScopeService,,true,No content hash is used as an operational gate
PT01-ART-0441,system_recalibration_001,PT-01,PT01-TC08-0010000NS-A099,readbacks/PT-01/setup_1_fire_to_process_trigger/raw/10000ns/attempt_099.csv,native_raw,text/csv,2254308,2026-08-17T17:02:22.043036+00:00,2026-08-17T17:02:22.112499+00:00,PicoScopeService,,true,No content hash is used as an operational gate
PT01-ART-0442,system_recalibration_001,PT-01,PT01-TC08-0010000NS-A100,readbacks/PT-01/setup_1_fire_to_process_trigger/raw/10000ns/attempt_100.csv,native_raw,text/csv,2252827,2026-08-17T17:02:22.446116+00:00,2026-08-17T17:02:22.512865+00:00,PicoScopeService,,true,No content hash is used as an operational gate
PT01-ART-0443,system_recalibration_001,PT-01,PT01-TC08-0001000NS-A001,readbacks/PT-01/setup_1_fire_to_process_trigger/raw/1000ns/attempt_001.csv,native_raw,text/csv,2295075,2026-08-17T17:00:55.939964+00:00,2026-08-17T17:00:56.004534+00:00,PicoScopeService,,true,No content hash is used as an operational gate
PT01-ART-0444,system_recalibration_001,PT-01,PT01-TC08-0001000NS-A002,readbacks/PT-01/setup_1_fire_to_process_trigger/raw/1000ns/attempt_002.csv,native_raw,text/csv,2294625,2026-08-17T17:00:56.344487+00:00,2026-08-17T17:00:56.406474+00:00,PicoScopeService,,true,No content hash is used as an operational gate
PT01-ART-0445,system_recalibration_001,PT-01,PT01-TC08-0001000NS-A003,readbacks/PT-01/setup_1_fire_to_process_trigger/raw/1000ns/attempt_003.csv,native_raw,text/csv,2292800,2026-08-17T17:00:56.748007+00:00,2026-08-17T17:00:56.814672+00:00,PicoScopeService,,true,No content hash is used as an operational gate
PT01-ART-0446,system_recalibration_001,PT-01,PT01-TC08-0001000NS-A004,readbacks/PT-01/setup_1_fire_to_process_trigger/raw/1000ns/attempt_004.csv,native_raw,text/csv,2296593,2026-08-17T17:00:57.151175+00:00,2026-08-17T17:00:57.218549+00:00,PicoScopeService,,true,No content hash is used as an operational gate
PT01-ART-0447,system_recalibration_001,PT-01,PT01-TC08-0001000NS-A005,readbacks/PT-01/setup_1_fire_to_process_trigger/raw/1000ns/attempt_005.csv,native_raw,text/csv,2295598,2026-08-17T17:00:57.544245+00:00,2026-08-17T17:00:57.610835+00:00,PicoScopeService,,true,No content hash is used as an operational gate
PT01-ART-0448,system_recalibration_001,PT-01,PT01-TC08-0001000NS-A006,readbacks/PT-01/setup_1_fire_to_process_trigger/raw/1000ns/attempt_006.csv,native_raw,text/csv,2295083,2026-08-17T17:00:57.949923+00:00,2026-08-17T17:00:58.015661+00:00,PicoScopeService,,true,No content hash is used as an operational gate
PT01-ART-0449,system_recalibration_001,PT-01,PT01-TC08-0001000NS-A007,readbacks/PT-01/setup_1_fire_to_process_trigger/raw/1000ns/attempt_007.csv,native_raw,text/csv,2293130,2026-08-17T17:00:58.345762+00:00,2026-08-17T17:00:58.411362+00:00,PicoScopeService,,true,No content hash is used as an operational gate
PT01-ART-0450,system_recalibration_001,PT-01,PT01-TC08-0001000NS-A008,readbacks/PT-01/setup_1_fire_to_process_trigger/raw/1000ns/attempt_008.csv,native_raw,text/csv,2293934,2026-08-17T17:00:58.750100+00:00,2026-08-17T17:00:58.815754+00:00,PicoScopeService,,true,No content hash is used as an operational gate
PT01-ART-0451,system_recalibration_001,PT-01,PT01-TC08-0001000NS-A009,readbacks/PT-01/setup_1_fire_to_process_trigger/raw/1000ns/attempt_009.csv,native_raw,text/csv,2293734,2026-08-17T17:00:59.153389+00:00,2026-08-17T17:00:59.220294+00:00,PicoScopeService,,true,No content hash is used as an operational gate
PT01-ART-0452,system_recalibration_001,PT-01,PT01-TC08-0001000NS-A010,readbacks/PT-01/setup_1_fire_to_process_trigger/raw/1000ns/attempt_010.csv,native_raw,text/csv,2293332,2026-08-17T17:00:59.548026+00:00,2026-08-17T17:00:59.615233+00:00,PicoScopeService,,true,No content hash is used as an operational gate
PT01-ART-0453,system_recalibration_001,PT-01,PT01-TC08-0001000NS-A011,readbacks/PT-01/setup_1_fire_to_process_trigger/raw/1000ns/attempt_011.csv,native_raw,text/csv,2292826,2026-08-17T17:00:59.954654+00:00,2026-08-17T17:01:00.019879+00:00,PicoScopeService,,true,No content hash is used as an operational gate
PT01-ART-0454,system_recalibration_001,PT-01,PT01-TC08-0001000NS-A012,readbacks/PT-01/setup_1_fire_to_process_trigger/raw/1000ns/attempt_012.csv,native_raw,text/csv,2294234,2026-08-17T17:01:00.355640+00:00,2026-08-17T17:01:00.423230+00:00,PicoScopeService,,true,No content hash is used as an operational gate
PT01-ART-0455,system_recalibration_001,PT-01,PT01-TC08-0001000NS-A013,readbacks/PT-01/setup_1_fire_to_process_trigger/raw/1000ns/attempt_013.csv,native_raw,text/csv,2294112,2026-08-17T17:01:00.752429+00:00,2026-08-17T17:01:00.820045+00:00,PicoScopeService,,true,No content hash is used as an operational gate
PT01-ART-0456,system_recalibration_001,PT-01,PT01-TC08-0001000NS-A014,readbacks/PT-01/setup_1_fire_to_process_trigger/raw/1000ns/attempt_014.csv,native_raw,text/csv,2292729,2026-08-17T17:01:01.152344+00:00,2026-08-17T17:01:01.220849+00:00,PicoScopeService,,true,No content hash is used as an operational gate
PT01-ART-0457,system_recalibration_001,PT-01,PT01-TC08-0001000NS-A015,readbacks/PT-01/setup_1_fire_to_process_trigger/raw/1000ns/attempt_015.csv,native_raw,text/csv,2291294,2026-08-17T17:01:01.552858+00:00,2026-08-17T17:01:01.622027+00:00,PicoScopeService,,true,No content hash is used as an operational gate
PT01-ART-0458,system_recalibration_001,PT-01,PT01-TC08-0001000NS-A016,readbacks/PT-01/setup_1_fire_to_process_trigger/raw/1000ns/attempt_016.csv,native_raw,text/csv,2289662,2026-08-17T17:01:01.952039+00:00,2026-08-17T17:01:02.016249+00:00,PicoScopeService,,true,No content hash is used as an operational gate
PT01-ART-0459,system_recalibration_001,PT-01,PT01-TC08-0001000NS-A017,readbacks/PT-01/setup_1_fire_to_process_trigger/raw/1000ns/attempt_017.csv,native_raw,text/csv,2289969,2026-08-17T17:01:02.355031+00:00,2026-08-17T17:01:02.423321+00:00,PicoScopeService,,true,No content hash is used as an operational gate
PT01-ART-0460,system_recalibration_001,PT-01,PT01-TC08-0001000NS-A018,readbacks/PT-01/setup_1_fire_to_process_trigger/raw/1000ns/attempt_018.csv,native_raw,text/csv,2289813,2026-08-17T17:01:02.753908+00:00,2026-08-17T17:01:02.824137+00:00,PicoScopeService,,true,No content hash is used as an operational gate
PT01-ART-0461,system_recalibration_001,PT-01,PT01-TC08-0001000NS-A019,readbacks/PT-01/setup_1_fire_to_process_trigger/raw/1000ns/attempt_019.csv,native_raw,text/csv,2291137,2026-08-17T17:01:03.149025+00:00,2026-08-17T17:01:03.212871+00:00,PicoScopeService,,true,No content hash is used as an operational gate
PT01-ART-0462,system_recalibration_001,PT-01,PT01-TC08-0001000NS-A020,readbacks/PT-01/setup_1_fire_to_process_trigger/raw/1000ns/attempt_020.csv,native_raw,text/csv,2291916,2026-08-17T17:01:03.556614+00:00,2026-08-17T17:01:03.622030+00:00,PicoScopeService,,true,No content hash is used as an operational gate
PT01-ART-0463,system_recalibration_001,PT-01,PT01-TC08-0001000NS-A021,readbacks/PT-01/setup_1_fire_to_process_trigger/raw/1000ns/attempt_021.csv,native_raw,text/csv,2291763,2026-08-17T17:01:03.952734+00:00,2026-08-17T17:01:04.023160+00:00,PicoScopeService,,true,No content hash is used as an operational gate
PT01-ART-0464,system_recalibration_001,PT-01,PT01-TC08-0001000NS-A022,readbacks/PT-01/setup_1_fire_to_process_trigger/raw/1000ns/attempt_022.csv,native_raw,text/csv,2290789,2026-08-17T17:01:04.357981+00:00,2026-08-17T17:01:04.425869+00:00,PicoScopeService,,true,No content hash is used as an operational gate
PT01-ART-0465,system_recalibration_001,PT-01,PT01-TC08-0001000NS-A023,readbacks/PT-01/setup_1_fire_to_process_trigger/raw/1000ns/attempt_023.csv,native_raw,text/csv,2292368,2026-08-17T17:01:04.761312+00:00,2026-08-17T17:01:04.829521+00:00,PicoScopeService,,true,No content hash is used as an operational gate
PT01-ART-0466,system_recalibration_001,PT-01,PT01-TC08-0001000NS-A024,readbacks/PT-01/setup_1_fire_to_process_trigger/raw/1000ns/attempt_024.csv,native_raw,text/csv,2291353,2026-08-17T17:01:05.153420+00:00,2026-08-17T17:01:05.223829+00:00,PicoScopeService,,true,No content hash is used as an operational gate
PT01-ART-0467,system_recalibration_001,PT-01,PT01-TC08-0001000NS-A025,readbacks/PT-01/setup_1_fire_to_process_trigger/raw/1000ns/attempt_025.csv,native_raw,text/csv,2292862,2026-08-17T17:01:05.553771+00:00,2026-08-17T17:01:05.623361+00:00,PicoScopeService,,true,No content hash is used as an operational gate
PT01-ART-0468,system_recalibration_001,PT-01,PT01-TC08-0001000NS-A026,readbacks/PT-01/setup_1_fire_to_process_trigger/raw/1000ns/attempt_026.csv,native_raw,text/csv,2294076,2026-08-17T17:01:05.957068+00:00,2026-08-17T17:01:06.024219+00:00,PicoScopeService,,true,No content hash is used as an operational gate
PT01-ART-0469,system_recalibration_001,PT-01,PT01-TC08-0001000NS-A027,readbacks/PT-01/setup_1_fire_to_process_trigger/raw/1000ns/attempt_027.csv,native_raw,text/csv,2292127,2026-08-17T17:01:06.358257+00:00,2026-08-17T17:01:06.431851+00:00,PicoScopeService,,true,No content hash is used as an operational gate
PT01-ART-0470,system_recalibration_001,PT-01,PT01-TC08-0001000NS-A028,readbacks/PT-01/setup_1_fire_to_process_trigger/raw/1000ns/attempt_028.csv,native_raw,text/csv,2292732,2026-08-17T17:01:06.756066+00:00,2026-08-17T17:01:06.821367+00:00,PicoScopeService,,true,No content hash is used as an operational gate
PT01-ART-0471,system_recalibration_001,PT-01,PT01-TC08-0001000NS-A029,readbacks/PT-01/setup_1_fire_to_process_trigger/raw/1000ns/attempt_029.csv,native_raw,text/csv,2291211,2026-08-17T17:01:07.158243+00:00,2026-08-17T17:01:07.225986+00:00,PicoScopeService,,true,No content hash is used as an operational gate
PT01-ART-0472,system_recalibration_001,PT-01,PT01-TC08-0001000NS-A030,readbacks/PT-01/setup_1_fire_to_process_trigger/raw/1000ns/attempt_030.csv,native_raw,text/csv,2291394,2026-08-17T17:01:07.557129+00:00,2026-08-17T17:01:07.625949+00:00,PicoScopeService,,true,No content hash is used as an operational gate
PT01-ART-0473,system_recalibration_001,PT-01,PT01-TC08-0001000NS-A031,readbacks/PT-01/setup_1_fire_to_process_trigger/raw/1000ns/attempt_031.csv,native_raw,text/csv,2290432,2026-08-17T17:01:07.958261+00:00,2026-08-17T17:01:08.021803+00:00,PicoScopeService,,true,No content hash is used as an operational gate
PT01-ART-0474,system_recalibration_001,PT-01,PT01-TC08-0001000NS-A032,readbacks/PT-01/setup_1_fire_to_process_trigger/raw/1000ns/attempt_032.csv,native_raw,text/csv,2290780,2026-08-17T17:01:08.360416+00:00,2026-08-17T17:01:08.425481+00:00,PicoScopeService,,true,No content hash is used as an operational gate
PT01-ART-0475,system_recalibration_001,PT-01,PT01-TC08-0001000NS-A033,readbacks/PT-01/setup_1_fire_to_process_trigger/raw/1000ns/attempt_033.csv,native_raw,text/csv,2288897,2026-08-17T17:01:08.759783+00:00,2026-08-17T17:01:08.828403+00:00,PicoScopeService,,true,No content hash is used as an operational gate
PT01-ART-0476,system_recalibration_001,PT-01,PT01-TC08-0001000NS-A034,readbacks/PT-01/setup_1_fire_to_process_trigger/raw/1000ns/attempt_034.csv,native_raw,text/csv,2289645,2026-08-17T17:01:09.159152+00:00,2026-08-17T17:01:09.224016+00:00,PicoScopeService,,true,No content hash is used as an operational gate
PT01-ART-0477,system_recalibration_001,PT-01,PT01-TC08-0001000NS-A035,readbacks/PT-01/setup_1_fire_to_process_trigger/raw/1000ns/attempt_035.csv,native_raw,text/csv,2290282,2026-08-17T17:01:09.559171+00:00,2026-08-17T17:01:09.623936+00:00,PicoScopeService,,true,No content hash is used as an operational gate
PT01-ART-0478,system_recalibration_001,PT-01,PT01-TC08-0001000NS-A036,readbacks/PT-01/setup_1_fire_to_process_trigger/raw/1000ns/attempt_036.csv,native_raw,text/csv,2289242,2026-08-17T17:01:09.956876+00:00,2026-08-17T17:01:10.028216+00:00,PicoScopeService,,true,No content hash is used as an operational gate
PT01-ART-0479,system_recalibration_001,PT-01,PT01-TC08-0001000NS-A037,readbacks/PT-01/setup_1_fire_to_process_trigger/raw/1000ns/attempt_037.csv,native_raw,text/csv,2290064,2026-08-17T17:01:10.362301+00:00,2026-08-17T17:01:10.429177+00:00,PicoScopeService,,true,No content hash is used as an operational gate
PT01-ART-0480,system_recalibration_001,PT-01,PT01-TC08-0001000NS-A038,readbacks/PT-01/setup_1_fire_to_process_trigger/raw/1000ns/attempt_038.csv,native_raw,text/csv,2288860,2026-08-17T17:01:10.758936+00:00,2026-08-17T17:01:10.832862+00:00,PicoScopeService,,true,No content hash is used as an operational gate
PT01-ART-0481,system_recalibration_001,PT-01,PT01-TC08-0001000NS-A039,readbacks/PT-01/setup_1_fire_to_process_trigger/raw/1000ns/attempt_039.csv,native_raw,text/csv,2286355,2026-08-17T17:01:11.162572+00:00,2026-08-17T17:01:11.231908+00:00,PicoScopeService,,true,No content hash is used as an operational gate
PT01-ART-0482,system_recalibration_001,PT-01,PT01-TC08-0001000NS-A040,readbacks/PT-01/setup_1_fire_to_process_trigger/raw/1000ns/attempt_040.csv,native_raw,text/csv,2287843,2026-08-17T17:01:11.565692+00:00,2026-08-17T17:01:11.634801+00:00,PicoScopeService,,true,No content hash is used as an operational gate
PT01-ART-0483,system_recalibration_001,PT-01,PT01-TC08-0001000NS-A041,readbacks/PT-01/setup_1_fire_to_process_trigger/raw/1000ns/attempt_041.csv,native_raw,text/csv,2285501,2026-08-17T17:01:11.962714+00:00,2026-08-17T17:01:12.026730+00:00,PicoScopeService,,true,No content hash is used as an operational gate
PT01-ART-0484,system_recalibration_001,PT-01,PT01-TC08-0001000NS-A042,readbacks/PT-01/setup_1_fire_to_process_trigger/raw/1000ns/attempt_042.csv,native_raw,text/csv,2285688,2026-08-17T17:01:12.366582+00:00,2026-08-17T17:01:12.435825+00:00,PicoScopeService,,true,No content hash is used as an operational gate
PT01-ART-0485,system_recalibration_001,PT-01,PT01-TC08-0001000NS-A043,readbacks/PT-01/setup_1_fire_to_process_trigger/raw/1000ns/attempt_043.csv,native_raw,text/csv,2289099,2026-08-17T17:01:12.766269+00:00,2026-08-17T17:01:12.831809+00:00,PicoScopeService,,true,No content hash is used as an operational gate
PT01-ART-0486,system_recalibration_001,PT-01,PT01-TC08-0001000NS-A044,readbacks/PT-01/setup_1_fire_to_process_trigger/raw/1000ns/attempt_044.csv,native_raw,text/csv,2286060,2026-08-17T17:01:13.169235+00:00,2026-08-17T17:01:13.234578+00:00,PicoScopeService,,true,No content hash is used as an operational gate
PT01-ART-0487,system_recalibration_001,PT-01,PT01-TC08-0001000NS-A045,readbacks/PT-01/setup_1_fire_to_process_trigger/raw/1000ns/attempt_045.csv,native_raw,text/csv,2283175,2026-08-17T17:01:13.570068+00:00,2026-08-17T17:01:13.638689+00:00,PicoScopeService,,true,No content hash is used as an operational gate
PT01-ART-0488,system_recalibration_001,PT-01,PT01-TC08-0001000NS-A046,readbacks/PT-01/setup_1_fire_to_process_trigger/raw/1000ns/attempt_046.csv,native_raw,text/csv,2285030,2026-08-17T17:01:13.969510+00:00,2026-08-17T17:01:14.035778+00:00,PicoScopeService,,true,No content hash is used as an operational gate
PT01-ART-0489,system_recalibration_001,PT-01,PT01-TC08-0001000NS-A047,readbacks/PT-01/setup_1_fire_to_process_trigger/raw/1000ns/attempt_047.csv,native_raw,text/csv,2288153,2026-08-17T17:01:14.371945+00:00,2026-08-17T17:01:14.441069+00:00,PicoScopeService,,true,No content hash is used as an operational gate
PT01-ART-0490,system_recalibration_001,PT-01,PT01-TC08-0001000NS-A048,readbacks/PT-01/setup_1_fire_to_process_trigger/raw/1000ns/attempt_048.csv,native_raw,text/csv,2285089,2026-08-17T17:01:14.762555+00:00,2026-08-17T17:01:14.830701+00:00,PicoScopeService,,true,No content hash is used as an operational gate
PT01-ART-0491,system_recalibration_001,PT-01,PT01-TC08-0001000NS-A049,readbacks/PT-01/setup_1_fire_to_process_trigger/raw/1000ns/attempt_049.csv,native_raw,text/csv,2288141,2026-08-17T17:01:15.170231+00:00,2026-08-17T17:01:15.235643+00:00,PicoScopeService,,true,No content hash is used as an operational gate
PT01-ART-0492,system_recalibration_001,PT-01,PT01-TC08-0001000NS-A050,readbacks/PT-01/setup_1_fire_to_process_trigger/raw/1000ns/attempt_050.csv,native_raw,text/csv,2282411,2026-08-17T17:01:15.563444+00:00,2026-08-17T17:01:15.628608+00:00,PicoScopeService,,true,No content hash is used as an operational gate
PT01-ART-0493,system_recalibration_001,PT-01,PT01-TC08-0001000NS-A051,readbacks/PT-01/setup_1_fire_to_process_trigger/raw/1000ns/attempt_051.csv,native_raw,text/csv,2283894,2026-08-17T17:01:15.963676+00:00,2026-08-17T17:01:16.036514+00:00,PicoScopeService,,true,No content hash is used as an operational gate
PT01-ART-0494,system_recalibration_001,PT-01,PT01-TC08-0001000NS-A052,readbacks/PT-01/setup_1_fire_to_process_trigger/raw/1000ns/attempt_052.csv,native_raw,text/csv,2282867,2026-08-17T17:01:16.468327+00:00,2026-08-17T17:01:16.535145+00:00,PicoScopeService,,true,No content hash is used as an operational gate
PT01-ART-0495,system_recalibration_001,PT-01,PT01-TC08-0001000NS-A053,readbacks/PT-01/setup_1_fire_to_process_trigger/raw/1000ns/attempt_053.csv,native_raw,text/csv,2282165,2026-08-17T17:01:16.868527+00:00,2026-08-17T17:01:16.932703+00:00,PicoScopeService,,true,No content hash is used as an operational gate
PT01-ART-0496,system_recalibration_001,PT-01,PT01-TC08-0001000NS-A054,readbacks/PT-01/setup_1_fire_to_process_trigger/raw/1000ns/attempt_054.csv,native_raw,text/csv,2283722,2026-08-17T17:01:17.270426+00:00,2026-08-17T17:01:17.340142+00:00,PicoScopeService,,true,No content hash is used as an operational gate
PT01-ART-0497,system_recalibration_001,PT-01,PT01-TC08-0001000NS-A055,readbacks/PT-01/setup_1_fire_to_process_trigger/raw/1000ns/attempt_055.csv,native_raw,text/csv,2282390,2026-08-17T17:01:17.672104+00:00,2026-08-17T17:01:17.739693+00:00,PicoScopeService,,true,No content hash is used as an operational gate
PT01-ART-0498,system_recalibration_001,PT-01,PT01-TC08-0001000NS-A056,readbacks/PT-01/setup_1_fire_to_process_trigger/raw/1000ns/attempt_056.csv,native_raw,text/csv,2282887,2026-08-17T17:01:18.069476+00:00,2026-08-17T17:01:18.136760+00:00,PicoScopeService,,true,No content hash is used as an operational gate
PT01-ART-0499,system_recalibration_001,PT-01,PT01-TC08-0001000NS-A057,readbacks/PT-01/setup_1_fire_to_process_trigger/raw/1000ns/attempt_057.csv,native_raw,text/csv,2281157,2026-08-17T17:01:18.472329+00:00,2026-08-17T17:01:18.539371+00:00,PicoScopeService,,true,No content hash is used as an operational gate
PT01-ART-0500,system_recalibration_001,PT-01,PT01-TC08-0001000NS-A058,readbacks/PT-01/setup_1_fire_to_process_trigger/raw/1000ns/attempt_058.csv,native_raw,text/csv,2281743,2026-08-17T17:01:18.871058+00:00,2026-08-17T17:01:18.939431+00:00,PicoScopeService,,true,No content hash is used as an operational gate
PT01-ART-0501,system_recalibration_001,PT-01,PT01-TC08-0001000NS-A059,readbacks/PT-01/setup_1_fire_to_process_trigger/raw/1000ns/attempt_059.csv,native_raw,text/csv,2281785,2026-08-17T17:01:19.272395+00:00,2026-08-17T17:01:19.340322+00:00,PicoScopeService,,true,No content hash is used as an operational gate
PT01-ART-0502,system_recalibration_001,PT-01,PT01-TC08-0001000NS-A060,readbacks/PT-01/setup_1_fire_to_process_trigger/raw/1000ns/attempt_060.csv,native_raw,text/csv,2282348,2026-08-17T17:01:19.670552+00:00,2026-08-17T17:01:19.742471+00:00,PicoScopeService,,true,No content hash is used as an operational gate
PT01-ART-0503,system_recalibration_001,PT-01,PT01-TC08-0001000NS-A061,readbacks/PT-01/setup_1_fire_to_process_trigger/raw/1000ns/attempt_061.csv,native_raw,text/csv,2280552,2026-08-17T17:01:20.077148+00:00,2026-08-17T17:01:20.150668+00:00,PicoScopeService,,true,No content hash is used as an operational gate
PT01-ART-0504,system_recalibration_001,PT-01,PT01-TC08-0001000NS-A062,readbacks/PT-01/setup_1_fire_to_process_trigger/raw/1000ns/attempt_062.csv,native_raw,text/csv,2281731,2026-08-17T17:01:20.477143+00:00,2026-08-17T17:01:20.546506+00:00,PicoScopeService,,true,No content hash is used as an operational gate
PT01-ART-0505,system_recalibration_001,PT-01,PT01-TC08-0001000NS-A063,readbacks/PT-01/setup_1_fire_to_process_trigger/raw/1000ns/attempt_063.csv,native_raw,text/csv,2280430,2026-08-17T17:01:20.876387+00:00,2026-08-17T17:01:20.946539+00:00,PicoScopeService,,true,No content hash is used as an operational gate
PT01-ART-0506,system_recalibration_001,PT-01,PT01-TC08-0001000NS-A064,readbacks/PT-01/setup_1_fire_to_process_trigger/raw/1000ns/attempt_064.csv,native_raw,text/csv,2279683,2026-08-17T17:01:21.278912+00:00,2026-08-17T17:01:21.352861+00:00,PicoScopeService,,true,No content hash is used as an operational gate
PT01-ART-0507,system_recalibration_001,PT-01,PT01-TC08-0001000NS-A065,readbacks/PT-01/setup_1_fire_to_process_trigger/raw/1000ns/attempt_065.csv,native_raw,text/csv,2282380,2026-08-17T17:01:21.777116+00:00,2026-08-17T17:01:21.842282+00:00,PicoScopeService,,true,No content hash is used as an operational gate
PT01-ART-0508,system_recalibration_001,PT-01,PT01-TC08-0001000NS-A066,readbacks/PT-01/setup_1_fire_to_process_trigger/raw/1000ns/attempt_066.csv,native_raw,text/csv,2278420,2026-08-17T17:01:22.179630+00:00,2026-08-17T17:01:22.248634+00:00,PicoScopeService,,true,No content hash is used as an operational gate
PT01-ART-0509,system_recalibration_001,PT-01,PT01-TC08-0001000NS-A067,readbacks/PT-01/setup_1_fire_to_process_trigger/raw/1000ns/attempt_067.csv,native_raw,text/csv,2282300,2026-08-17T17:01:22.578789+00:00,2026-08-17T17:01:22.644764+00:00,PicoScopeService,,true,No content hash is used as an operational gate
PT01-ART-0510,system_recalibration_001,PT-01,PT01-TC08-0001000NS-A068,readbacks/PT-01/setup_1_fire_to_process_trigger/raw/1000ns/attempt_068.csv,native_raw,text/csv,2282388,2026-08-17T17:01:22.977015+00:00,2026-08-17T17:01:23.043308+00:00,PicoScopeService,,true,No content hash is used as an operational gate
PT01-ART-0511,system_recalibration_001,PT-01,PT01-TC08-0001000NS-A069,readbacks/PT-01/setup_1_fire_to_process_trigger/raw/1000ns/attempt_069.csv,native_raw,text/csv,2280160,2026-08-17T17:01:23.376166+00:00,2026-08-17T17:01:23.446901+00:00,PicoScopeService,,true,No content hash is used as an operational gate
PT01-ART-0512,system_recalibration_001,PT-01,PT01-TC08-0001000NS-A070,readbacks/PT-01/setup_1_fire_to_process_trigger/raw/1000ns/attempt_070.csv,native_raw,text/csv,2280350,2026-08-17T17:01:23.776413+00:00,2026-08-17T17:01:23.841461+00:00,PicoScopeService,,true,No content hash is used as an operational gate
PT01-ART-0513,system_recalibration_001,PT-01,PT01-TC08-0001000NS-A071,readbacks/PT-01/setup_1_fire_to_process_trigger/raw/1000ns/attempt_071.csv,native_raw,text/csv,2281565,2026-08-17T17:01:24.183212+00:00,2026-08-17T17:01:24.252515+00:00,PicoScopeService,,true,No content hash is used as an operational gate
PT01-ART-0514,system_recalibration_001,PT-01,PT01-TC08-0001000NS-A072,readbacks/PT-01/setup_1_fire_to_process_trigger/raw/1000ns/attempt_072.csv,native_raw,text/csv,2279118,2026-08-17T17:01:24.579897+00:00,2026-08-17T17:01:24.649741+00:00,PicoScopeService,,true,No content hash is used as an operational gate
PT01-ART-0515,system_recalibration_001,PT-01,PT01-TC08-0001000NS-A073,readbacks/PT-01/setup_1_fire_to_process_trigger/raw/1000ns/attempt_073.csv,native_raw,text/csv,2278453,2026-08-17T17:01:24.978916+00:00,2026-08-17T17:01:25.048845+00:00,PicoScopeService,,true,No content hash is used as an operational gate
PT01-ART-0516,system_recalibration_001,PT-01,PT01-TC08-0001000NS-A074,readbacks/PT-01/setup_1_fire_to_process_trigger/raw/1000ns/attempt_074.csv,native_raw,text/csv,2280603,2026-08-17T17:01:25.375139+00:00,2026-08-17T17:01:25.444882+00:00,PicoScopeService,,true,No content hash is used as an operational gate
PT01-ART-0517,system_recalibration_001,PT-01,PT01-TC08-0001000NS-A075,readbacks/PT-01/setup_1_fire_to_process_trigger/raw/1000ns/attempt_075.csv,native_raw,text/csv,2279826,2026-08-17T17:01:25.781039+00:00,2026-08-17T17:01:25.848722+00:00,PicoScopeService,,true,No content hash is used as an operational gate
PT01-ART-0518,system_recalibration_001,PT-01,PT01-TC08-0001000NS-A076,readbacks/PT-01/setup_1_fire_to_process_trigger/raw/1000ns/attempt_076.csv,native_raw,text/csv,2279136,2026-08-17T17:01:26.181885+00:00,2026-08-17T17:01:26.252518+00:00,PicoScopeService,,true,No content hash is used as an operational gate
PT01-ART-0519,system_recalibration_001,PT-01,PT01-TC08-0001000NS-A077,readbacks/PT-01/setup_1_fire_to_process_trigger/raw/1000ns/attempt_077.csv,native_raw,text/csv,2279670,2026-08-17T17:01:26.578912+00:00,2026-08-17T17:01:26.648899+00:00,PicoScopeService,,true,No content hash is used as an operational gate
PT01-ART-0520,system_recalibration_001,PT-01,PT01-TC08-0001000NS-A078,readbacks/PT-01/setup_1_fire_to_process_trigger/raw/1000ns/attempt_078.csv,native_raw,text/csv,2279397,2026-08-17T17:01:26.977079+00:00,2026-08-17T17:01:27.047299+00:00,PicoScopeService,,true,No content hash is used as an operational gate
PT01-ART-0521,system_recalibration_001,PT-01,PT01-TC08-0001000NS-A079,readbacks/PT-01/setup_1_fire_to_process_trigger/raw/1000ns/attempt_079.csv,native_raw,text/csv,2277303,2026-08-17T17:01:27.381596+00:00,2026-08-17T17:01:27.450722+00:00,PicoScopeService,,true,No content hash is used as an operational gate
PT01-ART-0522,system_recalibration_001,PT-01,PT01-TC08-0001000NS-A080,readbacks/PT-01/setup_1_fire_to_process_trigger/raw/1000ns/attempt_080.csv,native_raw,text/csv,2276711,2026-08-17T17:01:27.777671+00:00,2026-08-17T17:01:27.846667+00:00,PicoScopeService,,true,No content hash is used as an operational gate
PT01-ART-0523,system_recalibration_001,PT-01,PT01-TC08-0001000NS-A081,readbacks/PT-01/setup_1_fire_to_process_trigger/raw/1000ns/attempt_081.csv,native_raw,text/csv,2278225,2026-08-17T17:01:28.180198+00:00,2026-08-17T17:01:28.248059+00:00,PicoScopeService,,true,No content hash is used as an operational gate
PT01-ART-0524,system_recalibration_001,PT-01,PT01-TC08-0001000NS-A082,readbacks/PT-01/setup_1_fire_to_process_trigger/raw/1000ns/attempt_082.csv,native_raw,text/csv,2275027,2026-08-17T17:01:28.583927+00:00,2026-08-17T17:01:28.653680+00:00,PicoScopeService,,true,No content hash is used as an operational gate
PT01-ART-0525,system_recalibration_001,PT-01,PT01-TC08-0001000NS-A083,readbacks/PT-01/setup_1_fire_to_process_trigger/raw/1000ns/attempt_083.csv,native_raw,text/csv,2273766,2026-08-17T17:01:28.979011+00:00,2026-08-17T17:01:29.045807+00:00,PicoScopeService,,true,No content hash is used as an operational gate
PT01-ART-0526,system_recalibration_001,PT-01,PT01-TC08-0001000NS-A084,readbacks/PT-01/setup_1_fire_to_process_trigger/raw/1000ns/attempt_084.csv,native_raw,text/csv,2273836,2026-08-17T17:01:29.385270+00:00,2026-08-17T17:01:29.452706+00:00,PicoScopeService,,true,No content hash is used as an operational gate
PT01-ART-0527,system_recalibration_001,PT-01,PT01-TC08-0001000NS-A085,readbacks/PT-01/setup_1_fire_to_process_trigger/raw/1000ns/attempt_085.csv,native_raw,text/csv,2273632,2026-08-17T17:01:29.782128+00:00,2026-08-17T17:01:29.852267+00:00,PicoScopeService,,true,No content hash is used as an operational gate
PT01-ART-0528,system_recalibration_001,PT-01,PT01-TC08-0001000NS-A086,readbacks/PT-01/setup_1_fire_to_process_trigger/raw/1000ns/attempt_086.csv,native_raw,text/csv,2272598,2026-08-17T17:01:30.183600+00:00,2026-08-17T17:01:30.246646+00:00,PicoScopeService,,true,No content hash is used as an operational gate
PT01-ART-0529,system_recalibration_001,PT-01,PT01-TC08-0001000NS-A087,readbacks/PT-01/setup_1_fire_to_process_trigger/raw/1000ns/attempt_087.csv,native_raw,text/csv,2274397,2026-08-17T17:01:30.582421+00:00,2026-08-17T17:01:30.650392+00:00,PicoScopeService,,true,No content hash is used as an operational gate
PT01-ART-0530,system_recalibration_001,PT-01,PT01-TC08-0001000NS-A088,readbacks/PT-01/setup_1_fire_to_process_trigger/raw/1000ns/attempt_088.csv,native_raw,text/csv,2275323,2026-08-17T17:01:30.988475+00:00,2026-08-17T17:01:31.053506+00:00,PicoScopeService,,true,No content hash is used as an operational gate
PT01-ART-0531,system_recalibration_001,PT-01,PT01-TC08-0001000NS-A089,readbacks/PT-01/setup_1_fire_to_process_trigger/raw/1000ns/attempt_089.csv,native_raw,text/csv,2275777,2026-08-17T17:01:31.387122+00:00,2026-08-17T17:01:31.453079+00:00,PicoScopeService,,true,No content hash is used as an operational gate
PT01-ART-0532,system_recalibration_001,PT-01,PT01-TC08-0001000NS-A090,readbacks/PT-01/setup_1_fire_to_process_trigger/raw/1000ns/attempt_090.csv,native_raw,text/csv,2274253,2026-08-17T17:01:31.782904+00:00,2026-08-17T17:01:31.852479+00:00,PicoScopeService,,true,No content hash is used as an operational gate
PT01-ART-0533,system_recalibration_001,PT-01,PT01-TC08-0001000NS-A091,readbacks/PT-01/setup_1_fire_to_process_trigger/raw/1000ns/attempt_091.csv,native_raw,text/csv,2274363,2026-08-17T17:01:32.284602+00:00,2026-08-17T17:01:32.346361+00:00,PicoScopeService,,true,No content hash is used as an operational gate
PT01-ART-0534,system_recalibration_001,PT-01,PT01-TC08-0001000NS-A092,readbacks/PT-01/setup_1_fire_to_process_trigger/raw/1000ns/attempt_092.csv,native_raw,text/csv,2272992,2026-08-17T17:01:32.693285+00:00,2026-08-17T17:01:32.756961+00:00,PicoScopeService,,true,No content hash is used as an operational gate
PT01-ART-0535,system_recalibration_001,PT-01,PT01-TC08-0001000NS-A093,readbacks/PT-01/setup_1_fire_to_process_trigger/raw/1000ns/attempt_093.csv,native_raw,text/csv,2271666,2026-08-17T17:01:33.090917+00:00,2026-08-17T17:01:33.161254+00:00,PicoScopeService,,true,No content hash is used as an operational gate
PT01-ART-0536,system_recalibration_001,PT-01,PT01-TC08-0001000NS-A094,readbacks/PT-01/setup_1_fire_to_process_trigger/raw/1000ns/attempt_094.csv,native_raw,text/csv,2272537,2026-08-17T17:01:33.494416+00:00,2026-08-17T17:01:33.559616+00:00,PicoScopeService,,true,No content hash is used as an operational gate
PT01-ART-0537,system_recalibration_001,PT-01,PT01-TC08-0001000NS-A095,readbacks/PT-01/setup_1_fire_to_process_trigger/raw/1000ns/attempt_095.csv,native_raw,text/csv,2271820,2026-08-17T17:01:33.893382+00:00,2026-08-17T17:01:33.958548+00:00,PicoScopeService,,true,No content hash is used as an operational gate
PT01-ART-0538,system_recalibration_001,PT-01,PT01-TC08-0001000NS-A096,readbacks/PT-01/setup_1_fire_to_process_trigger/raw/1000ns/attempt_096.csv,native_raw,text/csv,2272985,2026-08-17T17:01:34.286137+00:00,2026-08-17T17:01:34.355931+00:00,PicoScopeService,,true,No content hash is used as an operational gate
PT01-ART-0539,system_recalibration_001,PT-01,PT01-TC08-0001000NS-A097,readbacks/PT-01/setup_1_fire_to_process_trigger/raw/1000ns/attempt_097.csv,native_raw,text/csv,2270681,2026-08-17T17:01:34.695001+00:00,2026-08-17T17:01:34.762204+00:00,PicoScopeService,,true,No content hash is used as an operational gate
PT01-ART-0540,system_recalibration_001,PT-01,PT01-TC08-0001000NS-A098,readbacks/PT-01/setup_1_fire_to_process_trigger/raw/1000ns/attempt_098.csv,native_raw,text/csv,2274035,2026-08-17T17:01:35.089865+00:00,2026-08-17T17:01:35.157927+00:00,PicoScopeService,,true,No content hash is used as an operational gate
PT01-ART-0541,system_recalibration_001,PT-01,PT01-TC08-0001000NS-A099,readbacks/PT-01/setup_1_fire_to_process_trigger/raw/1000ns/attempt_099.csv,native_raw,text/csv,2273589,2026-08-17T17:01:35.494940+00:00,2026-08-17T17:01:35.564311+00:00,PicoScopeService,,true,No content hash is used as an operational gate
PT01-ART-0542,system_recalibration_001,PT-01,PT01-TC08-0001000NS-A100,readbacks/PT-01/setup_1_fire_to_process_trigger/raw/1000ns/attempt_100.csv,native_raw,text/csv,2271277,2026-08-17T17:01:35.896590+00:00,2026-08-17T17:01:35.966792+00:00,PicoScopeService,,true,No content hash is used as an operational gate
PT01-ART-0543,system_recalibration_001,PT-01,PT01-TC08-0000100NS-A001,readbacks/PT-01/setup_1_fire_to_process_trigger/raw/100ns/attempt_001.csv,native_raw,text/csv,2329166,2026-08-17T17:00:09.089449+00:00,2026-08-17T17:00:09.154355+00:00,PicoScopeService,,true,No content hash is used as an operational gate
PT01-ART-0544,system_recalibration_001,PT-01,PT01-TC08-0000100NS-A002,readbacks/PT-01/setup_1_fire_to_process_trigger/raw/100ns/attempt_002.csv,native_raw,text/csv,2330238,2026-08-17T17:00:09.486996+00:00,2026-08-17T17:00:09.553140+00:00,PicoScopeService,,true,No content hash is used as an operational gate
PT01-ART-0545,system_recalibration_001,PT-01,PT01-TC08-0000100NS-A003,readbacks/PT-01/setup_1_fire_to_process_trigger/raw/100ns/attempt_003.csv,native_raw,text/csv,2329921,2026-08-17T17:00:09.895521+00:00,2026-08-17T17:00:09.958879+00:00,PicoScopeService,,true,No content hash is used as an operational gate
PT01-ART-0546,system_recalibration_001,PT-01,PT01-TC08-0000100NS-A004,readbacks/PT-01/setup_1_fire_to_process_trigger/raw/100ns/attempt_004.csv,native_raw,text/csv,2329859,2026-08-17T17:00:10.288038+00:00,2026-08-17T17:00:10.352969+00:00,PicoScopeService,,true,No content hash is used as an operational gate
PT01-ART-0547,system_recalibration_001,PT-01,PT01-TC08-0000100NS-A005,readbacks/PT-01/setup_1_fire_to_process_trigger/raw/100ns/attempt_005.csv,native_raw,text/csv,2328555,2026-08-17T17:00:10.693582+00:00,2026-08-17T17:00:10.760359+00:00,PicoScopeService,,true,No content hash is used as an operational gate
PT01-ART-0548,system_recalibration_001,PT-01,PT01-TC08-0000100NS-A006,readbacks/PT-01/setup_1_fire_to_process_trigger/raw/100ns/attempt_006.csv,native_raw,text/csv,2328145,2026-08-17T17:00:11.091153+00:00,2026-08-17T17:00:11.154385+00:00,PicoScopeService,,true,No content hash is used as an operational gate
PT01-ART-0549,system_recalibration_001,PT-01,PT01-TC08-0000100NS-A007,readbacks/PT-01/setup_1_fire_to_process_trigger/raw/100ns/attempt_007.csv,native_raw,text/csv,2325465,2026-08-17T17:00:11.495456+00:00,2026-08-17T17:00:11.559753+00:00,PicoScopeService,,true,No content hash is used as an operational gate
PT01-ART-0550,system_recalibration_001,PT-01,PT01-TC08-0000100NS-A008,readbacks/PT-01/setup_1_fire_to_process_trigger/raw/100ns/attempt_008.csv,native_raw,text/csv,2327515,2026-08-17T17:00:11.892812+00:00,2026-08-17T17:00:11.957044+00:00,PicoScopeService,,true,No content hash is used as an operational gate
PT01-ART-0551,system_recalibration_001,PT-01,PT01-TC08-0000100NS-A009,readbacks/PT-01/setup_1_fire_to_process_trigger/raw/100ns/attempt_009.csv,native_raw,text/csv,2324573,2026-08-17T17:00:12.291169+00:00,2026-08-17T17:00:12.356133+00:00,PicoScopeService,,true,No content hash is used as an operational gate
PT01-ART-0552,system_recalibration_001,PT-01,PT01-TC08-0000100NS-A010,readbacks/PT-01/setup_1_fire_to_process_trigger/raw/100ns/attempt_010.csv,native_raw,text/csv,2326005,2026-08-17T17:00:12.697018+00:00,2026-08-17T17:00:12.764130+00:00,PicoScopeService,,true,No content hash is used as an operational gate
PT01-ART-0553,system_recalibration_001,PT-01,PT01-TC08-0000100NS-A011,readbacks/PT-01/setup_1_fire_to_process_trigger/raw/100ns/attempt_011.csv,native_raw,text/csv,2323662,2026-08-17T17:00:13.089708+00:00,2026-08-17T17:00:13.155900+00:00,PicoScopeService,,true,No content hash is used as an operational gate
PT01-ART-0554,system_recalibration_001,PT-01,PT01-TC08-0000100NS-A012,readbacks/PT-01/setup_1_fire_to_process_trigger/raw/100ns/attempt_012.csv,native_raw,text/csv,2323873,2026-08-17T17:00:13.499929+00:00,2026-08-17T17:00:13.568247+00:00,PicoScopeService,,true,No content hash is used as an operational gate
PT01-ART-0555,system_recalibration_001,PT-01,PT01-TC08-0000100NS-A013,readbacks/PT-01/setup_1_fire_to_process_trigger/raw/100ns/attempt_013.csv,native_raw,text/csv,2322079,2026-08-17T17:00:13.893874+00:00,2026-08-17T17:00:13.962517+00:00,PicoScopeService,,true,No content hash is used as an operational gate
PT01-ART-0556,system_recalibration_001,PT-01,PT01-TC08-0000100NS-A014,readbacks/PT-01/setup_1_fire_to_process_trigger/raw/100ns/attempt_014.csv,native_raw,text/csv,2323096,2026-08-17T17:00:14.298688+00:00,2026-08-17T17:00:14.364659+00:00,PicoScopeService,,true,No content hash is used as an operational gate
PT01-ART-0557,system_recalibration_001,PT-01,PT01-TC08-0000100NS-A015,readbacks/PT-01/setup_1_fire_to_process_trigger/raw/100ns/attempt_015.csv,native_raw,text/csv,2324588,2026-08-17T17:00:14.693107+00:00,2026-08-17T17:00:14.760679+00:00,PicoScopeService,,true,No content hash is used as an operational gate
PT01-ART-0558,system_recalibration_001,PT-01,PT01-TC08-0000100NS-A016,readbacks/PT-01/setup_1_fire_to_process_trigger/raw/100ns/attempt_016.csv,native_raw,text/csv,2322862,2026-08-17T17:00:15.098089+00:00,2026-08-17T17:00:15.167486+00:00,PicoScopeService,,true,No content hash is used as an operational gate
PT01-ART-0559,system_recalibration_001,PT-01,PT01-TC08-0000100NS-A017,readbacks/PT-01/setup_1_fire_to_process_trigger/raw/100ns/attempt_017.csv,native_raw,text/csv,2325509,2026-08-17T17:00:15.495231+00:00,2026-08-17T17:00:15.564459+00:00,PicoScopeService,,true,No content hash is used as an operational gate
PT01-ART-0560,system_recalibration_001,PT-01,PT01-TC08-0000100NS-A018,readbacks/PT-01/setup_1_fire_to_process_trigger/raw/100ns/attempt_018.csv,native_raw,text/csv,2324533,2026-08-17T17:00:15.898986+00:00,2026-08-17T17:00:15.969057+00:00,PicoScopeService,,true,No content hash is used as an operational gate
PT01-ART-0561,system_recalibration_001,PT-01,PT01-TC08-0000100NS-A019,readbacks/PT-01/setup_1_fire_to_process_trigger/raw/100ns/attempt_019.csv,native_raw,text/csv,2325239,2026-08-17T17:00:16.294330+00:00,2026-08-17T17:00:16.374608+00:00,PicoScopeService,,true,No content hash is used as an operational gate
PT01-ART-0562,system_recalibration_001,PT-01,PT01-TC08-0000100NS-A020,readbacks/PT-01/setup_1_fire_to_process_trigger/raw/100ns/attempt_020.csv,native_raw,text/csv,2321129,2026-08-17T17:00:16.797348+00:00,2026-08-17T17:00:16.863049+00:00,PicoScopeService,,true,No content hash is used as an operational gate
PT01-ART-0563,system_recalibration_001,PT-01,PT01-TC08-0000100NS-A021,readbacks/PT-01/setup_1_fire_to_process_trigger/raw/100ns/attempt_021.csv,native_raw,text/csv,2322859,2026-08-17T17:00:17.202601+00:00,2026-08-17T17:00:17.271038+00:00,PicoScopeService,,true,No content hash is used as an operational gate
PT01-ART-0564,system_recalibration_001,PT-01,PT01-TC08-0000100NS-A022,readbacks/PT-01/setup_1_fire_to_process_trigger/raw/100ns/attempt_022.csv,native_raw,text/csv,2323499,2026-08-17T17:00:17.604021+00:00,2026-08-17T17:00:17.672684+00:00,PicoScopeService,,true,No content hash is used as an operational gate
PT01-ART-0565,system_recalibration_001,PT-01,PT01-TC08-0000100NS-A023,readbacks/PT-01/setup_1_fire_to_process_trigger/raw/100ns/attempt_023.csv,native_raw,text/csv,2321767,2026-08-17T17:00:18.097769+00:00,2026-08-17T17:00:18.162004+00:00,PicoScopeService,,true,No content hash is used as an operational gate
PT01-ART-0566,system_recalibration_001,PT-01,PT01-TC08-0000100NS-A024,readbacks/PT-01/setup_1_fire_to_process_trigger/raw/100ns/attempt_024.csv,native_raw,text/csv,2321782,2026-08-17T17:00:18.495427+00:00,2026-08-17T17:00:18.564196+00:00,PicoScopeService,,true,No content hash is used as an operational gate
PT01-ART-0567,system_recalibration_001,PT-01,PT01-TC08-0000100NS-A025,readbacks/PT-01/setup_1_fire_to_process_trigger/raw/100ns/attempt_025.csv,native_raw,text/csv,2319353,2026-08-17T17:00:18.903865+00:00,2026-08-17T17:00:18.967839+00:00,PicoScopeService,,true,No content hash is used as an operational gate
PT01-ART-0568,system_recalibration_001,PT-01,PT01-TC08-0000100NS-A026,readbacks/PT-01/setup_1_fire_to_process_trigger/raw/100ns/attempt_026.csv,native_raw,text/csv,2317344,2026-08-17T17:00:19.303274+00:00,2026-08-17T17:00:19.367365+00:00,PicoScopeService,,true,No content hash is used as an operational gate
PT01-ART-0569,system_recalibration_001,PT-01,PT01-TC08-0000100NS-A027,readbacks/PT-01/setup_1_fire_to_process_trigger/raw/100ns/attempt_027.csv,native_raw,text/csv,2319406,2026-08-17T17:00:19.701778+00:00,2026-08-17T17:00:19.770188+00:00,PicoScopeService,,true,No content hash is used as an operational gate
PT01-ART-0570,system_recalibration_001,PT-01,PT01-TC08-0000100NS-A028,readbacks/PT-01/setup_1_fire_to_process_trigger/raw/100ns/attempt_028.csv,native_raw,text/csv,2319675,2026-08-17T17:00:20.104757+00:00,2026-08-17T17:00:20.169037+00:00,PicoScopeService,,true,No content hash is used as an operational gate
PT01-ART-0571,system_recalibration_001,PT-01,PT01-TC08-0000100NS-A029,readbacks/PT-01/setup_1_fire_to_process_trigger/raw/100ns/attempt_029.csv,native_raw,text/csv,2317417,2026-08-17T17:00:20.506281+00:00,2026-08-17T17:00:20.571458+00:00,PicoScopeService,,true,No content hash is used as an operational gate
PT01-ART-0572,system_recalibration_001,PT-01,PT01-TC08-0000100NS-A030,readbacks/PT-01/setup_1_fire_to_process_trigger/raw/100ns/attempt_030.csv,native_raw,text/csv,2316024,2026-08-17T17:00:20.902187+00:00,2026-08-17T17:00:20.972566+00:00,PicoScopeService,,true,No content hash is used as an operational gate
PT01-ART-0573,system_recalibration_001,PT-01,PT01-TC08-0000100NS-A031,readbacks/PT-01/setup_1_fire_to_process_trigger/raw/100ns/attempt_031.csv,native_raw,text/csv,2318236,2026-08-17T17:00:21.306087+00:00,2026-08-17T17:00:21.376287+00:00,PicoScopeService,,true,No content hash is used as an operational gate
PT01-ART-0574,system_recalibration_001,PT-01,PT01-TC08-0000100NS-A032,readbacks/PT-01/setup_1_fire_to_process_trigger/raw/100ns/attempt_032.csv,native_raw,text/csv,2317332,2026-08-17T17:00:21.702185+00:00,2026-08-17T17:00:21.775489+00:00,PicoScopeService,,true,No content hash is used as an operational gate
PT01-ART-0575,system_recalibration_001,PT-01,PT01-TC08-0000100NS-A033,readbacks/PT-01/setup_1_fire_to_process_trigger/raw/100ns/attempt_033.csv,native_raw,text/csv,2317370,2026-08-17T17:00:22.107025+00:00,2026-08-17T17:00:22.175627+00:00,PicoScopeService,,true,No content hash is used as an operational gate
PT01-ART-0576,system_recalibration_001,PT-01,PT01-TC08-0000100NS-A034,readbacks/PT-01/setup_1_fire_to_process_trigger/raw/100ns/attempt_034.csv,native_raw,text/csv,2315784,2026-08-17T17:00:22.505130+00:00,2026-08-17T17:00:22.575616+00:00,PicoScopeService,,true,No content hash is used as an operational gate
PT01-ART-0577,system_recalibration_001,PT-01,PT01-TC08-0000100NS-A035,readbacks/PT-01/setup_1_fire_to_process_trigger/raw/100ns/attempt_035.csv,native_raw,text/csv,2317135,2026-08-17T17:00:22.904487+00:00,2026-08-17T17:00:22.974091+00:00,PicoScopeService,,true,No content hash is used as an operational gate
PT01-ART-0578,system_recalibration_001,PT-01,PT01-TC08-0000100NS-A036,readbacks/PT-01/setup_1_fire_to_process_trigger/raw/100ns/attempt_036.csv,native_raw,text/csv,2316277,2026-08-17T17:00:23.307951+00:00,2026-08-17T17:00:23.378658+00:00,PicoScopeService,,true,No content hash is used as an operational gate
PT01-ART-0579,system_recalibration_001,PT-01,PT01-TC08-0000100NS-A037,readbacks/PT-01/setup_1_fire_to_process_trigger/raw/100ns/attempt_037.csv,native_raw,text/csv,2313785,2026-08-17T17:00:23.703757+00:00,2026-08-17T17:00:23.772693+00:00,PicoScopeService,,true,No content hash is used as an operational gate
PT01-ART-0580,system_recalibration_001,PT-01,PT01-TC08-0000100NS-A038,readbacks/PT-01/setup_1_fire_to_process_trigger/raw/100ns/attempt_038.csv,native_raw,text/csv,2315609,2026-08-17T17:00:24.108432+00:00,2026-08-17T17:00:24.176248+00:00,PicoScopeService,,true,No content hash is used as an operational gate
PT01-ART-0581,system_recalibration_001,PT-01,PT01-TC08-0000100NS-A039,readbacks/PT-01/setup_1_fire_to_process_trigger/raw/100ns/attempt_039.csv,native_raw,text/csv,2315567,2026-08-17T17:00:24.505954+00:00,2026-08-17T17:00:24.574686+00:00,PicoScopeService,,true,No content hash is used as an operational gate
PT01-ART-0582,system_recalibration_001,PT-01,PT01-TC08-0000100NS-A040,readbacks/PT-01/setup_1_fire_to_process_trigger/raw/100ns/attempt_040.csv,native_raw,text/csv,2315945,2026-08-17T17:00:24.910723+00:00,2026-08-17T17:00:24.980823+00:00,PicoScopeService,,true,No content hash is used as an operational gate
PT01-ART-0583,system_recalibration_001,PT-01,PT01-TC08-0000100NS-A041,readbacks/PT-01/setup_1_fire_to_process_trigger/raw/100ns/attempt_041.csv,native_raw,text/csv,2314125,2026-08-17T17:00:25.313972+00:00,2026-08-17T17:00:25.382376+00:00,PicoScopeService,,true,No content hash is used as an operational gate
PT01-ART-0584,system_recalibration_001,PT-01,PT01-TC08-0000100NS-A042,readbacks/PT-01/setup_1_fire_to_process_trigger/raw/100ns/attempt_042.csv,native_raw,text/csv,2318913,2026-08-17T17:00:25.709821+00:00,2026-08-17T17:00:25.778064+00:00,PicoScopeService,,true,No content hash is used as an operational gate
PT01-ART-0585,system_recalibration_001,PT-01,PT01-TC08-0000100NS-A043,readbacks/PT-01/setup_1_fire_to_process_trigger/raw/100ns/attempt_043.csv,native_raw,text/csv,2318759,2026-08-17T17:00:26.110370+00:00,2026-08-17T17:00:26.179686+00:00,PicoScopeService,,true,No content hash is used as an operational gate
PT01-ART-0586,system_recalibration_001,PT-01,PT01-TC08-0000100NS-A044,readbacks/PT-01/setup_1_fire_to_process_trigger/raw/100ns/attempt_044.csv,native_raw,text/csv,2314428,2026-08-17T17:00:26.509418+00:00,2026-08-17T17:00:26.573328+00:00,PicoScopeService,,true,No content hash is used as an operational gate
PT01-ART-0587,system_recalibration_001,PT-01,PT01-TC08-0000100NS-A045,readbacks/PT-01/setup_1_fire_to_process_trigger/raw/100ns/attempt_045.csv,native_raw,text/csv,2317395,2026-08-17T17:00:26.905538+00:00,2026-08-17T17:00:26.974991+00:00,PicoScopeService,,true,No content hash is used as an operational gate
PT01-ART-0588,system_recalibration_001,PT-01,PT01-TC08-0000100NS-A046,readbacks/PT-01/setup_1_fire_to_process_trigger/raw/100ns/attempt_046.csv,native_raw,text/csv,2315721,2026-08-17T17:00:27.308605+00:00,2026-08-17T17:00:27.375188+00:00,PicoScopeService,,true,No content hash is used as an operational gate
PT01-ART-0589,system_recalibration_001,PT-01,PT01-TC08-0000100NS-A047,readbacks/PT-01/setup_1_fire_to_process_trigger/raw/100ns/attempt_047.csv,native_raw,text/csv,2315601,2026-08-17T17:00:27.710972+00:00,2026-08-17T17:00:27.774063+00:00,PicoScopeService,,true,No content hash is used as an operational gate
PT01-ART-0590,system_recalibration_001,PT-01,PT01-TC08-0000100NS-A048,readbacks/PT-01/setup_1_fire_to_process_trigger/raw/100ns/attempt_048.csv,native_raw,text/csv,2316198,2026-08-17T17:00:28.111608+00:00,2026-08-17T17:00:28.180697+00:00,PicoScopeService,,true,No content hash is used as an operational gate
PT01-ART-0591,system_recalibration_001,PT-01,PT01-TC08-0000100NS-A049,readbacks/PT-01/setup_1_fire_to_process_trigger/raw/100ns/attempt_049.csv,native_raw,text/csv,2316530,2026-08-17T17:00:28.518128+00:00,2026-08-17T17:00:28.585255+00:00,PicoScopeService,,true,No content hash is used as an operational gate
PT01-ART-0592,system_recalibration_001,PT-01,PT01-TC08-0000100NS-A050,readbacks/PT-01/setup_1_fire_to_process_trigger/raw/100ns/attempt_050.csv,native_raw,text/csv,2313217,2026-08-17T17:00:28.913392+00:00,2026-08-17T17:00:28.977084+00:00,PicoScopeService,,true,No content hash is used as an operational gate
PT01-ART-0593,system_recalibration_001,PT-01,PT01-TC08-0000100NS-A051,readbacks/PT-01/setup_1_fire_to_process_trigger/raw/100ns/attempt_051.csv,native_raw,text/csv,2316039,2026-08-17T17:00:29.317194+00:00,2026-08-17T17:00:29.387507+00:00,PicoScopeService,,true,No content hash is used as an operational gate
PT01-ART-0594,system_recalibration_001,PT-01,PT01-TC08-0000100NS-A052,readbacks/PT-01/setup_1_fire_to_process_trigger/raw/100ns/attempt_052.csv,native_raw,text/csv,2311027,2026-08-17T17:00:29.719526+00:00,2026-08-17T17:00:29.783800+00:00,PicoScopeService,,true,No content hash is used as an operational gate
PT01-ART-0595,system_recalibration_001,PT-01,PT01-TC08-0000100NS-A053,readbacks/PT-01/setup_1_fire_to_process_trigger/raw/100ns/attempt_053.csv,native_raw,text/csv,2314104,2026-08-17T17:00:30.118581+00:00,2026-08-17T17:00:30.182622+00:00,PicoScopeService,,true,No content hash is used as an operational gate
PT01-ART-0596,system_recalibration_001,PT-01,PT01-TC08-0000100NS-A054,readbacks/PT-01/setup_1_fire_to_process_trigger/raw/100ns/attempt_054.csv,native_raw,text/csv,2314414,2026-08-17T17:00:30.515473+00:00,2026-08-17T17:00:30.584838+00:00,PicoScopeService,,true,No content hash is used as an operational gate
PT01-ART-0597,system_recalibration_001,PT-01,PT01-TC08-0000100NS-A055,readbacks/PT-01/setup_1_fire_to_process_trigger/raw/100ns/attempt_055.csv,native_raw,text/csv,2313037,2026-08-17T17:00:30.917495+00:00,2026-08-17T17:00:30.990419+00:00,PicoScopeService,,true,No content hash is used as an operational gate
PT01-ART-0598,system_recalibration_001,PT-01,PT01-TC08-0000100NS-A056,readbacks/PT-01/setup_1_fire_to_process_trigger/raw/100ns/attempt_056.csv,native_raw,text/csv,2312506,2026-08-17T17:00:31.316465+00:00,2026-08-17T17:00:31.380930+00:00,PicoScopeService,,true,No content hash is used as an operational gate
PT01-ART-0599,system_recalibration_001,PT-01,PT01-TC08-0000100NS-A057,readbacks/PT-01/setup_1_fire_to_process_trigger/raw/100ns/attempt_057.csv,native_raw,text/csv,2312697,2026-08-17T17:00:31.718961+00:00,2026-08-17T17:00:31.787218+00:00,PicoScopeService,,true,No content hash is used as an operational gate
PT01-ART-0600,system_recalibration_001,PT-01,PT01-TC08-0000100NS-A058,readbacks/PT-01/setup_1_fire_to_process_trigger/raw/100ns/attempt_058.csv,native_raw,text/csv,2314476,2026-08-17T17:00:32.113654+00:00,2026-08-17T17:00:32.175950+00:00,PicoScopeService,,true,No content hash is used as an operational gate
PT01-ART-0601,system_recalibration_001,PT-01,PT01-TC08-0000100NS-A059,readbacks/PT-01/setup_1_fire_to_process_trigger/raw/100ns/attempt_059.csv,native_raw,text/csv,2310189,2026-08-17T17:00:32.516455+00:00,2026-08-17T17:00:32.580700+00:00,PicoScopeService,,true,No content hash is used as an operational gate
PT01-ART-0602,system_recalibration_001,PT-01,PT01-TC08-0000100NS-A060,readbacks/PT-01/setup_1_fire_to_process_trigger/raw/100ns/attempt_060.csv,native_raw,text/csv,2311282,2026-08-17T17:00:32.917246+00:00,2026-08-17T17:00:32.987285+00:00,PicoScopeService,,true,No content hash is used as an operational gate
PT01-ART-0603,system_recalibration_001,PT-01,PT01-TC08-0000100NS-A061,readbacks/PT-01/setup_1_fire_to_process_trigger/raw/100ns/attempt_061.csv,native_raw,text/csv,2309137,2026-08-17T17:00:33.321151+00:00,2026-08-17T17:00:33.383113+00:00,PicoScopeService,,true,No content hash is used as an operational gate
PT01-ART-0604,system_recalibration_001,PT-01,PT01-TC08-0000100NS-A062,readbacks/PT-01/setup_1_fire_to_process_trigger/raw/100ns/attempt_062.csv,native_raw,text/csv,2308202,2026-08-17T17:00:33.722857+00:00,2026-08-17T17:00:33.796411+00:00,PicoScopeService,,true,No content hash is used as an operational gate
PT01-ART-0605,system_recalibration_001,PT-01,PT01-TC08-0000100NS-A063,readbacks/PT-01/setup_1_fire_to_process_trigger/raw/100ns/attempt_063.csv,native_raw,text/csv,2311748,2026-08-17T17:00:34.224393+00:00,2026-08-17T17:00:34.291135+00:00,PicoScopeService,,true,No content hash is used as an operational gate
PT01-ART-0606,system_recalibration_001,PT-01,PT01-TC08-0000100NS-A064,readbacks/PT-01/setup_1_fire_to_process_trigger/raw/100ns/attempt_064.csv,native_raw,text/csv,2309122,2026-08-17T17:00:34.620931+00:00,2026-08-17T17:00:34.690731+00:00,PicoScopeService,,true,No content hash is used as an operational gate
PT01-ART-0607,system_recalibration_001,PT-01,PT01-TC08-0000100NS-A065,readbacks/PT-01/setup_1_fire_to_process_trigger/raw/100ns/attempt_065.csv,native_raw,text/csv,2305459,2026-08-17T17:00:35.018428+00:00,2026-08-17T17:00:35.087441+00:00,PicoScopeService,,true,No content hash is used as an operational gate
PT01-ART-0608,system_recalibration_001,PT-01,PT01-TC08-0000100NS-A066,readbacks/PT-01/setup_1_fire_to_process_trigger/raw/100ns/attempt_066.csv,native_raw,text/csv,2307981,2026-08-17T17:00:35.422569+00:00,2026-08-17T17:00:35.490405+00:00,PicoScopeService,,true,No content hash is used as an operational gate
PT01-ART-0609,system_recalibration_001,PT-01,PT01-TC08-0000100NS-A067,readbacks/PT-01/setup_1_fire_to_process_trigger/raw/100ns/attempt_067.csv,native_raw,text/csv,2307161,2026-08-17T17:00:35.825652+00:00,2026-08-17T17:00:35.891775+00:00,PicoScopeService,,true,No content hash is used as an operational gate
PT01-ART-0610,system_recalibration_001,PT-01,PT01-TC08-0000100NS-A068,readbacks/PT-01/setup_1_fire_to_process_trigger/raw/100ns/attempt_068.csv,native_raw,text/csv,2304737,2026-08-17T17:00:36.217468+00:00,2026-08-17T17:00:36.288777+00:00,PicoScopeService,,true,No content hash is used as an operational gate
PT01-ART-0611,system_recalibration_001,PT-01,PT01-TC08-0000100NS-A069,readbacks/PT-01/setup_1_fire_to_process_trigger/raw/100ns/attempt_069.csv,native_raw,text/csv,2307194,2026-08-17T17:00:36.622848+00:00,2026-08-17T17:00:36.691097+00:00,PicoScopeService,,true,No content hash is used as an operational gate
PT01-ART-0612,system_recalibration_001,PT-01,PT01-TC08-0000100NS-A070,readbacks/PT-01/setup_1_fire_to_process_trigger/raw/100ns/attempt_070.csv,native_raw,text/csv,2305674,2026-08-17T17:00:37.027459+00:00,2026-08-17T17:00:37.092759+00:00,PicoScopeService,,true,No content hash is used as an operational gate
PT01-ART-0613,system_recalibration_001,PT-01,PT01-TC08-0000100NS-A071,readbacks/PT-01/setup_1_fire_to_process_trigger/raw/100ns/attempt_071.csv,native_raw,text/csv,2307142,2026-08-17T17:00:37.421953+00:00,2026-08-17T17:00:37.498269+00:00,PicoScopeService,,true,No content hash is used as an operational gate
PT01-ART-0614,system_recalibration_001,PT-01,PT01-TC08-0000100NS-A072,readbacks/PT-01/setup_1_fire_to_process_trigger/raw/100ns/attempt_072.csv,native_raw,text/csv,2307518,2026-08-17T17:00:37.819746+00:00,2026-08-17T17:00:37.892139+00:00,PicoScopeService,,true,No content hash is used as an operational gate
PT01-ART-0615,system_recalibration_001,PT-01,PT01-TC08-0000100NS-A073,readbacks/PT-01/setup_1_fire_to_process_trigger/raw/100ns/attempt_073.csv,native_raw,text/csv,2305024,2026-08-17T17:00:38.220075+00:00,2026-08-17T17:00:38.287546+00:00,PicoScopeService,,true,No content hash is used as an operational gate
PT01-ART-0616,system_recalibration_001,PT-01,PT01-TC08-0000100NS-A074,readbacks/PT-01/setup_1_fire_to_process_trigger/raw/100ns/attempt_074.csv,native_raw,text/csv,2303211,2026-08-17T17:00:38.620857+00:00,2026-08-17T17:00:38.688779+00:00,PicoScopeService,,true,No content hash is used as an operational gate
PT01-ART-0617,system_recalibration_001,PT-01,PT01-TC08-0000100NS-A075,readbacks/PT-01/setup_1_fire_to_process_trigger/raw/100ns/attempt_075.csv,native_raw,text/csv,2304914,2026-08-17T17:00:39.026575+00:00,2026-08-17T17:00:39.100895+00:00,PicoScopeService,,true,No content hash is used as an operational gate
PT01-ART-0618,system_recalibration_001,PT-01,PT01-TC08-0000100NS-A076,readbacks/PT-01/setup_1_fire_to_process_trigger/raw/100ns/attempt_076.csv,native_raw,text/csv,2304753,2026-08-17T17:00:39.528013+00:00,2026-08-17T17:00:39.592437+00:00,PicoScopeService,,true,No content hash is used as an operational gate
PT01-ART-0619,system_recalibration_001,PT-01,PT01-TC08-0000100NS-A077,readbacks/PT-01/setup_1_fire_to_process_trigger/raw/100ns/attempt_077.csv,native_raw,text/csv,2305295,2026-08-17T17:00:39.922318+00:00,2026-08-17T17:00:39.995173+00:00,PicoScopeService,,true,No content hash is used as an operational gate
PT01-ART-0620,system_recalibration_001,PT-01,PT01-TC08-0000100NS-A078,readbacks/PT-01/setup_1_fire_to_process_trigger/raw/100ns/attempt_078.csv,native_raw,text/csv,2303473,2026-08-17T17:00:40.323131+00:00,2026-08-17T17:00:40.388505+00:00,PicoScopeService,,true,No content hash is used as an operational gate
PT01-ART-0621,system_recalibration_001,PT-01,PT01-TC08-0000100NS-A079,readbacks/PT-01/setup_1_fire_to_process_trigger/raw/100ns/attempt_079.csv,native_raw,text/csv,2302000,2026-08-17T17:00:40.726523+00:00,2026-08-17T17:00:40.790447+00:00,PicoScopeService,,true,No content hash is used as an operational gate
PT01-ART-0622,system_recalibration_001,PT-01,PT01-TC08-0000100NS-A080,readbacks/PT-01/setup_1_fire_to_process_trigger/raw/100ns/attempt_080.csv,native_raw,text/csv,2302083,2026-08-17T17:00:41.126811+00:00,2026-08-17T17:00:41.197856+00:00,PicoScopeService,,true,No content hash is used as an operational gate
PT01-ART-0623,system_recalibration_001,PT-01,PT01-TC08-0000100NS-A081,readbacks/PT-01/setup_1_fire_to_process_trigger/raw/100ns/attempt_081.csv,native_raw,text/csv,2302861,2026-08-17T17:00:41.531547+00:00,2026-08-17T17:00:41.605487+00:00,PicoScopeService,,true,No content hash is used as an operational gate
PT01-ART-0624,system_recalibration_001,PT-01,PT01-TC08-0000100NS-A082,readbacks/PT-01/setup_1_fire_to_process_trigger/raw/100ns/attempt_082.csv,native_raw,text/csv,2302315,2026-08-17T17:00:41.929838+00:00,2026-08-17T17:00:41.998395+00:00,PicoScopeService,,true,No content hash is used as an operational gate
PT01-ART-0625,system_recalibration_001,PT-01,PT01-TC08-0000100NS-A083,readbacks/PT-01/setup_1_fire_to_process_trigger/raw/100ns/attempt_083.csv,native_raw,text/csv,2303006,2026-08-17T17:00:42.326287+00:00,2026-08-17T17:00:42.401337+00:00,PicoScopeService,,true,No content hash is used as an operational gate
PT01-ART-0626,system_recalibration_001,PT-01,PT01-TC08-0000100NS-A084,readbacks/PT-01/setup_1_fire_to_process_trigger/raw/100ns/attempt_084.csv,native_raw,text/csv,2301704,2026-08-17T17:00:42.833297+00:00,2026-08-17T17:00:42.896858+00:00,PicoScopeService,,true,No content hash is used as an operational gate
PT01-ART-0627,system_recalibration_001,PT-01,PT01-TC08-0000100NS-A085,readbacks/PT-01/setup_1_fire_to_process_trigger/raw/100ns/attempt_085.csv,native_raw,text/csv,2302363,2026-08-17T17:00:43.227925+00:00,2026-08-17T17:00:43.294497+00:00,PicoScopeService,,true,No content hash is used as an operational gate
PT01-ART-0628,system_recalibration_001,PT-01,PT01-TC08-0000100NS-A086,readbacks/PT-01/setup_1_fire_to_process_trigger/raw/100ns/attempt_086.csv,native_raw,text/csv,2301289,2026-08-17T17:00:43.635452+00:00,2026-08-17T17:00:43.707487+00:00,PicoScopeService,,true,No content hash is used as an operational gate
PT01-ART-0629,system_recalibration_001,PT-01,PT01-TC08-0000100NS-A087,readbacks/PT-01/setup_1_fire_to_process_trigger/raw/100ns/attempt_087.csv,native_raw,text/csv,2300859,2026-08-17T17:00:44.031023+00:00,2026-08-17T17:00:44.095112+00:00,PicoScopeService,,true,No content hash is used as an operational gate
PT01-ART-0630,system_recalibration_001,PT-01,PT01-TC08-0000100NS-A088,readbacks/PT-01/setup_1_fire_to_process_trigger/raw/100ns/attempt_088.csv,native_raw,text/csv,2303296,2026-08-17T17:00:44.433959+00:00,2026-08-17T17:00:44.505267+00:00,PicoScopeService,,true,No content hash is used as an operational gate
PT01-ART-0631,system_recalibration_001,PT-01,PT01-TC08-0000100NS-A089,readbacks/PT-01/setup_1_fire_to_process_trigger/raw/100ns/attempt_089.csv,native_raw,text/csv,2303799,2026-08-17T17:00:44.835562+00:00,2026-08-17T17:00:44.905107+00:00,PicoScopeService,,true,No content hash is used as an operational gate
PT01-ART-0632,system_recalibration_001,PT-01,PT01-TC08-0000100NS-A090,readbacks/PT-01/setup_1_fire_to_process_trigger/raw/100ns/attempt_090.csv,native_raw,text/csv,2300229,2026-08-17T17:00:45.227985+00:00,2026-08-17T17:00:45.292754+00:00,PicoScopeService,,true,No content hash is used as an operational gate
PT01-ART-0633,system_recalibration_001,PT-01,PT01-TC08-0000100NS-A091,readbacks/PT-01/setup_1_fire_to_process_trigger/raw/100ns/attempt_091.csv,native_raw,text/csv,2299425,2026-08-17T17:00:45.631431+00:00,2026-08-17T17:00:45.699397+00:00,PicoScopeService,,true,No content hash is used as an operational gate
PT01-ART-0634,system_recalibration_001,PT-01,PT01-TC08-0000100NS-A092,readbacks/PT-01/setup_1_fire_to_process_trigger/raw/100ns/attempt_092.csv,native_raw,text/csv,2302494,2026-08-17T17:00:46.030089+00:00,2026-08-17T17:00:46.101201+00:00,PicoScopeService,,true,No content hash is used as an operational gate
PT01-ART-0635,system_recalibration_001,PT-01,PT01-TC08-0000100NS-A093,readbacks/PT-01/setup_1_fire_to_process_trigger/raw/100ns/attempt_093.csv,native_raw,text/csv,2297991,2026-08-17T17:00:46.436688+00:00,2026-08-17T17:00:46.503300+00:00,PicoScopeService,,true,No content hash is used as an operational gate
PT01-ART-0636,system_recalibration_001,PT-01,PT01-TC08-0000100NS-A094,readbacks/PT-01/setup_1_fire_to_process_trigger/raw/100ns/attempt_094.csv,native_raw,text/csv,2298494,2026-08-17T17:00:46.837650+00:00,2026-08-17T17:00:46.903543+00:00,PicoScopeService,,true,No content hash is used as an operational gate
PT01-ART-0637,system_recalibration_001,PT-01,PT01-TC08-0000100NS-A095,readbacks/PT-01/setup_1_fire_to_process_trigger/raw/100ns/attempt_095.csv,native_raw,text/csv,2300545,2026-08-17T17:00:47.232155+00:00,2026-08-17T17:00:47.300467+00:00,PicoScopeService,,true,No content hash is used as an operational gate
PT01-ART-0638,system_recalibration_001,PT-01,PT01-TC08-0000100NS-A096,readbacks/PT-01/setup_1_fire_to_process_trigger/raw/100ns/attempt_096.csv,native_raw,text/csv,2302921,2026-08-17T17:00:47.731333+00:00,2026-08-17T17:00:47.798806+00:00,PicoScopeService,,true,No content hash is used as an operational gate
PT01-ART-0639,system_recalibration_001,PT-01,PT01-TC08-0000100NS-A097,readbacks/PT-01/setup_1_fire_to_process_trigger/raw/100ns/attempt_097.csv,native_raw,text/csv,2300341,2026-08-17T17:00:48.135004+00:00,2026-08-17T17:00:48.201137+00:00,PicoScopeService,,true,No content hash is used as an operational gate
PT01-ART-0640,system_recalibration_001,PT-01,PT01-TC08-0000100NS-A098,readbacks/PT-01/setup_1_fire_to_process_trigger/raw/100ns/attempt_098.csv,native_raw,text/csv,2298931,2026-08-17T17:00:48.537384+00:00,2026-08-17T17:00:48.607580+00:00,PicoScopeService,,true,No content hash is used as an operational gate
PT01-ART-0641,system_recalibration_001,PT-01,PT01-TC08-0000100NS-A099,readbacks/PT-01/setup_1_fire_to_process_trigger/raw/100ns/attempt_099.csv,native_raw,text/csv,2297633,2026-08-17T17:00:48.931827+00:00,2026-08-17T17:00:48.998642+00:00,PicoScopeService,,true,No content hash is used as an operational gate
PT01-ART-0642,system_recalibration_001,PT-01,PT01-TC08-0000100NS-A100,readbacks/PT-01/setup_1_fire_to_process_trigger/raw/100ns/attempt_100.csv,native_raw,text/csv,2297352,2026-08-17T17:00:49.341691+00:00,2026-08-17T17:00:49.406375+00:00,PicoScopeService,,true,No content hash is used as an operational gate
PT01-ART-0643,system_recalibration_001,PT-01,,readbacks/PT-01/setup_1_fire_to_process_trigger/safe_idle_after_acquisition.json,readback,application/json,10858,2026-08-17T17:04:01.846172+00:00,2026-08-17T17:04:01.848168+00:00,PT-01 phase workflow,,true,No content hash is used as an operational gate
PT01-ART-0644,system_recalibration_001,PT-01,,readbacks/PT-01/setup_1_fire_to_process_trigger/safe_idle_before_acquisition.json,readback,application/json,10856,2026-08-17T16:59:15.105837+00:00,2026-08-17T16:59:15.105837+00:00,PT-01 phase workflow,,true,No content hash is used as an operational gate
PT01-ART-0645,system_recalibration_001,PT-01,,readbacks/PT-01/setup_1_fire_to_process_trigger/status.json,readback,application/json,1029,2026-08-17T16:59:09.133780+00:00,2026-08-17T17:04:01.902566+00:00,PT-01 phase workflow,,true,No content hash is used as an operational gate
PT01-ART-0646,system_recalibration_001,PT-01,,readbacks/PT-01/setup_1_operator_confirmations.md,analysis_document,text/plain,2060,2026-08-17T16:26:25.411221+00:00,2026-08-17T17:19:37.323862+00:00,PT-01 phase workflow,,true,No content hash is used as an operational gate
PT01-ART-0647,system_recalibration_001,PT-01,,readbacks/PT-01/setup_1_operator_gate.md,analysis_document,text/plain,1606,2026-08-13T22:29:58.049202+00:00,2026-08-17T17:19:37.323862+00:00,PT-01 phase workflow,,true,No content hash is used as an operational gate
PT01-ART-0648,system_recalibration_001,PT-01,,readbacks/PT-01/setup_1_post_connection_command_log.txt,log,text/plain,13395,2026-08-17T16:58:36.372039+00:00,2026-08-17T16:58:42.113326+00:00,PT-01 phase workflow,,true,No content hash is used as an operational gate
PT01-ART-0649,system_recalibration_001,PT-01,,readbacks/PT-01/setup_1_post_connection_safe_idle_readback.json,readback,application/json,10856,2026-08-17T16:58:42.350129+00:00,2026-08-17T16:58:42.351913+00:00,PT-01 phase workflow,,true,No content hash is used as an operational gate
PT01-ART-0650,system_recalibration_001,PT-01,,readbacks/PT-01/setup_1_post_connection_status.json,readback,application/json,394,2026-08-17T16:58:36.363528+00:00,2026-08-17T16:58:42.355155+00:00,PT-01 phase workflow,,true,No content hash is used as an operational gate
PT01-ART-0651,system_recalibration_001,PT-01,,readbacks/PT-01/uncertainty_budget.csv,derived_table,text/csv,1140,2026-08-17T17:18:10.446702+00:00,2026-08-17T17:18:22.463261+00:00,PT-01 phase workflow,,true,No content hash is used as an operational gate
PT01-ART-0652,system_recalibration_001,PT-01,,readbacks/PT-01/unresolved_inputs.md,analysis_document,text/plain,229,2026-08-17T17:18:10.450754+00:00,2026-08-17T17:18:10.451754+00:00,PT-01 phase workflow,,true,No content hash is used as an operational gate
PT01-ART-0653,system_recalibration_001,PT-01,,readbacks/PT-01/verify_safe_idle.py,analysis_source,text/plain,2242,2026-08-17T16:58:32.261725+00:00,2026-08-17T16:58:32.262731+00:00,PT-01 phase workflow,,true,No content hash is used as an operational gate
